stock_code,firm_name,industry,year,report_type,mda_text,source_note
DEMO001,演示DEMO001股份有限公司,信息技术,2020,年度报告,公司建设大数据平台，整合生产、销售与供应链数据，支撑经营决策。公司采购云服务替代传统服务器部署，系统上线周期大幅缩短。受行业周期影响，部分产品价格有所回落，公司及时调整销售策略，库存水平保持在合理范围。公司积极拓展海外市场，出口业务收入同比增长9.4%，国际化布局初见成效。公司构建经营分析数据仓库，管理层可实时查看核心经营指标。公司采购云服务替代传统服务器部署，系统上线周期大幅缩短。公司开展数据治理体系建设，统一主数据标准，提升数据资产质量。公司数据中心一期建成投用，具备 PB 级数据存储与计算能力。公司评估公有云与私有云方案，逐步构建统一算力资源池。公司核心业务系统迁移上云，采用混合云架构降低IT运维成本。公司利用智能合约技术自动执行供应商结算条款。公司积极拓展海外市场，出口业务收入同比增长18.9%，国际化布局初见成效。报告期内公司客户结构进一步优化，前五大客户收入占比为32.5%，客户集中度处于合理区间。公司主要客户为行业龙头企业，合作关系稳定，应收账款回款情况良好。面对市场竞争加剧，公司加大渠道建设力度，经销商数量增加45家，覆盖区域进一步扩大。公司核心业务系统迁移上云，采用混合云架构降低IT运维成本。公司开展数据治理体系建设，统一主数据标准，提升数据资产质量。公司与高校联合开展深度学习算法研究，赋能产品智能设计。公司推进经营管理信息化，上线新一代ERP系统实现业财一体。公司本期新增专利授权11项，累计有效专利120项，技术储备进一步夯实。报告期内，公司实现营业收入19.3亿元，同比增长-3.1%，主要得益于主营业务产销规模扩大。公司引入边缘计算设备，实现车间数据的就地处理与实时回传。,脚本生成演示语料(step0_make_demo_corpus.py)
DEMO001,演示DEMO001股份有限公司,信息技术,2021,年度报告,公司主要客户为行业龙头企业，合作关系稳定，应收账款回款情况良好。公司发展电子商务业务，线上渠道收入占比持续提升。公司探索区块链技术在产品溯源中的应用，实现全流程信息上链。公司现金流状况良好，经营活动现金流量净额为8.7亿元，资产负债结构稳健。公司上线智能排产系统，通过智能算法优化生产计划排程。公司参与行业区块链联盟，推动供应链单证电子化与可信流转。公司探索区块链技术在产品溯源中的应用，实现全流程信息上链。公司建设大数据平台，整合生产、销售与供应链数据，支撑经营决策。公司推进智能制造升级，数字化车间已通过省级认定。公司现金流状况良好，经营活动现金流量净额为5.8亿元，资产负债结构稳健。报告期内公司无重大诉讼仲裁事项，各项经营活动正常开展。公司持续加大研发投入，研发费用占营业收入比例为2.6%，围绕高端装备开展技术攻关。公司利用智能合约技术自动执行供应商结算条款。公司引入人工智能技术优化{prod}质检环节，缺陷识别准确率显著提升。公司与高校联合开展深度学习算法研究，赋能产品智能设计。公司运用数据挖掘技术分析客户行为，实现精准营销。报告期内公司无重大诉讼仲裁事项，各项经营活动正常开展。面对市场竞争加剧，公司加大渠道建设力度，经销商数量增加45家，覆盖区域进一步扩大。公司参与行业区块链联盟，推动供应链单证电子化与可信流转。公司高度重视安全生产与环境保护，报告期内未发生重大安全事故。公司利用智能合约技术自动执行供应商结算条款。面对市场竞争加剧，公司加大渠道建设力度，经销商数量增加88家，覆盖区域进一步扩大。公司与高校联合开展深度学习算法研究，赋能产品智能设计。,脚本生成演示语料(step0_make_demo_corpus.py)
DEMO001,演示DEMO001股份有限公司,信息技术,2022,年度报告,公司持续优化产品结构，电子元器件业务占比稳步提升，毛利率较上年持平个百分点。公司利用智能合约技术自动执行供应商结算条款。公司参与行业区块链联盟，推动供应链单证电子化与可信流转。公司现金流状况良好，经营活动现金流量净额为8.7亿元，资产负债结构稳健。公司与高校联合开展深度学习算法研究，赋能产品智能设计。公司推进经营管理信息化，上线新一代ERP系统实现业财一体。公司建设智能客服系统，应用自然语言处理技术实现工单自动分类。公司主要客户为行业龙头企业，合作关系稳定，应收账款回款情况良好。下半年公司将围绕年度经营计划，重点做好市场开拓、成本控制与人才梯队建设等工作。面对市场竞争加剧，公司加大渠道建设力度，经销商数量增加88家，覆盖区域进一步扩大。公司运用数据挖掘技术分析客户行为，实现精准营销。公司推进经营管理信息化，上线新一代ERP系统实现业财一体。公司发展电子商务业务，线上渠道收入占比持续提升。公司研究基于分布式账本的对账机制，降低交易核对成本。面对市场竞争加剧，公司加大渠道建设力度，经销商数量增加210家，覆盖区域进一步扩大。原材料价格波动对成本端形成一定压力，公司通过集中采购和套期保值部分对冲了成本上行风险。公司深耕西南市场，区域市场份额稳中有升，品牌影响力持续增强。报告期内公司无重大诉讼仲裁事项，各项经营活动正常开展。公司推进计算机视觉技术在生产线上的应用，实现关键工序自动检测。公司成立数据中台团队，推动业务数据化、数据业务化。公司深耕西南市场，区域市场份额稳中有升，品牌影响力持续增强。公司利用智能合约技术自动执行供应商结算条款。公司利用智能合约技术自动执行供应商结算条款。公司上线智能排产系统，通过智能算法优化生产计划排程。公司持续优化产品结构，纺织服装业务占比稳步提升，毛利率较上年下降1.5个百分点。公司引入边缘计算设备，实现车间数据的就地处理与实时回传。公司引入边缘计算设备，实现车间数据的就地处理与实时回传。公司采购云服务替代传统服务器部署，系统上线周期大幅缩短。公司试点数字人民币结算场景，丰富收款渠道。公司建设智能客服系统，应用自然语言处理技术实现工单自动分类。,脚本生成演示语料(step0_make_demo_corpus.py)
DEMO001,演示DEMO001股份有限公司,信息技术,2023,年度报告,公司采购云服务替代传统服务器部署，系统上线周期大幅缩短。公司构建经营分析数据仓库，管理层可实时查看核心经营指标。公司制定数字化转型规划，成立数字化管理委员会统筹推进。公司本期新增专利授权3项，累计有效专利120项，技术储备进一步夯实。公司探索区块链技术在产品溯源中的应用，实现全流程信息上链。报告期内公司无重大诉讼仲裁事项，各项经营活动正常开展。公司采购云服务替代传统服务器部署，系统上线周期大幅缩短。公司运用数据挖掘技术分析客户行为，实现精准营销。公司引入边缘计算设备，实现车间数据的就地处理与实时回传。公司主要客户为行业龙头企业，合作关系稳定，应收账款回款情况良好。公司核心业务系统迁移上云，采用混合云架构降低IT运维成本。公司持续加大研发投入，研发费用占营业收入比例为2.6%，围绕精细化工产品开展技术攻关。公司研究基于分布式账本的对账机制，降低交易核对成本。公司上线智能排产系统，通过智能算法优化生产计划排程。公司继续推进产能建设，建材项目一期已投产，预计达产后年新增产能5万吨。公司深耕华南市场，区域市场份额稳中有升，品牌影响力持续增强。公司构建智慧物流体系，仓储分拣自动化水平显著提高。公司持续优化产品结构，纺织服装业务占比稳步提升，毛利率较上年上升1.2个百分点。公司评估公有云与私有云方案，逐步构建统一算力资源池。公司应用数字孪生技术对重点产线进行虚拟建模与仿真优化。公司部署机器学习算法对销售数据进行需求预测，库存周转效率明显改善。公司应用数字孪生技术对重点产线进行虚拟建模与仿真优化。公司上线智能排产系统，通过智能算法优化生产计划排程。公司利用智能合约技术自动执行供应商结算条款。公司继续推进产能建设，食品饮料项目一期已投产，预计达产后年新增产能20万吨。公司建设智能客服系统，应用自然语言处理技术实现工单自动分类。公司引入人工智能技术优化{prod}质检环节，缺陷识别准确率显著提升。公司本期新增专利授权8项，累计有效专利56项，技术储备进一步夯实。报告期内，公司实现营业收入63.7亿元，同比增长15.2%，主要得益于主营业务产销规模扩大。公司引入边缘计算设备，实现车间数据的就地处理与实时回传。公司建设大数据平台，整合生产、销售与供应链数据，支撑经营决策。公司深耕华东市场，区域市场份额稳中有升，品牌影响力持续增强。,脚本生成演示语料(step0_make_demo_corpus.py)
DEMO001,演示DEMO001股份有限公司,信息技术,2024,年度报告,公司探索区块链技术在产品溯源中的应用，实现全流程信息上链。公司建设智能客服系统，应用自然语言处理技术实现工单自动分类。公司建设大数据平台，整合生产、销售与供应链数据，支撑经营决策。公司数据中心一期建成投用，具备 PB 级数据存储与计算能力。报告期内公司无重大诉讼仲裁事项，各项经营活动正常开展。公司建立健全内部控制系统，治理结构规范，三会运作正常。公司利用智能合约技术自动执行供应商结算条款。公司部署机器学习算法对销售数据进行需求预测，库存周转效率明显改善。报告期内，公司获得高新技术企业资质认定，享受相应税收优惠政策。公司试点数字人民币结算场景，丰富收款渠道。公司积极拓展海外市场，出口业务收入同比增长9.4%，国际化布局初见成效。公司开展数据治理体系建设，统一主数据标准，提升数据资产质量。公司研究基于分布式账本的对账机制，降低交易核对成本。公司构建经营分析数据仓库，管理层可实时查看核心经营指标。公司核心业务系统迁移上云，采用混合云架构降低IT运维成本。公司推进经营管理信息化，上线新一代ERP系统实现业财一体。公司继续推进产能建设，纺织服装项目一期已投产，预计达产后年新增产能3万吨。公司利用智能合约技术自动执行供应商结算条款。公司采购云服务替代传统服务器部署，系统上线周期大幅缩短。公司基于云平台搭建协同办公体系，跨区域协作效率提升。公司开展数据治理体系建设，统一主数据标准，提升数据资产质量。公司采购云服务替代传统服务器部署，系统上线周期大幅缩短。公司继续推进产能建设，电子元器件项目一期已投产，预计达产后年新增产能8万吨。公司构建智慧物流体系，仓储分拣自动化水平显著提高。报告期内人民币汇率波动加大，公司通过远期结售汇业务降低了汇兑损失。本年度公司人力成本略有上升，管理费用率保持稳定，费用管控成效显现。公司成立数据中台团队，推动业务数据化、数据业务化。公司主要客户为行业龙头企业，合作关系稳定，应收账款回款情况良好。公司核心业务系统迁移上云，采用混合云架构降低IT运维成本。公司上线智能排产系统，通过智能算法优化生产计划排程。公司推动业务流程线上化，无纸化办公覆盖全部业务部门。公司建立健全内部控制系统，治理结构规范，三会运作正常。原材料价格波动对成本端形成一定压力，公司通过集中采购和套期保值部分对冲了成本上行风险。公司试点数字人民币结算场景，丰富收款渠道。,脚本生成演示语料(step0_make_demo_corpus.py)
DEMO002,演示DEMO002股份有限公司,制造业,2020,年度报告,公司构建智慧物流体系，仓储分拣自动化水平显著提高。公司建立健全内部控制系统，治理结构规范，三会运作正常。公司建立健全内部控制系统，治理结构规范，三会运作正常。报告期内公司客户结构进一步优化，前五大客户收入占比为55.1%，客户集中度处于合理区间。报告期内，公司实现营业收入63.7亿元，同比增长22.7%，主要得益于主营业务产销规模扩大。公司采购云服务替代传统服务器部署，系统上线周期大幅缩短。公司积极拓展海外市场，出口业务收入同比增长30.5%，国际化布局初见成效。公司现金流状况良好，经营活动现金流量净额为12.4亿元，资产负债结构稳健。公司推进计算机视觉技术在生产线上的应用，实现关键工序自动检测。公司现金流状况良好，经营活动现金流量净额为8.7亿元，资产负债结构稳健。公司持续加大研发投入，研发费用占营业收入比例为2.6%，围绕电子元器件开展技术攻关。公司研究基于分布式账本的对账机制，降低交易核对成本。,脚本生成演示语料(step0_make_demo_corpus.py)
DEMO002,演示DEMO002股份有限公司,制造业,2021,年度报告,公司研究基于分布式账本的对账机制，降低交易核对成本。公司利用智能合约技术自动执行供应商结算条款。公司数据中心一期建成投用，具备 PB 级数据存储与计算能力。报告期内人民币汇率波动加大，公司通过远期结售汇业务降低了汇兑损失。公司构建经营分析数据仓库，管理层可实时查看核心经营指标。公司深耕东北市场，区域市场份额稳中有升，品牌影响力持续增强。公司高度重视安全生产与环境保护，报告期内未发生重大安全事故。公司持续加大研发投入，研发费用占营业收入比例为4.4%，围绕电子元器件开展技术攻关。公司利用智能合约技术自动执行供应商结算条款。公司上线智能排产系统，通过智能算法优化生产计划排程。报告期内，公司获得高新技术企业资质认定，享受相应税收优惠政策。报告期内公司客户结构进一步优化，前五大客户收入占比为41.8%，客户集中度处于合理区间。公司采购云服务替代传统服务器部署，系统上线周期大幅缩短。公司利用智能合约技术自动执行供应商结算条款。报告期内，公司获得高新技术企业资质认定，享受相应税收优惠政策。公司持续加大研发投入，研发费用占营业收入比例为3.2%，围绕电子元器件开展技术攻关。报告期内，公司获得高新技术企业资质认定，享受相应税收优惠政策。公司成立数据中台团队，推动业务数据化、数据业务化。公司上线智能排产系统，通过智能算法优化生产计划排程。公司核心业务系统迁移上云，采用混合云架构降低IT运维成本。公司推进智能制造升级，数字化车间已通过省级认定。,脚本生成演示语料(step0_make_demo_corpus.py)
DEMO002,演示DEMO002股份有限公司,制造业,2022,年度报告,公司建设工业互联网平台，实现设备联网与远程运维。公司发展电子商务业务，线上渠道收入占比持续提升。原材料价格波动对成本端形成一定压力，公司通过集中采购和套期保值部分对冲了成本上行风险。公司本期新增专利授权11项，累计有效专利210项，技术储备进一步夯实。公司现金流状况良好，经营活动现金流量净额为8.7亿元，资产负债结构稳健。报告期内人民币汇率波动加大，公司通过远期结售汇业务降低了汇兑损失。公司探索区块链技术在产品溯源中的应用，实现全流程信息上链。原材料价格波动对成本端形成一定压力，公司通过集中采购和套期保值部分对冲了成本上行风险。原材料价格波动对成本端形成一定压力，公司通过集中采购和套期保值部分对冲了成本上行风险。报告期内公司无重大诉讼仲裁事项，各项经营活动正常开展。公司发展电子商务业务，线上渠道收入占比持续提升。原材料价格波动对成本端形成一定压力，公司通过集中采购和套期保值部分对冲了成本上行风险。公司现金流状况良好，经营活动现金流量净额为3.2亿元，资产负债结构稳健。公司上线智能排产系统，通过智能算法优化生产计划排程。公司主要客户为行业龙头企业，合作关系稳定，应收账款回款情况良好。公司推动业务流程线上化，无纸化办公覆盖全部业务部门。公司推进计算机视觉技术在生产线上的应用，实现关键工序自动检测。报告期内，公司实现营业收入45.2亿元，同比增长15.2%，主要得益于主营业务产销规模扩大。,脚本生成演示语料(step0_make_demo_corpus.py)
DEMO002,演示DEMO002股份有限公司,制造业,2023,年度报告,公司研究基于分布式账本的对账机制，降低交易核对成本。公司数据中心一期建成投用，具备 PB 级数据存储与计算能力。公司与高校联合开展深度学习算法研究，赋能产品智能设计。公司制定数字化转型规划，成立数字化管理委员会统筹推进。公司现金流状况良好，经营活动现金流量净额为3.2亿元，资产负债结构稳健。公司建设智能客服系统，应用自然语言处理技术实现工单自动分类。报告期内，公司实现营业收入28.4亿元，同比增长-3.1%，主要得益于主营业务产销规模扩大。公司持续加大研发投入，研发费用占营业收入比例为4.4%，围绕纺织服装开展技术攻关。受行业周期影响，部分产品价格有所回落，公司及时调整销售策略，库存水平保持在合理范围。受行业周期影响，部分产品价格有所回落，公司及时调整销售策略，库存水平保持在合理范围。公司现金流状况良好，经营活动现金流量净额为3.2亿元，资产负债结构稳健。公司推动业务流程线上化，无纸化办公覆盖全部业务部门。公司基于云平台搭建协同办公体系，跨区域协作效率提升。公司现金流状况良好，经营活动现金流量净额为1.5亿元，资产负债结构稳健。公司探索区块链技术在产品溯源中的应用，实现全流程信息上链。公司部署机器学习算法对销售数据进行需求预测，库存周转效率明显改善。公司上线智能排产系统，通过智能算法优化生产计划排程。公司数据中心一期建成投用，具备 PB 级数据存储与计算能力。公司利用智能合约技术自动执行供应商结算条款。公司持续优化产品结构，电子元器件业务占比稳步提升，毛利率较上年上升2.5个百分点。公司深耕华南市场，区域市场份额稳中有升，品牌影响力持续增强。公司建设智能客服系统，应用自然语言处理技术实现工单自动分类。报告期内公司无重大诉讼仲裁事项，各项经营活动正常开展。,脚本生成演示语料(step0_make_demo_corpus.py)
DEMO002,演示DEMO002股份有限公司,制造业,2024,年度报告,公司持续优化产品结构，电子元器件业务占比稳步提升，毛利率较上年下降1.5个百分点。公司引入人工智能技术优化{prod}质检环节，缺陷识别准确率显著提升。报告期内，公司获得高新技术企业资质认定，享受相应税收优惠政策。公司建设大数据平台，整合生产、销售与供应链数据，支撑经营决策。公司开展数据治理体系建设，统一主数据标准，提升数据资产质量。公司建设大数据平台，整合生产、销售与供应链数据，支撑经营决策。公司上线智能排产系统，通过智能算法优化生产计划排程。报告期内，公司获得高新技术企业资质认定，享受相应税收优惠政策。公司推进计算机视觉技术在生产线上的应用，实现关键工序自动检测。公司构建经营分析数据仓库，管理层可实时查看核心经营指标。公司采购云服务替代传统服务器部署，系统上线周期大幅缩短。公司引入边缘计算设备，实现车间数据的就地处理与实时回传。面对市场竞争加剧，公司加大渠道建设力度，经销商数量增加45家，覆盖区域进一步扩大。下半年公司将围绕年度经营计划，重点做好市场开拓、成本控制与人才梯队建设等工作。公司评估公有云与私有云方案，逐步构建统一算力资源池。公司运用数据挖掘技术分析客户行为，实现精准营销。受行业周期影响，部分产品价格有所回落，公司及时调整销售策略，库存水平保持在合理范围。公司推动业务流程线上化，无纸化办公覆盖全部业务部门。公司运用数据挖掘技术分析客户行为，实现精准营销。公司与高校联合开展深度学习算法研究，赋能产品智能设计。受行业周期影响，部分产品价格有所回落，公司及时调整销售策略，库存水平保持在合理范围。公司引入人工智能技术优化{prod}质检环节，缺陷识别准确率显著提升。公司现金流状况良好，经营活动现金流量净额为12.4亿元，资产负债结构稳健。公司建设智能客服系统，应用自然语言处理技术实现工单自动分类。,脚本生成演示语料(step0_make_demo_corpus.py)
DEMO003,演示DEMO003股份有限公司,批发零售,2020,年度报告,公司高度重视安全生产与环境保护，报告期内未发生重大安全事故。公司继续推进产能建设，高端装备项目一期已投产，预计达产后年新增产能5万吨。公司积极拓展海外市场，出口业务收入同比增长-6.3%，国际化布局初见成效。公司建设工业互联网平台，实现设备联网与远程运维。下半年公司将围绕年度经营计划，重点做好市场开拓、成本控制与人才梯队建设等工作。报告期内，公司获得高新技术企业资质认定，享受相应税收优惠政策。公司继续推进产能建设，高端装备项目一期已投产，预计达产后年新增产能5万吨。下半年公司将围绕年度经营计划，重点做好市场开拓、成本控制与人才梯队建设等工作。本年度公司人力成本略有上升，管理费用率保持稳定，费用管控成效显现。公司运用数据挖掘技术分析客户行为，实现精准营销。公司部署机器学习算法对销售数据进行需求预测，库存周转效率明显改善。公司现金流状况良好，经营活动现金流量净额为12.4亿元，资产负债结构稳健。公司现金流状况良好，经营活动现金流量净额为8.7亿元，资产负债结构稳健。公司继续推进产能建设，建材项目一期已投产，预计达产后年新增产能8万吨。,脚本生成演示语料(step0_make_demo_corpus.py)
DEMO003,演示DEMO003股份有限公司,批发零售,2021,年度报告,受行业周期影响，部分产品价格有所回落，公司及时调整销售策略，库存水平保持在合理范围。原材料价格波动对成本端形成一定压力，公司通过集中采购和套期保值部分对冲了成本上行风险。下半年公司将围绕年度经营计划，重点做好市场开拓、成本控制与人才梯队建设等工作。报告期内，公司获得高新技术企业资质认定，享受相应税收优惠政策。报告期内，公司实现营业收入45.2亿元，同比增长5.6%，主要得益于主营业务产销规模扩大。公司试点数字人民币结算场景，丰富收款渠道。报告期内公司客户结构进一步优化，前五大客户收入占比为36.9%，客户集中度处于合理区间。公司继续推进产能建设，电子元器件项目一期已投产，预计达产后年新增产能3万吨。报告期内人民币汇率波动加大，公司通过远期结售汇业务降低了汇兑损失。公司主要客户为行业龙头企业，合作关系稳定，应收账款回款情况良好。公司建设大数据平台，整合生产、销售与供应链数据，支撑经营决策。,脚本生成演示语料(step0_make_demo_corpus.py)
DEMO003,演示DEMO003股份有限公司,批发零售,2022,年度报告,报告期内公司客户结构进一步优化，前五大客户收入占比为55.1%，客户集中度处于合理区间。公司积极拓展海外市场，出口业务收入同比增长-6.3%，国际化布局初见成效。本年度公司人力成本略有上升，管理费用率保持稳定，费用管控成效显现。公司主要客户为行业龙头企业，合作关系稳定，应收账款回款情况良好。公司部署机器学习算法对销售数据进行需求预测，库存周转效率明显改善。公司数据中心一期建成投用，具备 PB 级数据存储与计算能力。公司核心业务系统迁移上云，采用混合云架构降低IT运维成本。公司持续优化产品结构，纺织服装业务占比稳步提升，毛利率较上年下降1.5个百分点。公司开展数据治理体系建设，统一主数据标准，提升数据资产质量。公司构建经营分析数据仓库，管理层可实时查看核心经营指标。报告期内公司客户结构进一步优化，前五大客户收入占比为36.9%，客户集中度处于合理区间。公司持续加大研发投入，研发费用占营业收入比例为4.4%，围绕精细化工产品开展技术攻关。原材料价格波动对成本端形成一定压力，公司通过集中采购和套期保值部分对冲了成本上行风险。公司持续优化产品结构，电子元器件业务占比稳步提升，毛利率较上年下降1.5个百分点。受行业周期影响，部分产品价格有所回落，公司及时调整销售策略，库存水平保持在合理范围。公司引入边缘计算设备，实现车间数据的就地处理与实时回传。公司推进计算机视觉技术在生产线上的应用，实现关键工序自动检测。,脚本生成演示语料(step0_make_demo_corpus.py)
DEMO003,演示DEMO003股份有限公司,批发零售,2023,年度报告,公司试点数字人民币结算场景，丰富收款渠道。公司基于云平台搭建协同办公体系，跨区域协作效率提升。公司参与行业区块链联盟，推动供应链单证电子化与可信流转。公司上线智能排产系统，通过智能算法优化生产计划排程。公司部署机器学习算法对销售数据进行需求预测，库存周转效率明显改善。公司参与行业区块链联盟，推动供应链单证电子化与可信流转。报告期内公司无重大诉讼仲裁事项，各项经营活动正常开展。下半年公司将围绕年度经营计划，重点做好市场开拓、成本控制与人才梯队建设等工作。公司主要客户为行业龙头企业，合作关系稳定，应收账款回款情况良好。公司应用数字孪生技术对重点产线进行虚拟建模与仿真优化。公司持续加大研发投入，研发费用占营业收入比例为1.8%，围绕食品饮料开展技术攻关。报告期内人民币汇率波动加大，公司通过远期结售汇业务降低了汇兑损失。公司持续优化产品结构，高端装备业务占比稳步提升，毛利率较上年上升2.5个百分点。公司推进计算机视觉技术在生产线上的应用，实现关键工序自动检测。公司持续加大研发投入，研发费用占营业收入比例为1.8%，围绕高端装备开展技术攻关。公司成立数据中台团队，推动业务数据化、数据业务化。公司建立健全内部控制系统，治理结构规范，三会运作正常。公司现金流状况良好，经营活动现金流量净额为1.5亿元，资产负债结构稳健。原材料价格波动对成本端形成一定压力，公司通过集中采购和套期保值部分对冲了成本上行风险。公司参与行业区块链联盟，推动供应链单证电子化与可信流转。公司核心业务系统迁移上云，采用混合云架构降低IT运维成本。公司基于云平台搭建协同办公体系，跨区域协作效率提升。公司与高校联合开展深度学习算法研究，赋能产品智能设计。,脚本生成演示语料(step0_make_demo_corpus.py)
DEMO003,演示DEMO003股份有限公司,批发零售,2024,年度报告,公司积极拓展海外市场，出口业务收入同比增长18.9%，国际化布局初见成效。本年度公司人力成本略有上升，管理费用率保持稳定，费用管控成效显现。公司构建经营分析数据仓库，管理层可实时查看核心经营指标。报告期内，公司获得高新技术企业资质认定，享受相应税收优惠政策。公司持续加大研发投入，研发费用占营业收入比例为2.6%，围绕高端装备开展技术攻关。受行业周期影响，部分产品价格有所回落，公司及时调整销售策略，库存水平保持在合理范围。公司持续优化产品结构，建材业务占比稳步提升，毛利率较上年上升1.2个百分点。公司试点数字人民币结算场景，丰富收款渠道。公司利用智能合约技术自动执行供应商结算条款。公司继续推进产能建设，高端装备项目一期已投产，预计达产后年新增产能5万吨。公司引入人工智能技术优化{prod}质检环节，缺陷识别准确率显著提升。公司高度重视安全生产与环境保护，报告期内未发生重大安全事故。公司应用数字孪生技术对重点产线进行虚拟建模与仿真优化。公司试点数字人民币结算场景，丰富收款渠道。,脚本生成演示语料(step0_make_demo_corpus.py)
DEMO004,演示DEMO004股份有限公司,房地产,2020,年度报告,公司积极拓展海外市场，出口业务收入同比增长18.9%，国际化布局初见成效。公司持续优化产品结构，建材业务占比稳步提升，毛利率较上年下降1.5个百分点。受行业周期影响，部分产品价格有所回落，公司及时调整销售策略，库存水平保持在合理范围。公司继续推进产能建设，电子元器件项目一期已投产，预计达产后年新增产能3万吨。原材料价格波动对成本端形成一定压力，公司通过集中采购和套期保值部分对冲了成本上行风险。公司现金流状况良好，经营活动现金流量净额为5.8亿元，资产负债结构稳健。公司建设大数据平台，整合生产、销售与供应链数据，支撑经营决策。本年度公司人力成本略有上升，管理费用率保持稳定，费用管控成效显现。公司评估公有云与私有云方案，逐步构建统一算力资源池。公司深耕华南市场，区域市场份额稳中有升，品牌影响力持续增强。公司主要客户为行业龙头企业，合作关系稳定，应收账款回款情况良好。,脚本生成演示语料(step0_make_demo_corpus.py)
DEMO004,演示DEMO004股份有限公司,房地产,2021,年度报告,公司深耕西南市场，区域市场份额稳中有升，品牌影响力持续增强。原材料价格波动对成本端形成一定压力，公司通过集中采购和套期保值部分对冲了成本上行风险。公司试点数字人民币结算场景，丰富收款渠道。本年度公司人力成本略有上升，管理费用率保持稳定，费用管控成效显现。公司上线智能排产系统，通过智能算法优化生产计划排程。公司研究基于分布式账本的对账机制，降低交易核对成本。公司应用数字孪生技术对重点产线进行虚拟建模与仿真优化。公司与高校联合开展深度学习算法研究，赋能产品智能设计。公司现金流状况良好，经营活动现金流量净额为12.4亿元，资产负债结构稳健。报告期内，公司实现营业收入19.3亿元，同比增长15.2%，主要得益于主营业务产销规模扩大。面对市场竞争加剧，公司加大渠道建设力度，经销商数量增加36家，覆盖区域进一步扩大。面对市场竞争加剧，公司加大渠道建设力度，经销商数量增加120家，覆盖区域进一步扩大。公司建立健全内部控制系统，治理结构规范，三会运作正常。报告期内，公司获得高新技术企业资质认定，享受相应税收优惠政策。公司采购云服务替代传统服务器部署，系统上线周期大幅缩短。公司构建智慧物流体系，仓储分拣自动化水平显著提高。公司主要客户为行业龙头企业，合作关系稳定，应收账款回款情况良好。公司深耕华南市场，区域市场份额稳中有升，品牌影响力持续增强。公司上线智能排产系统，通过智能算法优化生产计划排程。报告期内，公司获得高新技术企业资质认定，享受相应税收优惠政策。公司推进计算机视觉技术在生产线上的应用，实现关键工序自动检测。,脚本生成演示语料(step0_make_demo_corpus.py)
DEMO004,演示DEMO004股份有限公司,房地产,2022,年度报告,公司与高校联合开展深度学习算法研究，赋能产品智能设计。受行业周期影响，部分产品价格有所回落，公司及时调整销售策略，库存水平保持在合理范围。受行业周期影响，部分产品价格有所回落，公司及时调整销售策略，库存水平保持在合理范围。下半年公司将围绕年度经营计划，重点做好市场开拓、成本控制与人才梯队建设等工作。报告期内公司客户结构进一步优化，前五大客户收入占比为55.1%，客户集中度处于合理区间。公司持续加大研发投入，研发费用占营业收入比例为4.4%，围绕精细化工产品开展技术攻关。公司上线智能排产系统，通过智能算法优化生产计划排程。公司推进计算机视觉技术在生产线上的应用，实现关键工序自动检测。面对市场竞争加剧，公司加大渠道建设力度，经销商数量增加45家，覆盖区域进一步扩大。下半年公司将围绕年度经营计划，重点做好市场开拓、成本控制与人才梯队建设等工作。公司建立健全内部控制系统，治理结构规范，三会运作正常。公司积极拓展海外市场，出口业务收入同比增长12.1%，国际化布局初见成效。原材料价格波动对成本端形成一定压力，公司通过集中采购和套期保值部分对冲了成本上行风险。公司建设智能客服系统，应用自然语言处理技术实现工单自动分类。,脚本生成演示语料(step0_make_demo_corpus.py)
DEMO004,演示DEMO004股份有限公司,房地产,2023,年度报告,公司利用智能合约技术自动执行供应商结算条款。报告期内公司客户结构进一步优化，前五大客户收入占比为32.5%，客户集中度处于合理区间。公司制定数字化转型规划，成立数字化管理委员会统筹推进。报告期内人民币汇率波动加大，公司通过远期结售汇业务降低了汇兑损失。公司持续加大研发投入，研发费用占营业收入比例为3.2%，围绕建材开展技术攻关。公司推动业务流程线上化，无纸化办公覆盖全部业务部门。公司制定数字化转型规划，成立数字化管理委员会统筹推进。受行业周期影响，部分产品价格有所回落，公司及时调整销售策略，库存水平保持在合理范围。公司评估公有云与私有云方案，逐步构建统一算力资源池。原材料价格波动对成本端形成一定压力，公司通过集中采购和套期保值部分对冲了成本上行风险。公司运用数据挖掘技术分析客户行为，实现精准营销。公司持续加大研发投入，研发费用占营业收入比例为3.2%，围绕电子元器件开展技术攻关。公司基于云平台搭建协同办公体系，跨区域协作效率提升。公司制定数字化转型规划，成立数字化管理委员会统筹推进。公司深耕西南市场，区域市场份额稳中有升，品牌影响力持续增强。公司深耕华北市场，区域市场份额稳中有升，品牌影响力持续增强。公司推进智能制造升级，数字化车间已通过省级认定。公司试点数字人民币结算场景，丰富收款渠道。公司高度重视安全生产与环境保护，报告期内未发生重大安全事故。报告期内，公司获得高新技术企业资质认定，享受相应税收优惠政策。,脚本生成演示语料(step0_make_demo_corpus.py)
DEMO004,演示DEMO004股份有限公司,房地产,2024,年度报告,公司参与行业区块链联盟，推动供应链单证电子化与可信流转。公司构建经营分析数据仓库，管理层可实时查看核心经营指标。公司参与行业区块链联盟，推动供应链单证电子化与可信流转。公司持续优化产品结构，食品饮料业务占比稳步提升，毛利率较上年下降1.5个百分点。公司持续优化产品结构，高端装备业务占比稳步提升，毛利率较上年下降0.8个百分点。公司开展数据治理体系建设，统一主数据标准，提升数据资产质量。公司推进智能制造升级，数字化车间已通过省级认定。公司深耕华南市场，区域市场份额稳中有升，品牌影响力持续增强。公司探索区块链技术在产品溯源中的应用，实现全流程信息上链。公司持续加大研发投入，研发费用占营业收入比例为3.2%，围绕纺织服装开展技术攻关。公司评估公有云与私有云方案，逐步构建统一算力资源池。公司基于云平台搭建协同办公体系，跨区域协作效率提升。公司核心业务系统迁移上云，采用混合云架构降低IT运维成本。面对市场竞争加剧，公司加大渠道建设力度，经销商数量增加210家，覆盖区域进一步扩大。公司开展数据治理体系建设，统一主数据标准，提升数据资产质量。公司持续优化产品结构，建材业务占比稳步提升，毛利率较上年下降0.8个百分点。报告期内，公司实现营业收入63.7亿元，同比增长-1.8%，主要得益于主营业务产销规模扩大。公司本期新增专利授权22项，累计有效专利38项，技术储备进一步夯实。公司构建经营分析数据仓库，管理层可实时查看核心经营指标。报告期内人民币汇率波动加大，公司通过远期结售汇业务降低了汇兑损失。公司推动业务流程线上化，无纸化办公覆盖全部业务部门。公司构建智慧物流体系，仓储分拣自动化水平显著提高。,脚本生成演示语料(step0_make_demo_corpus.py)
DEMO005,演示DEMO005股份有限公司,农林牧渔,2020,年度报告,公司继续推进产能建设，高端装备项目一期已投产，预计达产后年新增产能3万吨。公司采购云服务替代传统服务器部署，系统上线周期大幅缩短。公司持续优化产品结构，精细化工产品业务占比稳步提升，毛利率较上年下降0.8个百分点。公司与高校联合开展深度学习算法研究，赋能产品智能设计。报告期内，公司实现营业收入45.2亿元，同比增长8.5%，主要得益于主营业务产销规模扩大。公司现金流状况良好，经营活动现金流量净额为12.4亿元，资产负债结构稳健。报告期内人民币汇率波动加大，公司通过远期结售汇业务降低了汇兑损失。报告期内，公司获得高新技术企业资质认定，享受相应税收优惠政策。公司继续推进产能建设，纺织服装项目一期已投产，预计达产后年新增产能8万吨。公司应用数字孪生技术对重点产线进行虚拟建模与仿真优化。公司高度重视安全生产与环境保护，报告期内未发生重大安全事故。公司构建智慧物流体系，仓储分拣自动化水平显著提高。,脚本生成演示语料(step0_make_demo_corpus.py)
DEMO005,演示DEMO005股份有限公司,农林牧渔,2021,年度报告,面对市场竞争加剧，公司加大渠道建设力度，经销商数量增加45家，覆盖区域进一步扩大。原材料价格波动对成本端形成一定压力，公司通过集中采购和套期保值部分对冲了成本上行风险。原材料价格波动对成本端形成一定压力，公司通过集中采购和套期保值部分对冲了成本上行风险。受行业周期影响，部分产品价格有所回落，公司及时调整销售策略，库存水平保持在合理范围。公司高度重视安全生产与环境保护，报告期内未发生重大安全事故。报告期内人民币汇率波动加大，公司通过远期结售汇业务降低了汇兑损失。公司继续推进产能建设，精细化工产品项目一期已投产，预计达产后年新增产能3万吨。原材料价格波动对成本端形成一定压力，公司通过集中采购和套期保值部分对冲了成本上行风险。下半年公司将围绕年度经营计划，重点做好市场开拓、成本控制与人才梯队建设等工作。,脚本生成演示语料(step0_make_demo_corpus.py)
DEMO005,演示DEMO005股份有限公司,农林牧渔,2022,年度报告,公司现金流状况良好，经营活动现金流量净额为3.2亿元，资产负债结构稳健。公司持续加大研发投入，研发费用占营业收入比例为3.2%，围绕精细化工产品开展技术攻关。公司运用数据挖掘技术分析客户行为，实现精准营销。报告期内人民币汇率波动加大，公司通过远期结售汇业务降低了汇兑损失。报告期内公司无重大诉讼仲裁事项，各项经营活动正常开展。报告期内人民币汇率波动加大，公司通过远期结售汇业务降低了汇兑损失。公司深耕华南市场，区域市场份额稳中有升，品牌影响力持续增强。公司深耕华北市场，区域市场份额稳中有升，品牌影响力持续增强。公司建设大数据平台，整合生产、销售与供应链数据，支撑经营决策。公司本期新增专利授权15项，累计有效专利56项，技术储备进一步夯实。报告期内，公司实现营业收入63.7亿元，同比增长22.7%，主要得益于主营业务产销规模扩大。,脚本生成演示语料(step0_make_demo_corpus.py)
DEMO005,演示DEMO005股份有限公司,农林牧渔,2023,年度报告,报告期内，公司获得高新技术企业资质认定，享受相应税收优惠政策。报告期内公司无重大诉讼仲裁事项，各项经营活动正常开展。公司积极拓展海外市场，出口业务收入同比增长12.1%，国际化布局初见成效。报告期内，公司获得高新技术企业资质认定，享受相应税收优惠政策。公司继续推进产能建设，纺织服装项目一期已投产，预计达产后年新增产能12万吨。报告期内，公司获得高新技术企业资质认定，享受相应税收优惠政策。报告期内，公司获得高新技术企业资质认定，享受相应税收优惠政策。公司持续加大研发投入，研发费用占营业收入比例为2.6%，围绕食品饮料开展技术攻关。公司推动业务流程线上化，无纸化办公覆盖全部业务部门。公司数据中心一期建成投用，具备 PB 级数据存储与计算能力。报告期内公司客户结构进一步优化，前五大客户收入占比为41.8%，客户集中度处于合理区间。公司主要客户为行业龙头企业，合作关系稳定，应收账款回款情况良好。公司高度重视安全生产与环境保护，报告期内未发生重大安全事故。,脚本生成演示语料(step0_make_demo_corpus.py)
DEMO005,演示DEMO005股份有限公司,农林牧渔,2024,年度报告,公司持续优化产品结构，高端装备业务占比稳步提升，毛利率较上年持平个百分点。本年度公司人力成本略有上升，管理费用率保持稳定，费用管控成效显现。公司积极拓展海外市场，出口业务收入同比增长30.5%，国际化布局初见成效。公司高度重视安全生产与环境保护，报告期内未发生重大安全事故。报告期内公司客户结构进一步优化，前五大客户收入占比为28.3%，客户集中度处于合理区间。报告期内，公司实现营业收入8.9亿元，同比增长15.2%，主要得益于主营业务产销规模扩大。公司现金流状况良好，经营活动现金流量净额为12.4亿元，资产负债结构稳健。公司推进经营管理信息化，上线新一代ERP系统实现业财一体。下半年公司将围绕年度经营计划，重点做好市场开拓、成本控制与人才梯队建设等工作。公司本期新增专利授权3项，累计有效专利38项，技术储备进一步夯实。报告期内，公司获得高新技术企业资质认定，享受相应税收优惠政策。公司持续加大研发投入，研发费用占营业收入比例为4.4%，围绕纺织服装开展技术攻关。,脚本生成演示语料(step0_make_demo_corpus.py)
DEMO006,演示DEMO006股份有限公司,信息技术,2020,年度报告,报告期内公司无重大诉讼仲裁事项，各项经营活动正常开展。公司开展数据治理体系建设，统一主数据标准，提升数据资产质量。公司基于云平台搭建协同办公体系，跨区域协作效率提升。公司基于云平台搭建协同办公体系，跨区域协作效率提升。公司探索区块链技术在产品溯源中的应用，实现全流程信息上链。公司深耕华南市场，区域市场份额稳中有升，品牌影响力持续增强。原材料价格波动对成本端形成一定压力，公司通过集中采购和套期保值部分对冲了成本上行风险。公司探索区块链技术在产品溯源中的应用，实现全流程信息上链。公司基于云平台搭建协同办公体系，跨区域协作效率提升。公司建设智能客服系统，应用自然语言处理技术实现工单自动分类。公司建设大数据平台，整合生产、销售与供应链数据，支撑经营决策。公司深耕华东市场，区域市场份额稳中有升，品牌影响力持续增强。公司本期新增专利授权11项，累计有效专利38项，技术储备进一步夯实。公司探索区块链技术在产品溯源中的应用，实现全流程信息上链。公司积极拓展海外市场，出口业务收入同比增长9.4%，国际化布局初见成效。公司持续优化产品结构，高端装备业务占比稳步提升，毛利率较上年持平个百分点。下半年公司将围绕年度经营计划，重点做好市场开拓、成本控制与人才梯队建设等工作。公司建设工业互联网平台，实现设备联网与远程运维。公司参与行业区块链联盟，推动供应链单证电子化与可信流转。报告期内公司客户结构进一步优化，前五大客户收入占比为55.1%，客户集中度处于合理区间。公司建立健全内部控制系统，治理结构规范，三会运作正常。公司引入边缘计算设备，实现车间数据的就地处理与实时回传。公司建设大数据平台，整合生产、销售与供应链数据，支撑经营决策。报告期内，公司实现营业收入19.3亿元，同比增长8.5%，主要得益于主营业务产销规模扩大。公司积极拓展海外市场，出口业务收入同比增长18.9%，国际化布局初见成效。,脚本生成演示语料(step0_make_demo_corpus.py)
DEMO006,演示DEMO006股份有限公司,信息技术,2021,年度报告,原材料价格波动对成本端形成一定压力，公司通过集中采购和套期保值部分对冲了成本上行风险。公司深耕华南市场，区域市场份额稳中有升，品牌影响力持续增强。公司研究基于分布式账本的对账机制，降低交易核对成本。原材料价格波动对成本端形成一定压力，公司通过集中采购和套期保值部分对冲了成本上行风险。公司与高校联合开展深度学习算法研究，赋能产品智能设计。报告期内公司无重大诉讼仲裁事项，各项经营活动正常开展。公司应用数字孪生技术对重点产线进行虚拟建模与仿真优化。公司持续加大研发投入，研发费用占营业收入比例为1.8%，围绕电子元器件开展技术攻关。公司基于云平台搭建协同办公体系，跨区域协作效率提升。公司本期新增专利授权22项，累计有效专利120项，技术储备进一步夯实。下半年公司将围绕年度经营计划，重点做好市场开拓、成本控制与人才梯队建设等工作。公司评估公有云与私有云方案，逐步构建统一算力资源池。公司本期新增专利授权15项，累计有效专利85项，技术储备进一步夯实。公司高度重视安全生产与环境保护，报告期内未发生重大安全事故。公司研究基于分布式账本的对账机制，降低交易核对成本。公司建立健全内部控制系统，治理结构规范，三会运作正常。公司评估公有云与私有云方案，逐步构建统一算力资源池。公司建立健全内部控制系统，治理结构规范，三会运作正常。公司应用数字孪生技术对重点产线进行虚拟建模与仿真优化。公司现金流状况良好，经营活动现金流量净额为5.8亿元，资产负债结构稳健。公司采购云服务替代传统服务器部署，系统上线周期大幅缩短。公司推进智能制造升级，数字化车间已通过省级认定。公司成立数据中台团队，推动业务数据化、数据业务化。公司建设工业互联网平台，实现设备联网与远程运维。公司参与行业区块链联盟，推动供应链单证电子化与可信流转。公司推动业务流程线上化，无纸化办公覆盖全部业务部门。公司采购云服务替代传统服务器部署，系统上线周期大幅缩短。,脚本生成演示语料(step0_make_demo_corpus.py)
DEMO006,演示DEMO006股份有限公司,信息技术,2022,年度报告,公司持续加大研发投入，研发费用占营业收入比例为3.2%，围绕纺织服装开展技术攻关。公司应用数字孪生技术对重点产线进行虚拟建模与仿真优化。公司引入人工智能技术优化{prod}质检环节，缺陷识别准确率显著提升。公司持续优化产品结构，建材业务占比稳步提升，毛利率较上年持平个百分点。公司构建经营分析数据仓库，管理层可实时查看核心经营指标。公司引入边缘计算设备，实现车间数据的就地处理与实时回传。公司引入边缘计算设备，实现车间数据的就地处理与实时回传。公司推进智能制造升级，数字化车间已通过省级认定。公司建设智能客服系统，应用自然语言处理技术实现工单自动分类。公司制定数字化转型规划，成立数字化管理委员会统筹推进。公司推进智能制造升级，数字化车间已通过省级认定。受行业周期影响，部分产品价格有所回落，公司及时调整销售策略，库存水平保持在合理范围。公司推进智能制造升级，数字化车间已通过省级认定。公司现金流状况良好，经营活动现金流量净额为3.2亿元，资产负债结构稳健。公司引入人工智能技术优化{prod}质检环节，缺陷识别准确率显著提升。公司持续优化产品结构，高端装备业务占比稳步提升，毛利率较上年下降1.5个百分点。公司本期新增专利授权8项，累计有效专利85项，技术储备进一步夯实。公司建设大数据平台，整合生产、销售与供应链数据，支撑经营决策。本年度公司人力成本略有上升，管理费用率保持稳定，费用管控成效显现。公司部署机器学习算法对销售数据进行需求预测，库存周转效率明显改善。公司积极拓展海外市场，出口业务收入同比增长-6.3%，国际化布局初见成效。公司引入边缘计算设备，实现车间数据的就地处理与实时回传。公司引入人工智能技术优化{prod}质检环节，缺陷识别准确率显著提升。公司引入人工智能技术优化{prod}质检环节，缺陷识别准确率显著提升。公司引入边缘计算设备，实现车间数据的就地处理与实时回传。公司制定数字化转型规划，成立数字化管理委员会统筹推进。受行业周期影响，部分产品价格有所回落，公司及时调整销售策略，库存水平保持在合理范围。公司开展数据治理体系建设，统一主数据标准，提升数据资产质量。公司主要客户为行业龙头企业，合作关系稳定，应收账款回款情况良好。公司引入边缘计算设备，实现车间数据的就地处理与实时回传。公司试点数字人民币结算场景，丰富收款渠道。公司构建经营分析数据仓库，管理层可实时查看核心经营指标。,脚本生成演示语料(step0_make_demo_corpus.py)
DEMO006,演示DEMO006股份有限公司,信息技术,2023,年度报告,报告期内公司客户结构进一步优化，前五大客户收入占比为32.5%，客户集中度处于合理区间。公司建立健全内部控制系统，治理结构规范，三会运作正常。公司数据中心一期建成投用，具备 PB 级数据存储与计算能力。报告期内人民币汇率波动加大，公司通过远期结售汇业务降低了汇兑损失。公司部署机器学习算法对销售数据进行需求预测，库存周转效率明显改善。公司上线智能排产系统，通过智能算法优化生产计划排程。公司参与行业区块链联盟，推动供应链单证电子化与可信流转。公司部署机器学习算法对销售数据进行需求预测，库存周转效率明显改善。公司采购云服务替代传统服务器部署，系统上线周期大幅缩短。公司基于云平台搭建协同办公体系，跨区域协作效率提升。公司开展数据治理体系建设，统一主数据标准，提升数据资产质量。公司应用数字孪生技术对重点产线进行虚拟建模与仿真优化。面对市场竞争加剧，公司加大渠道建设力度，经销商数量增加36家，覆盖区域进一步扩大。报告期内公司无重大诉讼仲裁事项，各项经营活动正常开展。公司参与行业区块链联盟，推动供应链单证电子化与可信流转。公司推动业务流程线上化，无纸化办公覆盖全部业务部门。公司与高校联合开展深度学习算法研究，赋能产品智能设计。公司研究基于分布式账本的对账机制，降低交易核对成本。公司上线智能排产系统，通过智能算法优化生产计划排程。受行业周期影响，部分产品价格有所回落，公司及时调整销售策略，库存水平保持在合理范围。公司探索区块链技术在产品溯源中的应用，实现全流程信息上链。公司开展数据治理体系建设，统一主数据标准，提升数据资产质量。公司评估公有云与私有云方案，逐步构建统一算力资源池。公司探索区块链技术在产品溯源中的应用，实现全流程信息上链。公司采购云服务替代传统服务器部署，系统上线周期大幅缩短。公司引入人工智能技术优化{prod}质检环节，缺陷识别准确率显著提升。公司研究基于分布式账本的对账机制，降低交易核对成本。公司构建智慧物流体系，仓储分拣自动化水平显著提高。公司开展数据治理体系建设，统一主数据标准，提升数据资产质量。公司核心业务系统迁移上云，采用混合云架构降低IT运维成本。面对市场竞争加剧，公司加大渠道建设力度，经销商数量增加88家，覆盖区域进一步扩大。公司引入边缘计算设备，实现车间数据的就地处理与实时回传。公司推动业务流程线上化，无纸化办公覆盖全部业务部门。面对市场竞争加剧，公司加大渠道建设力度，经销商数量增加36家，覆盖区域进一步扩大。,脚本生成演示语料(step0_make_demo_corpus.py)
DEMO006,演示DEMO006股份有限公司,信息技术,2024,年度报告,公司运用数据挖掘技术分析客户行为，实现精准营销。公司运用数据挖掘技术分析客户行为，实现精准营销。公司继续推进产能建设，纺织服装项目一期已投产，预计达产后年新增产能8万吨。报告期内公司无重大诉讼仲裁事项，各项经营活动正常开展。公司数据中心一期建成投用，具备 PB 级数据存储与计算能力。公司推进计算机视觉技术在生产线上的应用，实现关键工序自动检测。公司构建智慧物流体系，仓储分拣自动化水平显著提高。公司探索区块链技术在产品溯源中的应用，实现全流程信息上链。公司持续加大研发投入，研发费用占营业收入比例为4.4%，围绕建材开展技术攻关。公司构建经营分析数据仓库，管理层可实时查看核心经营指标。公司与高校联合开展深度学习算法研究，赋能产品智能设计。公司核心业务系统迁移上云，采用混合云架构降低IT运维成本。公司建立健全内部控制系统，治理结构规范，三会运作正常。报告期内人民币汇率波动加大，公司通过远期结售汇业务降低了汇兑损失。下半年公司将围绕年度经营计划，重点做好市场开拓、成本控制与人才梯队建设等工作。报告期内公司无重大诉讼仲裁事项，各项经营活动正常开展。公司深耕东北市场，区域市场份额稳中有升，品牌影响力持续增强。报告期内公司客户结构进一步优化，前五大客户收入占比为41.8%，客户集中度处于合理区间。公司与高校联合开展深度学习算法研究，赋能产品智能设计。本年度公司人力成本略有上升，管理费用率保持稳定，费用管控成效显现。报告期内公司无重大诉讼仲裁事项，各项经营活动正常开展。公司采购云服务替代传统服务器部署，系统上线周期大幅缩短。公司参与行业区块链联盟，推动供应链单证电子化与可信流转。公司成立数据中台团队，推动业务数据化、数据业务化。公司成立数据中台团队，推动业务数据化、数据业务化。公司应用数字孪生技术对重点产线进行虚拟建模与仿真优化。,脚本生成演示语料(step0_make_demo_corpus.py)
DEMO007,演示DEMO007股份有限公司,制造业,2020,年度报告,本年度公司人力成本略有上升，管理费用率保持稳定，费用管控成效显现。公司试点数字人民币结算场景，丰富收款渠道。公司建立健全内部控制系统，治理结构规范，三会运作正常。公司引入边缘计算设备，实现车间数据的就地处理与实时回传。公司建设工业互联网平台，实现设备联网与远程运维。公司发展电子商务业务，线上渠道收入占比持续提升。公司深耕东北市场，区域市场份额稳中有升，品牌影响力持续增强。公司现金流状况良好，经营活动现金流量净额为3.2亿元，资产负债结构稳健。公司高度重视安全生产与环境保护，报告期内未发生重大安全事故。公司采购云服务替代传统服务器部署，系统上线周期大幅缩短。公司研究基于分布式账本的对账机制，降低交易核对成本。报告期内人民币汇率波动加大，公司通过远期结售汇业务降低了汇兑损失。公司持续优化产品结构，电子元器件业务占比稳步提升，毛利率较上年上升1.2个百分点。公司研究基于分布式账本的对账机制，降低交易核对成本。公司试点数字人民币结算场景，丰富收款渠道。公司引入边缘计算设备，实现车间数据的就地处理与实时回传。下半年公司将围绕年度经营计划，重点做好市场开拓、成本控制与人才梯队建设等工作。报告期内公司无重大诉讼仲裁事项，各项经营活动正常开展。公司数据中心一期建成投用，具备 PB 级数据存储与计算能力。公司构建经营分析数据仓库，管理层可实时查看核心经营指标。公司研究基于分布式账本的对账机制，降低交易核对成本。公司建立健全内部控制系统，治理结构规范，三会运作正常。本年度公司人力成本略有上升，管理费用率保持稳定，费用管控成效显现。本年度公司人力成本略有上升，管理费用率保持稳定，费用管控成效显现。,脚本生成演示语料(step0_make_demo_corpus.py)
DEMO007,演示DEMO007股份有限公司,制造业,2021,年度报告,公司推进经营管理信息化，上线新一代ERP系统实现业财一体。受行业周期影响，部分产品价格有所回落，公司及时调整销售策略，库存水平保持在合理范围。公司推进计算机视觉技术在生产线上的应用，实现关键工序自动检测。公司主要客户为行业龙头企业，合作关系稳定，应收账款回款情况良好。公司推进经营管理信息化，上线新一代ERP系统实现业财一体。公司推进计算机视觉技术在生产线上的应用，实现关键工序自动检测。公司深耕东北市场，区域市场份额稳中有升，品牌影响力持续增强。公司推进经营管理信息化，上线新一代ERP系统实现业财一体。原材料价格波动对成本端形成一定压力，公司通过集中采购和套期保值部分对冲了成本上行风险。公司发展电子商务业务，线上渠道收入占比持续提升。公司参与行业区块链联盟，推动供应链单证电子化与可信流转。公司深耕西南市场，区域市场份额稳中有升，品牌影响力持续增强。公司研究基于分布式账本的对账机制，降低交易核对成本。公司部署机器学习算法对销售数据进行需求预测，库存周转效率明显改善。公司探索区块链技术在产品溯源中的应用，实现全流程信息上链。公司引入边缘计算设备，实现车间数据的就地处理与实时回传。公司推进计算机视觉技术在生产线上的应用，实现关键工序自动检测。报告期内公司无重大诉讼仲裁事项，各项经营活动正常开展。公司主要客户为行业龙头企业，合作关系稳定，应收账款回款情况良好。公司本期新增专利授权8项，累计有效专利120项，技术储备进一步夯实。本年度公司人力成本略有上升，管理费用率保持稳定，费用管控成效显现。受行业周期影响，部分产品价格有所回落，公司及时调整销售策略，库存水平保持在合理范围。公司持续加大研发投入，研发费用占营业收入比例为5.1%，围绕食品饮料开展技术攻关。公司与高校联合开展深度学习算法研究，赋能产品智能设计。,脚本生成演示语料(step0_make_demo_corpus.py)
DEMO007,演示DEMO007股份有限公司,制造业,2022,年度报告,公司主要客户为行业龙头企业，合作关系稳定，应收账款回款情况良好。公司参与行业区块链联盟，推动供应链单证电子化与可信流转。公司评估公有云与私有云方案，逐步构建统一算力资源池。公司建设智能客服系统，应用自然语言处理技术实现工单自动分类。公司运用数据挖掘技术分析客户行为，实现精准营销。公司推进智能制造升级，数字化车间已通过省级认定。公司开展数据治理体系建设，统一主数据标准，提升数据资产质量。公司应用数字孪生技术对重点产线进行虚拟建模与仿真优化。公司参与行业区块链联盟，推动供应链单证电子化与可信流转。公司推进智能制造升级，数字化车间已通过省级认定。面对市场竞争加剧，公司加大渠道建设力度，经销商数量增加88家，覆盖区域进一步扩大。公司深耕华东市场，区域市场份额稳中有升，品牌影响力持续增强。公司利用智能合约技术自动执行供应商结算条款。公司利用智能合约技术自动执行供应商结算条款。受行业周期影响，部分产品价格有所回落，公司及时调整销售策略，库存水平保持在合理范围。公司积极拓展海外市场，出口业务收入同比增长-6.3%，国际化布局初见成效。公司本期新增专利授权3项，累计有效专利85项，技术储备进一步夯实。公司构建智慧物流体系，仓储分拣自动化水平显著提高。本年度公司人力成本略有上升，管理费用率保持稳定，费用管控成效显现。受行业周期影响，部分产品价格有所回落，公司及时调整销售策略，库存水平保持在合理范围。受行业周期影响，部分产品价格有所回落，公司及时调整销售策略，库存水平保持在合理范围。公司积极拓展海外市场，出口业务收入同比增长12.1%，国际化布局初见成效。公司应用数字孪生技术对重点产线进行虚拟建模与仿真优化。公司试点数字人民币结算场景，丰富收款渠道。,脚本生成演示语料(step0_make_demo_corpus.py)
DEMO007,演示DEMO007股份有限公司,制造业,2023,年度报告,公司参与行业区块链联盟，推动供应链单证电子化与可信流转。面对市场竞争加剧，公司加大渠道建设力度，经销商数量增加36家，覆盖区域进一步扩大。公司持续加大研发投入，研发费用占营业收入比例为1.8%，围绕纺织服装开展技术攻关。公司现金流状况良好，经营活动现金流量净额为1.5亿元，资产负债结构稳健。公司推动业务流程线上化，无纸化办公覆盖全部业务部门。公司建设智能客服系统，应用自然语言处理技术实现工单自动分类。公司推动业务流程线上化，无纸化办公覆盖全部业务部门。公司持续优化产品结构，纺织服装业务占比稳步提升，毛利率较上年下降0.8个百分点。公司试点数字人民币结算场景，丰富收款渠道。公司发展电子商务业务，线上渠道收入占比持续提升。公司建设大数据平台，整合生产、销售与供应链数据，支撑经营决策。公司推进计算机视觉技术在生产线上的应用，实现关键工序自动检测。报告期内，公司获得高新技术企业资质认定，享受相应税收优惠政策。报告期内公司无重大诉讼仲裁事项，各项经营活动正常开展。公司数据中心一期建成投用，具备 PB 级数据存储与计算能力。报告期内人民币汇率波动加大，公司通过远期结售汇业务降低了汇兑损失。公司部署机器学习算法对销售数据进行需求预测，库存周转效率明显改善。公司建立健全内部控制系统，治理结构规范，三会运作正常。报告期内公司客户结构进一步优化，前五大客户收入占比为55.1%，客户集中度处于合理区间。公司构建智慧物流体系，仓储分拣自动化水平显著提高。报告期内人民币汇率波动加大，公司通过远期结售汇业务降低了汇兑损失。公司核心业务系统迁移上云，采用混合云架构降低IT运维成本。公司基于云平台搭建协同办公体系，跨区域协作效率提升。公司评估公有云与私有云方案，逐步构建统一算力资源池。公司主要客户为行业龙头企业，合作关系稳定，应收账款回款情况良好。公司引入边缘计算设备，实现车间数据的就地处理与实时回传。公司利用智能合约技术自动执行供应商结算条款。,脚本生成演示语料(step0_make_demo_corpus.py)
DEMO007,演示DEMO007股份有限公司,制造业,2024,年度报告,公司采购云服务替代传统服务器部署，系统上线周期大幅缩短。公司引入边缘计算设备，实现车间数据的就地处理与实时回传。报告期内，公司获得高新技术企业资质认定，享受相应税收优惠政策。公司深耕华南市场，区域市场份额稳中有升，品牌影响力持续增强。公司继续推进产能建设，电子元器件项目一期已投产，预计达产后年新增产能3万吨。公司利用智能合约技术自动执行供应商结算条款。公司持续优化产品结构，食品饮料业务占比稳步提升，毛利率较上年上升1.2个百分点。公司部署机器学习算法对销售数据进行需求预测，库存周转效率明显改善。公司发展电子商务业务，线上渠道收入占比持续提升。公司参与行业区块链联盟，推动供应链单证电子化与可信流转。报告期内公司客户结构进一步优化，前五大客户收入占比为28.3%，客户集中度处于合理区间。报告期内公司客户结构进一步优化，前五大客户收入占比为41.8%，客户集中度处于合理区间。公司引入边缘计算设备，实现车间数据的就地处理与实时回传。公司持续优化产品结构，食品饮料业务占比稳步提升，毛利率较上年下降0.8个百分点。公司应用数字孪生技术对重点产线进行虚拟建模与仿真优化。公司发展电子商务业务，线上渠道收入占比持续提升。公司基于云平台搭建协同办公体系，跨区域协作效率提升。公司制定数字化转型规划，成立数字化管理委员会统筹推进。公司运用数据挖掘技术分析客户行为，实现精准营销。面对市场竞争加剧，公司加大渠道建设力度，经销商数量增加120家，覆盖区域进一步扩大。公司上线智能排产系统，通过智能算法优化生产计划排程。公司参与行业区块链联盟，推动供应链单证电子化与可信流转。公司发展电子商务业务，线上渠道收入占比持续提升。公司探索区块链技术在产品溯源中的应用，实现全流程信息上链。公司引入边缘计算设备，实现车间数据的就地处理与实时回传。受行业周期影响，部分产品价格有所回落，公司及时调整销售策略，库存水平保持在合理范围。公司基于云平台搭建协同办公体系，跨区域协作效率提升。公司利用智能合约技术自动执行供应商结算条款。公司探索区块链技术在产品溯源中的应用，实现全流程信息上链。公司主要客户为行业龙头企业，合作关系稳定，应收账款回款情况良好。,脚本生成演示语料(step0_make_demo_corpus.py)
DEMO008,演示DEMO008股份有限公司,批发零售,2020,年度报告,公司持续优化产品结构，纺织服装业务占比稳步提升，毛利率较上年持平个百分点。公司持续加大研发投入，研发费用占营业收入比例为4.4%，围绕电子元器件开展技术攻关。公司评估公有云与私有云方案，逐步构建统一算力资源池。公司建立健全内部控制系统，治理结构规范，三会运作正常。报告期内公司客户结构进一步优化，前五大客户收入占比为55.1%，客户集中度处于合理区间。公司应用数字孪生技术对重点产线进行虚拟建模与仿真优化。报告期内公司无重大诉讼仲裁事项，各项经营活动正常开展。公司本期新增专利授权15项，累计有效专利56项，技术储备进一步夯实。公司本期新增专利授权8项，累计有效专利38项，技术储备进一步夯实。公司现金流状况良好，经营活动现金流量净额为1.5亿元，资产负债结构稳健。公司主要客户为行业龙头企业，合作关系稳定，应收账款回款情况良好。报告期内人民币汇率波动加大，公司通过远期结售汇业务降低了汇兑损失。公司本期新增专利授权22项，累计有效专利85项，技术储备进一步夯实。,脚本生成演示语料(step0_make_demo_corpus.py)
DEMO008,演示DEMO008股份有限公司,批发零售,2021,年度报告,公司推进智能制造升级，数字化车间已通过省级认定。公司运用数据挖掘技术分析客户行为，实现精准营销。公司建设智能客服系统，应用自然语言处理技术实现工单自动分类。公司推动业务流程线上化，无纸化办公覆盖全部业务部门。面对市场竞争加剧，公司加大渠道建设力度，经销商数量增加36家，覆盖区域进一步扩大。公司基于云平台搭建协同办公体系，跨区域协作效率提升。公司建立健全内部控制系统，治理结构规范，三会运作正常。报告期内，公司实现营业收入19.3亿元，同比增长15.2%，主要得益于主营业务产销规模扩大。公司探索区块链技术在产品溯源中的应用，实现全流程信息上链。公司现金流状况良好，经营活动现金流量净额为1.5亿元，资产负债结构稳健。报告期内，公司实现营业收入8.9亿元，同比增长-1.8%，主要得益于主营业务产销规模扩大。公司深耕华南市场，区域市场份额稳中有升，品牌影响力持续增强。报告期内公司客户结构进一步优化，前五大客户收入占比为28.3%，客户集中度处于合理区间。公司主要客户为行业龙头企业，合作关系稳定，应收账款回款情况良好。公司研究基于分布式账本的对账机制，降低交易核对成本。原材料价格波动对成本端形成一定压力，公司通过集中采购和套期保值部分对冲了成本上行风险。,脚本生成演示语料(step0_make_demo_corpus.py)
DEMO008,演示DEMO008股份有限公司,批发零售,2022,年度报告,报告期内人民币汇率波动加大，公司通过远期结售汇业务降低了汇兑损失。公司现金流状况良好，经营活动现金流量净额为12.4亿元，资产负债结构稳健。公司与高校联合开展深度学习算法研究，赋能产品智能设计。公司持续优化产品结构，高端装备业务占比稳步提升，毛利率较上年上升1.2个百分点。公司积极拓展海外市场，出口业务收入同比增长9.4%，国际化布局初见成效。公司核心业务系统迁移上云，采用混合云架构降低IT运维成本。公司部署机器学习算法对销售数据进行需求预测，库存周转效率明显改善。公司推进计算机视觉技术在生产线上的应用，实现关键工序自动检测。公司开展数据治理体系建设，统一主数据标准，提升数据资产质量。报告期内公司客户结构进一步优化，前五大客户收入占比为55.1%，客户集中度处于合理区间。公司应用数字孪生技术对重点产线进行虚拟建模与仿真优化。公司构建智慧物流体系，仓储分拣自动化水平显著提高。公司构建经营分析数据仓库，管理层可实时查看核心经营指标。公司推进计算机视觉技术在生产线上的应用，实现关键工序自动检测。下半年公司将围绕年度经营计划，重点做好市场开拓、成本控制与人才梯队建设等工作。公司引入边缘计算设备，实现车间数据的就地处理与实时回传。公司现金流状况良好，经营活动现金流量净额为3.2亿元，资产负债结构稳健。报告期内公司客户结构进一步优化，前五大客户收入占比为28.3%，客户集中度处于合理区间。受行业周期影响，部分产品价格有所回落，公司及时调整销售策略，库存水平保持在合理范围。公司构建智慧物流体系，仓储分拣自动化水平显著提高。,脚本生成演示语料(step0_make_demo_corpus.py)
DEMO008,演示DEMO008股份有限公司,批发零售,2023,年度报告,公司持续加大研发投入，研发费用占营业收入比例为4.4%，围绕精细化工产品开展技术攻关。公司建立健全内部控制系统，治理结构规范，三会运作正常。公司引入人工智能技术优化{prod}质检环节，缺陷识别准确率显著提升。原材料价格波动对成本端形成一定压力，公司通过集中采购和套期保值部分对冲了成本上行风险。公司持续加大研发投入，研发费用占营业收入比例为5.1%，围绕高端装备开展技术攻关。公司推进经营管理信息化，上线新一代ERP系统实现业财一体。报告期内公司客户结构进一步优化，前五大客户收入占比为41.8%，客户集中度处于合理区间。报告期内人民币汇率波动加大，公司通过远期结售汇业务降低了汇兑损失。公司采购云服务替代传统服务器部署，系统上线周期大幅缩短。报告期内，公司获得高新技术企业资质认定，享受相应税收优惠政策。公司制定数字化转型规划，成立数字化管理委员会统筹推进。报告期内，公司实现营业收入63.7亿元，同比增长5.6%，主要得益于主营业务产销规模扩大。公司推进智能制造升级，数字化车间已通过省级认定。公司建立健全内部控制系统，治理结构规范，三会运作正常。公司高度重视安全生产与环境保护，报告期内未发生重大安全事故。报告期内公司客户结构进一步优化，前五大客户收入占比为41.8%，客户集中度处于合理区间。报告期内，公司实现营业收入28.4亿元，同比增长-1.8%，主要得益于主营业务产销规模扩大。,脚本生成演示语料(step0_make_demo_corpus.py)
DEMO008,演示DEMO008股份有限公司,批发零售,2024,年度报告,面对市场竞争加剧，公司加大渠道建设力度，经销商数量增加120家，覆盖区域进一步扩大。公司现金流状况良好，经营活动现金流量净额为5.8亿元，资产负债结构稳健。公司研究基于分布式账本的对账机制，降低交易核对成本。公司继续推进产能建设，纺织服装项目一期已投产，预计达产后年新增产能5万吨。公司探索区块链技术在产品溯源中的应用，实现全流程信息上链。公司运用数据挖掘技术分析客户行为，实现精准营销。公司数据中心一期建成投用，具备 PB 级数据存储与计算能力。公司高度重视安全生产与环境保护，报告期内未发生重大安全事故。公司引入人工智能技术优化{prod}质检环节，缺陷识别准确率显著提升。公司建设大数据平台，整合生产、销售与供应链数据，支撑经营决策。公司评估公有云与私有云方案，逐步构建统一算力资源池。公司持续优化产品结构，精细化工产品业务占比稳步提升，毛利率较上年持平个百分点。面对市场竞争加剧，公司加大渠道建设力度，经销商数量增加36家，覆盖区域进一步扩大。公司运用数据挖掘技术分析客户行为，实现精准营销。公司试点数字人民币结算场景，丰富收款渠道。公司上线智能排产系统，通过智能算法优化生产计划排程。公司应用数字孪生技术对重点产线进行虚拟建模与仿真优化。公司现金流状况良好，经营活动现金流量净额为3.2亿元，资产负债结构稳健。公司深耕华南市场，区域市场份额稳中有升，品牌影响力持续增强。公司核心业务系统迁移上云，采用混合云架构降低IT运维成本。报告期内公司客户结构进一步优化，前五大客户收入占比为55.1%，客户集中度处于合理区间。公司现金流状况良好，经营活动现金流量净额为3.2亿元，资产负债结构稳健。公司深耕西南市场，区域市场份额稳中有升，品牌影响力持续增强。公司参与行业区块链联盟，推动供应链单证电子化与可信流转。公司建设智能客服系统，应用自然语言处理技术实现工单自动分类。公司采购云服务替代传统服务器部署，系统上线周期大幅缩短。报告期内公司无重大诉讼仲裁事项，各项经营活动正常开展。公司与高校联合开展深度学习算法研究，赋能产品智能设计。,脚本生成演示语料(step0_make_demo_corpus.py)
DEMO009,演示DEMO009股份有限公司,房地产,2020,年度报告,报告期内人民币汇率波动加大，公司通过远期结售汇业务降低了汇兑损失。面对市场竞争加剧，公司加大渠道建设力度，经销商数量增加88家，覆盖区域进一步扩大。报告期内公司客户结构进一步优化，前五大客户收入占比为36.9%，客户集中度处于合理区间。公司深耕华南市场，区域市场份额稳中有升，品牌影响力持续增强。公司主要客户为行业龙头企业，合作关系稳定，应收账款回款情况良好。原材料价格波动对成本端形成一定压力，公司通过集中采购和套期保值部分对冲了成本上行风险。公司成立数据中台团队，推动业务数据化、数据业务化。报告期内公司客户结构进一步优化，前五大客户收入占比为55.1%，客户集中度处于合理区间。原材料价格波动对成本端形成一定压力，公司通过集中采购和套期保值部分对冲了成本上行风险。公司深耕华南市场，区域市场份额稳中有升，品牌影响力持续增强。公司应用数字孪生技术对重点产线进行虚拟建模与仿真优化。公司建立健全内部控制系统，治理结构规范，三会运作正常。原材料价格波动对成本端形成一定压力，公司通过集中采购和套期保值部分对冲了成本上行风险。,脚本生成演示语料(step0_make_demo_corpus.py)
DEMO009,演示DEMO009股份有限公司,房地产,2021,年度报告,报告期内，公司获得高新技术企业资质认定，享受相应税收优惠政策。公司积极拓展海外市场，出口业务收入同比增长30.5%，国际化布局初见成效。公司发展电子商务业务，线上渠道收入占比持续提升。报告期内，公司实现营业收入19.3亿元，同比增长8.5%，主要得益于主营业务产销规模扩大。报告期内人民币汇率波动加大，公司通过远期结售汇业务降低了汇兑损失。公司积极拓展海外市场，出口业务收入同比增长9.4%，国际化布局初见成效。公司建设智能客服系统，应用自然语言处理技术实现工单自动分类。公司持续优化产品结构，食品饮料业务占比稳步提升，毛利率较上年下降0.8个百分点。公司建立健全内部控制系统，治理结构规范，三会运作正常。公司建立健全内部控制系统，治理结构规范，三会运作正常。公司本期新增专利授权15项，累计有效专利85项，技术储备进一步夯实。,脚本生成演示语料(step0_make_demo_corpus.py)
DEMO009,演示DEMO009股份有限公司,房地产,2022,年度报告,公司建立健全内部控制系统，治理结构规范，三会运作正常。报告期内人民币汇率波动加大，公司通过远期结售汇业务降低了汇兑损失。报告期内公司客户结构进一步优化，前五大客户收入占比为55.1%，客户集中度处于合理区间。公司深耕华东市场，区域市场份额稳中有升，品牌影响力持续增强。公司应用数字孪生技术对重点产线进行虚拟建模与仿真优化。报告期内公司客户结构进一步优化，前五大客户收入占比为41.8%，客户集中度处于合理区间。受行业周期影响，部分产品价格有所回落，公司及时调整销售策略，库存水平保持在合理范围。公司参与行业区块链联盟，推动供应链单证电子化与可信流转。下半年公司将围绕年度经营计划，重点做好市场开拓、成本控制与人才梯队建设等工作。公司试点数字人民币结算场景，丰富收款渠道。报告期内公司客户结构进一步优化，前五大客户收入占比为55.1%，客户集中度处于合理区间。公司制定数字化转型规划，成立数字化管理委员会统筹推进。报告期内公司无重大诉讼仲裁事项，各项经营活动正常开展。公司运用数据挖掘技术分析客户行为，实现精准营销。公司现金流状况良好，经营活动现金流量净额为12.4亿元，资产负债结构稳健。,脚本生成演示语料(step0_make_demo_corpus.py)
DEMO009,演示DEMO009股份有限公司,房地产,2023,年度报告,公司评估公有云与私有云方案，逐步构建统一算力资源池。公司持续优化产品结构，建材业务占比稳步提升，毛利率较上年持平个百分点。下半年公司将围绕年度经营计划，重点做好市场开拓、成本控制与人才梯队建设等工作。公司评估公有云与私有云方案，逐步构建统一算力资源池。报告期内，公司实现营业收入28.4亿元，同比增长-3.1%，主要得益于主营业务产销规模扩大。公司继续推进产能建设，建材项目一期已投产，预计达产后年新增产能3万吨。公司开展数据治理体系建设，统一主数据标准，提升数据资产质量。报告期内公司客户结构进一步优化，前五大客户收入占比为28.3%，客户集中度处于合理区间。公司数据中心一期建成投用，具备 PB 级数据存储与计算能力。报告期内，公司实现营业收入28.4亿元，同比增长5.6%，主要得益于主营业务产销规模扩大。报告期内公司客户结构进一步优化，前五大客户收入占比为41.8%，客户集中度处于合理区间。面对市场竞争加剧，公司加大渠道建设力度，经销商数量增加210家，覆盖区域进一步扩大。受行业周期影响，部分产品价格有所回落，公司及时调整销售策略，库存水平保持在合理范围。公司积极拓展海外市场，出口业务收入同比增长9.4%，国际化布局初见成效。公司持续加大研发投入，研发费用占营业收入比例为5.1%，围绕纺织服装开展技术攻关。原材料价格波动对成本端形成一定压力，公司通过集中采购和套期保值部分对冲了成本上行风险。,脚本生成演示语料(step0_make_demo_corpus.py)
DEMO009,演示DEMO009股份有限公司,房地产,2024,年度报告,报告期内，公司实现营业收入8.9亿元，同比增长22.7%，主要得益于主营业务产销规模扩大。公司采购云服务替代传统服务器部署，系统上线周期大幅缩短。面对市场竞争加剧，公司加大渠道建设力度，经销商数量增加36家，覆盖区域进一步扩大。受行业周期影响，部分产品价格有所回落，公司及时调整销售策略，库存水平保持在合理范围。公司深耕东北市场，区域市场份额稳中有升，品牌影响力持续增强。公司上线智能排产系统，通过智能算法优化生产计划排程。原材料价格波动对成本端形成一定压力，公司通过集中采购和套期保值部分对冲了成本上行风险。公司成立数据中台团队，推动业务数据化、数据业务化。公司应用数字孪生技术对重点产线进行虚拟建模与仿真优化。面对市场竞争加剧，公司加大渠道建设力度，经销商数量增加88家，覆盖区域进一步扩大。公司建立健全内部控制系统，治理结构规范，三会运作正常。公司建设大数据平台，整合生产、销售与供应链数据，支撑经营决策。报告期内人民币汇率波动加大，公司通过远期结售汇业务降低了汇兑损失。,脚本生成演示语料(step0_make_demo_corpus.py)
DEMO010,演示DEMO010股份有限公司,农林牧渔,2020,年度报告,公司应用数字孪生技术对重点产线进行虚拟建模与仿真优化。公司建立健全内部控制系统，治理结构规范，三会运作正常。公司继续推进产能建设，纺织服装项目一期已投产，预计达产后年新增产能5万吨。公司持续优化产品结构，纺织服装业务占比稳步提升，毛利率较上年下降1.5个百分点。本年度公司人力成本略有上升，管理费用率保持稳定，费用管控成效显现。公司主要客户为行业龙头企业，合作关系稳定，应收账款回款情况良好。公司建设大数据平台，整合生产、销售与供应链数据，支撑经营决策。公司持续优化产品结构，建材业务占比稳步提升，毛利率较上年持平个百分点。报告期内，公司获得高新技术企业资质认定，享受相应税收优惠政策。报告期内人民币汇率波动加大，公司通过远期结售汇业务降低了汇兑损失。本年度公司人力成本略有上升，管理费用率保持稳定，费用管控成效显现。受行业周期影响，部分产品价格有所回落，公司及时调整销售策略，库存水平保持在合理范围。,脚本生成演示语料(step0_make_demo_corpus.py)
DEMO010,演示DEMO010股份有限公司,农林牧渔,2021,年度报告,公司上线智能排产系统，通过智能算法优化生产计划排程。公司现金流状况良好，经营活动现金流量净额为3.2亿元，资产负债结构稳健。公司深耕华东市场，区域市场份额稳中有升，品牌影响力持续增强。报告期内，公司实现营业收入12.6亿元，同比增长8.5%，主要得益于主营业务产销规模扩大。公司本期新增专利授权11项，累计有效专利210项，技术储备进一步夯实。报告期内人民币汇率波动加大，公司通过远期结售汇业务降低了汇兑损失。公司现金流状况良好，经营活动现金流量净额为8.7亿元，资产负债结构稳健。公司建立健全内部控制系统，治理结构规范，三会运作正常。公司继续推进产能建设，电子元器件项目一期已投产，预计达产后年新增产能20万吨。报告期内公司无重大诉讼仲裁事项，各项经营活动正常开展。公司深耕华东市场，区域市场份额稳中有升，品牌影响力持续增强。公司推动业务流程线上化，无纸化办公覆盖全部业务部门。公司积极拓展海外市场，出口业务收入同比增长12.1%，国际化布局初见成效。报告期内公司无重大诉讼仲裁事项，各项经营活动正常开展。,脚本生成演示语料(step0_make_demo_corpus.py)
DEMO010,演示DEMO010股份有限公司,农林牧渔,2022,年度报告,公司积极拓展海外市场，出口业务收入同比增长-6.3%，国际化布局初见成效。公司试点数字人民币结算场景，丰富收款渠道。公司高度重视安全生产与环境保护，报告期内未发生重大安全事故。报告期内公司无重大诉讼仲裁事项，各项经营活动正常开展。报告期内公司无重大诉讼仲裁事项，各项经营活动正常开展。公司本期新增专利授权15项，累计有效专利85项，技术储备进一步夯实。公司持续优化产品结构，电子元器件业务占比稳步提升，毛利率较上年上升2.5个百分点。公司持续加大研发投入，研发费用占营业收入比例为4.4%，围绕高端装备开展技术攻关。公司积极拓展海外市场，出口业务收入同比增长-6.3%，国际化布局初见成效。报告期内公司无重大诉讼仲裁事项，各项经营活动正常开展。公司本期新增专利授权15项，累计有效专利210项，技术储备进一步夯实。公司引入边缘计算设备，实现车间数据的就地处理与实时回传。公司持续优化产品结构，纺织服装业务占比稳步提升，毛利率较上年持平个百分点。,脚本生成演示语料(step0_make_demo_corpus.py)
DEMO010,演示DEMO010股份有限公司,农林牧渔,2023,年度报告,报告期内，公司获得高新技术企业资质认定，享受相应税收优惠政策。报告期内公司无重大诉讼仲裁事项，各项经营活动正常开展。报告期内，公司实现营业收入12.6亿元，同比增长22.7%，主要得益于主营业务产销规模扩大。报告期内公司客户结构进一步优化，前五大客户收入占比为36.9%，客户集中度处于合理区间。公司成立数据中台团队，推动业务数据化、数据业务化。公司引入边缘计算设备，实现车间数据的就地处理与实时回传。公司评估公有云与私有云方案，逐步构建统一算力资源池。公司成立数据中台团队，推动业务数据化、数据业务化。报告期内人民币汇率波动加大，公司通过远期结售汇业务降低了汇兑损失。公司持续优化产品结构，电子元器件业务占比稳步提升，毛利率较上年上升2.5个百分点。面对市场竞争加剧，公司加大渠道建设力度，经销商数量增加210家，覆盖区域进一步扩大。公司推进经营管理信息化，上线新一代ERP系统实现业财一体。公司持续优化产品结构，精细化工产品业务占比稳步提升，毛利率较上年下降0.8个百分点。公司深耕东北市场，区域市场份额稳中有升，品牌影响力持续增强。本年度公司人力成本略有上升，管理费用率保持稳定，费用管控成效显现。,脚本生成演示语料(step0_make_demo_corpus.py)
DEMO010,演示DEMO010股份有限公司,农林牧渔,2024,年度报告,公司数据中心一期建成投用，具备 PB 级数据存储与计算能力。报告期内公司无重大诉讼仲裁事项，各项经营活动正常开展。面对市场竞争加剧，公司加大渠道建设力度，经销商数量增加36家，覆盖区域进一步扩大。公司本期新增专利授权15项，累计有效专利56项，技术储备进一步夯实。公司运用数据挖掘技术分析客户行为，实现精准营销。公司探索区块链技术在产品溯源中的应用，实现全流程信息上链。报告期内人民币汇率波动加大，公司通过远期结售汇业务降低了汇兑损失。公司积极拓展海外市场，出口业务收入同比增长18.9%，国际化布局初见成效。公司建立健全内部控制系统，治理结构规范，三会运作正常。公司数据中心一期建成投用，具备 PB 级数据存储与计算能力。报告期内公司无重大诉讼仲裁事项，各项经营活动正常开展。公司主要客户为行业龙头企业，合作关系稳定，应收账款回款情况良好。公司应用数字孪生技术对重点产线进行虚拟建模与仿真优化。报告期内公司无重大诉讼仲裁事项，各项经营活动正常开展。公司建设工业互联网平台，实现设备联网与远程运维。报告期内人民币汇率波动加大，公司通过远期结售汇业务降低了汇兑损失。面对市场竞争加剧，公司加大渠道建设力度，经销商数量增加45家，覆盖区域进一步扩大。公司研究基于分布式账本的对账机制，降低交易核对成本。公司积极拓展海外市场，出口业务收入同比增长30.5%，国际化布局初见成效。,脚本生成演示语料(step0_make_demo_corpus.py)
DEMO011,演示DEMO011股份有限公司,信息技术,2020,年度报告,公司利用智能合约技术自动执行供应商结算条款。公司研究基于分布式账本的对账机制，降低交易核对成本。公司本期新增专利授权3项，累计有效专利210项，技术储备进一步夯实。公司持续优化产品结构，建材业务占比稳步提升，毛利率较上年上升1.2个百分点。报告期内公司无重大诉讼仲裁事项，各项经营活动正常开展。公司主要客户为行业龙头企业，合作关系稳定，应收账款回款情况良好。公司深耕华北市场，区域市场份额稳中有升，品牌影响力持续增强。公司现金流状况良好，经营活动现金流量净额为3.2亿元，资产负债结构稳健。公司研究基于分布式账本的对账机制，降低交易核对成本。公司深耕东北市场，区域市场份额稳中有升，品牌影响力持续增强。公司评估公有云与私有云方案，逐步构建统一算力资源池。公司研究基于分布式账本的对账机制，降低交易核对成本。公司运用数据挖掘技术分析客户行为，实现精准营销。公司成立数据中台团队，推动业务数据化、数据业务化。下半年公司将围绕年度经营计划，重点做好市场开拓、成本控制与人才梯队建设等工作。公司与高校联合开展深度学习算法研究，赋能产品智能设计。公司推进智能制造升级，数字化车间已通过省级认定。下半年公司将围绕年度经营计划，重点做好市场开拓、成本控制与人才梯队建设等工作。公司与高校联合开展深度学习算法研究，赋能产品智能设计。公司核心业务系统迁移上云，采用混合云架构降低IT运维成本。,脚本生成演示语料(step0_make_demo_corpus.py)
DEMO011,演示DEMO011股份有限公司,信息技术,2021,年度报告,公司继续推进产能建设，电子元器件项目一期已投产，预计达产后年新增产能3万吨。报告期内，公司实现营业收入28.4亿元，同比增长15.2%，主要得益于主营业务产销规模扩大。公司研究基于分布式账本的对账机制，降低交易核对成本。公司持续优化产品结构，电子元器件业务占比稳步提升，毛利率较上年下降0.8个百分点。公司持续加大研发投入，研发费用占营业收入比例为2.6%，围绕建材开展技术攻关。公司建设大数据平台，整合生产、销售与供应链数据，支撑经营决策。公司开展数据治理体系建设，统一主数据标准，提升数据资产质量。公司深耕西南市场，区域市场份额稳中有升，品牌影响力持续增强。公司制定数字化转型规划，成立数字化管理委员会统筹推进。公司运用数据挖掘技术分析客户行为，实现精准营销。公司利用智能合约技术自动执行供应商结算条款。本年度公司人力成本略有上升，管理费用率保持稳定，费用管控成效显现。公司持续优化产品结构，精细化工产品业务占比稳步提升，毛利率较上年上升2.5个百分点。受行业周期影响，部分产品价格有所回落，公司及时调整销售策略，库存水平保持在合理范围。公司引入边缘计算设备，实现车间数据的就地处理与实时回传。公司探索区块链技术在产品溯源中的应用，实现全流程信息上链。公司部署机器学习算法对销售数据进行需求预测，库存周转效率明显改善。原材料价格波动对成本端形成一定压力，公司通过集中采购和套期保值部分对冲了成本上行风险。公司主要客户为行业龙头企业，合作关系稳定，应收账款回款情况良好。下半年公司将围绕年度经营计划，重点做好市场开拓、成本控制与人才梯队建设等工作。公司与高校联合开展深度学习算法研究，赋能产品智能设计。公司主要客户为行业龙头企业，合作关系稳定，应收账款回款情况良好。,脚本生成演示语料(step0_make_demo_corpus.py)
DEMO011,演示DEMO011股份有限公司,信息技术,2022,年度报告,公司构建经营分析数据仓库，管理层可实时查看核心经营指标。报告期内，公司实现营业收入12.6亿元，同比增长-1.8%，主要得益于主营业务产销规模扩大。公司推进经营管理信息化，上线新一代ERP系统实现业财一体。报告期内，公司获得高新技术企业资质认定，享受相应税收优惠政策。公司上线智能排产系统，通过智能算法优化生产计划排程。本年度公司人力成本略有上升，管理费用率保持稳定，费用管控成效显现。公司持续优化产品结构，精细化工产品业务占比稳步提升，毛利率较上年上升1.2个百分点。公司开展数据治理体系建设，统一主数据标准，提升数据资产质量。公司高度重视安全生产与环境保护，报告期内未发生重大安全事故。公司核心业务系统迁移上云，采用混合云架构降低IT运维成本。公司高度重视安全生产与环境保护，报告期内未发生重大安全事故。公司与高校联合开展深度学习算法研究，赋能产品智能设计。原材料价格波动对成本端形成一定压力，公司通过集中采购和套期保值部分对冲了成本上行风险。公司建设大数据平台，整合生产、销售与供应链数据，支撑经营决策。公司推进经营管理信息化，上线新一代ERP系统实现业财一体。公司继续推进产能建设，食品饮料项目一期已投产，预计达产后年新增产能8万吨。本年度公司人力成本略有上升，管理费用率保持稳定，费用管控成效显现。公司利用智能合约技术自动执行供应商结算条款。公司制定数字化转型规划，成立数字化管理委员会统筹推进。公司上线智能排产系统，通过智能算法优化生产计划排程。公司主要客户为行业龙头企业，合作关系稳定，应收账款回款情况良好。公司推动业务流程线上化，无纸化办公覆盖全部业务部门。公司制定数字化转型规划，成立数字化管理委员会统筹推进。公司发展电子商务业务，线上渠道收入占比持续提升。公司构建经营分析数据仓库，管理层可实时查看核心经营指标。,脚本生成演示语料(step0_make_demo_corpus.py)
DEMO011,演示DEMO011股份有限公司,信息技术,2023,年度报告,公司采购云服务替代传统服务器部署，系统上线周期大幅缩短。公司上线智能排产系统，通过智能算法优化生产计划排程。公司高度重视安全生产与环境保护，报告期内未发生重大安全事故。报告期内，公司实现营业收入63.7亿元，同比增长-1.8%，主要得益于主营业务产销规模扩大。公司研究基于分布式账本的对账机制，降低交易核对成本。原材料价格波动对成本端形成一定压力，公司通过集中采购和套期保值部分对冲了成本上行风险。公司现金流状况良好，经营活动现金流量净额为5.8亿元，资产负债结构稳健。公司主要客户为行业龙头企业，合作关系稳定，应收账款回款情况良好。公司构建经营分析数据仓库，管理层可实时查看核心经营指标。公司部署机器学习算法对销售数据进行需求预测，库存周转效率明显改善。公司探索区块链技术在产品溯源中的应用，实现全流程信息上链。公司高度重视安全生产与环境保护，报告期内未发生重大安全事故。公司开展数据治理体系建设，统一主数据标准，提升数据资产质量。公司本期新增专利授权22项，累计有效专利56项，技术储备进一步夯实。公司引入边缘计算设备，实现车间数据的就地处理与实时回传。公司上线智能排产系统，通过智能算法优化生产计划排程。本年度公司人力成本略有上升，管理费用率保持稳定，费用管控成效显现。公司主要客户为行业龙头企业，合作关系稳定，应收账款回款情况良好。公司持续加大研发投入，研发费用占营业收入比例为4.4%，围绕精细化工产品开展技术攻关。公司基于云平台搭建协同办公体系，跨区域协作效率提升。公司积极拓展海外市场，出口业务收入同比增长9.4%，国际化布局初见成效。公司引入人工智能技术优化{prod}质检环节，缺陷识别准确率显著提升。,脚本生成演示语料(step0_make_demo_corpus.py)
DEMO011,演示DEMO011股份有限公司,信息技术,2024,年度报告,公司采购云服务替代传统服务器部署，系统上线周期大幅缩短。公司基于云平台搭建协同办公体系，跨区域协作效率提升。报告期内，公司获得高新技术企业资质认定，享受相应税收优惠政策。公司基于云平台搭建协同办公体系，跨区域协作效率提升。公司积极拓展海外市场，出口业务收入同比增长-6.3%，国际化布局初见成效。报告期内公司无重大诉讼仲裁事项，各项经营活动正常开展。公司建立健全内部控制系统，治理结构规范，三会运作正常。报告期内，公司获得高新技术企业资质认定，享受相应税收优惠政策。公司部署机器学习算法对销售数据进行需求预测，库存周转效率明显改善。公司高度重视安全生产与环境保护，报告期内未发生重大安全事故。公司上线智能排产系统，通过智能算法优化生产计划排程。公司研究基于分布式账本的对账机制，降低交易核对成本。公司深耕东北市场，区域市场份额稳中有升，品牌影响力持续增强。公司持续加大研发投入，研发费用占营业收入比例为3.2%，围绕电子元器件开展技术攻关。公司成立数据中台团队，推动业务数据化、数据业务化。面对市场竞争加剧，公司加大渠道建设力度，经销商数量增加210家，覆盖区域进一步扩大。公司评估公有云与私有云方案，逐步构建统一算力资源池。公司采购云服务替代传统服务器部署，系统上线周期大幅缩短。公司主要客户为行业龙头企业，合作关系稳定，应收账款回款情况良好。公司评估公有云与私有云方案，逐步构建统一算力资源池。公司应用数字孪生技术对重点产线进行虚拟建模与仿真优化。公司运用数据挖掘技术分析客户行为，实现精准营销。,脚本生成演示语料(step0_make_demo_corpus.py)
DEMO012,演示DEMO012股份有限公司,制造业,2020,年度报告,公司本期新增专利授权3项，累计有效专利85项，技术储备进一步夯实。公司高度重视安全生产与环境保护，报告期内未发生重大安全事故。公司引入边缘计算设备，实现车间数据的就地处理与实时回传。公司试点数字人民币结算场景，丰富收款渠道。公司深耕华北市场，区域市场份额稳中有升，品牌影响力持续增强。公司继续推进产能建设，电子元器件项目一期已投产，预计达产后年新增产能8万吨。下半年公司将围绕年度经营计划，重点做好市场开拓、成本控制与人才梯队建设等工作。公司现金流状况良好，经营活动现金流量净额为5.8亿元，资产负债结构稳健。报告期内，公司实现营业收入28.4亿元，同比增长15.2%，主要得益于主营业务产销规模扩大。报告期内，公司获得高新技术企业资质认定，享受相应税收优惠政策。报告期内公司无重大诉讼仲裁事项，各项经营活动正常开展。公司试点数字人民币结算场景，丰富收款渠道。公司建立健全内部控制系统，治理结构规范，三会运作正常。公司积极拓展海外市场，出口业务收入同比增长-6.3%，国际化布局初见成效。,脚本生成演示语料(step0_make_demo_corpus.py)
DEMO012,演示DEMO012股份有限公司,制造业,2021,年度报告,公司积极拓展海外市场，出口业务收入同比增长12.1%，国际化布局初见成效。公司主要客户为行业龙头企业，合作关系稳定，应收账款回款情况良好。公司上线智能排产系统，通过智能算法优化生产计划排程。公司成立数据中台团队，推动业务数据化、数据业务化。公司基于云平台搭建协同办公体系，跨区域协作效率提升。公司试点数字人民币结算场景，丰富收款渠道。公司制定数字化转型规划，成立数字化管理委员会统筹推进。公司积极拓展海外市场，出口业务收入同比增长9.4%，国际化布局初见成效。公司发展电子商务业务，线上渠道收入占比持续提升。报告期内公司客户结构进一步优化，前五大客户收入占比为32.5%，客户集中度处于合理区间。公司推动业务流程线上化，无纸化办公覆盖全部业务部门。公司探索区块链技术在产品溯源中的应用，实现全流程信息上链。报告期内公司客户结构进一步优化，前五大客户收入占比为41.8%，客户集中度处于合理区间。公司开展数据治理体系建设，统一主数据标准，提升数据资产质量。公司构建智慧物流体系，仓储分拣自动化水平显著提高。公司推进计算机视觉技术在生产线上的应用，实现关键工序自动检测。报告期内，公司实现营业收入12.6亿元，同比增长22.7%，主要得益于主营业务产销规模扩大。面对市场竞争加剧，公司加大渠道建设力度，经销商数量增加45家，覆盖区域进一步扩大。面对市场竞争加剧，公司加大渠道建设力度，经销商数量增加120家，覆盖区域进一步扩大。,脚本生成演示语料(step0_make_demo_corpus.py)
DEMO012,演示DEMO012股份有限公司,制造业,2022,年度报告,公司主要客户为行业龙头企业，合作关系稳定，应收账款回款情况良好。公司研究基于分布式账本的对账机制，降低交易核对成本。公司运用数据挖掘技术分析客户行为，实现精准营销。公司持续加大研发投入，研发费用占营业收入比例为3.2%，围绕电子元器件开展技术攻关。本年度公司人力成本略有上升，管理费用率保持稳定，费用管控成效显现。报告期内人民币汇率波动加大，公司通过远期结售汇业务降低了汇兑损失。公司试点数字人民币结算场景，丰富收款渠道。公司本期新增专利授权22项，累计有效专利120项，技术储备进一步夯实。报告期内公司客户结构进一步优化，前五大客户收入占比为32.5%，客户集中度处于合理区间。公司探索区块链技术在产品溯源中的应用，实现全流程信息上链。公司评估公有云与私有云方案，逐步构建统一算力资源池。公司基于云平台搭建协同办公体系，跨区域协作效率提升。公司建立健全内部控制系统，治理结构规范，三会运作正常。公司持续优化产品结构，电子元器件业务占比稳步提升，毛利率较上年持平个百分点。公司发展电子商务业务，线上渠道收入占比持续提升。面对市场竞争加剧，公司加大渠道建设力度，经销商数量增加45家，覆盖区域进一步扩大。,脚本生成演示语料(step0_make_demo_corpus.py)
DEMO012,演示DEMO012股份有限公司,制造业,2023,年度报告,公司核心业务系统迁移上云，采用混合云架构降低IT运维成本。下半年公司将围绕年度经营计划，重点做好市场开拓、成本控制与人才梯队建设等工作。报告期内公司客户结构进一步优化，前五大客户收入占比为36.9%，客户集中度处于合理区间。公司应用数字孪生技术对重点产线进行虚拟建模与仿真优化。公司采购云服务替代传统服务器部署，系统上线周期大幅缩短。公司持续加大研发投入，研发费用占营业收入比例为2.6%，围绕精细化工产品开展技术攻关。公司持续加大研发投入，研发费用占营业收入比例为3.2%，围绕食品饮料开展技术攻关。原材料价格波动对成本端形成一定压力，公司通过集中采购和套期保值部分对冲了成本上行风险。报告期内公司客户结构进一步优化，前五大客户收入占比为41.8%，客户集中度处于合理区间。报告期内，公司实现营业收入19.3亿元，同比增长5.6%，主要得益于主营业务产销规模扩大。公司引入人工智能技术优化{prod}质检环节，缺陷识别准确率显著提升。公司现金流状况良好，经营活动现金流量净额为12.4亿元，资产负债结构稳健。公司推进经营管理信息化，上线新一代ERP系统实现业财一体。公司成立数据中台团队，推动业务数据化、数据业务化。公司引入人工智能技术优化{prod}质检环节，缺陷识别准确率显著提升。公司发展电子商务业务，线上渠道收入占比持续提升。,脚本生成演示语料(step0_make_demo_corpus.py)
DEMO012,演示DEMO012股份有限公司,制造业,2024,年度报告,公司成立数据中台团队，推动业务数据化、数据业务化。公司本期新增专利授权3项，累计有效专利56项，技术储备进一步夯实。原材料价格波动对成本端形成一定压力，公司通过集中采购和套期保值部分对冲了成本上行风险。公司持续优化产品结构，纺织服装业务占比稳步提升，毛利率较上年上升1.2个百分点。公司持续加大研发投入，研发费用占营业收入比例为5.1%，围绕食品饮料开展技术攻关。公司运用数据挖掘技术分析客户行为，实现精准营销。公司现金流状况良好，经营活动现金流量净额为12.4亿元，资产负债结构稳健。公司积极拓展海外市场，出口业务收入同比增长9.4%，国际化布局初见成效。公司评估公有云与私有云方案，逐步构建统一算力资源池。公司建设大数据平台，整合生产、销售与供应链数据，支撑经营决策。公司数据中心一期建成投用，具备 PB 级数据存储与计算能力。公司采购云服务替代传统服务器部署，系统上线周期大幅缩短。公司高度重视安全生产与环境保护，报告期内未发生重大安全事故。公司与高校联合开展深度学习算法研究，赋能产品智能设计。公司持续加大研发投入，研发费用占营业收入比例为1.8%，围绕食品饮料开展技术攻关。公司持续加大研发投入，研发费用占营业收入比例为3.2%，围绕建材开展技术攻关。公司建设智能客服系统，应用自然语言处理技术实现工单自动分类。本年度公司人力成本略有上升，管理费用率保持稳定，费用管控成效显现。公司试点数字人民币结算场景，丰富收款渠道。公司建设工业互联网平台，实现设备联网与远程运维。公司持续优化产品结构，电子元器件业务占比稳步提升，毛利率较上年上升2.5个百分点。,脚本生成演示语料(step0_make_demo_corpus.py)
DEMO013,演示DEMO013股份有限公司,批发零售,2020,年度报告,报告期内公司无重大诉讼仲裁事项，各项经营活动正常开展。面对市场竞争加剧，公司加大渠道建设力度，经销商数量增加210家，覆盖区域进一步扩大。报告期内人民币汇率波动加大，公司通过远期结售汇业务降低了汇兑损失。公司现金流状况良好，经营活动现金流量净额为1.5亿元，资产负债结构稳健。报告期内，公司获得高新技术企业资质认定，享受相应税收优惠政策。报告期内公司无重大诉讼仲裁事项，各项经营活动正常开展。面对市场竞争加剧，公司加大渠道建设力度，经销商数量增加36家，覆盖区域进一步扩大。公司运用数据挖掘技术分析客户行为，实现精准营销。公司探索区块链技术在产品溯源中的应用，实现全流程信息上链。面对市场竞争加剧，公司加大渠道建设力度，经销商数量增加45家，覆盖区域进一步扩大。公司积极拓展海外市场，出口业务收入同比增长30.5%，国际化布局初见成效。本年度公司人力成本略有上升，管理费用率保持稳定，费用管控成效显现。公司研究基于分布式账本的对账机制，降低交易核对成本。公司探索区块链技术在产品溯源中的应用，实现全流程信息上链。面对市场竞争加剧，公司加大渠道建设力度，经销商数量增加210家，覆盖区域进一步扩大。公司建设智能客服系统，应用自然语言处理技术实现工单自动分类。报告期内人民币汇率波动加大，公司通过远期结售汇业务降低了汇兑损失。,脚本生成演示语料(step0_make_demo_corpus.py)
DEMO013,演示DEMO013股份有限公司,批发零售,2021,年度报告,公司继续推进产能建设，建材项目一期已投产，预计达产后年新增产能5万吨。公司高度重视安全生产与环境保护，报告期内未发生重大安全事故。公司核心业务系统迁移上云，采用混合云架构降低IT运维成本。报告期内，公司实现营业收入19.3亿元，同比增长-1.8%，主要得益于主营业务产销规模扩大。公司探索区块链技术在产品溯源中的应用，实现全流程信息上链。报告期内，公司实现营业收入63.7亿元，同比增长22.7%，主要得益于主营业务产销规模扩大。公司运用数据挖掘技术分析客户行为，实现精准营销。面对市场竞争加剧，公司加大渠道建设力度，经销商数量增加36家，覆盖区域进一步扩大。公司持续加大研发投入，研发费用占营业收入比例为4.4%，围绕食品饮料开展技术攻关。报告期内，公司获得高新技术企业资质认定，享受相应税收优惠政策。报告期内公司无重大诉讼仲裁事项，各项经营活动正常开展。公司本期新增专利授权11项，累计有效专利120项，技术储备进一步夯实。原材料价格波动对成本端形成一定压力，公司通过集中采购和套期保值部分对冲了成本上行风险。公司持续加大研发投入，研发费用占营业收入比例为2.6%，围绕建材开展技术攻关。公司建立健全内部控制系统，治理结构规范，三会运作正常。公司采购云服务替代传统服务器部署，系统上线周期大幅缩短。,脚本生成演示语料(step0_make_demo_corpus.py)
DEMO013,演示DEMO013股份有限公司,批发零售,2022,年度报告,公司部署机器学习算法对销售数据进行需求预测，库存周转效率明显改善。报告期内公司客户结构进一步优化，前五大客户收入占比为32.5%，客户集中度处于合理区间。公司探索区块链技术在产品溯源中的应用，实现全流程信息上链。下半年公司将围绕年度经营计划，重点做好市场开拓、成本控制与人才梯队建设等工作。公司持续优化产品结构，纺织服装业务占比稳步提升，毛利率较上年上升1.2个百分点。公司建立健全内部控制系统，治理结构规范，三会运作正常。公司现金流状况良好，经营活动现金流量净额为12.4亿元，资产负债结构稳健。报告期内人民币汇率波动加大，公司通过远期结售汇业务降低了汇兑损失。公司推进智能制造升级，数字化车间已通过省级认定。公司部署机器学习算法对销售数据进行需求预测，库存周转效率明显改善。公司评估公有云与私有云方案，逐步构建统一算力资源池。公司引入人工智能技术优化{prod}质检环节，缺陷识别准确率显著提升。报告期内公司无重大诉讼仲裁事项，各项经营活动正常开展。公司持续优化产品结构，精细化工产品业务占比稳步提升，毛利率较上年上升2.5个百分点。公司本期新增专利授权22项，累计有效专利56项，技术储备进一步夯实。公司持续加大研发投入，研发费用占营业收入比例为1.8%，围绕精细化工产品开展技术攻关。公司试点数字人民币结算场景，丰富收款渠道。公司基于云平台搭建协同办公体系，跨区域协作效率提升。公司基于云平台搭建协同办公体系，跨区域协作效率提升。,脚本生成演示语料(step0_make_demo_corpus.py)
DEMO013,演示DEMO013股份有限公司,批发零售,2023,年度报告,报告期内人民币汇率波动加大，公司通过远期结售汇业务降低了汇兑损失。公司推进智能制造升级，数字化车间已通过省级认定。公司深耕东北市场，区域市场份额稳中有升，品牌影响力持续增强。公司成立数据中台团队，推动业务数据化、数据业务化。公司引入人工智能技术优化{prod}质检环节，缺陷识别准确率显著提升。公司采购云服务替代传统服务器部署，系统上线周期大幅缩短。公司采购云服务替代传统服务器部署，系统上线周期大幅缩短。公司高度重视安全生产与环境保护，报告期内未发生重大安全事故。公司主要客户为行业龙头企业，合作关系稳定，应收账款回款情况良好。公司评估公有云与私有云方案，逐步构建统一算力资源池。报告期内人民币汇率波动加大，公司通过远期结售汇业务降低了汇兑损失。公司继续推进产能建设，纺织服装项目一期已投产，预计达产后年新增产能8万吨。公司探索区块链技术在产品溯源中的应用，实现全流程信息上链。公司应用数字孪生技术对重点产线进行虚拟建模与仿真优化。公司核心业务系统迁移上云，采用混合云架构降低IT运维成本。公司基于云平台搭建协同办公体系，跨区域协作效率提升。公司采购云服务替代传统服务器部署，系统上线周期大幅缩短。报告期内，公司获得高新技术企业资质认定，享受相应税收优惠政策。公司高度重视安全生产与环境保护，报告期内未发生重大安全事故。报告期内公司客户结构进一步优化，前五大客户收入占比为28.3%，客户集中度处于合理区间。,脚本生成演示语料(step0_make_demo_corpus.py)
DEMO013,演示DEMO013股份有限公司,批发零售,2024,年度报告,报告期内公司无重大诉讼仲裁事项，各项经营活动正常开展。公司推进智能制造升级，数字化车间已通过省级认定。本年度公司人力成本略有上升，管理费用率保持稳定，费用管控成效显现。面对市场竞争加剧，公司加大渠道建设力度，经销商数量增加210家，覆盖区域进一步扩大。公司引入人工智能技术优化{prod}质检环节，缺陷识别准确率显著提升。公司参与行业区块链联盟，推动供应链单证电子化与可信流转。公司试点数字人民币结算场景，丰富收款渠道。公司本期新增专利授权11项，累计有效专利120项，技术储备进一步夯实。报告期内公司无重大诉讼仲裁事项，各项经营活动正常开展。公司探索区块链技术在产品溯源中的应用，实现全流程信息上链。公司引入人工智能技术优化{prod}质检环节，缺陷识别准确率显著提升。公司建设智能客服系统，应用自然语言处理技术实现工单自动分类。报告期内，公司获得高新技术企业资质认定，享受相应税收优惠政策。公司参与行业区块链联盟，推动供应链单证电子化与可信流转。公司参与行业区块链联盟，推动供应链单证电子化与可信流转。公司开展数据治理体系建设，统一主数据标准，提升数据资产质量。公司利用智能合约技术自动执行供应商结算条款。公司主要客户为行业龙头企业，合作关系稳定，应收账款回款情况良好。公司采购云服务替代传统服务器部署，系统上线周期大幅缩短。公司深耕华北市场，区域市场份额稳中有升，品牌影响力持续增强。,脚本生成演示语料(step0_make_demo_corpus.py)
DEMO014,演示DEMO014股份有限公司,房地产,2020,年度报告,公司持续加大研发投入，研发费用占营业收入比例为3.2%，围绕建材开展技术攻关。公司持续优化产品结构，纺织服装业务占比稳步提升，毛利率较上年下降1.5个百分点。报告期内，公司实现营业收入45.2亿元，同比增长-3.1%，主要得益于主营业务产销规模扩大。公司积极拓展海外市场，出口业务收入同比增长12.1%，国际化布局初见成效。报告期内，公司实现营业收入28.4亿元，同比增长-3.1%，主要得益于主营业务产销规模扩大。报告期内，公司获得高新技术企业资质认定，享受相应税收优惠政策。公司主要客户为行业龙头企业，合作关系稳定，应收账款回款情况良好。报告期内，公司实现营业收入63.7亿元，同比增长22.7%，主要得益于主营业务产销规模扩大。,脚本生成演示语料(step0_make_demo_corpus.py)
DEMO014,演示DEMO014股份有限公司,房地产,2021,年度报告,报告期内人民币汇率波动加大，公司通过远期结售汇业务降低了汇兑损失。公司主要客户为行业龙头企业，合作关系稳定，应收账款回款情况良好。报告期内，公司获得高新技术企业资质认定，享受相应税收优惠政策。原材料价格波动对成本端形成一定压力，公司通过集中采购和套期保值部分对冲了成本上行风险。公司本期新增专利授权15项，累计有效专利38项，技术储备进一步夯实。受行业周期影响，部分产品价格有所回落，公司及时调整销售策略，库存水平保持在合理范围。原材料价格波动对成本端形成一定压力，公司通过集中采购和套期保值部分对冲了成本上行风险。公司数据中心一期建成投用，具备 PB 级数据存储与计算能力。公司推动业务流程线上化，无纸化办公覆盖全部业务部门。公司积极拓展海外市场，出口业务收入同比增长30.5%，国际化布局初见成效。公司继续推进产能建设，高端装备项目一期已投产，预计达产后年新增产能3万吨。,脚本生成演示语料(step0_make_demo_corpus.py)
DEMO014,演示DEMO014股份有限公司,房地产,2022,年度报告,公司构建经营分析数据仓库，管理层可实时查看核心经营指标。公司持续加大研发投入，研发费用占营业收入比例为1.8%，围绕精细化工产品开展技术攻关。公司深耕华北市场，区域市场份额稳中有升，品牌影响力持续增强。报告期内，公司实现营业收入45.2亿元，同比增长-3.1%，主要得益于主营业务产销规模扩大。公司制定数字化转型规划，成立数字化管理委员会统筹推进。报告期内公司无重大诉讼仲裁事项，各项经营活动正常开展。报告期内公司无重大诉讼仲裁事项，各项经营活动正常开展。公司深耕东北市场，区域市场份额稳中有升，品牌影响力持续增强。公司主要客户为行业龙头企业，合作关系稳定，应收账款回款情况良好。公司持续优化产品结构，电子元器件业务占比稳步提升，毛利率较上年下降1.5个百分点。,脚本生成演示语料(step0_make_demo_corpus.py)
DEMO014,演示DEMO014股份有限公司,房地产,2023,年度报告,公司建设大数据平台，整合生产、销售与供应链数据，支撑经营决策。公司开展数据治理体系建设，统一主数据标准，提升数据资产质量。原材料价格波动对成本端形成一定压力，公司通过集中采购和套期保值部分对冲了成本上行风险。公司采购云服务替代传统服务器部署，系统上线周期大幅缩短。报告期内公司无重大诉讼仲裁事项，各项经营活动正常开展。报告期内公司客户结构进一步优化，前五大客户收入占比为41.8%，客户集中度处于合理区间。公司运用数据挖掘技术分析客户行为，实现精准营销。本年度公司人力成本略有上升，管理费用率保持稳定，费用管控成效显现。报告期内，公司实现营业收入28.4亿元，同比增长-1.8%，主要得益于主营业务产销规模扩大。公司本期新增专利授权22项，累计有效专利56项，技术储备进一步夯实。公司主要客户为行业龙头企业，合作关系稳定，应收账款回款情况良好。报告期内，公司实现营业收入28.4亿元，同比增长5.6%，主要得益于主营业务产销规模扩大。公司建立健全内部控制系统，治理结构规范，三会运作正常。公司引入人工智能技术优化{prod}质检环节，缺陷识别准确率显著提升。面对市场竞争加剧，公司加大渠道建设力度，经销商数量增加36家，覆盖区域进一步扩大。报告期内公司客户结构进一步优化，前五大客户收入占比为55.1%，客户集中度处于合理区间。,脚本生成演示语料(step0_make_demo_corpus.py)
DEMO014,演示DEMO014股份有限公司,房地产,2024,年度报告,公司建立健全内部控制系统，治理结构规范，三会运作正常。公司部署机器学习算法对销售数据进行需求预测，库存周转效率明显改善。公司试点数字人民币结算场景，丰富收款渠道。公司积极拓展海外市场，出口业务收入同比增长-6.3%，国际化布局初见成效。公司引入人工智能技术优化{prod}质检环节，缺陷识别准确率显著提升。报告期内人民币汇率波动加大，公司通过远期结售汇业务降低了汇兑损失。公司继续推进产能建设，纺织服装项目一期已投产，预计达产后年新增产能20万吨。公司主要客户为行业龙头企业，合作关系稳定，应收账款回款情况良好。公司持续加大研发投入，研发费用占营业收入比例为4.4%，围绕食品饮料开展技术攻关。公司持续优化产品结构，高端装备业务占比稳步提升，毛利率较上年上升2.5个百分点。公司主要客户为行业龙头企业，合作关系稳定，应收账款回款情况良好。受行业周期影响，部分产品价格有所回落，公司及时调整销售策略，库存水平保持在合理范围。公司本期新增专利授权8项，累计有效专利85项，技术储备进一步夯实。,脚本生成演示语料(step0_make_demo_corpus.py)
DEMO015,演示DEMO015股份有限公司,农林牧渔,2020,年度报告,公司现金流状况良好，经营活动现金流量净额为3.2亿元，资产负债结构稳健。公司继续推进产能建设，纺织服装项目一期已投产，预计达产后年新增产能5万吨。报告期内，公司获得高新技术企业资质认定，享受相应税收优惠政策。原材料价格波动对成本端形成一定压力，公司通过集中采购和套期保值部分对冲了成本上行风险。面对市场竞争加剧，公司加大渠道建设力度，经销商数量增加45家，覆盖区域进一步扩大。公司继续推进产能建设，电子元器件项目一期已投产，预计达产后年新增产能3万吨。报告期内公司无重大诉讼仲裁事项，各项经营活动正常开展。公司积极拓展海外市场，出口业务收入同比增长30.5%，国际化布局初见成效。公司持续加大研发投入，研发费用占营业收入比例为3.2%，围绕食品饮料开展技术攻关。公司深耕华北市场，区域市场份额稳中有升，品牌影响力持续增强。,脚本生成演示语料(step0_make_demo_corpus.py)
DEMO015,演示DEMO015股份有限公司,农林牧渔,2021,年度报告,原材料价格波动对成本端形成一定压力，公司通过集中采购和套期保值部分对冲了成本上行风险。报告期内公司客户结构进一步优化，前五大客户收入占比为28.3%，客户集中度处于合理区间。报告期内公司无重大诉讼仲裁事项，各项经营活动正常开展。公司建立健全内部控制系统，治理结构规范，三会运作正常。公司深耕华南市场，区域市场份额稳中有升，品牌影响力持续增强。公司持续加大研发投入，研发费用占营业收入比例为1.8%，围绕建材开展技术攻关。报告期内公司无重大诉讼仲裁事项，各项经营活动正常开展。公司高度重视安全生产与环境保护，报告期内未发生重大安全事故。公司数据中心一期建成投用，具备 PB 级数据存储与计算能力。,脚本生成演示语料(step0_make_demo_corpus.py)
DEMO015,演示DEMO015股份有限公司,农林牧渔,2022,年度报告,公司现金流状况良好，经营活动现金流量净额为12.4亿元，资产负债结构稳健。报告期内人民币汇率波动加大，公司通过远期结售汇业务降低了汇兑损失。公司探索区块链技术在产品溯源中的应用，实现全流程信息上链。公司持续优化产品结构，建材业务占比稳步提升，毛利率较上年上升1.2个百分点。报告期内公司无重大诉讼仲裁事项，各项经营活动正常开展。报告期内，公司实现营业收入12.6亿元，同比增长-3.1%，主要得益于主营业务产销规模扩大。报告期内，公司获得高新技术企业资质认定，享受相应税收优惠政策。公司本期新增专利授权11项，累计有效专利120项，技术储备进一步夯实。报告期内，公司获得高新技术企业资质认定，享受相应税收优惠政策。公司引入人工智能技术优化{prod}质检环节，缺陷识别准确率显著提升。公司探索区块链技术在产品溯源中的应用，实现全流程信息上链。,脚本生成演示语料(step0_make_demo_corpus.py)
DEMO015,演示DEMO015股份有限公司,农林牧渔,2023,年度报告,报告期内公司客户结构进一步优化，前五大客户收入占比为36.9%，客户集中度处于合理区间。报告期内公司客户结构进一步优化，前五大客户收入占比为55.1%，客户集中度处于合理区间。报告期内，公司获得高新技术企业资质认定，享受相应税收优惠政策。公司持续加大研发投入，研发费用占营业收入比例为4.4%，围绕电子元器件开展技术攻关。下半年公司将围绕年度经营计划，重点做好市场开拓、成本控制与人才梯队建设等工作。公司核心业务系统迁移上云，采用混合云架构降低IT运维成本。公司现金流状况良好，经营活动现金流量净额为12.4亿元，资产负债结构稳健。原材料价格波动对成本端形成一定压力，公司通过集中采购和套期保值部分对冲了成本上行风险。公司开展数据治理体系建设，统一主数据标准，提升数据资产质量。报告期内公司客户结构进一步优化，前五大客户收入占比为28.3%，客户集中度处于合理区间。报告期内，公司实现营业收入63.7亿元，同比增长-3.1%，主要得益于主营业务产销规模扩大。,脚本生成演示语料(step0_make_demo_corpus.py)
DEMO015,演示DEMO015股份有限公司,农林牧渔,2024,年度报告,公司深耕东北市场，区域市场份额稳中有升，品牌影响力持续增强。面对市场竞争加剧，公司加大渠道建设力度，经销商数量增加45家，覆盖区域进一步扩大。报告期内公司客户结构进一步优化，前五大客户收入占比为55.1%，客户集中度处于合理区间。报告期内人民币汇率波动加大，公司通过远期结售汇业务降低了汇兑损失。报告期内人民币汇率波动加大，公司通过远期结售汇业务降低了汇兑损失。公司建立健全内部控制系统，治理结构规范，三会运作正常。公司发展电子商务业务，线上渠道收入占比持续提升。报告期内，公司获得高新技术企业资质认定，享受相应税收优惠政策。公司继续推进产能建设，电子元器件项目一期已投产，预计达产后年新增产能3万吨。面对市场竞争加剧，公司加大渠道建设力度，经销商数量增加120家，覆盖区域进一步扩大。公司现金流状况良好，经营活动现金流量净额为1.5亿元，资产负债结构稳健。公司持续加大研发投入，研发费用占营业收入比例为3.2%，围绕建材开展技术攻关。报告期内，公司获得高新技术企业资质认定，享受相应税收优惠政策。,脚本生成演示语料(step0_make_demo_corpus.py)
DEMO016,演示DEMO016股份有限公司,信息技术,2020,年度报告,公司推动业务流程线上化，无纸化办公覆盖全部业务部门。公司核心业务系统迁移上云，采用混合云架构降低IT运维成本。公司运用数据挖掘技术分析客户行为，实现精准营销。公司研究基于分布式账本的对账机制，降低交易核对成本。下半年公司将围绕年度经营计划，重点做好市场开拓、成本控制与人才梯队建设等工作。公司持续优化产品结构，建材业务占比稳步提升，毛利率较上年持平个百分点。公司深耕华东市场，区域市场份额稳中有升，品牌影响力持续增强。公司运用数据挖掘技术分析客户行为，实现精准营销。公司建立健全内部控制系统，治理结构规范，三会运作正常。公司持续加大研发投入，研发费用占营业收入比例为2.6%，围绕精细化工产品开展技术攻关。公司基于云平台搭建协同办公体系，跨区域协作效率提升。原材料价格波动对成本端形成一定压力，公司通过集中采购和套期保值部分对冲了成本上行风险。公司研究基于分布式账本的对账机制，降低交易核对成本。公司运用数据挖掘技术分析客户行为，实现精准营销。公司推动业务流程线上化，无纸化办公覆盖全部业务部门。公司成立数据中台团队，推动业务数据化、数据业务化。公司持续优化产品结构，纺织服装业务占比稳步提升，毛利率较上年持平个百分点。公司核心业务系统迁移上云，采用混合云架构降低IT运维成本。公司成立数据中台团队，推动业务数据化、数据业务化。面对市场竞争加剧，公司加大渠道建设力度，经销商数量增加210家，覆盖区域进一步扩大。公司制定数字化转型规划，成立数字化管理委员会统筹推进。公司高度重视安全生产与环境保护，报告期内未发生重大安全事故。公司评估公有云与私有云方案，逐步构建统一算力资源池。,脚本生成演示语料(step0_make_demo_corpus.py)
DEMO016,演示DEMO016股份有限公司,信息技术,2021,年度报告,公司运用数据挖掘技术分析客户行为，实现精准营销。公司部署机器学习算法对销售数据进行需求预测，库存周转效率明显改善。报告期内人民币汇率波动加大，公司通过远期结售汇业务降低了汇兑损失。公司部署机器学习算法对销售数据进行需求预测，库存周转效率明显改善。公司参与行业区块链联盟，推动供应链单证电子化与可信流转。公司上线智能排产系统，通过智能算法优化生产计划排程。公司利用智能合约技术自动执行供应商结算条款。公司建设工业互联网平台，实现设备联网与远程运维。公司发展电子商务业务，线上渠道收入占比持续提升。公司推进计算机视觉技术在生产线上的应用，实现关键工序自动检测。报告期内公司无重大诉讼仲裁事项，各项经营活动正常开展。公司与高校联合开展深度学习算法研究，赋能产品智能设计。公司推动业务流程线上化，无纸化办公覆盖全部业务部门。原材料价格波动对成本端形成一定压力，公司通过集中采购和套期保值部分对冲了成本上行风险。公司引入边缘计算设备，实现车间数据的就地处理与实时回传。受行业周期影响，部分产品价格有所回落，公司及时调整销售策略，库存水平保持在合理范围。本年度公司人力成本略有上升，管理费用率保持稳定，费用管控成效显现。公司制定数字化转型规划，成立数字化管理委员会统筹推进。公司持续优化产品结构，高端装备业务占比稳步提升，毛利率较上年持平个百分点。报告期内公司客户结构进一步优化，前五大客户收入占比为36.9%，客户集中度处于合理区间。公司建设工业互联网平台，实现设备联网与远程运维。公司运用数据挖掘技术分析客户行为，实现精准营销。公司核心业务系统迁移上云，采用混合云架构降低IT运维成本。面对市场竞争加剧，公司加大渠道建设力度，经销商数量增加36家，覆盖区域进一步扩大。公司上线智能排产系统，通过智能算法优化生产计划排程。报告期内公司无重大诉讼仲裁事项，各项经营活动正常开展。,脚本生成演示语料(step0_make_demo_corpus.py)
DEMO016,演示DEMO016股份有限公司,信息技术,2022,年度报告,公司运用数据挖掘技术分析客户行为，实现精准营销。公司引入人工智能技术优化{prod}质检环节，缺陷识别准确率显著提升。公司探索区块链技术在产品溯源中的应用，实现全流程信息上链。公司建立健全内部控制系统，治理结构规范，三会运作正常。公司建设智能客服系统，应用自然语言处理技术实现工单自动分类。公司应用数字孪生技术对重点产线进行虚拟建模与仿真优化。本年度公司人力成本略有上升，管理费用率保持稳定，费用管控成效显现。下半年公司将围绕年度经营计划，重点做好市场开拓、成本控制与人才梯队建设等工作。公司发展电子商务业务，线上渠道收入占比持续提升。公司运用数据挖掘技术分析客户行为，实现精准营销。公司开展数据治理体系建设，统一主数据标准，提升数据资产质量。公司上线智能排产系统，通过智能算法优化生产计划排程。公司持续加大研发投入，研发费用占营业收入比例为4.4%，围绕纺织服装开展技术攻关。公司上线智能排产系统，通过智能算法优化生产计划排程。公司核心业务系统迁移上云，采用混合云架构降低IT运维成本。公司试点数字人民币结算场景，丰富收款渠道。公司构建经营分析数据仓库，管理层可实时查看核心经营指标。公司引入人工智能技术优化{prod}质检环节，缺陷识别准确率显著提升。报告期内，公司实现营业收入63.7亿元，同比增长8.5%，主要得益于主营业务产销规模扩大。公司探索区块链技术在产品溯源中的应用，实现全流程信息上链。公司部署机器学习算法对销售数据进行需求预测，库存周转效率明显改善。公司评估公有云与私有云方案，逐步构建统一算力资源池。下半年公司将围绕年度经营计划，重点做好市场开拓、成本控制与人才梯队建设等工作。公司高度重视安全生产与环境保护，报告期内未发生重大安全事故。公司现金流状况良好，经营活动现金流量净额为12.4亿元，资产负债结构稳健。公司制定数字化转型规划，成立数字化管理委员会统筹推进。公司研究基于分布式账本的对账机制，降低交易核对成本。,脚本生成演示语料(step0_make_demo_corpus.py)
DEMO016,演示DEMO016股份有限公司,信息技术,2023,年度报告,公司与高校联合开展深度学习算法研究，赋能产品智能设计。公司部署机器学习算法对销售数据进行需求预测，库存周转效率明显改善。面对市场竞争加剧，公司加大渠道建设力度，经销商数量增加88家，覆盖区域进一步扩大。公司建设大数据平台，整合生产、销售与供应链数据，支撑经营决策。公司建立健全内部控制系统，治理结构规范，三会运作正常。公司数据中心一期建成投用，具备 PB 级数据存储与计算能力。公司推进经营管理信息化，上线新一代ERP系统实现业财一体。公司推进智能制造升级，数字化车间已通过省级认定。公司核心业务系统迁移上云，采用混合云架构降低IT运维成本。公司建设智能客服系统，应用自然语言处理技术实现工单自动分类。公司建设大数据平台，整合生产、销售与供应链数据，支撑经营决策。公司持续优化产品结构，食品饮料业务占比稳步提升，毛利率较上年上升1.2个百分点。公司构建经营分析数据仓库，管理层可实时查看核心经营指标。公司推进计算机视觉技术在生产线上的应用，实现关键工序自动检测。公司参与行业区块链联盟，推动供应链单证电子化与可信流转。原材料价格波动对成本端形成一定压力，公司通过集中采购和套期保值部分对冲了成本上行风险。公司上线智能排产系统，通过智能算法优化生产计划排程。原材料价格波动对成本端形成一定压力，公司通过集中采购和套期保值部分对冲了成本上行风险。下半年公司将围绕年度经营计划，重点做好市场开拓、成本控制与人才梯队建设等工作。公司建设大数据平台，整合生产、销售与供应链数据，支撑经营决策。公司采购云服务替代传统服务器部署，系统上线周期大幅缩短。公司建立健全内部控制系统，治理结构规范，三会运作正常。公司部署机器学习算法对销售数据进行需求预测，库存周转效率明显改善。公司探索区块链技术在产品溯源中的应用，实现全流程信息上链。公司基于云平台搭建协同办公体系，跨区域协作效率提升。公司参与行业区块链联盟，推动供应链单证电子化与可信流转。公司构建经营分析数据仓库，管理层可实时查看核心经营指标。公司构建智慧物流体系，仓储分拣自动化水平显著提高。公司建设工业互联网平台，实现设备联网与远程运维。报告期内，公司获得高新技术企业资质认定，享受相应税收优惠政策。公司构建智慧物流体系，仓储分拣自动化水平显著提高。,脚本生成演示语料(step0_make_demo_corpus.py)
DEMO016,演示DEMO016股份有限公司,信息技术,2024,年度报告,报告期内，公司获得高新技术企业资质认定，享受相应税收优惠政策。公司基于云平台搭建协同办公体系，跨区域协作效率提升。公司推进经营管理信息化，上线新一代ERP系统实现业财一体。公司采购云服务替代传统服务器部署，系统上线周期大幅缩短。公司主要客户为行业龙头企业，合作关系稳定，应收账款回款情况良好。报告期内，公司实现营业收入45.2亿元，同比增长-1.8%，主要得益于主营业务产销规模扩大。公司采购云服务替代传统服务器部署，系统上线周期大幅缩短。公司基于云平台搭建协同办公体系，跨区域协作效率提升。公司利用智能合约技术自动执行供应商结算条款。公司核心业务系统迁移上云，采用混合云架构降低IT运维成本。公司试点数字人民币结算场景，丰富收款渠道。公司发展电子商务业务，线上渠道收入占比持续提升。公司建立健全内部控制系统，治理结构规范，三会运作正常。公司现金流状况良好，经营活动现金流量净额为12.4亿元，资产负债结构稳健。公司构建智慧物流体系，仓储分拣自动化水平显著提高。本年度公司人力成本略有上升，管理费用率保持稳定，费用管控成效显现。报告期内公司客户结构进一步优化，前五大客户收入占比为36.9%，客户集中度处于合理区间。下半年公司将围绕年度经营计划，重点做好市场开拓、成本控制与人才梯队建设等工作。面对市场竞争加剧，公司加大渠道建设力度，经销商数量增加88家，覆盖区域进一步扩大。公司深耕西南市场，区域市场份额稳中有升，品牌影响力持续增强。公司研究基于分布式账本的对账机制，降低交易核对成本。公司建立健全内部控制系统，治理结构规范，三会运作正常。,脚本生成演示语料(step0_make_demo_corpus.py)
DEMO017,演示DEMO017股份有限公司,制造业,2020,年度报告,下半年公司将围绕年度经营计划，重点做好市场开拓、成本控制与人才梯队建设等工作。公司继续推进产能建设，高端装备项目一期已投产，预计达产后年新增产能8万吨。公司与高校联合开展深度学习算法研究，赋能产品智能设计。公司构建经营分析数据仓库，管理层可实时查看核心经营指标。报告期内公司客户结构进一步优化，前五大客户收入占比为36.9%，客户集中度处于合理区间。报告期内公司客户结构进一步优化，前五大客户收入占比为41.8%，客户集中度处于合理区间。报告期内公司无重大诉讼仲裁事项，各项经营活动正常开展。公司上线智能排产系统，通过智能算法优化生产计划排程。公司深耕西南市场，区域市场份额稳中有升，品牌影响力持续增强。受行业周期影响，部分产品价格有所回落，公司及时调整销售策略，库存水平保持在合理范围。公司持续加大研发投入，研发费用占营业收入比例为5.1%，围绕食品饮料开展技术攻关。原材料价格波动对成本端形成一定压力，公司通过集中采购和套期保值部分对冲了成本上行风险。公司试点数字人民币结算场景，丰富收款渠道。公司探索区块链技术在产品溯源中的应用，实现全流程信息上链。,脚本生成演示语料(step0_make_demo_corpus.py)
DEMO017,演示DEMO017股份有限公司,制造业,2021,年度报告,报告期内人民币汇率波动加大，公司通过远期结售汇业务降低了汇兑损失。公司基于云平台搭建协同办公体系，跨区域协作效率提升。报告期内人民币汇率波动加大，公司通过远期结售汇业务降低了汇兑损失。受行业周期影响，部分产品价格有所回落，公司及时调整销售策略，库存水平保持在合理范围。本年度公司人力成本略有上升，管理费用率保持稳定，费用管控成效显现。公司高度重视安全生产与环境保护，报告期内未发生重大安全事故。公司成立数据中台团队，推动业务数据化、数据业务化。面对市场竞争加剧，公司加大渠道建设力度，经销商数量增加88家，覆盖区域进一步扩大。受行业周期影响，部分产品价格有所回落，公司及时调整销售策略，库存水平保持在合理范围。公司现金流状况良好，经营活动现金流量净额为12.4亿元，资产负债结构稳健。报告期内，公司实现营业收入45.2亿元，同比增长-3.1%，主要得益于主营业务产销规模扩大。,脚本生成演示语料(step0_make_demo_corpus.py)
DEMO017,演示DEMO017股份有限公司,制造业,2022,年度报告,公司评估公有云与私有云方案，逐步构建统一算力资源池。公司上线智能排产系统，通过智能算法优化生产计划排程。报告期内，公司获得高新技术企业资质认定，享受相应税收优惠政策。公司数据中心一期建成投用，具备 PB 级数据存储与计算能力。公司深耕华北市场，区域市场份额稳中有升，品牌影响力持续增强。本年度公司人力成本略有上升，管理费用率保持稳定，费用管控成效显现。公司引入边缘计算设备，实现车间数据的就地处理与实时回传。下半年公司将围绕年度经营计划，重点做好市场开拓、成本控制与人才梯队建设等工作。公司基于云平台搭建协同办公体系，跨区域协作效率提升。公司深耕华南市场，区域市场份额稳中有升，品牌影响力持续增强。公司核心业务系统迁移上云，采用混合云架构降低IT运维成本。受行业周期影响，部分产品价格有所回落，公司及时调整销售策略，库存水平保持在合理范围。公司深耕华东市场，区域市场份额稳中有升，品牌影响力持续增强。本年度公司人力成本略有上升，管理费用率保持稳定，费用管控成效显现。公司建设大数据平台，整合生产、销售与供应链数据，支撑经营决策。公司建立健全内部控制系统，治理结构规范，三会运作正常。公司数据中心一期建成投用，具备 PB 级数据存储与计算能力。公司试点数字人民币结算场景，丰富收款渠道。,脚本生成演示语料(step0_make_demo_corpus.py)
DEMO017,演示DEMO017股份有限公司,制造业,2023,年度报告,报告期内公司客户结构进一步优化，前五大客户收入占比为55.1%，客户集中度处于合理区间。公司参与行业区块链联盟，推动供应链单证电子化与可信流转。报告期内，公司获得高新技术企业资质认定，享受相应税收优惠政策。面对市场竞争加剧，公司加大渠道建设力度，经销商数量增加210家，覆盖区域进一步扩大。公司利用智能合约技术自动执行供应商结算条款。公司构建智慧物流体系，仓储分拣自动化水平显著提高。公司持续加大研发投入，研发费用占营业收入比例为4.4%，围绕食品饮料开展技术攻关。原材料价格波动对成本端形成一定压力，公司通过集中采购和套期保值部分对冲了成本上行风险。公司建立健全内部控制系统，治理结构规范，三会运作正常。报告期内公司无重大诉讼仲裁事项，各项经营活动正常开展。报告期内，公司实现营业收入8.9亿元，同比增长15.2%，主要得益于主营业务产销规模扩大。公司建设智能客服系统，应用自然语言处理技术实现工单自动分类。报告期内，公司实现营业收入19.3亿元，同比增长-3.1%，主要得益于主营业务产销规模扩大。公司持续优化产品结构，电子元器件业务占比稳步提升，毛利率较上年下降1.5个百分点。公司建设智能客服系统，应用自然语言处理技术实现工单自动分类。公司持续优化产品结构，高端装备业务占比稳步提升，毛利率较上年上升2.5个百分点。公司推进计算机视觉技术在生产线上的应用，实现关键工序自动检测。,脚本生成演示语料(step0_make_demo_corpus.py)
DEMO017,演示DEMO017股份有限公司,制造业,2024,年度报告,公司推进智能制造升级，数字化车间已通过省级认定。报告期内，公司实现营业收入45.2亿元，同比增长5.6%，主要得益于主营业务产销规模扩大。原材料价格波动对成本端形成一定压力，公司通过集中采购和套期保值部分对冲了成本上行风险。公司数据中心一期建成投用，具备 PB 级数据存储与计算能力。原材料价格波动对成本端形成一定压力，公司通过集中采购和套期保值部分对冲了成本上行风险。公司与高校联合开展深度学习算法研究，赋能产品智能设计。受行业周期影响，部分产品价格有所回落，公司及时调整销售策略，库存水平保持在合理范围。报告期内公司客户结构进一步优化，前五大客户收入占比为55.1%，客户集中度处于合理区间。报告期内公司无重大诉讼仲裁事项，各项经营活动正常开展。报告期内公司客户结构进一步优化，前五大客户收入占比为41.8%，客户集中度处于合理区间。公司建设工业互联网平台，实现设备联网与远程运维。公司上线智能排产系统，通过智能算法优化生产计划排程。公司积极拓展海外市场，出口业务收入同比增长18.9%，国际化布局初见成效。公司积极拓展海外市场，出口业务收入同比增长-6.3%，国际化布局初见成效。,脚本生成演示语料(step0_make_demo_corpus.py)
DEMO018,演示DEMO018股份有限公司,批发零售,2020,年度报告,公司发展电子商务业务，线上渠道收入占比持续提升。公司深耕西南市场，区域市场份额稳中有升，品牌影响力持续增强。报告期内，公司实现营业收入19.3亿元，同比增长8.5%，主要得益于主营业务产销规模扩大。公司构建经营分析数据仓库，管理层可实时查看核心经营指标。报告期内人民币汇率波动加大，公司通过远期结售汇业务降低了汇兑损失。公司持续优化产品结构，精细化工产品业务占比稳步提升，毛利率较上年上升2.5个百分点。报告期内公司客户结构进一步优化，前五大客户收入占比为36.9%，客户集中度处于合理区间。公司高度重视安全生产与环境保护，报告期内未发生重大安全事故。面对市场竞争加剧，公司加大渠道建设力度，经销商数量增加120家，覆盖区域进一步扩大。公司构建经营分析数据仓库，管理层可实时查看核心经营指标。面对市场竞争加剧，公司加大渠道建设力度，经销商数量增加45家，覆盖区域进一步扩大。公司建立健全内部控制系统，治理结构规范，三会运作正常。公司建设大数据平台，整合生产、销售与供应链数据，支撑经营决策。公司深耕华北市场，区域市场份额稳中有升，品牌影响力持续增强。公司建立健全内部控制系统，治理结构规范，三会运作正常。公司核心业务系统迁移上云，采用混合云架构降低IT运维成本。,脚本生成演示语料(step0_make_demo_corpus.py)
DEMO018,演示DEMO018股份有限公司,批发零售,2021,年度报告,公司主要客户为行业龙头企业，合作关系稳定，应收账款回款情况良好。公司建立健全内部控制系统，治理结构规范，三会运作正常。公司继续推进产能建设，食品饮料项目一期已投产，预计达产后年新增产能3万吨。公司继续推进产能建设，食品饮料项目一期已投产，预计达产后年新增产能12万吨。公司继续推进产能建设，高端装备项目一期已投产，预计达产后年新增产能3万吨。原材料价格波动对成本端形成一定压力，公司通过集中采购和套期保值部分对冲了成本上行风险。公司研究基于分布式账本的对账机制，降低交易核对成本。公司深耕东北市场，区域市场份额稳中有升，品牌影响力持续增强。公司高度重视安全生产与环境保护，报告期内未发生重大安全事故。公司建设智能客服系统，应用自然语言处理技术实现工单自动分类。报告期内人民币汇率波动加大，公司通过远期结售汇业务降低了汇兑损失。公司与高校联合开展深度学习算法研究，赋能产品智能设计。下半年公司将围绕年度经营计划，重点做好市场开拓、成本控制与人才梯队建设等工作。公司建设工业互联网平台，实现设备联网与远程运维。公司成立数据中台团队，推动业务数据化、数据业务化。,脚本生成演示语料(step0_make_demo_corpus.py)
DEMO018,演示DEMO018股份有限公司,批发零售,2022,年度报告,公司核心业务系统迁移上云，采用混合云架构降低IT运维成本。公司现金流状况良好，经营活动现金流量净额为8.7亿元，资产负债结构稳健。公司评估公有云与私有云方案，逐步构建统一算力资源池。公司现金流状况良好，经营活动现金流量净额为5.8亿元，资产负债结构稳健。公司现金流状况良好，经营活动现金流量净额为8.7亿元，资产负债结构稳健。报告期内人民币汇率波动加大，公司通过远期结售汇业务降低了汇兑损失。公司本期新增专利授权15项，累计有效专利85项，技术储备进一步夯实。公司高度重视安全生产与环境保护，报告期内未发生重大安全事故。公司积极拓展海外市场，出口业务收入同比增长-6.3%，国际化布局初见成效。公司开展数据治理体系建设，统一主数据标准，提升数据资产质量。公司积极拓展海外市场，出口业务收入同比增长-6.3%，国际化布局初见成效。公司现金流状况良好，经营活动现金流量净额为8.7亿元，资产负债结构稳健。下半年公司将围绕年度经营计划，重点做好市场开拓、成本控制与人才梯队建设等工作。,脚本生成演示语料(step0_make_demo_corpus.py)
DEMO018,演示DEMO018股份有限公司,批发零售,2023,年度报告,公司评估公有云与私有云方案，逐步构建统一算力资源池。公司研究基于分布式账本的对账机制，降低交易核对成本。公司深耕华南市场，区域市场份额稳中有升，品牌影响力持续增强。报告期内公司无重大诉讼仲裁事项，各项经营活动正常开展。公司成立数据中台团队，推动业务数据化、数据业务化。公司推动业务流程线上化，无纸化办公覆盖全部业务部门。公司深耕西南市场，区域市场份额稳中有升，品牌影响力持续增强。报告期内人民币汇率波动加大，公司通过远期结售汇业务降低了汇兑损失。公司参与行业区块链联盟，推动供应链单证电子化与可信流转。公司研究基于分布式账本的对账机制，降低交易核对成本。报告期内，公司获得高新技术企业资质认定，享受相应税收优惠政策。公司试点数字人民币结算场景，丰富收款渠道。公司深耕华北市场，区域市场份额稳中有升，品牌影响力持续增强。面对市场竞争加剧，公司加大渠道建设力度，经销商数量增加36家，覆盖区域进一步扩大。公司运用数据挖掘技术分析客户行为，实现精准营销。报告期内公司无重大诉讼仲裁事项，各项经营活动正常开展。报告期内，公司获得高新技术企业资质认定，享受相应税收优惠政策。公司研究基于分布式账本的对账机制，降低交易核对成本。公司持续加大研发投入，研发费用占营业收入比例为4.4%，围绕电子元器件开展技术攻关。报告期内，公司获得高新技术企业资质认定，享受相应税收优惠政策。,脚本生成演示语料(step0_make_demo_corpus.py)
DEMO018,演示DEMO018股份有限公司,批发零售,2024,年度报告,本年度公司人力成本略有上升，管理费用率保持稳定，费用管控成效显现。公司积极拓展海外市场，出口业务收入同比增长-6.3%，国际化布局初见成效。公司与高校联合开展深度学习算法研究，赋能产品智能设计。公司积极拓展海外市场，出口业务收入同比增长18.9%，国际化布局初见成效。报告期内，公司获得高新技术企业资质认定，享受相应税收优惠政策。公司上线智能排产系统，通过智能算法优化生产计划排程。受行业周期影响，部分产品价格有所回落，公司及时调整销售策略，库存水平保持在合理范围。公司开展数据治理体系建设，统一主数据标准，提升数据资产质量。公司成立数据中台团队，推动业务数据化、数据业务化。公司深耕华北市场，区域市场份额稳中有升，品牌影响力持续增强。公司建立健全内部控制系统，治理结构规范，三会运作正常。公司试点数字人民币结算场景，丰富收款渠道。公司与高校联合开展深度学习算法研究，赋能产品智能设计。面对市场竞争加剧，公司加大渠道建设力度，经销商数量增加45家，覆盖区域进一步扩大。公司数据中心一期建成投用，具备 PB 级数据存储与计算能力。公司推进智能制造升级，数字化车间已通过省级认定。公司现金流状况良好，经营活动现金流量净额为8.7亿元，资产负债结构稳健。,脚本生成演示语料(step0_make_demo_corpus.py)
DEMO019,演示DEMO019股份有限公司,房地产,2020,年度报告,公司本期新增专利授权22项，累计有效专利56项，技术储备进一步夯实。报告期内公司客户结构进一步优化，前五大客户收入占比为55.1%，客户集中度处于合理区间。公司现金流状况良好，经营活动现金流量净额为12.4亿元，资产负债结构稳健。面对市场竞争加剧，公司加大渠道建设力度，经销商数量增加210家，覆盖区域进一步扩大。公司上线智能排产系统，通过智能算法优化生产计划排程。公司基于云平台搭建协同办公体系，跨区域协作效率提升。公司现金流状况良好，经营活动现金流量净额为3.2亿元，资产负债结构稳健。受行业周期影响，部分产品价格有所回落，公司及时调整销售策略，库存水平保持在合理范围。公司应用数字孪生技术对重点产线进行虚拟建模与仿真优化。报告期内人民币汇率波动加大，公司通过远期结售汇业务降低了汇兑损失。原材料价格波动对成本端形成一定压力，公司通过集中采购和套期保值部分对冲了成本上行风险。公司现金流状况良好，经营活动现金流量净额为1.5亿元，资产负债结构稳健。,脚本生成演示语料(step0_make_demo_corpus.py)
DEMO019,演示DEMO019股份有限公司,房地产,2021,年度报告,受行业周期影响，部分产品价格有所回落，公司及时调整销售策略，库存水平保持在合理范围。公司积极拓展海外市场，出口业务收入同比增长30.5%，国际化布局初见成效。公司数据中心一期建成投用，具备 PB 级数据存储与计算能力。下半年公司将围绕年度经营计划，重点做好市场开拓、成本控制与人才梯队建设等工作。公司开展数据治理体系建设，统一主数据标准，提升数据资产质量。公司主要客户为行业龙头企业，合作关系稳定，应收账款回款情况良好。本年度公司人力成本略有上升，管理费用率保持稳定，费用管控成效显现。报告期内人民币汇率波动加大，公司通过远期结售汇业务降低了汇兑损失。公司持续优化产品结构，电子元器件业务占比稳步提升，毛利率较上年下降1.5个百分点。公司深耕西南市场，区域市场份额稳中有升，品牌影响力持续增强。受行业周期影响，部分产品价格有所回落，公司及时调整销售策略，库存水平保持在合理范围。,脚本生成演示语料(step0_make_demo_corpus.py)
DEMO019,演示DEMO019股份有限公司,房地产,2022,年度报告,报告期内人民币汇率波动加大，公司通过远期结售汇业务降低了汇兑损失。报告期内，公司获得高新技术企业资质认定，享受相应税收优惠政策。公司利用智能合约技术自动执行供应商结算条款。下半年公司将围绕年度经营计划，重点做好市场开拓、成本控制与人才梯队建设等工作。报告期内，公司实现营业收入63.7亿元，同比增长8.5%，主要得益于主营业务产销规模扩大。报告期内，公司获得高新技术企业资质认定，享受相应税收优惠政策。公司试点数字人民币结算场景，丰富收款渠道。下半年公司将围绕年度经营计划，重点做好市场开拓、成本控制与人才梯队建设等工作。面对市场竞争加剧，公司加大渠道建设力度，经销商数量增加120家，覆盖区域进一步扩大。公司主要客户为行业龙头企业，合作关系稳定，应收账款回款情况良好。原材料价格波动对成本端形成一定压力，公司通过集中采购和套期保值部分对冲了成本上行风险。公司本期新增专利授权22项，累计有效专利120项，技术储备进一步夯实。,脚本生成演示语料(step0_make_demo_corpus.py)
DEMO019,演示DEMO019股份有限公司,房地产,2023,年度报告,本年度公司人力成本略有上升，管理费用率保持稳定，费用管控成效显现。报告期内公司客户结构进一步优化，前五大客户收入占比为36.9%，客户集中度处于合理区间。公司现金流状况良好，经营活动现金流量净额为5.8亿元，资产负债结构稳健。公司积极拓展海外市场，出口业务收入同比增长9.4%，国际化布局初见成效。公司持续优化产品结构，精细化工产品业务占比稳步提升，毛利率较上年持平个百分点。原材料价格波动对成本端形成一定压力，公司通过集中采购和套期保值部分对冲了成本上行风险。公司引入边缘计算设备，实现车间数据的就地处理与实时回传。公司研究基于分布式账本的对账机制，降低交易核对成本。报告期内人民币汇率波动加大，公司通过远期结售汇业务降低了汇兑损失。公司继续推进产能建设，高端装备项目一期已投产，预计达产后年新增产能12万吨。,脚本生成演示语料(step0_make_demo_corpus.py)
DEMO019,演示DEMO019股份有限公司,房地产,2024,年度报告,原材料价格波动对成本端形成一定压力，公司通过集中采购和套期保值部分对冲了成本上行风险。公司主要客户为行业龙头企业，合作关系稳定，应收账款回款情况良好。公司本期新增专利授权11项，累计有效专利85项，技术储备进一步夯实。公司持续优化产品结构，精细化工产品业务占比稳步提升，毛利率较上年上升2.5个百分点。公司参与行业区块链联盟，推动供应链单证电子化与可信流转。公司积极拓展海外市场，出口业务收入同比增长9.4%，国际化布局初见成效。报告期内，公司实现营业收入63.7亿元，同比增长-1.8%，主要得益于主营业务产销规模扩大。报告期内，公司获得高新技术企业资质认定，享受相应税收优惠政策。公司高度重视安全生产与环境保护，报告期内未发生重大安全事故。报告期内人民币汇率波动加大，公司通过远期结售汇业务降低了汇兑损失。公司推进计算机视觉技术在生产线上的应用，实现关键工序自动检测。公司数据中心一期建成投用，具备 PB 级数据存储与计算能力。公司建设大数据平台，整合生产、销售与供应链数据，支撑经营决策。,脚本生成演示语料(step0_make_demo_corpus.py)
DEMO020,演示DEMO020股份有限公司,农林牧渔,2020,年度报告,报告期内，公司获得高新技术企业资质认定，享受相应税收优惠政策。公司积极拓展海外市场，出口业务收入同比增长9.4%，国际化布局初见成效。公司主要客户为行业龙头企业，合作关系稳定，应收账款回款情况良好。公司现金流状况良好，经营活动现金流量净额为5.8亿元，资产负债结构稳健。公司现金流状况良好，经营活动现金流量净额为3.2亿元，资产负债结构稳健。公司现金流状况良好，经营活动现金流量净额为8.7亿元，资产负债结构稳健。公司建立健全内部控制系统，治理结构规范，三会运作正常。公司现金流状况良好，经营活动现金流量净额为3.2亿元，资产负债结构稳健。公司现金流状况良好，经营活动现金流量净额为1.5亿元，资产负债结构稳健。报告期内人民币汇率波动加大，公司通过远期结售汇业务降低了汇兑损失。报告期内公司客户结构进一步优化，前五大客户收入占比为55.1%，客户集中度处于合理区间。,脚本生成演示语料(step0_make_demo_corpus.py)
DEMO020,演示DEMO020股份有限公司,农林牧渔,2021,年度报告,公司本期新增专利授权15项，累计有效专利56项，技术储备进一步夯实。公司基于云平台搭建协同办公体系，跨区域协作效率提升。面对市场竞争加剧，公司加大渠道建设力度，经销商数量增加210家，覆盖区域进一步扩大。下半年公司将围绕年度经营计划，重点做好市场开拓、成本控制与人才梯队建设等工作。报告期内公司无重大诉讼仲裁事项，各项经营活动正常开展。公司高度重视安全生产与环境保护，报告期内未发生重大安全事故。报告期内公司客户结构进一步优化，前五大客户收入占比为32.5%，客户集中度处于合理区间。面对市场竞争加剧，公司加大渠道建设力度，经销商数量增加88家，覆盖区域进一步扩大。公司引入人工智能技术优化{prod}质检环节，缺陷识别准确率显著提升。公司持续优化产品结构，电子元器件业务占比稳步提升，毛利率较上年上升2.5个百分点。报告期内公司客户结构进一步优化，前五大客户收入占比为28.3%，客户集中度处于合理区间。公司建立健全内部控制系统，治理结构规范，三会运作正常。,脚本生成演示语料(step0_make_demo_corpus.py)
DEMO020,演示DEMO020股份有限公司,农林牧渔,2022,年度报告,公司数据中心一期建成投用，具备 PB 级数据存储与计算能力。公司建立健全内部控制系统，治理结构规范，三会运作正常。公司持续加大研发投入，研发费用占营业收入比例为3.2%，围绕高端装备开展技术攻关。本年度公司人力成本略有上升，管理费用率保持稳定，费用管控成效显现。公司积极拓展海外市场，出口业务收入同比增长-6.3%，国际化布局初见成效。公司积极拓展海外市场，出口业务收入同比增长12.1%，国际化布局初见成效。报告期内人民币汇率波动加大，公司通过远期结售汇业务降低了汇兑损失。公司继续推进产能建设，高端装备项目一期已投产，预计达产后年新增产能8万吨。公司深耕华南市场，区域市场份额稳中有升，品牌影响力持续增强。下半年公司将围绕年度经营计划，重点做好市场开拓、成本控制与人才梯队建设等工作。,脚本生成演示语料(step0_make_demo_corpus.py)
DEMO020,演示DEMO020股份有限公司,农林牧渔,2023,年度报告,公司高度重视安全生产与环境保护，报告期内未发生重大安全事故。面对市场竞争加剧，公司加大渠道建设力度，经销商数量增加45家，覆盖区域进一步扩大。公司继续推进产能建设，建材项目一期已投产，预计达产后年新增产能5万吨。报告期内公司客户结构进一步优化，前五大客户收入占比为55.1%，客户集中度处于合理区间。公司持续优化产品结构，纺织服装业务占比稳步提升，毛利率较上年下降1.5个百分点。公司建立健全内部控制系统，治理结构规范，三会运作正常。公司引入边缘计算设备，实现车间数据的就地处理与实时回传。下半年公司将围绕年度经营计划，重点做好市场开拓、成本控制与人才梯队建设等工作。公司深耕西南市场，区域市场份额稳中有升，品牌影响力持续增强。公司主要客户为行业龙头企业，合作关系稳定，应收账款回款情况良好。公司深耕华东市场，区域市场份额稳中有升，品牌影响力持续增强。,脚本生成演示语料(step0_make_demo_corpus.py)
DEMO020,演示DEMO020股份有限公司,农林牧渔,2024,年度报告,报告期内公司客户结构进一步优化，前五大客户收入占比为36.9%，客户集中度处于合理区间。公司积极拓展海外市场，出口业务收入同比增长18.9%，国际化布局初见成效。报告期内公司无重大诉讼仲裁事项，各项经营活动正常开展。面对市场竞争加剧，公司加大渠道建设力度，经销商数量增加45家，覆盖区域进一步扩大。公司高度重视安全生产与环境保护，报告期内未发生重大安全事故。公司高度重视安全生产与环境保护，报告期内未发生重大安全事故。报告期内，公司获得高新技术企业资质认定，享受相应税收优惠政策。面对市场竞争加剧，公司加大渠道建设力度，经销商数量增加36家，覆盖区域进一步扩大。本年度公司人力成本略有上升，管理费用率保持稳定，费用管控成效显现。报告期内公司客户结构进一步优化，前五大客户收入占比为55.1%，客户集中度处于合理区间。公司基于云平台搭建协同办公体系，跨区域协作效率提升。,脚本生成演示语料(step0_make_demo_corpus.py)
DEMO021,演示DEMO021股份有限公司,信息技术,2020,年度报告,公司数据中心一期建成投用，具备 PB 级数据存储与计算能力。公司评估公有云与私有云方案，逐步构建统一算力资源池。公司引入边缘计算设备，实现车间数据的就地处理与实时回传。受行业周期影响，部分产品价格有所回落，公司及时调整销售策略，库存水平保持在合理范围。公司推进经营管理信息化，上线新一代ERP系统实现业财一体。公司试点数字人民币结算场景，丰富收款渠道。公司利用智能合约技术自动执行供应商结算条款。公司上线智能排产系统，通过智能算法优化生产计划排程。公司评估公有云与私有云方案，逐步构建统一算力资源池。公司基于云平台搭建协同办公体系，跨区域协作效率提升。公司核心业务系统迁移上云，采用混合云架构降低IT运维成本。公司上线智能排产系统，通过智能算法优化生产计划排程。公司部署机器学习算法对销售数据进行需求预测，库存周转效率明显改善。公司构建经营分析数据仓库，管理层可实时查看核心经营指标。公司高度重视安全生产与环境保护，报告期内未发生重大安全事故。公司建立健全内部控制系统，治理结构规范，三会运作正常。公司建设大数据平台，整合生产、销售与供应链数据，支撑经营决策。公司构建经营分析数据仓库，管理层可实时查看核心经营指标。公司本期新增专利授权11项，累计有效专利56项，技术储备进一步夯实。公司主要客户为行业龙头企业，合作关系稳定，应收账款回款情况良好。公司深耕华南市场，区域市场份额稳中有升，品牌影响力持续增强。本年度公司人力成本略有上升，管理费用率保持稳定，费用管控成效显现。公司与高校联合开展深度学习算法研究，赋能产品智能设计。公司引入人工智能技术优化{prod}质检环节，缺陷识别准确率显著提升。公司基于云平台搭建协同办公体系，跨区域协作效率提升。原材料价格波动对成本端形成一定压力，公司通过集中采购和套期保值部分对冲了成本上行风险。公司积极拓展海外市场，出口业务收入同比增长12.1%，国际化布局初见成效。报告期内，公司获得高新技术企业资质认定，享受相应税收优惠政策。公司推动业务流程线上化，无纸化办公覆盖全部业务部门。,脚本生成演示语料(step0_make_demo_corpus.py)
DEMO021,演示DEMO021股份有限公司,信息技术,2021,年度报告,公司高度重视安全生产与环境保护，报告期内未发生重大安全事故。公司部署机器学习算法对销售数据进行需求预测，库存周转效率明显改善。报告期内，公司实现营业收入19.3亿元，同比增长5.6%，主要得益于主营业务产销规模扩大。公司研究基于分布式账本的对账机制，降低交易核对成本。公司试点数字人民币结算场景，丰富收款渠道。公司试点数字人民币结算场景，丰富收款渠道。公司建立健全内部控制系统，治理结构规范，三会运作正常。公司推进经营管理信息化，上线新一代ERP系统实现业财一体。原材料价格波动对成本端形成一定压力，公司通过集中采购和套期保值部分对冲了成本上行风险。公司与高校联合开展深度学习算法研究，赋能产品智能设计。公司部署机器学习算法对销售数据进行需求预测，库存周转效率明显改善。公司核心业务系统迁移上云，采用混合云架构降低IT运维成本。面对市场竞争加剧，公司加大渠道建设力度，经销商数量增加210家，覆盖区域进一步扩大。公司推动业务流程线上化，无纸化办公覆盖全部业务部门。公司与高校联合开展深度学习算法研究，赋能产品智能设计。公司应用数字孪生技术对重点产线进行虚拟建模与仿真优化。面对市场竞争加剧，公司加大渠道建设力度，经销商数量增加45家，覆盖区域进一步扩大。公司研究基于分布式账本的对账机制，降低交易核对成本。公司上线智能排产系统，通过智能算法优化生产计划排程。公司构建智慧物流体系，仓储分拣自动化水平显著提高。公司建设工业互联网平台，实现设备联网与远程运维。公司研究基于分布式账本的对账机制，降低交易核对成本。公司持续优化产品结构，精细化工产品业务占比稳步提升，毛利率较上年持平个百分点。面对市场竞争加剧，公司加大渠道建设力度，经销商数量增加36家，覆盖区域进一步扩大。公司核心业务系统迁移上云，采用混合云架构降低IT运维成本。公司评估公有云与私有云方案，逐步构建统一算力资源池。公司数据中心一期建成投用，具备 PB 级数据存储与计算能力。公司引入边缘计算设备，实现车间数据的就地处理与实时回传。公司上线智能排产系统，通过智能算法优化生产计划排程。公司建设大数据平台，整合生产、销售与供应链数据，支撑经营决策。公司核心业务系统迁移上云，采用混合云架构降低IT运维成本。原材料价格波动对成本端形成一定压力，公司通过集中采购和套期保值部分对冲了成本上行风险。公司采购云服务替代传统服务器部署，系统上线周期大幅缩短。公司推动业务流程线上化，无纸化办公覆盖全部业务部门。,脚本生成演示语料(step0_make_demo_corpus.py)
DEMO021,演示DEMO021股份有限公司,信息技术,2022,年度报告,公司与高校联合开展深度学习算法研究，赋能产品智能设计。公司基于云平台搭建协同办公体系，跨区域协作效率提升。本年度公司人力成本略有上升，管理费用率保持稳定，费用管控成效显现。公司开展数据治理体系建设，统一主数据标准，提升数据资产质量。报告期内公司无重大诉讼仲裁事项，各项经营活动正常开展。公司引入边缘计算设备，实现车间数据的就地处理与实时回传。报告期内公司无重大诉讼仲裁事项，各项经营活动正常开展。报告期内公司无重大诉讼仲裁事项，各项经营活动正常开展。公司试点数字人民币结算场景，丰富收款渠道。公司参与行业区块链联盟，推动供应链单证电子化与可信流转。公司持续加大研发投入，研发费用占营业收入比例为2.6%，围绕纺织服装开展技术攻关。公司制定数字化转型规划，成立数字化管理委员会统筹推进。公司应用数字孪生技术对重点产线进行虚拟建模与仿真优化。公司持续加大研发投入，研发费用占营业收入比例为2.6%，围绕高端装备开展技术攻关。公司利用智能合约技术自动执行供应商结算条款。公司基于云平台搭建协同办公体系，跨区域协作效率提升。公司本期新增专利授权22项，累计有效专利85项，技术储备进一步夯实。公司推进计算机视觉技术在生产线上的应用，实现关键工序自动检测。报告期内人民币汇率波动加大，公司通过远期结售汇业务降低了汇兑损失。公司积极拓展海外市场，出口业务收入同比增长9.4%，国际化布局初见成效。公司探索区块链技术在产品溯源中的应用，实现全流程信息上链。公司成立数据中台团队，推动业务数据化、数据业务化。公司试点数字人民币结算场景，丰富收款渠道。公司数据中心一期建成投用，具备 PB 级数据存储与计算能力。公司成立数据中台团队，推动业务数据化、数据业务化。本年度公司人力成本略有上升，管理费用率保持稳定，费用管控成效显现。公司制定数字化转型规划，成立数字化管理委员会统筹推进。公司构建智慧物流体系，仓储分拣自动化水平显著提高。公司建设智能客服系统，应用自然语言处理技术实现工单自动分类。报告期内公司客户结构进一步优化，前五大客户收入占比为36.9%，客户集中度处于合理区间。公司采购云服务替代传统服务器部署，系统上线周期大幅缩短。公司开展数据治理体系建设，统一主数据标准，提升数据资产质量。公司上线智能排产系统，通过智能算法优化生产计划排程。公司部署机器学习算法对销售数据进行需求预测，库存周转效率明显改善。公司数据中心一期建成投用，具备 PB 级数据存储与计算能力。公司部署机器学习算法对销售数据进行需求预测，库存周转效率明显改善。公司应用数字孪生技术对重点产线进行虚拟建模与仿真优化。报告期内公司客户结构进一步优化，前五大客户收入占比为36.9%，客户集中度处于合理区间。公司构建智慧物流体系，仓储分拣自动化水平显著提高。公司基于云平台搭建协同办公体系，跨区域协作效率提升。公司采购云服务替代传统服务器部署，系统上线周期大幅缩短。公司探索区块链技术在产品溯源中的应用，实现全流程信息上链。,脚本生成演示语料(step0_make_demo_corpus.py)
DEMO021,演示DEMO021股份有限公司,信息技术,2023,年度报告,公司基于云平台搭建协同办公体系，跨区域协作效率提升。公司建设智能客服系统，应用自然语言处理技术实现工单自动分类。公司深耕华北市场，区域市场份额稳中有升，品牌影响力持续增强。公司本期新增专利授权11项，累计有效专利210项，技术储备进一步夯实。面对市场竞争加剧，公司加大渠道建设力度，经销商数量增加36家，覆盖区域进一步扩大。公司数据中心一期建成投用，具备 PB 级数据存储与计算能力。公司推进经营管理信息化，上线新一代ERP系统实现业财一体。公司成立数据中台团队，推动业务数据化、数据业务化。公司建设大数据平台，整合生产、销售与供应链数据，支撑经营决策。公司评估公有云与私有云方案，逐步构建统一算力资源池。公司利用智能合约技术自动执行供应商结算条款。报告期内，公司实现营业收入45.2亿元，同比增长22.7%，主要得益于主营业务产销规模扩大。下半年公司将围绕年度经营计划，重点做好市场开拓、成本控制与人才梯队建设等工作。公司深耕华东市场，区域市场份额稳中有升，品牌影响力持续增强。公司参与行业区块链联盟，推动供应链单证电子化与可信流转。公司引入边缘计算设备，实现车间数据的就地处理与实时回传。报告期内，公司实现营业收入45.2亿元，同比增长15.2%，主要得益于主营业务产销规模扩大。公司数据中心一期建成投用，具备 PB 级数据存储与计算能力。公司制定数字化转型规划，成立数字化管理委员会统筹推进。公司推进智能制造升级，数字化车间已通过省级认定。公司深耕华北市场，区域市场份额稳中有升，品牌影响力持续增强。公司研究基于分布式账本的对账机制，降低交易核对成本。公司引入边缘计算设备，实现车间数据的就地处理与实时回传。公司部署机器学习算法对销售数据进行需求预测，库存周转效率明显改善。公司研究基于分布式账本的对账机制，降低交易核对成本。公司数据中心一期建成投用，具备 PB 级数据存储与计算能力。公司核心业务系统迁移上云，采用混合云架构降低IT运维成本。公司部署机器学习算法对销售数据进行需求预测，库存周转效率明显改善。公司上线智能排产系统，通过智能算法优化生产计划排程。公司建设智能客服系统，应用自然语言处理技术实现工单自动分类。公司深耕华南市场，区域市场份额稳中有升，品牌影响力持续增强。公司评估公有云与私有云方案，逐步构建统一算力资源池。公司引入人工智能技术优化{prod}质检环节，缺陷识别准确率显著提升。公司建设工业互联网平台，实现设备联网与远程运维。报告期内人民币汇率波动加大，公司通过远期结售汇业务降低了汇兑损失。,脚本生成演示语料(step0_make_demo_corpus.py)
DEMO021,演示DEMO021股份有限公司,信息技术,2024,年度报告,公司引入人工智能技术优化{prod}质检环节，缺陷识别准确率显著提升。公司建设大数据平台，整合生产、销售与供应链数据，支撑经营决策。公司参与行业区块链联盟，推动供应链单证电子化与可信流转。公司制定数字化转型规划，成立数字化管理委员会统筹推进。公司制定数字化转型规划，成立数字化管理委员会统筹推进。报告期内公司无重大诉讼仲裁事项，各项经营活动正常开展。公司采购云服务替代传统服务器部署，系统上线周期大幅缩短。公司成立数据中台团队，推动业务数据化、数据业务化。公司制定数字化转型规划，成立数字化管理委员会统筹推进。公司深耕华南市场，区域市场份额稳中有升，品牌影响力持续增强。公司采购云服务替代传统服务器部署，系统上线周期大幅缩短。公司引入人工智能技术优化{prod}质检环节，缺陷识别准确率显著提升。公司数据中心一期建成投用，具备 PB 级数据存储与计算能力。公司核心业务系统迁移上云，采用混合云架构降低IT运维成本。报告期内公司无重大诉讼仲裁事项，各项经营活动正常开展。公司建立健全内部控制系统，治理结构规范，三会运作正常。公司推进智能制造升级，数字化车间已通过省级认定。原材料价格波动对成本端形成一定压力，公司通过集中采购和套期保值部分对冲了成本上行风险。公司应用数字孪生技术对重点产线进行虚拟建模与仿真优化。公司部署机器学习算法对销售数据进行需求预测，库存周转效率明显改善。公司研究基于分布式账本的对账机制，降低交易核对成本。本年度公司人力成本略有上升，管理费用率保持稳定，费用管控成效显现。公司探索区块链技术在产品溯源中的应用，实现全流程信息上链。公司探索区块链技术在产品溯源中的应用，实现全流程信息上链。公司继续推进产能建设，精细化工产品项目一期已投产，预计达产后年新增产能20万吨。公司建设大数据平台，整合生产、销售与供应链数据，支撑经营决策。公司利用智能合约技术自动执行供应商结算条款。公司开展数据治理体系建设，统一主数据标准，提升数据资产质量。公司引入人工智能技术优化{prod}质检环节，缺陷识别准确率显著提升。公司成立数据中台团队，推动业务数据化、数据业务化。公司积极拓展海外市场，出口业务收入同比增长30.5%，国际化布局初见成效。报告期内公司无重大诉讼仲裁事项，各项经营活动正常开展。公司推进智能制造升级，数字化车间已通过省级认定。公司研究基于分布式账本的对账机制，降低交易核对成本。公司引入人工智能技术优化{prod}质检环节，缺陷识别准确率显著提升。公司上线智能排产系统，通过智能算法优化生产计划排程。,脚本生成演示语料(step0_make_demo_corpus.py)
DEMO022,演示DEMO022股份有限公司,制造业,2020,年度报告,公司制定数字化转型规划，成立数字化管理委员会统筹推进。报告期内公司无重大诉讼仲裁事项，各项经营活动正常开展。报告期内人民币汇率波动加大，公司通过远期结售汇业务降低了汇兑损失。公司核心业务系统迁移上云，采用混合云架构降低IT运维成本。公司持续加大研发投入，研发费用占营业收入比例为2.6%，围绕纺织服装开展技术攻关。公司推进计算机视觉技术在生产线上的应用，实现关键工序自动检测。公司持续加大研发投入，研发费用占营业收入比例为5.1%，围绕建材开展技术攻关。公司利用智能合约技术自动执行供应商结算条款。公司部署机器学习算法对销售数据进行需求预测，库存周转效率明显改善。报告期内公司无重大诉讼仲裁事项，各项经营活动正常开展。公司持续优化产品结构，纺织服装业务占比稳步提升，毛利率较上年上升2.5个百分点。公司持续优化产品结构，电子元器件业务占比稳步提升，毛利率较上年下降1.5个百分点。公司推进经营管理信息化，上线新一代ERP系统实现业财一体。公司制定数字化转型规划，成立数字化管理委员会统筹推进。公司研究基于分布式账本的对账机制，降低交易核对成本。受行业周期影响，部分产品价格有所回落，公司及时调整销售策略，库存水平保持在合理范围。报告期内人民币汇率波动加大，公司通过远期结售汇业务降低了汇兑损失。公司本期新增专利授权3项，累计有效专利85项，技术储备进一步夯实。公司利用智能合约技术自动执行供应商结算条款。,脚本生成演示语料(step0_make_demo_corpus.py)
DEMO022,演示DEMO022股份有限公司,制造业,2021,年度报告,受行业周期影响，部分产品价格有所回落，公司及时调整销售策略，库存水平保持在合理范围。面对市场竞争加剧，公司加大渠道建设力度，经销商数量增加210家，覆盖区域进一步扩大。公司持续优化产品结构，建材业务占比稳步提升，毛利率较上年持平个百分点。公司基于云平台搭建协同办公体系，跨区域协作效率提升。公司利用智能合约技术自动执行供应商结算条款。公司积极拓展海外市场，出口业务收入同比增长9.4%，国际化布局初见成效。公司参与行业区块链联盟，推动供应链单证电子化与可信流转。公司建设大数据平台，整合生产、销售与供应链数据，支撑经营决策。面对市场竞争加剧，公司加大渠道建设力度，经销商数量增加120家，覆盖区域进一步扩大。报告期内，公司获得高新技术企业资质认定，享受相应税收优惠政策。公司引入人工智能技术优化{prod}质检环节，缺陷识别准确率显著提升。公司主要客户为行业龙头企业，合作关系稳定，应收账款回款情况良好。公司运用数据挖掘技术分析客户行为，实现精准营销。报告期内公司客户结构进一步优化，前五大客户收入占比为28.3%，客户集中度处于合理区间。报告期内，公司实现营业收入12.6亿元，同比增长15.2%，主要得益于主营业务产销规模扩大。公司现金流状况良好，经营活动现金流量净额为5.8亿元，资产负债结构稳健。原材料价格波动对成本端形成一定压力，公司通过集中采购和套期保值部分对冲了成本上行风险。,脚本生成演示语料(step0_make_demo_corpus.py)
DEMO022,演示DEMO022股份有限公司,制造业,2022,年度报告,公司引入边缘计算设备，实现车间数据的就地处理与实时回传。公司发展电子商务业务，线上渠道收入占比持续提升。公司继续推进产能建设，高端装备项目一期已投产，预计达产后年新增产能8万吨。公司建立健全内部控制系统，治理结构规范，三会运作正常。公司推动业务流程线上化，无纸化办公覆盖全部业务部门。公司建设智能客服系统，应用自然语言处理技术实现工单自动分类。公司建立健全内部控制系统，治理结构规范，三会运作正常。公司部署机器学习算法对销售数据进行需求预测，库存周转效率明显改善。报告期内公司无重大诉讼仲裁事项，各项经营活动正常开展。公司数据中心一期建成投用，具备 PB 级数据存储与计算能力。公司试点数字人民币结算场景，丰富收款渠道。报告期内人民币汇率波动加大，公司通过远期结售汇业务降低了汇兑损失。原材料价格波动对成本端形成一定压力，公司通过集中采购和套期保值部分对冲了成本上行风险。报告期内人民币汇率波动加大，公司通过远期结售汇业务降低了汇兑损失。受行业周期影响，部分产品价格有所回落，公司及时调整销售策略，库存水平保持在合理范围。公司建设智能客服系统，应用自然语言处理技术实现工单自动分类。公司评估公有云与私有云方案，逐步构建统一算力资源池。公司持续加大研发投入，研发费用占营业收入比例为5.1%，围绕电子元器件开展技术攻关。公司持续优化产品结构，建材业务占比稳步提升，毛利率较上年上升1.2个百分点。,脚本生成演示语料(step0_make_demo_corpus.py)
DEMO022,演示DEMO022股份有限公司,制造业,2023,年度报告,公司试点数字人民币结算场景，丰富收款渠道。公司探索区块链技术在产品溯源中的应用，实现全流程信息上链。公司构建智慧物流体系，仓储分拣自动化水平显著提高。公司建设大数据平台，整合生产、销售与供应链数据，支撑经营决策。报告期内人民币汇率波动加大，公司通过远期结售汇业务降低了汇兑损失。报告期内，公司实现营业收入45.2亿元，同比增长-1.8%，主要得益于主营业务产销规模扩大。报告期内，公司实现营业收入19.3亿元，同比增长8.5%，主要得益于主营业务产销规模扩大。原材料价格波动对成本端形成一定压力，公司通过集中采购和套期保值部分对冲了成本上行风险。公司继续推进产能建设，食品饮料项目一期已投产，预计达产后年新增产能5万吨。公司积极拓展海外市场，出口业务收入同比增长12.1%，国际化布局初见成效。公司数据中心一期建成投用，具备 PB 级数据存储与计算能力。公司发展电子商务业务，线上渠道收入占比持续提升。公司与高校联合开展深度学习算法研究，赋能产品智能设计。公司与高校联合开展深度学习算法研究，赋能产品智能设计。本年度公司人力成本略有上升，管理费用率保持稳定，费用管控成效显现。公司继续推进产能建设，精细化工产品项目一期已投产，预计达产后年新增产能3万吨。公司开展数据治理体系建设，统一主数据标准，提升数据资产质量。,脚本生成演示语料(step0_make_demo_corpus.py)
DEMO022,演示DEMO022股份有限公司,制造业,2024,年度报告,公司参与行业区块链联盟，推动供应链单证电子化与可信流转。公司积极拓展海外市场，出口业务收入同比增长18.9%，国际化布局初见成效。原材料价格波动对成本端形成一定压力，公司通过集中采购和套期保值部分对冲了成本上行风险。公司采购云服务替代传统服务器部署，系统上线周期大幅缩短。下半年公司将围绕年度经营计划，重点做好市场开拓、成本控制与人才梯队建设等工作。公司采购云服务替代传统服务器部署，系统上线周期大幅缩短。报告期内人民币汇率波动加大，公司通过远期结售汇业务降低了汇兑损失。公司与高校联合开展深度学习算法研究，赋能产品智能设计。公司运用数据挖掘技术分析客户行为，实现精准营销。公司推进智能制造升级，数字化车间已通过省级认定。原材料价格波动对成本端形成一定压力，公司通过集中采购和套期保值部分对冲了成本上行风险。公司高度重视安全生产与环境保护，报告期内未发生重大安全事故。下半年公司将围绕年度经营计划，重点做好市场开拓、成本控制与人才梯队建设等工作。公司参与行业区块链联盟，推动供应链单证电子化与可信流转。公司推动业务流程线上化，无纸化办公覆盖全部业务部门。公司参与行业区块链联盟，推动供应链单证电子化与可信流转。公司运用数据挖掘技术分析客户行为，实现精准营销。报告期内公司无重大诉讼仲裁事项，各项经营活动正常开展。公司探索区块链技术在产品溯源中的应用，实现全流程信息上链。公司核心业务系统迁移上云，采用混合云架构降低IT运维成本。,脚本生成演示语料(step0_make_demo_corpus.py)
DEMO023,演示DEMO023股份有限公司,批发零售,2020,年度报告,公司建立健全内部控制系统，治理结构规范，三会运作正常。公司推进经营管理信息化，上线新一代ERP系统实现业财一体。公司引入人工智能技术优化{prod}质检环节，缺陷识别准确率显著提升。公司现金流状况良好，经营活动现金流量净额为5.8亿元，资产负债结构稳健。公司推进计算机视觉技术在生产线上的应用，实现关键工序自动检测。公司构建智慧物流体系，仓储分拣自动化水平显著提高。公司现金流状况良好，经营活动现金流量净额为3.2亿元，资产负债结构稳健。公司利用智能合约技术自动执行供应商结算条款。报告期内，公司实现营业收入45.2亿元，同比增长-1.8%，主要得益于主营业务产销规模扩大。公司推进经营管理信息化，上线新一代ERP系统实现业财一体。公司主要客户为行业龙头企业，合作关系稳定，应收账款回款情况良好。公司开展数据治理体系建设，统一主数据标准，提升数据资产质量。公司采购云服务替代传统服务器部署，系统上线周期大幅缩短。公司建立健全内部控制系统，治理结构规范，三会运作正常。公司研究基于分布式账本的对账机制，降低交易核对成本。下半年公司将围绕年度经营计划，重点做好市场开拓、成本控制与人才梯队建设等工作。报告期内人民币汇率波动加大，公司通过远期结售汇业务降低了汇兑损失。公司继续推进产能建设，食品饮料项目一期已投产，预计达产后年新增产能5万吨。,脚本生成演示语料(step0_make_demo_corpus.py)
DEMO023,演示DEMO023股份有限公司,批发零售,2021,年度报告,公司持续加大研发投入，研发费用占营业收入比例为5.1%，围绕电子元器件开展技术攻关。报告期内人民币汇率波动加大，公司通过远期结售汇业务降低了汇兑损失。公司采购云服务替代传统服务器部署，系统上线周期大幅缩短。公司深耕西南市场，区域市场份额稳中有升，品牌影响力持续增强。公司评估公有云与私有云方案，逐步构建统一算力资源池。公司高度重视安全生产与环境保护，报告期内未发生重大安全事故。公司试点数字人民币结算场景，丰富收款渠道。公司持续加大研发投入，研发费用占营业收入比例为4.4%，围绕精细化工产品开展技术攻关。公司深耕华东市场，区域市场份额稳中有升，品牌影响力持续增强。公司主要客户为行业龙头企业，合作关系稳定，应收账款回款情况良好。公司评估公有云与私有云方案，逐步构建统一算力资源池。公司推动业务流程线上化，无纸化办公覆盖全部业务部门。公司参与行业区块链联盟，推动供应链单证电子化与可信流转。受行业周期影响，部分产品价格有所回落，公司及时调整销售策略，库存水平保持在合理范围。,脚本生成演示语料(step0_make_demo_corpus.py)
DEMO023,演示DEMO023股份有限公司,批发零售,2022,年度报告,公司主要客户为行业龙头企业，合作关系稳定，应收账款回款情况良好。公司制定数字化转型规划，成立数字化管理委员会统筹推进。公司继续推进产能建设，电子元器件项目一期已投产，预计达产后年新增产能3万吨。公司引入边缘计算设备，实现车间数据的就地处理与实时回传。下半年公司将围绕年度经营计划，重点做好市场开拓、成本控制与人才梯队建设等工作。公司深耕华东市场，区域市场份额稳中有升，品牌影响力持续增强。公司持续加大研发投入，研发费用占营业收入比例为5.1%，围绕高端装备开展技术攻关。公司持续优化产品结构，高端装备业务占比稳步提升，毛利率较上年上升1.2个百分点。下半年公司将围绕年度经营计划，重点做好市场开拓、成本控制与人才梯队建设等工作。公司上线智能排产系统，通过智能算法优化生产计划排程。公司持续优化产品结构，高端装备业务占比稳步提升，毛利率较上年下降0.8个百分点。公司持续加大研发投入，研发费用占营业收入比例为5.1%，围绕高端装备开展技术攻关。公司引入人工智能技术优化{prod}质检环节，缺陷识别准确率显著提升。公司应用数字孪生技术对重点产线进行虚拟建模与仿真优化。公司与高校联合开展深度学习算法研究，赋能产品智能设计。,脚本生成演示语料(step0_make_demo_corpus.py)
DEMO023,演示DEMO023股份有限公司,批发零售,2023,年度报告,公司建设大数据平台，整合生产、销售与供应链数据，支撑经营决策。报告期内公司无重大诉讼仲裁事项，各项经营活动正常开展。公司现金流状况良好，经营活动现金流量净额为5.8亿元，资产负债结构稳健。报告期内，公司实现营业收入28.4亿元，同比增长22.7%，主要得益于主营业务产销规模扩大。报告期内，公司实现营业收入45.2亿元，同比增长8.5%，主要得益于主营业务产销规模扩大。公司基于云平台搭建协同办公体系，跨区域协作效率提升。报告期内人民币汇率波动加大，公司通过远期结售汇业务降低了汇兑损失。公司采购云服务替代传统服务器部署，系统上线周期大幅缩短。公司持续加大研发投入，研发费用占营业收入比例为4.4%，围绕建材开展技术攻关。公司利用智能合约技术自动执行供应商结算条款。公司持续加大研发投入，研发费用占营业收入比例为3.2%，围绕高端装备开展技术攻关。公司参与行业区块链联盟，推动供应链单证电子化与可信流转。报告期内公司无重大诉讼仲裁事项，各项经营活动正常开展。公司试点数字人民币结算场景，丰富收款渠道。公司基于云平台搭建协同办公体系，跨区域协作效率提升。公司本期新增专利授权11项，累计有效专利56项，技术储备进一步夯实。报告期内人民币汇率波动加大，公司通过远期结售汇业务降低了汇兑损失。公司本期新增专利授权11项，累计有效专利120项，技术储备进一步夯实。公司试点数字人民币结算场景，丰富收款渠道。公司核心业务系统迁移上云，采用混合云架构降低IT运维成本。公司试点数字人民币结算场景，丰富收款渠道。公司上线智能排产系统，通过智能算法优化生产计划排程。公司推进计算机视觉技术在生产线上的应用，实现关键工序自动检测。公司研究基于分布式账本的对账机制，降低交易核对成本。公司积极拓展海外市场，出口业务收入同比增长30.5%，国际化布局初见成效。公司开展数据治理体系建设，统一主数据标准，提升数据资产质量。,脚本生成演示语料(step0_make_demo_corpus.py)
DEMO023,演示DEMO023股份有限公司,批发零售,2024,年度报告,报告期内公司客户结构进一步优化，前五大客户收入占比为55.1%，客户集中度处于合理区间。公司基于云平台搭建协同办公体系，跨区域协作效率提升。报告期内公司客户结构进一步优化，前五大客户收入占比为36.9%，客户集中度处于合理区间。公司本期新增专利授权22项，累计有效专利85项，技术储备进一步夯实。本年度公司人力成本略有上升，管理费用率保持稳定，费用管控成效显现。公司探索区块链技术在产品溯源中的应用，实现全流程信息上链。报告期内公司无重大诉讼仲裁事项，各项经营活动正常开展。报告期内人民币汇率波动加大，公司通过远期结售汇业务降低了汇兑损失。公司参与行业区块链联盟，推动供应链单证电子化与可信流转。公司上线智能排产系统，通过智能算法优化生产计划排程。公司引入边缘计算设备，实现车间数据的就地处理与实时回传。下半年公司将围绕年度经营计划，重点做好市场开拓、成本控制与人才梯队建设等工作。下半年公司将围绕年度经营计划，重点做好市场开拓、成本控制与人才梯队建设等工作。报告期内公司无重大诉讼仲裁事项，各项经营活动正常开展。公司参与行业区块链联盟，推动供应链单证电子化与可信流转。公司核心业务系统迁移上云，采用混合云架构降低IT运维成本。公司运用数据挖掘技术分析客户行为，实现精准营销。受行业周期影响，部分产品价格有所回落，公司及时调整销售策略，库存水平保持在合理范围。报告期内公司客户结构进一步优化，前五大客户收入占比为32.5%，客户集中度处于合理区间。公司利用智能合约技术自动执行供应商结算条款。,脚本生成演示语料(step0_make_demo_corpus.py)
DEMO024,演示DEMO024股份有限公司,房地产,2020,年度报告,公司继续推进产能建设，食品饮料项目一期已投产，预计达产后年新增产能8万吨。公司继续推进产能建设，电子元器件项目一期已投产，预计达产后年新增产能5万吨。公司深耕华北市场，区域市场份额稳中有升，品牌影响力持续增强。公司主要客户为行业龙头企业，合作关系稳定，应收账款回款情况良好。公司持续优化产品结构，高端装备业务占比稳步提升，毛利率较上年持平个百分点。公司主要客户为行业龙头企业，合作关系稳定，应收账款回款情况良好。公司深耕东北市场，区域市场份额稳中有升，品牌影响力持续增强。报告期内人民币汇率波动加大，公司通过远期结售汇业务降低了汇兑损失。公司本期新增专利授权11项，累计有效专利210项，技术储备进一步夯实。,脚本生成演示语料(step0_make_demo_corpus.py)
DEMO024,演示DEMO024股份有限公司,房地产,2021,年度报告,报告期内人民币汇率波动加大，公司通过远期结售汇业务降低了汇兑损失。公司基于云平台搭建协同办公体系，跨区域协作效率提升。公司现金流状况良好，经营活动现金流量净额为5.8亿元，资产负债结构稳健。公司本期新增专利授权11项，累计有效专利56项，技术储备进一步夯实。报告期内公司无重大诉讼仲裁事项，各项经营活动正常开展。原材料价格波动对成本端形成一定压力，公司通过集中采购和套期保值部分对冲了成本上行风险。公司探索区块链技术在产品溯源中的应用，实现全流程信息上链。下半年公司将围绕年度经营计划，重点做好市场开拓、成本控制与人才梯队建设等工作。原材料价格波动对成本端形成一定压力，公司通过集中采购和套期保值部分对冲了成本上行风险。报告期内公司客户结构进一步优化，前五大客户收入占比为41.8%，客户集中度处于合理区间。受行业周期影响，部分产品价格有所回落，公司及时调整销售策略，库存水平保持在合理范围。公司本期新增专利授权11项，累计有效专利56项，技术储备进一步夯实。报告期内公司客户结构进一步优化，前五大客户收入占比为36.9%，客户集中度处于合理区间。,脚本生成演示语料(step0_make_demo_corpus.py)
DEMO024,演示DEMO024股份有限公司,房地产,2022,年度报告,公司高度重视安全生产与环境保护，报告期内未发生重大安全事故。公司主要客户为行业龙头企业，合作关系稳定，应收账款回款情况良好。公司积极拓展海外市场，出口业务收入同比增长-6.3%，国际化布局初见成效。公司本期新增专利授权15项，累计有效专利120项，技术储备进一步夯实。公司建立健全内部控制系统，治理结构规范，三会运作正常。公司现金流状况良好，经营活动现金流量净额为3.2亿元，资产负债结构稳健。报告期内，公司获得高新技术企业资质认定，享受相应税收优惠政策。下半年公司将围绕年度经营计划，重点做好市场开拓、成本控制与人才梯队建设等工作。,脚本生成演示语料(step0_make_demo_corpus.py)
DEMO024,演示DEMO024股份有限公司,房地产,2023,年度报告,公司利用智能合约技术自动执行供应商结算条款。公司开展数据治理体系建设，统一主数据标准，提升数据资产质量。公司现金流状况良好，经营活动现金流量净额为5.8亿元，资产负债结构稳健。下半年公司将围绕年度经营计划，重点做好市场开拓、成本控制与人才梯队建设等工作。报告期内人民币汇率波动加大，公司通过远期结售汇业务降低了汇兑损失。公司建立健全内部控制系统，治理结构规范，三会运作正常。公司持续加大研发投入，研发费用占营业收入比例为2.6%，围绕纺织服装开展技术攻关。公司持续优化产品结构，食品饮料业务占比稳步提升，毛利率较上年持平个百分点。报告期内，公司获得高新技术企业资质认定，享受相应税收优惠政策。报告期内公司客户结构进一步优化，前五大客户收入占比为32.5%，客户集中度处于合理区间。本年度公司人力成本略有上升，管理费用率保持稳定，费用管控成效显现。,脚本生成演示语料(step0_make_demo_corpus.py)
DEMO024,演示DEMO024股份有限公司,房地产,2024,年度报告,报告期内，公司实现营业收入63.7亿元，同比增长15.2%，主要得益于主营业务产销规模扩大。公司持续加大研发投入，研发费用占营业收入比例为2.6%，围绕食品饮料开展技术攻关。报告期内，公司获得高新技术企业资质认定，享受相应税收优惠政策。公司积极拓展海外市场，出口业务收入同比增长30.5%，国际化布局初见成效。面对市场竞争加剧，公司加大渠道建设力度，经销商数量增加88家，覆盖区域进一步扩大。公司积极拓展海外市场，出口业务收入同比增长18.9%，国际化布局初见成效。公司持续加大研发投入，研发费用占营业收入比例为1.8%，围绕高端装备开展技术攻关。公司开展数据治理体系建设，统一主数据标准，提升数据资产质量。公司数据中心一期建成投用，具备 PB 级数据存储与计算能力。公司引入人工智能技术优化{prod}质检环节，缺陷识别准确率显著提升。报告期内公司客户结构进一步优化，前五大客户收入占比为41.8%，客户集中度处于合理区间。,脚本生成演示语料(step0_make_demo_corpus.py)
DEMO025,演示DEMO025股份有限公司,农林牧渔,2020,年度报告,公司持续优化产品结构，高端装备业务占比稳步提升，毛利率较上年持平个百分点。公司继续推进产能建设，纺织服装项目一期已投产，预计达产后年新增产能5万吨。公司推动业务流程线上化，无纸化办公覆盖全部业务部门。面对市场竞争加剧，公司加大渠道建设力度，经销商数量增加210家，覆盖区域进一步扩大。公司深耕西南市场，区域市场份额稳中有升，品牌影响力持续增强。报告期内，公司实现营业收入19.3亿元，同比增长22.7%，主要得益于主营业务产销规模扩大。公司深耕西南市场，区域市场份额稳中有升，品牌影响力持续增强。公司深耕东北市场，区域市场份额稳中有升，品牌影响力持续增强。本年度公司人力成本略有上升，管理费用率保持稳定，费用管控成效显现。,脚本生成演示语料(step0_make_demo_corpus.py)
DEMO025,演示DEMO025股份有限公司,农林牧渔,2021,年度报告,报告期内人民币汇率波动加大，公司通过远期结售汇业务降低了汇兑损失。公司积极拓展海外市场，出口业务收入同比增长30.5%，国际化布局初见成效。下半年公司将围绕年度经营计划，重点做好市场开拓、成本控制与人才梯队建设等工作。本年度公司人力成本略有上升，管理费用率保持稳定，费用管控成效显现。报告期内公司客户结构进一步优化，前五大客户收入占比为28.3%，客户集中度处于合理区间。报告期内公司无重大诉讼仲裁事项，各项经营活动正常开展。公司持续优化产品结构，纺织服装业务占比稳步提升，毛利率较上年上升1.2个百分点。受行业周期影响，部分产品价格有所回落，公司及时调整销售策略，库存水平保持在合理范围。报告期内人民币汇率波动加大，公司通过远期结售汇业务降低了汇兑损失。报告期内，公司获得高新技术企业资质认定，享受相应税收优惠政策。报告期内，公司实现营业收入12.6亿元，同比增长-1.8%，主要得益于主营业务产销规模扩大。,脚本生成演示语料(step0_make_demo_corpus.py)
DEMO025,演示DEMO025股份有限公司,农林牧渔,2022,年度报告,公司继续推进产能建设，精细化工产品项目一期已投产，预计达产后年新增产能20万吨。公司数据中心一期建成投用，具备 PB 级数据存储与计算能力。受行业周期影响，部分产品价格有所回落，公司及时调整销售策略，库存水平保持在合理范围。原材料价格波动对成本端形成一定压力，公司通过集中采购和套期保值部分对冲了成本上行风险。公司继续推进产能建设，精细化工产品项目一期已投产，预计达产后年新增产能8万吨。本年度公司人力成本略有上升，管理费用率保持稳定，费用管控成效显现。公司高度重视安全生产与环境保护，报告期内未发生重大安全事故。报告期内人民币汇率波动加大，公司通过远期结售汇业务降低了汇兑损失。公司建立健全内部控制系统，治理结构规范，三会运作正常。面对市场竞争加剧，公司加大渠道建设力度，经销商数量增加210家，覆盖区域进一步扩大。,脚本生成演示语料(step0_make_demo_corpus.py)
DEMO025,演示DEMO025股份有限公司,农林牧渔,2023,年度报告,本年度公司人力成本略有上升，管理费用率保持稳定，费用管控成效显现。公司部署机器学习算法对销售数据进行需求预测，库存周转效率明显改善。公司主要客户为行业龙头企业，合作关系稳定，应收账款回款情况良好。公司上线智能排产系统，通过智能算法优化生产计划排程。报告期内，公司实现营业收入63.7亿元，同比增长22.7%，主要得益于主营业务产销规模扩大。公司继续推进产能建设，食品饮料项目一期已投产，预计达产后年新增产能12万吨。公司现金流状况良好，经营活动现金流量净额为8.7亿元，资产负债结构稳健。公司现金流状况良好，经营活动现金流量净额为12.4亿元，资产负债结构稳健。公司主要客户为行业龙头企业，合作关系稳定，应收账款回款情况良好。公司主要客户为行业龙头企业，合作关系稳定，应收账款回款情况良好。公司高度重视安全生产与环境保护，报告期内未发生重大安全事故。公司继续推进产能建设，精细化工产品项目一期已投产，预计达产后年新增产能8万吨。,脚本生成演示语料(step0_make_demo_corpus.py)
DEMO025,演示DEMO025股份有限公司,农林牧渔,2024,年度报告,公司建立健全内部控制系统，治理结构规范，三会运作正常。报告期内，公司获得高新技术企业资质认定，享受相应税收优惠政策。公司继续推进产能建设，食品饮料项目一期已投产，预计达产后年新增产能5万吨。下半年公司将围绕年度经营计划，重点做好市场开拓、成本控制与人才梯队建设等工作。面对市场竞争加剧，公司加大渠道建设力度，经销商数量增加36家，覆盖区域进一步扩大。本年度公司人力成本略有上升，管理费用率保持稳定，费用管控成效显现。公司深耕华东市场，区域市场份额稳中有升，品牌影响力持续增强。公司开展数据治理体系建设，统一主数据标准，提升数据资产质量。报告期内，公司实现营业收入12.6亿元，同比增长8.5%，主要得益于主营业务产销规模扩大。公司持续优化产品结构，精细化工产品业务占比稳步提升，毛利率较上年下降0.8个百分点。报告期内，公司获得高新技术企业资质认定，享受相应税收优惠政策。,脚本生成演示语料(step0_make_demo_corpus.py)
DEMO026,演示DEMO026股份有限公司,信息技术,2020,年度报告,公司建立健全内部控制系统，治理结构规范，三会运作正常。公司构建智慧物流体系，仓储分拣自动化水平显著提高。公司参与行业区块链联盟，推动供应链单证电子化与可信流转。公司推进经营管理信息化，上线新一代ERP系统实现业财一体。受行业周期影响，部分产品价格有所回落，公司及时调整销售策略，库存水平保持在合理范围。公司推进计算机视觉技术在生产线上的应用，实现关键工序自动检测。公司建设大数据平台，整合生产、销售与供应链数据，支撑经营决策。公司持续优化产品结构，食品饮料业务占比稳步提升，毛利率较上年持平个百分点。公司探索区块链技术在产品溯源中的应用，实现全流程信息上链。公司持续加大研发投入，研发费用占营业收入比例为5.1%，围绕建材开展技术攻关。公司建设工业互联网平台，实现设备联网与远程运维。公司推进计算机视觉技术在生产线上的应用，实现关键工序自动检测。公司与高校联合开展深度学习算法研究，赋能产品智能设计。公司推进经营管理信息化，上线新一代ERP系统实现业财一体。公司基于云平台搭建协同办公体系，跨区域协作效率提升。公司继续推进产能建设，精细化工产品项目一期已投产，预计达产后年新增产能20万吨。报告期内，公司实现营业收入12.6亿元，同比增长-1.8%，主要得益于主营业务产销规模扩大。公司部署机器学习算法对销售数据进行需求预测，库存周转效率明显改善。公司利用智能合约技术自动执行供应商结算条款。公司构建智慧物流体系，仓储分拣自动化水平显著提高。公司构建经营分析数据仓库，管理层可实时查看核心经营指标。受行业周期影响，部分产品价格有所回落，公司及时调整销售策略，库存水平保持在合理范围。公司积极拓展海外市场，出口业务收入同比增长18.9%，国际化布局初见成效。公司制定数字化转型规划，成立数字化管理委员会统筹推进。本年度公司人力成本略有上升，管理费用率保持稳定，费用管控成效显现。公司试点数字人民币结算场景，丰富收款渠道。公司采购云服务替代传统服务器部署，系统上线周期大幅缩短。公司建设大数据平台，整合生产、销售与供应链数据，支撑经营决策。公司与高校联合开展深度学习算法研究，赋能产品智能设计。,脚本生成演示语料(step0_make_demo_corpus.py)
DEMO026,演示DEMO026股份有限公司,信息技术,2021,年度报告,报告期内公司客户结构进一步优化，前五大客户收入占比为55.1%，客户集中度处于合理区间。公司开展数据治理体系建设，统一主数据标准，提升数据资产质量。面对市场竞争加剧，公司加大渠道建设力度，经销商数量增加36家，覆盖区域进一步扩大。公司引入人工智能技术优化{prod}质检环节，缺陷识别准确率显著提升。公司与高校联合开展深度学习算法研究，赋能产品智能设计。公司持续加大研发投入，研发费用占营业收入比例为3.2%，围绕建材开展技术攻关。公司与高校联合开展深度学习算法研究，赋能产品智能设计。报告期内公司客户结构进一步优化，前五大客户收入占比为41.8%，客户集中度处于合理区间。公司建设智能客服系统，应用自然语言处理技术实现工单自动分类。报告期内，公司实现营业收入28.4亿元，同比增长-1.8%，主要得益于主营业务产销规模扩大。公司运用数据挖掘技术分析客户行为，实现精准营销。下半年公司将围绕年度经营计划，重点做好市场开拓、成本控制与人才梯队建设等工作。报告期内，公司获得高新技术企业资质认定，享受相应税收优惠政策。下半年公司将围绕年度经营计划，重点做好市场开拓、成本控制与人才梯队建设等工作。公司构建经营分析数据仓库，管理层可实时查看核心经营指标。公司与高校联合开展深度学习算法研究，赋能产品智能设计。公司基于云平台搭建协同办公体系，跨区域协作效率提升。公司建立健全内部控制系统，治理结构规范，三会运作正常。公司推进计算机视觉技术在生产线上的应用，实现关键工序自动检测。公司数据中心一期建成投用，具备 PB 级数据存储与计算能力。公司评估公有云与私有云方案，逐步构建统一算力资源池。公司数据中心一期建成投用，具备 PB 级数据存储与计算能力。,脚本生成演示语料(step0_make_demo_corpus.py)
DEMO026,演示DEMO026股份有限公司,信息技术,2022,年度报告,公司深耕东北市场，区域市场份额稳中有升，品牌影响力持续增强。公司推进智能制造升级，数字化车间已通过省级认定。公司建设智能客服系统，应用自然语言处理技术实现工单自动分类。下半年公司将围绕年度经营计划，重点做好市场开拓、成本控制与人才梯队建设等工作。公司利用智能合约技术自动执行供应商结算条款。公司成立数据中台团队，推动业务数据化、数据业务化。公司建设大数据平台，整合生产、销售与供应链数据，支撑经营决策。公司推进计算机视觉技术在生产线上的应用，实现关键工序自动检测。公司推进智能制造升级，数字化车间已通过省级认定。公司建立健全内部控制系统，治理结构规范，三会运作正常。公司成立数据中台团队，推动业务数据化、数据业务化。公司建设大数据平台，整合生产、销售与供应链数据，支撑经营决策。公司推动业务流程线上化，无纸化办公覆盖全部业务部门。报告期内人民币汇率波动加大，公司通过远期结售汇业务降低了汇兑损失。报告期内，公司获得高新技术企业资质认定，享受相应税收优惠政策。公司继续推进产能建设，电子元器件项目一期已投产，预计达产后年新增产能8万吨。公司探索区块链技术在产品溯源中的应用，实现全流程信息上链。公司引入人工智能技术优化{prod}质检环节，缺陷识别准确率显著提升。报告期内，公司实现营业收入19.3亿元，同比增长8.5%，主要得益于主营业务产销规模扩大。公司引入人工智能技术优化{prod}质检环节，缺陷识别准确率显著提升。面对市场竞争加剧，公司加大渠道建设力度，经销商数量增加88家，覆盖区域进一步扩大。报告期内，公司实现营业收入63.7亿元，同比增长-3.1%，主要得益于主营业务产销规模扩大。公司引入人工智能技术优化{prod}质检环节，缺陷识别准确率显著提升。下半年公司将围绕年度经营计划，重点做好市场开拓、成本控制与人才梯队建设等工作。公司建设智能客服系统，应用自然语言处理技术实现工单自动分类。,脚本生成演示语料(step0_make_demo_corpus.py)
DEMO026,演示DEMO026股份有限公司,信息技术,2023,年度报告,公司参与行业区块链联盟，推动供应链单证电子化与可信流转。公司建设大数据平台，整合生产、销售与供应链数据，支撑经营决策。公司核心业务系统迁移上云，采用混合云架构降低IT运维成本。公司部署机器学习算法对销售数据进行需求预测，库存周转效率明显改善。公司上线智能排产系统，通过智能算法优化生产计划排程。公司本期新增专利授权8项，累计有效专利85项，技术储备进一步夯实。公司运用数据挖掘技术分析客户行为，实现精准营销。公司上线智能排产系统，通过智能算法优化生产计划排程。本年度公司人力成本略有上升，管理费用率保持稳定，费用管控成效显现。公司试点数字人民币结算场景，丰富收款渠道。公司发展电子商务业务，线上渠道收入占比持续提升。公司数据中心一期建成投用，具备 PB 级数据存储与计算能力。报告期内，公司实现营业收入8.9亿元，同比增长-1.8%，主要得益于主营业务产销规模扩大。公司引入边缘计算设备，实现车间数据的就地处理与实时回传。公司制定数字化转型规划，成立数字化管理委员会统筹推进。公司利用智能合约技术自动执行供应商结算条款。公司积极拓展海外市场，出口业务收入同比增长12.1%，国际化布局初见成效。下半年公司将围绕年度经营计划，重点做好市场开拓、成本控制与人才梯队建设等工作。公司上线智能排产系统，通过智能算法优化生产计划排程。公司探索区块链技术在产品溯源中的应用，实现全流程信息上链。公司应用数字孪生技术对重点产线进行虚拟建模与仿真优化。公司持续加大研发投入，研发费用占营业收入比例为3.2%，围绕食品饮料开展技术攻关。报告期内公司无重大诉讼仲裁事项，各项经营活动正常开展。公司深耕华北市场，区域市场份额稳中有升，品牌影响力持续增强。公司高度重视安全生产与环境保护，报告期内未发生重大安全事故。公司现金流状况良好，经营活动现金流量净额为8.7亿元，资产负债结构稳健。公司制定数字化转型规划，成立数字化管理委员会统筹推进。公司持续加大研发投入，研发费用占营业收入比例为1.8%，围绕高端装备开展技术攻关。公司制定数字化转型规划，成立数字化管理委员会统筹推进。公司利用智能合约技术自动执行供应商结算条款。公司数据中心一期建成投用，具备 PB 级数据存储与计算能力。公司推进智能制造升级，数字化车间已通过省级认定。公司现金流状况良好，经营活动现金流量净额为12.4亿元，资产负债结构稳健。公司构建经营分析数据仓库，管理层可实时查看核心经营指标。公司建设智能客服系统，应用自然语言处理技术实现工单自动分类。公司成立数据中台团队，推动业务数据化、数据业务化。公司引入边缘计算设备，实现车间数据的就地处理与实时回传。,脚本生成演示语料(step0_make_demo_corpus.py)
DEMO026,演示DEMO026股份有限公司,信息技术,2024,年度报告,面对市场竞争加剧，公司加大渠道建设力度，经销商数量增加88家，覆盖区域进一步扩大。公司核心业务系统迁移上云，采用混合云架构降低IT运维成本。公司基于云平台搭建协同办公体系，跨区域协作效率提升。公司引入人工智能技术优化{prod}质检环节，缺陷识别准确率显著提升。公司试点数字人民币结算场景，丰富收款渠道。公司现金流状况良好，经营活动现金流量净额为1.5亿元，资产负债结构稳健。公司主要客户为行业龙头企业，合作关系稳定，应收账款回款情况良好。公司上线智能排产系统，通过智能算法优化生产计划排程。公司部署机器学习算法对销售数据进行需求预测，库存周转效率明显改善。公司发展电子商务业务，线上渠道收入占比持续提升。公司持续优化产品结构，建材业务占比稳步提升，毛利率较上年下降1.5个百分点。报告期内公司无重大诉讼仲裁事项，各项经营活动正常开展。公司部署机器学习算法对销售数据进行需求预测，库存周转效率明显改善。公司建设工业互联网平台，实现设备联网与远程运维。公司推进计算机视觉技术在生产线上的应用，实现关键工序自动检测。公司持续优化产品结构，高端装备业务占比稳步提升，毛利率较上年上升1.2个百分点。公司运用数据挖掘技术分析客户行为，实现精准营销。公司探索区块链技术在产品溯源中的应用，实现全流程信息上链。公司发展电子商务业务，线上渠道收入占比持续提升。公司采购云服务替代传统服务器部署，系统上线周期大幅缩短。公司上线智能排产系统，通过智能算法优化生产计划排程。公司深耕东北市场，区域市场份额稳中有升，品牌影响力持续增强。公司制定数字化转型规划，成立数字化管理委员会统筹推进。公司核心业务系统迁移上云，采用混合云架构降低IT运维成本。公司探索区块链技术在产品溯源中的应用，实现全流程信息上链。公司引入边缘计算设备，实现车间数据的就地处理与实时回传。公司探索区块链技术在产品溯源中的应用，实现全流程信息上链。公司引入边缘计算设备，实现车间数据的就地处理与实时回传。公司高度重视安全生产与环境保护，报告期内未发生重大安全事故。报告期内人民币汇率波动加大，公司通过远期结售汇业务降低了汇兑损失。公司参与行业区块链联盟，推动供应链单证电子化与可信流转。公司研究基于分布式账本的对账机制，降低交易核对成本。,脚本生成演示语料(step0_make_demo_corpus.py)
DEMO027,演示DEMO027股份有限公司,制造业,2020,年度报告,公司持续优化产品结构，食品饮料业务占比稳步提升，毛利率较上年上升2.5个百分点。本年度公司人力成本略有上升，管理费用率保持稳定，费用管控成效显现。报告期内，公司实现营业收入19.3亿元，同比增长15.2%，主要得益于主营业务产销规模扩大。报告期内人民币汇率波动加大，公司通过远期结售汇业务降低了汇兑损失。报告期内公司无重大诉讼仲裁事项，各项经营活动正常开展。公司现金流状况良好，经营活动现金流量净额为5.8亿元，资产负债结构稳健。下半年公司将围绕年度经营计划，重点做好市场开拓、成本控制与人才梯队建设等工作。公司研究基于分布式账本的对账机制，降低交易核对成本。公司推进计算机视觉技术在生产线上的应用，实现关键工序自动检测。公司推动业务流程线上化，无纸化办公覆盖全部业务部门。报告期内，公司获得高新技术企业资质认定，享受相应税收优惠政策。公司建立健全内部控制系统，治理结构规范，三会运作正常。面对市场竞争加剧，公司加大渠道建设力度，经销商数量增加88家，覆盖区域进一步扩大。公司主要客户为行业龙头企业，合作关系稳定，应收账款回款情况良好。公司建立健全内部控制系统，治理结构规范，三会运作正常。公司研究基于分布式账本的对账机制，降低交易核对成本。,脚本生成演示语料(step0_make_demo_corpus.py)
DEMO027,演示DEMO027股份有限公司,制造业,2021,年度报告,公司主要客户为行业龙头企业，合作关系稳定，应收账款回款情况良好。公司研究基于分布式账本的对账机制，降低交易核对成本。公司本期新增专利授权22项，累计有效专利210项，技术储备进一步夯实。公司开展数据治理体系建设，统一主数据标准，提升数据资产质量。公司基于云平台搭建协同办公体系，跨区域协作效率提升。报告期内公司无重大诉讼仲裁事项，各项经营活动正常开展。公司继续推进产能建设，建材项目一期已投产，预计达产后年新增产能8万吨。公司推进计算机视觉技术在生产线上的应用，实现关键工序自动检测。公司深耕西南市场，区域市场份额稳中有升，品牌影响力持续增强。公司推进智能制造升级，数字化车间已通过省级认定。公司主要客户为行业龙头企业，合作关系稳定，应收账款回款情况良好。公司积极拓展海外市场，出口业务收入同比增长18.9%，国际化布局初见成效。原材料价格波动对成本端形成一定压力，公司通过集中采购和套期保值部分对冲了成本上行风险。本年度公司人力成本略有上升，管理费用率保持稳定，费用管控成效显现。,脚本生成演示语料(step0_make_demo_corpus.py)
DEMO027,演示DEMO027股份有限公司,制造业,2022,年度报告,公司数据中心一期建成投用，具备 PB 级数据存储与计算能力。公司引入边缘计算设备，实现车间数据的就地处理与实时回传。公司高度重视安全生产与环境保护，报告期内未发生重大安全事故。本年度公司人力成本略有上升，管理费用率保持稳定，费用管控成效显现。公司制定数字化转型规划，成立数字化管理委员会统筹推进。公司核心业务系统迁移上云，采用混合云架构降低IT运维成本。原材料价格波动对成本端形成一定压力，公司通过集中采购和套期保值部分对冲了成本上行风险。报告期内，公司实现营业收入28.4亿元，同比增长22.7%，主要得益于主营业务产销规模扩大。公司建立健全内部控制系统，治理结构规范，三会运作正常。面对市场竞争加剧，公司加大渠道建设力度，经销商数量增加210家，覆盖区域进一步扩大。原材料价格波动对成本端形成一定压力，公司通过集中采购和套期保值部分对冲了成本上行风险。报告期内，公司实现营业收入63.7亿元，同比增长-1.8%，主要得益于主营业务产销规模扩大。公司探索区块链技术在产品溯源中的应用，实现全流程信息上链。报告期内，公司实现营业收入63.7亿元，同比增长-3.1%，主要得益于主营业务产销规模扩大。公司建立健全内部控制系统，治理结构规范，三会运作正常。公司建设大数据平台，整合生产、销售与供应链数据，支撑经营决策。公司持续优化产品结构，精细化工产品业务占比稳步提升，毛利率较上年上升2.5个百分点。公司推动业务流程线上化，无纸化办公覆盖全部业务部门。,脚本生成演示语料(step0_make_demo_corpus.py)
DEMO027,演示DEMO027股份有限公司,制造业,2023,年度报告,原材料价格波动对成本端形成一定压力，公司通过集中采购和套期保值部分对冲了成本上行风险。公司现金流状况良好，经营活动现金流量净额为8.7亿元，资产负债结构稳健。公司与高校联合开展深度学习算法研究，赋能产品智能设计。报告期内，公司获得高新技术企业资质认定，享受相应税收优惠政策。原材料价格波动对成本端形成一定压力，公司通过集中采购和套期保值部分对冲了成本上行风险。公司数据中心一期建成投用，具备 PB 级数据存储与计算能力。报告期内，公司获得高新技术企业资质认定，享受相应税收优惠政策。公司建设工业互联网平台，实现设备联网与远程运维。公司本期新增专利授权22项，累计有效专利85项，技术储备进一步夯实。报告期内，公司实现营业收入19.3亿元，同比增长8.5%，主要得益于主营业务产销规模扩大。公司建立健全内部控制系统，治理结构规范，三会运作正常。公司持续加大研发投入，研发费用占营业收入比例为5.1%，围绕电子元器件开展技术攻关。公司持续加大研发投入，研发费用占营业收入比例为5.1%，围绕纺织服装开展技术攻关。公司试点数字人民币结算场景，丰富收款渠道。公司现金流状况良好，经营活动现金流量净额为1.5亿元，资产负债结构稳健。公司评估公有云与私有云方案，逐步构建统一算力资源池。,脚本生成演示语料(step0_make_demo_corpus.py)
DEMO027,演示DEMO027股份有限公司,制造业,2024,年度报告,公司高度重视安全生产与环境保护，报告期内未发生重大安全事故。报告期内公司无重大诉讼仲裁事项，各项经营活动正常开展。报告期内人民币汇率波动加大，公司通过远期结售汇业务降低了汇兑损失。公司推进经营管理信息化，上线新一代ERP系统实现业财一体。公司开展数据治理体系建设，统一主数据标准，提升数据资产质量。公司评估公有云与私有云方案，逐步构建统一算力资源池。公司本期新增专利授权3项，累计有效专利120项，技术储备进一步夯实。公司积极拓展海外市场，出口业务收入同比增长9.4%，国际化布局初见成效。公司继续推进产能建设，高端装备项目一期已投产，预计达产后年新增产能12万吨。公司采购云服务替代传统服务器部署，系统上线周期大幅缩短。面对市场竞争加剧，公司加大渠道建设力度，经销商数量增加210家，覆盖区域进一步扩大。公司推进智能制造升级，数字化车间已通过省级认定。公司现金流状况良好，经营活动现金流量净额为1.5亿元，资产负债结构稳健。公司建设智能客服系统，应用自然语言处理技术实现工单自动分类。公司构建经营分析数据仓库，管理层可实时查看核心经营指标。报告期内公司无重大诉讼仲裁事项，各项经营活动正常开展。报告期内，公司实现营业收入28.4亿元，同比增长22.7%，主要得益于主营业务产销规模扩大。报告期内，公司实现营业收入8.9亿元，同比增长15.2%，主要得益于主营业务产销规模扩大。公司持续优化产品结构，电子元器件业务占比稳步提升，毛利率较上年上升1.2个百分点。,脚本生成演示语料(step0_make_demo_corpus.py)
DEMO028,演示DEMO028股份有限公司,批发零售,2020,年度报告,公司主要客户为行业龙头企业，合作关系稳定，应收账款回款情况良好。公司引入人工智能技术优化{prod}质检环节，缺陷识别准确率显著提升。报告期内人民币汇率波动加大，公司通过远期结售汇业务降低了汇兑损失。公司基于云平台搭建协同办公体系，跨区域协作效率提升。受行业周期影响，部分产品价格有所回落，公司及时调整销售策略，库存水平保持在合理范围。报告期内人民币汇率波动加大，公司通过远期结售汇业务降低了汇兑损失。报告期内，公司获得高新技术企业资质认定，享受相应税收优惠政策。公司建立健全内部控制系统，治理结构规范，三会运作正常。受行业周期影响，部分产品价格有所回落，公司及时调整销售策略，库存水平保持在合理范围。报告期内公司客户结构进一步优化，前五大客户收入占比为32.5%，客户集中度处于合理区间。公司主要客户为行业龙头企业，合作关系稳定，应收账款回款情况良好。公司主要客户为行业龙头企业，合作关系稳定，应收账款回款情况良好。受行业周期影响，部分产品价格有所回落，公司及时调整销售策略，库存水平保持在合理范围。报告期内，公司获得高新技术企业资质认定，享受相应税收优惠政策。公司上线智能排产系统，通过智能算法优化生产计划排程。,脚本生成演示语料(step0_make_demo_corpus.py)
DEMO028,演示DEMO028股份有限公司,批发零售,2021,年度报告,报告期内，公司获得高新技术企业资质认定，享受相应税收优惠政策。公司本期新增专利授权3项，累计有效专利56项，技术储备进一步夯实。公司上线智能排产系统，通过智能算法优化生产计划排程。公司深耕东北市场，区域市场份额稳中有升，品牌影响力持续增强。公司持续优化产品结构，建材业务占比稳步提升，毛利率较上年下降1.5个百分点。公司建设工业互联网平台，实现设备联网与远程运维。公司采购云服务替代传统服务器部署，系统上线周期大幅缩短。报告期内人民币汇率波动加大，公司通过远期结售汇业务降低了汇兑损失。报告期内公司无重大诉讼仲裁事项，各项经营活动正常开展。原材料价格波动对成本端形成一定压力，公司通过集中采购和套期保值部分对冲了成本上行风险。公司推进计算机视觉技术在生产线上的应用，实现关键工序自动检测。公司建立健全内部控制系统，治理结构规范，三会运作正常。公司采购云服务替代传统服务器部署，系统上线周期大幅缩短。公司建设工业互联网平台，实现设备联网与远程运维。公司推进计算机视觉技术在生产线上的应用，实现关键工序自动检测。公司推进智能制造升级，数字化车间已通过省级认定。公司持续加大研发投入，研发费用占营业收入比例为4.4%，围绕纺织服装开展技术攻关。公司开展数据治理体系建设，统一主数据标准，提升数据资产质量。,脚本生成演示语料(step0_make_demo_corpus.py)
DEMO028,演示DEMO028股份有限公司,批发零售,2022,年度报告,报告期内，公司获得高新技术企业资质认定，享受相应税收优惠政策。报告期内，公司实现营业收入28.4亿元，同比增长8.5%，主要得益于主营业务产销规模扩大。公司建设工业互联网平台，实现设备联网与远程运维。公司现金流状况良好，经营活动现金流量净额为12.4亿元，资产负债结构稳健。公司主要客户为行业龙头企业，合作关系稳定，应收账款回款情况良好。公司制定数字化转型规划，成立数字化管理委员会统筹推进。公司深耕华东市场，区域市场份额稳中有升，品牌影响力持续增强。公司高度重视安全生产与环境保护，报告期内未发生重大安全事故。公司引入人工智能技术优化{prod}质检环节，缺陷识别准确率显著提升。公司制定数字化转型规划，成立数字化管理委员会统筹推进。公司运用数据挖掘技术分析客户行为，实现精准营销。下半年公司将围绕年度经营计划，重点做好市场开拓、成本控制与人才梯队建设等工作。报告期内人民币汇率波动加大，公司通过远期结售汇业务降低了汇兑损失。原材料价格波动对成本端形成一定压力，公司通过集中采购和套期保值部分对冲了成本上行风险。公司继续推进产能建设，电子元器件项目一期已投产，预计达产后年新增产能12万吨。公司研究基于分布式账本的对账机制，降低交易核对成本。,脚本生成演示语料(step0_make_demo_corpus.py)
DEMO028,演示DEMO028股份有限公司,批发零售,2023,年度报告,报告期内公司客户结构进一步优化，前五大客户收入占比为32.5%，客户集中度处于合理区间。公司建设智能客服系统，应用自然语言处理技术实现工单自动分类。公司上线智能排产系统，通过智能算法优化生产计划排程。公司应用数字孪生技术对重点产线进行虚拟建模与仿真优化。公司主要客户为行业龙头企业，合作关系稳定，应收账款回款情况良好。公司建设工业互联网平台，实现设备联网与远程运维。报告期内，公司获得高新技术企业资质认定，享受相应税收优惠政策。本年度公司人力成本略有上升，管理费用率保持稳定，费用管控成效显现。公司积极拓展海外市场，出口业务收入同比增长9.4%，国际化布局初见成效。公司建设大数据平台，整合生产、销售与供应链数据，支撑经营决策。公司数据中心一期建成投用，具备 PB 级数据存储与计算能力。公司本期新增专利授权11项，累计有效专利210项，技术储备进一步夯实。公司持续加大研发投入，研发费用占营业收入比例为5.1%，围绕电子元器件开展技术攻关。公司深耕华南市场，区域市场份额稳中有升，品牌影响力持续增强。公司上线智能排产系统，通过智能算法优化生产计划排程。公司持续优化产品结构，纺织服装业务占比稳步提升，毛利率较上年上升2.5个百分点。下半年公司将围绕年度经营计划，重点做好市场开拓、成本控制与人才梯队建设等工作。公司深耕东北市场，区域市场份额稳中有升，品牌影响力持续增强。公司数据中心一期建成投用，具备 PB 级数据存储与计算能力。公司探索区块链技术在产品溯源中的应用，实现全流程信息上链。公司制定数字化转型规划，成立数字化管理委员会统筹推进。,脚本生成演示语料(step0_make_demo_corpus.py)
DEMO028,演示DEMO028股份有限公司,批发零售,2024,年度报告,受行业周期影响，部分产品价格有所回落，公司及时调整销售策略，库存水平保持在合理范围。公司持续加大研发投入，研发费用占营业收入比例为4.4%，围绕纺织服装开展技术攻关。下半年公司将围绕年度经营计划，重点做好市场开拓、成本控制与人才梯队建设等工作。公司主要客户为行业龙头企业，合作关系稳定，应收账款回款情况良好。公司制定数字化转型规划，成立数字化管理委员会统筹推进。报告期内公司无重大诉讼仲裁事项，各项经营活动正常开展。公司主要客户为行业龙头企业，合作关系稳定，应收账款回款情况良好。公司成立数据中台团队，推动业务数据化、数据业务化。公司数据中心一期建成投用，具备 PB 级数据存储与计算能力。报告期内，公司获得高新技术企业资质认定，享受相应税收优惠政策。公司建设大数据平台，整合生产、销售与供应链数据，支撑经营决策。公司利用智能合约技术自动执行供应商结算条款。公司发展电子商务业务，线上渠道收入占比持续提升。报告期内人民币汇率波动加大，公司通过远期结售汇业务降低了汇兑损失。报告期内公司客户结构进一步优化，前五大客户收入占比为55.1%，客户集中度处于合理区间。报告期内人民币汇率波动加大，公司通过远期结售汇业务降低了汇兑损失。报告期内，公司实现营业收入63.7亿元，同比增长15.2%，主要得益于主营业务产销规模扩大。公司上线智能排产系统，通过智能算法优化生产计划排程。原材料价格波动对成本端形成一定压力，公司通过集中采购和套期保值部分对冲了成本上行风险。,脚本生成演示语料(step0_make_demo_corpus.py)
DEMO029,演示DEMO029股份有限公司,房地产,2020,年度报告,公司评估公有云与私有云方案，逐步构建统一算力资源池。公司建立健全内部控制系统，治理结构规范，三会运作正常。公司现金流状况良好，经营活动现金流量净额为8.7亿元，资产负债结构稳健。原材料价格波动对成本端形成一定压力，公司通过集中采购和套期保值部分对冲了成本上行风险。公司成立数据中台团队，推动业务数据化、数据业务化。面对市场竞争加剧，公司加大渠道建设力度，经销商数量增加36家，覆盖区域进一步扩大。公司继续推进产能建设，精细化工产品项目一期已投产，预计达产后年新增产能20万吨。公司本期新增专利授权15项，累计有效专利38项，技术储备进一步夯实。公司持续加大研发投入，研发费用占营业收入比例为1.8%，围绕高端装备开展技术攻关。公司高度重视安全生产与环境保护，报告期内未发生重大安全事故。,脚本生成演示语料(step0_make_demo_corpus.py)
DEMO029,演示DEMO029股份有限公司,房地产,2021,年度报告,公司本期新增专利授权15项，累计有效专利38项，技术储备进一步夯实。公司现金流状况良好，经营活动现金流量净额为3.2亿元，资产负债结构稳健。报告期内，公司获得高新技术企业资质认定，享受相应税收优惠政策。公司主要客户为行业龙头企业，合作关系稳定，应收账款回款情况良好。公司积极拓展海外市场，出口业务收入同比增长12.1%，国际化布局初见成效。报告期内公司无重大诉讼仲裁事项，各项经营活动正常开展。报告期内人民币汇率波动加大，公司通过远期结售汇业务降低了汇兑损失。公司推动业务流程线上化，无纸化办公覆盖全部业务部门。公司成立数据中台团队，推动业务数据化、数据业务化。公司评估公有云与私有云方案，逐步构建统一算力资源池。公司建立健全内部控制系统，治理结构规范，三会运作正常。公司高度重视安全生产与环境保护，报告期内未发生重大安全事故。公司建立健全内部控制系统，治理结构规范，三会运作正常。下半年公司将围绕年度经营计划，重点做好市场开拓、成本控制与人才梯队建设等工作。公司持续加大研发投入，研发费用占营业收入比例为3.2%，围绕纺织服装开展技术攻关。,脚本生成演示语料(step0_make_demo_corpus.py)
DEMO029,演示DEMO029股份有限公司,房地产,2022,年度报告,报告期内，公司实现营业收入19.3亿元，同比增长-3.1%，主要得益于主营业务产销规模扩大。公司现金流状况良好，经营活动现金流量净额为3.2亿元，资产负债结构稳健。公司继续推进产能建设，高端装备项目一期已投产，预计达产后年新增产能8万吨。公司构建智慧物流体系，仓储分拣自动化水平显著提高。公司高度重视安全生产与环境保护，报告期内未发生重大安全事故。下半年公司将围绕年度经营计划，重点做好市场开拓、成本控制与人才梯队建设等工作。公司与高校联合开展深度学习算法研究，赋能产品智能设计。公司推进经营管理信息化，上线新一代ERP系统实现业财一体。公司积极拓展海外市场，出口业务收入同比增长-6.3%，国际化布局初见成效。报告期内人民币汇率波动加大，公司通过远期结售汇业务降低了汇兑损失。原材料价格波动对成本端形成一定压力，公司通过集中采购和套期保值部分对冲了成本上行风险。公司开展数据治理体系建设，统一主数据标准，提升数据资产质量。原材料价格波动对成本端形成一定压力，公司通过集中采购和套期保值部分对冲了成本上行风险。报告期内，公司获得高新技术企业资质认定，享受相应税收优惠政策。公司高度重视安全生产与环境保护，报告期内未发生重大安全事故。公司部署机器学习算法对销售数据进行需求预测，库存周转效率明显改善。报告期内，公司实现营业收入28.4亿元，同比增长5.6%，主要得益于主营业务产销规模扩大。,脚本生成演示语料(step0_make_demo_corpus.py)
DEMO029,演示DEMO029股份有限公司,房地产,2023,年度报告,公司积极拓展海外市场，出口业务收入同比增长9.4%，国际化布局初见成效。公司研究基于分布式账本的对账机制，降低交易核对成本。公司主要客户为行业龙头企业，合作关系稳定，应收账款回款情况良好。公司持续优化产品结构，纺织服装业务占比稳步提升，毛利率较上年上升1.2个百分点。报告期内公司客户结构进一步优化，前五大客户收入占比为28.3%，客户集中度处于合理区间。公司主要客户为行业龙头企业，合作关系稳定，应收账款回款情况良好。公司主要客户为行业龙头企业，合作关系稳定，应收账款回款情况良好。公司持续优化产品结构，食品饮料业务占比稳步提升，毛利率较上年下降0.8个百分点。公司现金流状况良好，经营活动现金流量净额为12.4亿元，资产负债结构稳健。原材料价格波动对成本端形成一定压力，公司通过集中采购和套期保值部分对冲了成本上行风险。原材料价格波动对成本端形成一定压力，公司通过集中采购和套期保值部分对冲了成本上行风险。公司采购云服务替代传统服务器部署，系统上线周期大幅缩短。报告期内公司无重大诉讼仲裁事项，各项经营活动正常开展。,脚本生成演示语料(step0_make_demo_corpus.py)
DEMO029,演示DEMO029股份有限公司,房地产,2024,年度报告,面对市场竞争加剧，公司加大渠道建设力度，经销商数量增加120家，覆盖区域进一步扩大。报告期内人民币汇率波动加大，公司通过远期结售汇业务降低了汇兑损失。面对市场竞争加剧，公司加大渠道建设力度，经销商数量增加210家，覆盖区域进一步扩大。公司深耕华南市场，区域市场份额稳中有升，品牌影响力持续增强。公司本期新增专利授权22项，累计有效专利56项，技术储备进一步夯实。公司建设工业互联网平台，实现设备联网与远程运维。公司积极拓展海外市场，出口业务收入同比增长12.1%，国际化布局初见成效。报告期内人民币汇率波动加大，公司通过远期结售汇业务降低了汇兑损失。公司继续推进产能建设，电子元器件项目一期已投产，预计达产后年新增产能5万吨。报告期内公司无重大诉讼仲裁事项，各项经营活动正常开展。报告期内，公司实现营业收入28.4亿元，同比增长-3.1%，主要得益于主营业务产销规模扩大。报告期内，公司获得高新技术企业资质认定，享受相应税收优惠政策。公司建立健全内部控制系统，治理结构规范，三会运作正常。,脚本生成演示语料(step0_make_demo_corpus.py)
DEMO030,演示DEMO030股份有限公司,农林牧渔,2020,年度报告,报告期内，公司实现营业收入12.6亿元，同比增长5.6%，主要得益于主营业务产销规模扩大。报告期内，公司获得高新技术企业资质认定，享受相应税收优惠政策。公司持续优化产品结构，精细化工产品业务占比稳步提升，毛利率较上年上升2.5个百分点。报告期内人民币汇率波动加大，公司通过远期结售汇业务降低了汇兑损失。公司持续优化产品结构，纺织服装业务占比稳步提升，毛利率较上年上升1.2个百分点。报告期内公司无重大诉讼仲裁事项，各项经营活动正常开展。报告期内，公司获得高新技术企业资质认定，享受相应税收优惠政策。下半年公司将围绕年度经营计划，重点做好市场开拓、成本控制与人才梯队建设等工作。公司核心业务系统迁移上云，采用混合云架构降低IT运维成本。公司持续加大研发投入，研发费用占营业收入比例为2.6%，围绕纺织服装开展技术攻关。面对市场竞争加剧，公司加大渠道建设力度，经销商数量增加210家，覆盖区域进一步扩大。公司积极拓展海外市场，出口业务收入同比增长12.1%，国际化布局初见成效。报告期内人民币汇率波动加大，公司通过远期结售汇业务降低了汇兑损失。,脚本生成演示语料(step0_make_demo_corpus.py)
DEMO030,演示DEMO030股份有限公司,农林牧渔,2021,年度报告,公司现金流状况良好，经营活动现金流量净额为8.7亿元，资产负债结构稳健。报告期内，公司获得高新技术企业资质认定，享受相应税收优惠政策。公司积极拓展海外市场，出口业务收入同比增长12.1%，国际化布局初见成效。面对市场竞争加剧，公司加大渠道建设力度，经销商数量增加210家，覆盖区域进一步扩大。公司主要客户为行业龙头企业，合作关系稳定，应收账款回款情况良好。本年度公司人力成本略有上升，管理费用率保持稳定，费用管控成效显现。面对市场竞争加剧，公司加大渠道建设力度，经销商数量增加88家，覆盖区域进一步扩大。原材料价格波动对成本端形成一定压力，公司通过集中采购和套期保值部分对冲了成本上行风险。报告期内公司客户结构进一步优化，前五大客户收入占比为32.5%，客户集中度处于合理区间。公司现金流状况良好，经营活动现金流量净额为12.4亿元，资产负债结构稳健。报告期内公司客户结构进一步优化，前五大客户收入占比为32.5%，客户集中度处于合理区间。公司高度重视安全生产与环境保护，报告期内未发生重大安全事故。,脚本生成演示语料(step0_make_demo_corpus.py)
DEMO030,演示DEMO030股份有限公司,农林牧渔,2022,年度报告,公司继续推进产能建设，电子元器件项目一期已投产，预计达产后年新增产能5万吨。报告期内公司客户结构进一步优化，前五大客户收入占比为41.8%，客户集中度处于合理区间。公司持续优化产品结构，建材业务占比稳步提升，毛利率较上年上升2.5个百分点。原材料价格波动对成本端形成一定压力，公司通过集中采购和套期保值部分对冲了成本上行风险。报告期内人民币汇率波动加大，公司通过远期结售汇业务降低了汇兑损失。公司本期新增专利授权8项，累计有效专利56项，技术储备进一步夯实。报告期内公司客户结构进一步优化，前五大客户收入占比为55.1%，客户集中度处于合理区间。原材料价格波动对成本端形成一定压力，公司通过集中采购和套期保值部分对冲了成本上行风险。公司本期新增专利授权8项，累计有效专利120项，技术储备进一步夯实。公司引入人工智能技术优化{prod}质检环节，缺陷识别准确率显著提升。报告期内公司无重大诉讼仲裁事项，各项经营活动正常开展。报告期内公司客户结构进一步优化，前五大客户收入占比为36.9%，客户集中度处于合理区间。公司引入人工智能技术优化{prod}质检环节，缺陷识别准确率显著提升。公司持续加大研发投入，研发费用占营业收入比例为4.4%，围绕精细化工产品开展技术攻关。,脚本生成演示语料(step0_make_demo_corpus.py)
DEMO030,演示DEMO030股份有限公司,农林牧渔,2023,年度报告,公司主要客户为行业龙头企业，合作关系稳定，应收账款回款情况良好。公司采购云服务替代传统服务器部署，系统上线周期大幅缩短。公司建立健全内部控制系统，治理结构规范，三会运作正常。公司应用数字孪生技术对重点产线进行虚拟建模与仿真优化。下半年公司将围绕年度经营计划，重点做好市场开拓、成本控制与人才梯队建设等工作。报告期内，公司获得高新技术企业资质认定，享受相应税收优惠政策。公司本期新增专利授权3项，累计有效专利85项，技术储备进一步夯实。报告期内公司客户结构进一步优化，前五大客户收入占比为55.1%，客户集中度处于合理区间。公司持续优化产品结构，高端装备业务占比稳步提升，毛利率较上年下降1.5个百分点。本年度公司人力成本略有上升，管理费用率保持稳定，费用管控成效显现。公司积极拓展海外市场，出口业务收入同比增长30.5%，国际化布局初见成效。本年度公司人力成本略有上升，管理费用率保持稳定，费用管控成效显现。公司建立健全内部控制系统，治理结构规范，三会运作正常。报告期内，公司实现营业收入63.7亿元，同比增长-1.8%，主要得益于主营业务产销规模扩大。,脚本生成演示语料(step0_make_demo_corpus.py)
DEMO030,演示DEMO030股份有限公司,农林牧渔,2024,年度报告,报告期内，公司实现营业收入8.9亿元，同比增长-1.8%，主要得益于主营业务产销规模扩大。受行业周期影响，部分产品价格有所回落，公司及时调整销售策略，库存水平保持在合理范围。面对市场竞争加剧，公司加大渠道建设力度，经销商数量增加45家，覆盖区域进一步扩大。公司持续优化产品结构，食品饮料业务占比稳步提升，毛利率较上年持平个百分点。报告期内，公司获得高新技术企业资质认定，享受相应税收优惠政策。公司建立健全内部控制系统，治理结构规范，三会运作正常。报告期内，公司实现营业收入8.9亿元，同比增长15.2%，主要得益于主营业务产销规模扩大。下半年公司将围绕年度经营计划，重点做好市场开拓、成本控制与人才梯队建设等工作。下半年公司将围绕年度经营计划，重点做好市场开拓、成本控制与人才梯队建设等工作。,脚本生成演示语料(step0_make_demo_corpus.py)
DEMO031,演示DEMO031股份有限公司,信息技术,2020,年度报告,公司发展电子商务业务，线上渠道收入占比持续提升。公司推进智能制造升级，数字化车间已通过省级认定。本年度公司人力成本略有上升，管理费用率保持稳定，费用管控成效显现。公司继续推进产能建设，纺织服装项目一期已投产，预计达产后年新增产能8万吨。公司制定数字化转型规划，成立数字化管理委员会统筹推进。公司主要客户为行业龙头企业，合作关系稳定，应收账款回款情况良好。公司开展数据治理体系建设，统一主数据标准，提升数据资产质量。报告期内人民币汇率波动加大，公司通过远期结售汇业务降低了汇兑损失。报告期内人民币汇率波动加大，公司通过远期结售汇业务降低了汇兑损失。公司开展数据治理体系建设，统一主数据标准，提升数据资产质量。公司参与行业区块链联盟，推动供应链单证电子化与可信流转。公司数据中心一期建成投用，具备 PB 级数据存储与计算能力。公司建立健全内部控制系统，治理结构规范，三会运作正常。公司高度重视安全生产与环境保护，报告期内未发生重大安全事故。公司利用智能合约技术自动执行供应商结算条款。公司参与行业区块链联盟，推动供应链单证电子化与可信流转。公司本期新增专利授权8项，累计有效专利38项，技术储备进一步夯实。公司继续推进产能建设，高端装备项目一期已投产，预计达产后年新增产能12万吨。公司上线智能排产系统，通过智能算法优化生产计划排程。公司部署机器学习算法对销售数据进行需求预测，库存周转效率明显改善。公司探索区块链技术在产品溯源中的应用，实现全流程信息上链。公司应用数字孪生技术对重点产线进行虚拟建模与仿真优化。报告期内公司客户结构进一步优化，前五大客户收入占比为32.5%，客户集中度处于合理区间。公司积极拓展海外市场，出口业务收入同比增长12.1%，国际化布局初见成效。公司与高校联合开展深度学习算法研究，赋能产品智能设计。公司成立数据中台团队，推动业务数据化、数据业务化。公司构建智慧物流体系，仓储分拣自动化水平显著提高。公司高度重视安全生产与环境保护，报告期内未发生重大安全事故。,脚本生成演示语料(step0_make_demo_corpus.py)
DEMO031,演示DEMO031股份有限公司,信息技术,2021,年度报告,下半年公司将围绕年度经营计划，重点做好市场开拓、成本控制与人才梯队建设等工作。公司开展数据治理体系建设，统一主数据标准，提升数据资产质量。公司推进智能制造升级，数字化车间已通过省级认定。公司引入人工智能技术优化{prod}质检环节，缺陷识别准确率显著提升。原材料价格波动对成本端形成一定压力，公司通过集中采购和套期保值部分对冲了成本上行风险。公司推进计算机视觉技术在生产线上的应用，实现关键工序自动检测。公司核心业务系统迁移上云，采用混合云架构降低IT运维成本。公司研究基于分布式账本的对账机制，降低交易核对成本。公司推进计算机视觉技术在生产线上的应用，实现关键工序自动检测。公司评估公有云与私有云方案，逐步构建统一算力资源池。报告期内人民币汇率波动加大，公司通过远期结售汇业务降低了汇兑损失。公司运用数据挖掘技术分析客户行为，实现精准营销。公司引入边缘计算设备，实现车间数据的就地处理与实时回传。公司试点数字人民币结算场景，丰富收款渠道。公司采购云服务替代传统服务器部署，系统上线周期大幅缩短。报告期内公司客户结构进一步优化，前五大客户收入占比为28.3%，客户集中度处于合理区间。公司高度重视安全生产与环境保护，报告期内未发生重大安全事故。公司继续推进产能建设，纺织服装项目一期已投产，预计达产后年新增产能12万吨。公司建设大数据平台，整合生产、销售与供应链数据，支撑经营决策。公司运用数据挖掘技术分析客户行为，实现精准营销。本年度公司人力成本略有上升，管理费用率保持稳定，费用管控成效显现。报告期内，公司获得高新技术企业资质认定，享受相应税收优惠政策。公司基于云平台搭建协同办公体系，跨区域协作效率提升。,脚本生成演示语料(step0_make_demo_corpus.py)
DEMO031,演示DEMO031股份有限公司,信息技术,2022,年度报告,公司采购云服务替代传统服务器部署，系统上线周期大幅缩短。公司数据中心一期建成投用，具备 PB 级数据存储与计算能力。公司基于云平台搭建协同办公体系，跨区域协作效率提升。公司引入人工智能技术优化{prod}质检环节，缺陷识别准确率显著提升。下半年公司将围绕年度经营计划，重点做好市场开拓、成本控制与人才梯队建设等工作。公司继续推进产能建设，高端装备项目一期已投产，预计达产后年新增产能20万吨。公司基于云平台搭建协同办公体系，跨区域协作效率提升。公司主要客户为行业龙头企业，合作关系稳定，应收账款回款情况良好。公司评估公有云与私有云方案，逐步构建统一算力资源池。报告期内公司无重大诉讼仲裁事项，各项经营活动正常开展。公司上线智能排产系统，通过智能算法优化生产计划排程。公司利用智能合约技术自动执行供应商结算条款。公司研究基于分布式账本的对账机制，降低交易核对成本。公司现金流状况良好，经营活动现金流量净额为1.5亿元，资产负债结构稳健。公司部署机器学习算法对销售数据进行需求预测，库存周转效率明显改善。公司建立健全内部控制系统，治理结构规范，三会运作正常。公司深耕华南市场，区域市场份额稳中有升，品牌影响力持续增强。公司数据中心一期建成投用，具备 PB 级数据存储与计算能力。公司研究基于分布式账本的对账机制，降低交易核对成本。公司探索区块链技术在产品溯源中的应用，实现全流程信息上链。公司建立健全内部控制系统，治理结构规范，三会运作正常。公司采购云服务替代传统服务器部署，系统上线周期大幅缩短。,脚本生成演示语料(step0_make_demo_corpus.py)
DEMO031,演示DEMO031股份有限公司,信息技术,2023,年度报告,公司与高校联合开展深度学习算法研究，赋能产品智能设计。公司推进计算机视觉技术在生产线上的应用，实现关键工序自动检测。报告期内，公司实现营业收入12.6亿元，同比增长15.2%，主要得益于主营业务产销规模扩大。公司核心业务系统迁移上云，采用混合云架构降低IT运维成本。公司开展数据治理体系建设，统一主数据标准，提升数据资产质量。公司引入边缘计算设备，实现车间数据的就地处理与实时回传。面对市场竞争加剧，公司加大渠道建设力度，经销商数量增加36家，覆盖区域进一步扩大。公司持续优化产品结构，精细化工产品业务占比稳步提升，毛利率较上年下降0.8个百分点。公司持续优化产品结构，精细化工产品业务占比稳步提升，毛利率较上年下降0.8个百分点。公司成立数据中台团队，推动业务数据化、数据业务化。公司研究基于分布式账本的对账机制，降低交易核对成本。公司数据中心一期建成投用，具备 PB 级数据存储与计算能力。公司建设智能客服系统，应用自然语言处理技术实现工单自动分类。公司制定数字化转型规划，成立数字化管理委员会统筹推进。公司高度重视安全生产与环境保护，报告期内未发生重大安全事故。公司建设大数据平台，整合生产、销售与供应链数据，支撑经营决策。公司高度重视安全生产与环境保护，报告期内未发生重大安全事故。公司核心业务系统迁移上云，采用混合云架构降低IT运维成本。公司评估公有云与私有云方案，逐步构建统一算力资源池。公司本期新增专利授权3项，累计有效专利38项，技术储备进一步夯实。公司基于云平台搭建协同办公体系，跨区域协作效率提升。公司上线智能排产系统，通过智能算法优化生产计划排程。公司持续优化产品结构，电子元器件业务占比稳步提升，毛利率较上年上升1.2个百分点。下半年公司将围绕年度经营计划，重点做好市场开拓、成本控制与人才梯队建设等工作。公司运用数据挖掘技术分析客户行为，实现精准营销。公司推进智能制造升级，数字化车间已通过省级认定。公司采购云服务替代传统服务器部署，系统上线周期大幅缩短。公司数据中心一期建成投用，具备 PB 级数据存储与计算能力。公司利用智能合约技术自动执行供应商结算条款。公司探索区块链技术在产品溯源中的应用，实现全流程信息上链。,脚本生成演示语料(step0_make_demo_corpus.py)
DEMO031,演示DEMO031股份有限公司,信息技术,2024,年度报告,公司推进智能制造升级，数字化车间已通过省级认定。公司构建智慧物流体系，仓储分拣自动化水平显著提高。公司与高校联合开展深度学习算法研究，赋能产品智能设计。报告期内公司无重大诉讼仲裁事项，各项经营活动正常开展。公司推动业务流程线上化，无纸化办公覆盖全部业务部门。公司制定数字化转型规划，成立数字化管理委员会统筹推进。公司构建智慧物流体系，仓储分拣自动化水平显著提高。报告期内人民币汇率波动加大，公司通过远期结售汇业务降低了汇兑损失。报告期内，公司实现营业收入8.9亿元，同比增长22.7%，主要得益于主营业务产销规模扩大。公司构建智慧物流体系，仓储分拣自动化水平显著提高。公司建设大数据平台，整合生产、销售与供应链数据，支撑经营决策。公司核心业务系统迁移上云，采用混合云架构降低IT运维成本。公司采购云服务替代传统服务器部署，系统上线周期大幅缩短。报告期内公司无重大诉讼仲裁事项，各项经营活动正常开展。报告期内人民币汇率波动加大，公司通过远期结售汇业务降低了汇兑损失。公司探索区块链技术在产品溯源中的应用，实现全流程信息上链。公司成立数据中台团队，推动业务数据化、数据业务化。公司与高校联合开展深度学习算法研究，赋能产品智能设计。本年度公司人力成本略有上升，管理费用率保持稳定，费用管控成效显现。公司与高校联合开展深度学习算法研究，赋能产品智能设计。公司试点数字人民币结算场景，丰富收款渠道。公司基于云平台搭建协同办公体系，跨区域协作效率提升。公司采购云服务替代传统服务器部署，系统上线周期大幅缩短。报告期内，公司获得高新技术企业资质认定，享受相应税收优惠政策。公司上线智能排产系统，通过智能算法优化生产计划排程。公司继续推进产能建设，精细化工产品项目一期已投产，预计达产后年新增产能12万吨。公司运用数据挖掘技术分析客户行为，实现精准营销。公司数据中心一期建成投用，具备 PB 级数据存储与计算能力。公司高度重视安全生产与环境保护，报告期内未发生重大安全事故。公司基于云平台搭建协同办公体系，跨区域协作效率提升。公司部署机器学习算法对销售数据进行需求预测，库存周转效率明显改善。报告期内，公司获得高新技术企业资质认定，享受相应税收优惠政策。报告期内，公司实现营业收入12.6亿元，同比增长5.6%，主要得益于主营业务产销规模扩大。公司现金流状况良好，经营活动现金流量净额为8.7亿元，资产负债结构稳健。公司上线智能排产系统，通过智能算法优化生产计划排程。公司评估公有云与私有云方案，逐步构建统一算力资源池。,脚本生成演示语料(step0_make_demo_corpus.py)
DEMO032,演示DEMO032股份有限公司,制造业,2020,年度报告,公司继续推进产能建设，建材项目一期已投产，预计达产后年新增产能3万吨。公司引入边缘计算设备，实现车间数据的就地处理与实时回传。公司建设大数据平台，整合生产、销售与供应链数据，支撑经营决策。公司推进计算机视觉技术在生产线上的应用，实现关键工序自动检测。公司制定数字化转型规划，成立数字化管理委员会统筹推进。公司评估公有云与私有云方案，逐步构建统一算力资源池。公司制定数字化转型规划，成立数字化管理委员会统筹推进。公司持续加大研发投入，研发费用占营业收入比例为3.2%，围绕建材开展技术攻关。公司建设智能客服系统，应用自然语言处理技术实现工单自动分类。公司现金流状况良好，经营活动现金流量净额为8.7亿元，资产负债结构稳健。报告期内，公司实现营业收入12.6亿元，同比增长-3.1%，主要得益于主营业务产销规模扩大。公司持续加大研发投入，研发费用占营业收入比例为5.1%，围绕高端装备开展技术攻关。下半年公司将围绕年度经营计划，重点做好市场开拓、成本控制与人才梯队建设等工作。公司数据中心一期建成投用，具备 PB 级数据存储与计算能力。公司核心业务系统迁移上云，采用混合云架构降低IT运维成本。公司参与行业区块链联盟，推动供应链单证电子化与可信流转。公司推动业务流程线上化，无纸化办公覆盖全部业务部门。公司发展电子商务业务，线上渠道收入占比持续提升。公司引入人工智能技术优化{prod}质检环节，缺陷识别准确率显著提升。公司上线智能排产系统，通过智能算法优化生产计划排程。公司推进智能制造升级，数字化车间已通过省级认定。公司试点数字人民币结算场景，丰富收款渠道。公司参与行业区块链联盟，推动供应链单证电子化与可信流转。报告期内，公司获得高新技术企业资质认定，享受相应税收优惠政策。公司试点数字人民币结算场景，丰富收款渠道。公司持续优化产品结构，建材业务占比稳步提升，毛利率较上年持平个百分点。公司构建经营分析数据仓库，管理层可实时查看核心经营指标。报告期内人民币汇率波动加大，公司通过远期结售汇业务降低了汇兑损失。公司建设工业互联网平台，实现设备联网与远程运维。公司探索区块链技术在产品溯源中的应用，实现全流程信息上链。公司试点数字人民币结算场景，丰富收款渠道。,脚本生成演示语料(step0_make_demo_corpus.py)
DEMO032,演示DEMO032股份有限公司,制造业,2021,年度报告,公司核心业务系统迁移上云，采用混合云架构降低IT运维成本。公司核心业务系统迁移上云，采用混合云架构降低IT运维成本。公司持续加大研发投入，研发费用占营业收入比例为1.8%，围绕纺织服装开展技术攻关。受行业周期影响，部分产品价格有所回落，公司及时调整销售策略，库存水平保持在合理范围。公司推进计算机视觉技术在生产线上的应用，实现关键工序自动检测。公司与高校联合开展深度学习算法研究，赋能产品智能设计。公司发展电子商务业务，线上渠道收入占比持续提升。报告期内人民币汇率波动加大，公司通过远期结售汇业务降低了汇兑损失。公司开展数据治理体系建设，统一主数据标准，提升数据资产质量。公司推进经营管理信息化，上线新一代ERP系统实现业财一体。公司采购云服务替代传统服务器部署，系统上线周期大幅缩短。报告期内人民币汇率波动加大，公司通过远期结售汇业务降低了汇兑损失。公司数据中心一期建成投用，具备 PB 级数据存储与计算能力。公司构建经营分析数据仓库，管理层可实时查看核心经营指标。报告期内公司无重大诉讼仲裁事项，各项经营活动正常开展。公司推进计算机视觉技术在生产线上的应用，实现关键工序自动检测。公司引入边缘计算设备，实现车间数据的就地处理与实时回传。本年度公司人力成本略有上升，管理费用率保持稳定，费用管控成效显现。公司深耕华北市场，区域市场份额稳中有升，品牌影响力持续增强。公司基于云平台搭建协同办公体系，跨区域协作效率提升。公司探索区块链技术在产品溯源中的应用，实现全流程信息上链。公司运用数据挖掘技术分析客户行为，实现精准营销。公司基于云平台搭建协同办公体系，跨区域协作效率提升。公司建立健全内部控制系统，治理结构规范，三会运作正常。公司与高校联合开展深度学习算法研究，赋能产品智能设计。公司继续推进产能建设，电子元器件项目一期已投产，预计达产后年新增产能8万吨。,脚本生成演示语料(step0_make_demo_corpus.py)
DEMO032,演示DEMO032股份有限公司,制造业,2022,年度报告,公司与高校联合开展深度学习算法研究，赋能产品智能设计。公司上线智能排产系统，通过智能算法优化生产计划排程。公司基于云平台搭建协同办公体系，跨区域协作效率提升。公司与高校联合开展深度学习算法研究，赋能产品智能设计。公司数据中心一期建成投用，具备 PB 级数据存储与计算能力。公司研究基于分布式账本的对账机制，降低交易核对成本。公司上线智能排产系统，通过智能算法优化生产计划排程。公司构建经营分析数据仓库，管理层可实时查看核心经营指标。公司推进智能制造升级，数字化车间已通过省级认定。公司引入人工智能技术优化{prod}质检环节，缺陷识别准确率显著提升。报告期内公司无重大诉讼仲裁事项，各项经营活动正常开展。公司现金流状况良好，经营活动现金流量净额为3.2亿元，资产负债结构稳健。公司开展数据治理体系建设，统一主数据标准，提升数据资产质量。公司构建智慧物流体系，仓储分拣自动化水平显著提高。公司基于云平台搭建协同办公体系，跨区域协作效率提升。公司试点数字人民币结算场景，丰富收款渠道。报告期内公司无重大诉讼仲裁事项，各项经营活动正常开展。公司积极拓展海外市场，出口业务收入同比增长12.1%，国际化布局初见成效。公司发展电子商务业务，线上渠道收入占比持续提升。公司探索区块链技术在产品溯源中的应用，实现全流程信息上链。公司与高校联合开展深度学习算法研究，赋能产品智能设计。公司开展数据治理体系建设，统一主数据标准，提升数据资产质量。公司基于云平台搭建协同办公体系，跨区域协作效率提升。公司主要客户为行业龙头企业，合作关系稳定，应收账款回款情况良好。公司建设工业互联网平台，实现设备联网与远程运维。公司数据中心一期建成投用，具备 PB 级数据存储与计算能力。公司利用智能合约技术自动执行供应商结算条款。报告期内，公司实现营业收入45.2亿元，同比增长5.6%，主要得益于主营业务产销规模扩大。公司建设大数据平台，整合生产、销售与供应链数据，支撑经营决策。公司应用数字孪生技术对重点产线进行虚拟建模与仿真优化。公司研究基于分布式账本的对账机制，降低交易核对成本。公司主要客户为行业龙头企业，合作关系稳定，应收账款回款情况良好。公司采购云服务替代传统服务器部署，系统上线周期大幅缩短。公司利用智能合约技术自动执行供应商结算条款。公司推动业务流程线上化，无纸化办公覆盖全部业务部门。报告期内，公司获得高新技术企业资质认定，享受相应税收优惠政策。,脚本生成演示语料(step0_make_demo_corpus.py)
DEMO032,演示DEMO032股份有限公司,制造业,2023,年度报告,公司持续优化产品结构，纺织服装业务占比稳步提升，毛利率较上年下降1.5个百分点。公司核心业务系统迁移上云，采用混合云架构降低IT运维成本。公司推进智能制造升级，数字化车间已通过省级认定。报告期内，公司获得高新技术企业资质认定，享受相应税收优惠政策。本年度公司人力成本略有上升，管理费用率保持稳定，费用管控成效显现。本年度公司人力成本略有上升，管理费用率保持稳定，费用管控成效显现。公司采购云服务替代传统服务器部署，系统上线周期大幅缩短。公司持续加大研发投入，研发费用占营业收入比例为3.2%，围绕食品饮料开展技术攻关。公司参与行业区块链联盟，推动供应链单证电子化与可信流转。公司基于云平台搭建协同办公体系，跨区域协作效率提升。报告期内人民币汇率波动加大，公司通过远期结售汇业务降低了汇兑损失。公司成立数据中台团队，推动业务数据化、数据业务化。公司构建经营分析数据仓库，管理层可实时查看核心经营指标。公司推进计算机视觉技术在生产线上的应用，实现关键工序自动检测。公司本期新增专利授权3项，累计有效专利38项，技术储备进一步夯实。公司持续加大研发投入，研发费用占营业收入比例为5.1%，围绕电子元器件开展技术攻关。公司运用数据挖掘技术分析客户行为，实现精准营销。公司开展数据治理体系建设，统一主数据标准，提升数据资产质量。公司推进计算机视觉技术在生产线上的应用，实现关键工序自动检测。报告期内，公司实现营业收入63.7亿元，同比增长5.6%，主要得益于主营业务产销规模扩大。公司推进经营管理信息化，上线新一代ERP系统实现业财一体。公司推进计算机视觉技术在生产线上的应用，实现关键工序自动检测。公司开展数据治理体系建设，统一主数据标准，提升数据资产质量。公司部署机器学习算法对销售数据进行需求预测，库存周转效率明显改善。公司积极拓展海外市场，出口业务收入同比增长12.1%，国际化布局初见成效。公司高度重视安全生产与环境保护，报告期内未发生重大安全事故。面对市场竞争加剧，公司加大渠道建设力度，经销商数量增加210家，覆盖区域进一步扩大。,脚本生成演示语料(step0_make_demo_corpus.py)
DEMO032,演示DEMO032股份有限公司,制造业,2024,年度报告,公司发展电子商务业务，线上渠道收入占比持续提升。公司参与行业区块链联盟，推动供应链单证电子化与可信流转。公司成立数据中台团队，推动业务数据化、数据业务化。报告期内人民币汇率波动加大，公司通过远期结售汇业务降低了汇兑损失。公司试点数字人民币结算场景，丰富收款渠道。公司现金流状况良好，经营活动现金流量净额为12.4亿元，资产负债结构稳健。公司持续优化产品结构，电子元器件业务占比稳步提升，毛利率较上年上升1.2个百分点。公司引入边缘计算设备，实现车间数据的就地处理与实时回传。公司评估公有云与私有云方案，逐步构建统一算力资源池。公司与高校联合开展深度学习算法研究，赋能产品智能设计。公司建设大数据平台，整合生产、销售与供应链数据，支撑经营决策。报告期内，公司实现营业收入12.6亿元，同比增长-3.1%，主要得益于主营业务产销规模扩大。公司应用数字孪生技术对重点产线进行虚拟建模与仿真优化。报告期内公司无重大诉讼仲裁事项，各项经营活动正常开展。公司推进计算机视觉技术在生产线上的应用，实现关键工序自动检测。公司发展电子商务业务，线上渠道收入占比持续提升。公司评估公有云与私有云方案，逐步构建统一算力资源池。报告期内，公司获得高新技术企业资质认定，享受相应税收优惠政策。公司研究基于分布式账本的对账机制，降低交易核对成本。报告期内公司客户结构进一步优化，前五大客户收入占比为28.3%，客户集中度处于合理区间。公司利用智能合约技术自动执行供应商结算条款。公司建设智能客服系统，应用自然语言处理技术实现工单自动分类。报告期内公司无重大诉讼仲裁事项，各项经营活动正常开展。公司主要客户为行业龙头企业，合作关系稳定，应收账款回款情况良好。公司引入边缘计算设备，实现车间数据的就地处理与实时回传。报告期内人民币汇率波动加大，公司通过远期结售汇业务降低了汇兑损失。公司引入人工智能技术优化{prod}质检环节，缺陷识别准确率显著提升。公司评估公有云与私有云方案，逐步构建统一算力资源池。本年度公司人力成本略有上升，管理费用率保持稳定，费用管控成效显现。面对市场竞争加剧，公司加大渠道建设力度，经销商数量增加88家，覆盖区域进一步扩大。公司推进计算机视觉技术在生产线上的应用，实现关键工序自动检测。公司基于云平台搭建协同办公体系，跨区域协作效率提升。公司试点数字人民币结算场景，丰富收款渠道。公司上线智能排产系统，通过智能算法优化生产计划排程。公司试点数字人民币结算场景，丰富收款渠道。,脚本生成演示语料(step0_make_demo_corpus.py)
DEMO033,演示DEMO033股份有限公司,批发零售,2020,年度报告,公司高度重视安全生产与环境保护，报告期内未发生重大安全事故。报告期内，公司实现营业收入12.6亿元，同比增长22.7%，主要得益于主营业务产销规模扩大。公司核心业务系统迁移上云，采用混合云架构降低IT运维成本。本年度公司人力成本略有上升，管理费用率保持稳定，费用管控成效显现。面对市场竞争加剧，公司加大渠道建设力度，经销商数量增加120家，覆盖区域进一步扩大。公司推进经营管理信息化，上线新一代ERP系统实现业财一体。公司建立健全内部控制系统，治理结构规范，三会运作正常。公司与高校联合开展深度学习算法研究，赋能产品智能设计。公司深耕东北市场，区域市场份额稳中有升，品牌影响力持续增强。公司参与行业区块链联盟，推动供应链单证电子化与可信流转。公司建立健全内部控制系统，治理结构规范，三会运作正常。报告期内，公司实现营业收入12.6亿元，同比增长-1.8%，主要得益于主营业务产销规模扩大。公司推动业务流程线上化，无纸化办公覆盖全部业务部门。公司持续优化产品结构，精细化工产品业务占比稳步提升，毛利率较上年下降1.5个百分点。报告期内，公司获得高新技术企业资质认定，享受相应税收优惠政策。报告期内，公司实现营业收入28.4亿元，同比增长5.6%，主要得益于主营业务产销规模扩大。报告期内公司客户结构进一步优化，前五大客户收入占比为41.8%，客户集中度处于合理区间。,脚本生成演示语料(step0_make_demo_corpus.py)
DEMO033,演示DEMO033股份有限公司,批发零售,2021,年度报告,报告期内人民币汇率波动加大，公司通过远期结售汇业务降低了汇兑损失。报告期内，公司实现营业收入19.3亿元，同比增长8.5%，主要得益于主营业务产销规模扩大。公司推动业务流程线上化，无纸化办公覆盖全部业务部门。公司继续推进产能建设，电子元器件项目一期已投产，预计达产后年新增产能12万吨。报告期内公司无重大诉讼仲裁事项，各项经营活动正常开展。公司基于云平台搭建协同办公体系，跨区域协作效率提升。公司基于云平台搭建协同办公体系，跨区域协作效率提升。公司主要客户为行业龙头企业，合作关系稳定，应收账款回款情况良好。公司持续优化产品结构，建材业务占比稳步提升，毛利率较上年下降0.8个百分点。报告期内，公司获得高新技术企业资质认定，享受相应税收优惠政策。公司推进经营管理信息化，上线新一代ERP系统实现业财一体。公司推进经营管理信息化，上线新一代ERP系统实现业财一体。公司推进经营管理信息化，上线新一代ERP系统实现业财一体。报告期内公司无重大诉讼仲裁事项，各项经营活动正常开展。公司参与行业区块链联盟，推动供应链单证电子化与可信流转。公司基于云平台搭建协同办公体系，跨区域协作效率提升。公司推进智能制造升级，数字化车间已通过省级认定。公司主要客户为行业龙头企业，合作关系稳定，应收账款回款情况良好。公司深耕华东市场，区域市场份额稳中有升，品牌影响力持续增强。报告期内，公司获得高新技术企业资质认定，享受相应税收优惠政策。,脚本生成演示语料(step0_make_demo_corpus.py)
DEMO033,演示DEMO033股份有限公司,批发零售,2022,年度报告,公司深耕华北市场，区域市场份额稳中有升，品牌影响力持续增强。受行业周期影响，部分产品价格有所回落，公司及时调整销售策略，库存水平保持在合理范围。报告期内公司无重大诉讼仲裁事项，各项经营活动正常开展。公司部署机器学习算法对销售数据进行需求预测，库存周转效率明显改善。公司积极拓展海外市场，出口业务收入同比增长-6.3%，国际化布局初见成效。受行业周期影响，部分产品价格有所回落，公司及时调整销售策略，库存水平保持在合理范围。本年度公司人力成本略有上升，管理费用率保持稳定，费用管控成效显现。公司数据中心一期建成投用，具备 PB 级数据存储与计算能力。公司现金流状况良好，经营活动现金流量净额为5.8亿元，资产负债结构稳健。公司主要客户为行业龙头企业，合作关系稳定，应收账款回款情况良好。报告期内公司无重大诉讼仲裁事项，各项经营活动正常开展。公司继续推进产能建设，电子元器件项目一期已投产，预计达产后年新增产能5万吨。公司深耕华东市场，区域市场份额稳中有升，品牌影响力持续增强。,脚本生成演示语料(step0_make_demo_corpus.py)
DEMO033,演示DEMO033股份有限公司,批发零售,2023,年度报告,本年度公司人力成本略有上升，管理费用率保持稳定，费用管控成效显现。下半年公司将围绕年度经营计划，重点做好市场开拓、成本控制与人才梯队建设等工作。公司深耕华北市场，区域市场份额稳中有升，品牌影响力持续增强。公司积极拓展海外市场，出口业务收入同比增长9.4%，国际化布局初见成效。公司深耕东北市场，区域市场份额稳中有升，品牌影响力持续增强。公司本期新增专利授权15项，累计有效专利210项，技术储备进一步夯实。面对市场竞争加剧，公司加大渠道建设力度，经销商数量增加45家，覆盖区域进一步扩大。公司参与行业区块链联盟，推动供应链单证电子化与可信流转。公司现金流状况良好，经营活动现金流量净额为5.8亿元，资产负债结构稳健。公司制定数字化转型规划，成立数字化管理委员会统筹推进。公司高度重视安全生产与环境保护，报告期内未发生重大安全事故。公司部署机器学习算法对销售数据进行需求预测，库存周转效率明显改善。公司引入边缘计算设备，实现车间数据的就地处理与实时回传。原材料价格波动对成本端形成一定压力，公司通过集中采购和套期保值部分对冲了成本上行风险。公司构建智慧物流体系，仓储分拣自动化水平显著提高。公司基于云平台搭建协同办公体系，跨区域协作效率提升。公司试点数字人民币结算场景，丰富收款渠道。公司部署机器学习算法对销售数据进行需求预测，库存周转效率明显改善。公司探索区块链技术在产品溯源中的应用，实现全流程信息上链。,脚本生成演示语料(step0_make_demo_corpus.py)
DEMO033,演示DEMO033股份有限公司,批发零售,2024,年度报告,下半年公司将围绕年度经营计划，重点做好市场开拓、成本控制与人才梯队建设等工作。公司探索区块链技术在产品溯源中的应用，实现全流程信息上链。公司开展数据治理体系建设，统一主数据标准，提升数据资产质量。公司建立健全内部控制系统，治理结构规范，三会运作正常。公司主要客户为行业龙头企业，合作关系稳定，应收账款回款情况良好。公司建设智能客服系统，应用自然语言处理技术实现工单自动分类。公司上线智能排产系统，通过智能算法优化生产计划排程。公司核心业务系统迁移上云，采用混合云架构降低IT运维成本。公司上线智能排产系统，通过智能算法优化生产计划排程。公司本期新增专利授权3项，累计有效专利210项，技术储备进一步夯实。公司积极拓展海外市场，出口业务收入同比增长18.9%，国际化布局初见成效。公司研究基于分布式账本的对账机制，降低交易核对成本。报告期内公司客户结构进一步优化，前五大客户收入占比为28.3%，客户集中度处于合理区间。公司现金流状况良好，经营活动现金流量净额为12.4亿元，资产负债结构稳健。公司部署机器学习算法对销售数据进行需求预测，库存周转效率明显改善。公司开展数据治理体系建设，统一主数据标准，提升数据资产质量。公司深耕东北市场，区域市场份额稳中有升，品牌影响力持续增强。公司上线智能排产系统，通过智能算法优化生产计划排程。,脚本生成演示语料(step0_make_demo_corpus.py)
DEMO034,演示DEMO034股份有限公司,房地产,2020,年度报告,报告期内人民币汇率波动加大，公司通过远期结售汇业务降低了汇兑损失。面对市场竞争加剧，公司加大渠道建设力度，经销商数量增加210家，覆盖区域进一步扩大。报告期内，公司获得高新技术企业资质认定，享受相应税收优惠政策。公司深耕华南市场，区域市场份额稳中有升，品牌影响力持续增强。报告期内公司无重大诉讼仲裁事项，各项经营活动正常开展。公司现金流状况良好，经营活动现金流量净额为5.8亿元，资产负债结构稳健。报告期内人民币汇率波动加大，公司通过远期结售汇业务降低了汇兑损失。公司深耕西南市场，区域市场份额稳中有升，品牌影响力持续增强。公司本期新增专利授权3项，累计有效专利120项，技术储备进一步夯实。公司持续优化产品结构，建材业务占比稳步提升，毛利率较上年下降0.8个百分点。公司评估公有云与私有云方案，逐步构建统一算力资源池。,脚本生成演示语料(step0_make_demo_corpus.py)
DEMO034,演示DEMO034股份有限公司,房地产,2021,年度报告,面对市场竞争加剧，公司加大渠道建设力度，经销商数量增加88家，覆盖区域进一步扩大。公司现金流状况良好，经营活动现金流量净额为3.2亿元，资产负债结构稳健。面对市场竞争加剧，公司加大渠道建设力度，经销商数量增加120家，覆盖区域进一步扩大。公司积极拓展海外市场，出口业务收入同比增长-6.3%，国际化布局初见成效。公司引入人工智能技术优化{prod}质检环节，缺陷识别准确率显著提升。公司积极拓展海外市场，出口业务收入同比增长12.1%，国际化布局初见成效。报告期内公司客户结构进一步优化，前五大客户收入占比为55.1%，客户集中度处于合理区间。公司继续推进产能建设，高端装备项目一期已投产，预计达产后年新增产能20万吨。报告期内，公司获得高新技术企业资质认定，享受相应税收优惠政策。报告期内公司客户结构进一步优化，前五大客户收入占比为41.8%，客户集中度处于合理区间。本年度公司人力成本略有上升，管理费用率保持稳定，费用管控成效显现。原材料价格波动对成本端形成一定压力，公司通过集中采购和套期保值部分对冲了成本上行风险。,脚本生成演示语料(step0_make_demo_corpus.py)
DEMO034,演示DEMO034股份有限公司,房地产,2022,年度报告,公司本期新增专利授权22项，累计有效专利38项，技术储备进一步夯实。报告期内，公司获得高新技术企业资质认定，享受相应税收优惠政策。公司深耕东北市场，区域市场份额稳中有升，品牌影响力持续增强。本年度公司人力成本略有上升，管理费用率保持稳定，费用管控成效显现。公司本期新增专利授权11项，累计有效专利56项，技术储备进一步夯实。公司深耕华东市场，区域市场份额稳中有升，品牌影响力持续增强。公司继续推进产能建设，食品饮料项目一期已投产，预计达产后年新增产能20万吨。公司持续优化产品结构，精细化工产品业务占比稳步提升，毛利率较上年上升2.5个百分点。公司建立健全内部控制系统，治理结构规范，三会运作正常。公司建设智能客服系统，应用自然语言处理技术实现工单自动分类。公司试点数字人民币结算场景，丰富收款渠道。,脚本生成演示语料(step0_make_demo_corpus.py)
DEMO034,演示DEMO034股份有限公司,房地产,2023,年度报告,报告期内人民币汇率波动加大，公司通过远期结售汇业务降低了汇兑损失。公司继续推进产能建设，电子元器件项目一期已投产，预计达产后年新增产能5万吨。公司推动业务流程线上化，无纸化办公覆盖全部业务部门。公司建立健全内部控制系统，治理结构规范，三会运作正常。公司持续加大研发投入，研发费用占营业收入比例为2.6%，围绕食品饮料开展技术攻关。报告期内人民币汇率波动加大，公司通过远期结售汇业务降低了汇兑损失。报告期内公司无重大诉讼仲裁事项，各项经营活动正常开展。公司建立健全内部控制系统，治理结构规范，三会运作正常。原材料价格波动对成本端形成一定压力，公司通过集中采购和套期保值部分对冲了成本上行风险。受行业周期影响，部分产品价格有所回落，公司及时调整销售策略，库存水平保持在合理范围。公司持续加大研发投入，研发费用占营业收入比例为2.6%，围绕电子元器件开展技术攻关。公司持续加大研发投入，研发费用占营业收入比例为2.6%，围绕纺织服装开展技术攻关。,脚本生成演示语料(step0_make_demo_corpus.py)
DEMO034,演示DEMO034股份有限公司,房地产,2024,年度报告,公司高度重视安全生产与环境保护，报告期内未发生重大安全事故。报告期内，公司获得高新技术企业资质认定，享受相应税收优惠政策。公司现金流状况良好，经营活动现金流量净额为5.8亿元，资产负债结构稳健。公司积极拓展海外市场，出口业务收入同比增长-6.3%，国际化布局初见成效。公司持续优化产品结构，纺织服装业务占比稳步提升，毛利率较上年下降0.8个百分点。公司持续优化产品结构，建材业务占比稳步提升，毛利率较上年上升1.2个百分点。报告期内公司无重大诉讼仲裁事项，各项经营活动正常开展。公司现金流状况良好，经营活动现金流量净额为1.5亿元，资产负债结构稳健。,脚本生成演示语料(step0_make_demo_corpus.py)
DEMO035,演示DEMO035股份有限公司,农林牧渔,2020,年度报告,公司参与行业区块链联盟，推动供应链单证电子化与可信流转。受行业周期影响，部分产品价格有所回落，公司及时调整销售策略，库存水平保持在合理范围。受行业周期影响，部分产品价格有所回落，公司及时调整销售策略，库存水平保持在合理范围。公司持续加大研发投入，研发费用占营业收入比例为3.2%，围绕精细化工产品开展技术攻关。报告期内公司无重大诉讼仲裁事项，各项经营活动正常开展。公司采购云服务替代传统服务器部署，系统上线周期大幅缩短。报告期内人民币汇率波动加大，公司通过远期结售汇业务降低了汇兑损失。公司引入人工智能技术优化{prod}质检环节，缺陷识别准确率显著提升。本年度公司人力成本略有上升，管理费用率保持稳定，费用管控成效显现。公司本期新增专利授权15项，累计有效专利38项，技术储备进一步夯实。公司建设工业互联网平台，实现设备联网与远程运维。公司主要客户为行业龙头企业，合作关系稳定，应收账款回款情况良好。公司现金流状况良好，经营活动现金流量净额为1.5亿元，资产负债结构稳健。,脚本生成演示语料(step0_make_demo_corpus.py)
DEMO035,演示DEMO035股份有限公司,农林牧渔,2021,年度报告,报告期内公司无重大诉讼仲裁事项，各项经营活动正常开展。公司高度重视安全生产与环境保护，报告期内未发生重大安全事故。公司与高校联合开展深度学习算法研究，赋能产品智能设计。报告期内，公司实现营业收入12.6亿元，同比增长8.5%，主要得益于主营业务产销规模扩大。报告期内人民币汇率波动加大，公司通过远期结售汇业务降低了汇兑损失。公司部署机器学习算法对销售数据进行需求预测，库存周转效率明显改善。本年度公司人力成本略有上升，管理费用率保持稳定，费用管控成效显现。面对市场竞争加剧，公司加大渠道建设力度，经销商数量增加120家，覆盖区域进一步扩大。下半年公司将围绕年度经营计划，重点做好市场开拓、成本控制与人才梯队建设等工作。报告期内，公司实现营业收入45.2亿元，同比增长8.5%，主要得益于主营业务产销规模扩大。公司建设大数据平台，整合生产、销售与供应链数据，支撑经营决策。,脚本生成演示语料(step0_make_demo_corpus.py)
DEMO035,演示DEMO035股份有限公司,农林牧渔,2022,年度报告,公司建立健全内部控制系统，治理结构规范，三会运作正常。报告期内公司客户结构进一步优化，前五大客户收入占比为55.1%，客户集中度处于合理区间。本年度公司人力成本略有上升，管理费用率保持稳定，费用管控成效显现。受行业周期影响，部分产品价格有所回落，公司及时调整销售策略，库存水平保持在合理范围。报告期内，公司获得高新技术企业资质认定，享受相应税收优惠政策。公司持续优化产品结构，电子元器件业务占比稳步提升，毛利率较上年下降0.8个百分点。公司采购云服务替代传统服务器部署，系统上线周期大幅缩短。公司本期新增专利授权11项，累计有效专利210项，技术储备进一步夯实。公司现金流状况良好，经营活动现金流量净额为1.5亿元，资产负债结构稳健。公司试点数字人民币结算场景，丰富收款渠道。,脚本生成演示语料(step0_make_demo_corpus.py)
DEMO035,演示DEMO035股份有限公司,农林牧渔,2023,年度报告,报告期内，公司获得高新技术企业资质认定，享受相应税收优惠政策。报告期内，公司实现营业收入45.2亿元，同比增长8.5%，主要得益于主营业务产销规模扩大。报告期内，公司实现营业收入12.6亿元，同比增长-1.8%，主要得益于主营业务产销规模扩大。报告期内人民币汇率波动加大，公司通过远期结售汇业务降低了汇兑损失。公司本期新增专利授权3项，累计有效专利120项，技术储备进一步夯实。公司继续推进产能建设，纺织服装项目一期已投产，预计达产后年新增产能8万吨。本年度公司人力成本略有上升，管理费用率保持稳定，费用管控成效显现。公司本期新增专利授权11项，累计有效专利120项，技术储备进一步夯实。下半年公司将围绕年度经营计划，重点做好市场开拓、成本控制与人才梯队建设等工作。,脚本生成演示语料(step0_make_demo_corpus.py)
DEMO035,演示DEMO035股份有限公司,农林牧渔,2024,年度报告,受行业周期影响，部分产品价格有所回落，公司及时调整销售策略，库存水平保持在合理范围。报告期内公司无重大诉讼仲裁事项，各项经营活动正常开展。公司应用数字孪生技术对重点产线进行虚拟建模与仿真优化。面对市场竞争加剧，公司加大渠道建设力度，经销商数量增加45家，覆盖区域进一步扩大。下半年公司将围绕年度经营计划，重点做好市场开拓、成本控制与人才梯队建设等工作。公司持续加大研发投入，研发费用占营业收入比例为5.1%，围绕电子元器件开展技术攻关。报告期内，公司获得高新技术企业资质认定，享受相应税收优惠政策。公司推进计算机视觉技术在生产线上的应用，实现关键工序自动检测。公司数据中心一期建成投用，具备 PB 级数据存储与计算能力。公司引入人工智能技术优化{prod}质检环节，缺陷识别准确率显著提升。公司持续加大研发投入，研发费用占营业收入比例为4.4%，围绕精细化工产品开展技术攻关。报告期内人民币汇率波动加大，公司通过远期结售汇业务降低了汇兑损失。公司制定数字化转型规划，成立数字化管理委员会统筹推进。公司深耕华北市场，区域市场份额稳中有升，品牌影响力持续增强。报告期内人民币汇率波动加大，公司通过远期结售汇业务降低了汇兑损失。报告期内人民币汇率波动加大，公司通过远期结售汇业务降低了汇兑损失。公司引入边缘计算设备，实现车间数据的就地处理与实时回传。,脚本生成演示语料(step0_make_demo_corpus.py)
DEMO036,演示DEMO036股份有限公司,信息技术,2020,年度报告,公司与高校联合开展深度学习算法研究，赋能产品智能设计。报告期内，公司获得高新技术企业资质认定，享受相应税收优惠政策。公司引入人工智能技术优化{prod}质检环节，缺陷识别准确率显著提升。公司基于云平台搭建协同办公体系，跨区域协作效率提升。公司探索区块链技术在产品溯源中的应用，实现全流程信息上链。公司探索区块链技术在产品溯源中的应用，实现全流程信息上链。受行业周期影响，部分产品价格有所回落，公司及时调整销售策略，库存水平保持在合理范围。公司研究基于分布式账本的对账机制，降低交易核对成本。面对市场竞争加剧，公司加大渠道建设力度，经销商数量增加210家，覆盖区域进一步扩大。下半年公司将围绕年度经营计划，重点做好市场开拓、成本控制与人才梯队建设等工作。公司研究基于分布式账本的对账机制，降低交易核对成本。公司积极拓展海外市场，出口业务收入同比增长12.1%，国际化布局初见成效。公司持续加大研发投入，研发费用占营业收入比例为4.4%，围绕电子元器件开展技术攻关。公司积极拓展海外市场，出口业务收入同比增长18.9%，国际化布局初见成效。公司核心业务系统迁移上云，采用混合云架构降低IT运维成本。面对市场竞争加剧，公司加大渠道建设力度，经销商数量增加210家，覆盖区域进一步扩大。公司主要客户为行业龙头企业，合作关系稳定，应收账款回款情况良好。公司部署机器学习算法对销售数据进行需求预测，库存周转效率明显改善。公司探索区块链技术在产品溯源中的应用，实现全流程信息上链。公司应用数字孪生技术对重点产线进行虚拟建模与仿真优化。公司构建经营分析数据仓库，管理层可实时查看核心经营指标。,脚本生成演示语料(step0_make_demo_corpus.py)
DEMO036,演示DEMO036股份有限公司,信息技术,2021,年度报告,公司制定数字化转型规划，成立数字化管理委员会统筹推进。公司引入人工智能技术优化{prod}质检环节，缺陷识别准确率显著提升。公司数据中心一期建成投用，具备 PB 级数据存储与计算能力。报告期内人民币汇率波动加大，公司通过远期结售汇业务降低了汇兑损失。下半年公司将围绕年度经营计划，重点做好市场开拓、成本控制与人才梯队建设等工作。公司建立健全内部控制系统，治理结构规范，三会运作正常。公司上线智能排产系统，通过智能算法优化生产计划排程。公司推动业务流程线上化，无纸化办公覆盖全部业务部门。公司现金流状况良好，经营活动现金流量净额为5.8亿元，资产负债结构稳健。公司上线智能排产系统，通过智能算法优化生产计划排程。公司主要客户为行业龙头企业，合作关系稳定，应收账款回款情况良好。公司发展电子商务业务，线上渠道收入占比持续提升。公司构建经营分析数据仓库，管理层可实时查看核心经营指标。公司采购云服务替代传统服务器部署，系统上线周期大幅缩短。公司部署机器学习算法对销售数据进行需求预测，库存周转效率明显改善。公司运用数据挖掘技术分析客户行为，实现精准营销。受行业周期影响，部分产品价格有所回落，公司及时调整销售策略，库存水平保持在合理范围。公司现金流状况良好，经营活动现金流量净额为3.2亿元，资产负债结构稳健。公司运用数据挖掘技术分析客户行为，实现精准营销。公司持续优化产品结构，高端装备业务占比稳步提升，毛利率较上年上升2.5个百分点。公司持续优化产品结构，食品饮料业务占比稳步提升，毛利率较上年下降1.5个百分点。,脚本生成演示语料(step0_make_demo_corpus.py)
DEMO036,演示DEMO036股份有限公司,信息技术,2022,年度报告,公司本期新增专利授权3项，累计有效专利120项，技术储备进一步夯实。公司成立数据中台团队，推动业务数据化、数据业务化。公司开展数据治理体系建设，统一主数据标准，提升数据资产质量。面对市场竞争加剧，公司加大渠道建设力度，经销商数量增加36家，覆盖区域进一步扩大。报告期内，公司获得高新技术企业资质认定，享受相应税收优惠政策。原材料价格波动对成本端形成一定压力，公司通过集中采购和套期保值部分对冲了成本上行风险。公司参与行业区块链联盟，推动供应链单证电子化与可信流转。报告期内，公司实现营业收入63.7亿元，同比增长8.5%，主要得益于主营业务产销规模扩大。公司探索区块链技术在产品溯源中的应用，实现全流程信息上链。公司参与行业区块链联盟，推动供应链单证电子化与可信流转。报告期内，公司实现营业收入12.6亿元，同比增长5.6%，主要得益于主营业务产销规模扩大。公司建设工业互联网平台，实现设备联网与远程运维。公司建立健全内部控制系统，治理结构规范，三会运作正常。公司参与行业区块链联盟，推动供应链单证电子化与可信流转。公司构建智慧物流体系，仓储分拣自动化水平显著提高。公司高度重视安全生产与环境保护，报告期内未发生重大安全事故。公司推进计算机视觉技术在生产线上的应用，实现关键工序自动检测。公司引入边缘计算设备，实现车间数据的就地处理与实时回传。公司运用数据挖掘技术分析客户行为，实现精准营销。公司与高校联合开展深度学习算法研究，赋能产品智能设计。公司推动业务流程线上化，无纸化办公覆盖全部业务部门。公司引入边缘计算设备，实现车间数据的就地处理与实时回传。报告期内公司客户结构进一步优化，前五大客户收入占比为36.9%，客户集中度处于合理区间。公司推进计算机视觉技术在生产线上的应用，实现关键工序自动检测。公司数据中心一期建成投用，具备 PB 级数据存储与计算能力。,脚本生成演示语料(step0_make_demo_corpus.py)
DEMO036,演示DEMO036股份有限公司,信息技术,2023,年度报告,公司引入边缘计算设备，实现车间数据的就地处理与实时回传。公司与高校联合开展深度学习算法研究，赋能产品智能设计。公司高度重视安全生产与环境保护，报告期内未发生重大安全事故。面对市场竞争加剧，公司加大渠道建设力度，经销商数量增加120家，覆盖区域进一步扩大。公司引入人工智能技术优化{prod}质检环节，缺陷识别准确率显著提升。公司构建智慧物流体系，仓储分拣自动化水平显著提高。公司数据中心一期建成投用，具备 PB 级数据存储与计算能力。公司探索区块链技术在产品溯源中的应用，实现全流程信息上链。公司试点数字人民币结算场景，丰富收款渠道。报告期内，公司实现营业收入12.6亿元，同比增长8.5%，主要得益于主营业务产销规模扩大。公司上线智能排产系统，通过智能算法优化生产计划排程。公司推动业务流程线上化，无纸化办公覆盖全部业务部门。公司与高校联合开展深度学习算法研究，赋能产品智能设计。公司探索区块链技术在产品溯源中的应用，实现全流程信息上链。公司建立健全内部控制系统，治理结构规范，三会运作正常。面对市场竞争加剧，公司加大渠道建设力度，经销商数量增加120家，覆盖区域进一步扩大。公司引入人工智能技术优化{prod}质检环节，缺陷识别准确率显著提升。公司推动业务流程线上化，无纸化办公覆盖全部业务部门。公司推进智能制造升级，数字化车间已通过省级认定。公司推动业务流程线上化，无纸化办公覆盖全部业务部门。公司主要客户为行业龙头企业，合作关系稳定，应收账款回款情况良好。公司成立数据中台团队，推动业务数据化、数据业务化。受行业周期影响，部分产品价格有所回落，公司及时调整销售策略，库存水平保持在合理范围。公司研究基于分布式账本的对账机制，降低交易核对成本。公司引入边缘计算设备，实现车间数据的就地处理与实时回传。公司构建智慧物流体系，仓储分拣自动化水平显著提高。公司主要客户为行业龙头企业，合作关系稳定，应收账款回款情况良好。,脚本生成演示语料(step0_make_demo_corpus.py)
DEMO036,演示DEMO036股份有限公司,信息技术,2024,年度报告,原材料价格波动对成本端形成一定压力，公司通过集中采购和套期保值部分对冲了成本上行风险。公司高度重视安全生产与环境保护，报告期内未发生重大安全事故。公司研究基于分布式账本的对账机制，降低交易核对成本。公司主要客户为行业龙头企业，合作关系稳定，应收账款回款情况良好。公司评估公有云与私有云方案，逐步构建统一算力资源池。公司发展电子商务业务，线上渠道收入占比持续提升。公司上线智能排产系统，通过智能算法优化生产计划排程。报告期内，公司获得高新技术企业资质认定，享受相应税收优惠政策。面对市场竞争加剧，公司加大渠道建设力度，经销商数量增加210家，覆盖区域进一步扩大。公司引入人工智能技术优化{prod}质检环节，缺陷识别准确率显著提升。公司应用数字孪生技术对重点产线进行虚拟建模与仿真优化。公司数据中心一期建成投用，具备 PB 级数据存储与计算能力。公司运用数据挖掘技术分析客户行为，实现精准营销。公司基于云平台搭建协同办公体系，跨区域协作效率提升。公司本期新增专利授权8项，累计有效专利120项，技术储备进一步夯实。公司试点数字人民币结算场景，丰富收款渠道。原材料价格波动对成本端形成一定压力，公司通过集中采购和套期保值部分对冲了成本上行风险。报告期内公司客户结构进一步优化，前五大客户收入占比为28.3%，客户集中度处于合理区间。公司推动业务流程线上化，无纸化办公覆盖全部业务部门。报告期内，公司实现营业收入28.4亿元，同比增长5.6%，主要得益于主营业务产销规模扩大。公司上线智能排产系统，通过智能算法优化生产计划排程。公司建立健全内部控制系统，治理结构规范，三会运作正常。公司本期新增专利授权15项，累计有效专利38项，技术储备进一步夯实。公司探索区块链技术在产品溯源中的应用，实现全流程信息上链。,脚本生成演示语料(step0_make_demo_corpus.py)
DEMO037,演示DEMO037股份有限公司,制造业,2020,年度报告,公司本期新增专利授权8项，累计有效专利38项，技术储备进一步夯实。公司制定数字化转型规划，成立数字化管理委员会统筹推进。公司上线智能排产系统，通过智能算法优化生产计划排程。受行业周期影响，部分产品价格有所回落，公司及时调整销售策略，库存水平保持在合理范围。公司主要客户为行业龙头企业，合作关系稳定，应收账款回款情况良好。公司核心业务系统迁移上云，采用混合云架构降低IT运维成本。原材料价格波动对成本端形成一定压力，公司通过集中采购和套期保值部分对冲了成本上行风险。公司推进智能制造升级，数字化车间已通过省级认定。公司继续推进产能建设，建材项目一期已投产，预计达产后年新增产能20万吨。公司上线智能排产系统，通过智能算法优化生产计划排程。公司继续推进产能建设，精细化工产品项目一期已投产，预计达产后年新增产能8万吨。公司积极拓展海外市场，出口业务收入同比增长9.4%，国际化布局初见成效。公司发展电子商务业务，线上渠道收入占比持续提升。公司现金流状况良好，经营活动现金流量净额为12.4亿元，资产负债结构稳健。报告期内，公司实现营业收入19.3亿元，同比增长22.7%，主要得益于主营业务产销规模扩大。公司现金流状况良好，经营活动现金流量净额为12.4亿元，资产负债结构稳健。公司与高校联合开展深度学习算法研究，赋能产品智能设计。,脚本生成演示语料(step0_make_demo_corpus.py)
DEMO037,演示DEMO037股份有限公司,制造业,2021,年度报告,公司探索区块链技术在产品溯源中的应用，实现全流程信息上链。公司成立数据中台团队，推动业务数据化、数据业务化。报告期内，公司实现营业收入19.3亿元，同比增长-3.1%，主要得益于主营业务产销规模扩大。公司主要客户为行业龙头企业，合作关系稳定，应收账款回款情况良好。公司引入人工智能技术优化{prod}质检环节，缺陷识别准确率显著提升。公司引入人工智能技术优化{prod}质检环节，缺陷识别准确率显著提升。公司本期新增专利授权3项，累计有效专利120项，技术储备进一步夯实。公司上线智能排产系统，通过智能算法优化生产计划排程。下半年公司将围绕年度经营计划，重点做好市场开拓、成本控制与人才梯队建设等工作。公司试点数字人民币结算场景，丰富收款渠道。公司建立健全内部控制系统，治理结构规范，三会运作正常。受行业周期影响，部分产品价格有所回落，公司及时调整销售策略，库存水平保持在合理范围。本年度公司人力成本略有上升，管理费用率保持稳定，费用管控成效显现。公司数据中心一期建成投用，具备 PB 级数据存储与计算能力。公司研究基于分布式账本的对账机制，降低交易核对成本。公司开展数据治理体系建设，统一主数据标准，提升数据资产质量。公司现金流状况良好，经营活动现金流量净额为8.7亿元，资产负债结构稳健。公司构建经营分析数据仓库，管理层可实时查看核心经营指标。报告期内公司无重大诉讼仲裁事项，各项经营活动正常开展。公司探索区块链技术在产品溯源中的应用，实现全流程信息上链。,脚本生成演示语料(step0_make_demo_corpus.py)
DEMO037,演示DEMO037股份有限公司,制造业,2022,年度报告,公司构建智慧物流体系，仓储分拣自动化水平显著提高。公司基于云平台搭建协同办公体系，跨区域协作效率提升。公司构建经营分析数据仓库，管理层可实时查看核心经营指标。公司建立健全内部控制系统，治理结构规范，三会运作正常。公司继续推进产能建设，食品饮料项目一期已投产，预计达产后年新增产能12万吨。报告期内，公司实现营业收入28.4亿元，同比增长8.5%，主要得益于主营业务产销规模扩大。公司主要客户为行业龙头企业，合作关系稳定，应收账款回款情况良好。公司运用数据挖掘技术分析客户行为，实现精准营销。公司建设大数据平台，整合生产、销售与供应链数据，支撑经营决策。公司主要客户为行业龙头企业，合作关系稳定，应收账款回款情况良好。本年度公司人力成本略有上升，管理费用率保持稳定，费用管控成效显现。公司高度重视安全生产与环境保护，报告期内未发生重大安全事故。报告期内公司无重大诉讼仲裁事项，各项经营活动正常开展。公司积极拓展海外市场，出口业务收入同比增长18.9%，国际化布局初见成效。公司构建经营分析数据仓库，管理层可实时查看核心经营指标。公司评估公有云与私有云方案，逐步构建统一算力资源池。报告期内，公司获得高新技术企业资质认定，享受相应税收优惠政策。公司持续优化产品结构，高端装备业务占比稳步提升，毛利率较上年上升2.5个百分点。公司部署机器学习算法对销售数据进行需求预测，库存周转效率明显改善。报告期内，公司获得高新技术企业资质认定，享受相应税收优惠政策。公司建设大数据平台，整合生产、销售与供应链数据，支撑经营决策。公司基于云平台搭建协同办公体系，跨区域协作效率提升。,脚本生成演示语料(step0_make_demo_corpus.py)
DEMO037,演示DEMO037股份有限公司,制造业,2023,年度报告,报告期内，公司实现营业收入45.2亿元，同比增长5.6%，主要得益于主营业务产销规模扩大。报告期内，公司获得高新技术企业资质认定，享受相应税收优惠政策。公司构建经营分析数据仓库，管理层可实时查看核心经营指标。公司推动业务流程线上化，无纸化办公覆盖全部业务部门。公司持续加大研发投入，研发费用占营业收入比例为2.6%，围绕纺织服装开展技术攻关。受行业周期影响，部分产品价格有所回落，公司及时调整销售策略，库存水平保持在合理范围。报告期内，公司获得高新技术企业资质认定，享受相应税收优惠政策。报告期内公司无重大诉讼仲裁事项，各项经营活动正常开展。公司评估公有云与私有云方案，逐步构建统一算力资源池。公司部署机器学习算法对销售数据进行需求预测，库存周转效率明显改善。公司探索区块链技术在产品溯源中的应用，实现全流程信息上链。本年度公司人力成本略有上升，管理费用率保持稳定，费用管控成效显现。公司本期新增专利授权8项，累计有效专利38项，技术储备进一步夯实。公司与高校联合开展深度学习算法研究，赋能产品智能设计。公司试点数字人民币结算场景，丰富收款渠道。公司持续优化产品结构，纺织服装业务占比稳步提升，毛利率较上年上升1.2个百分点。公司推动业务流程线上化，无纸化办公覆盖全部业务部门。公司应用数字孪生技术对重点产线进行虚拟建模与仿真优化。,脚本生成演示语料(step0_make_demo_corpus.py)
DEMO037,演示DEMO037股份有限公司,制造业,2024,年度报告,公司推进计算机视觉技术在生产线上的应用，实现关键工序自动检测。公司构建智慧物流体系，仓储分拣自动化水平显著提高。受行业周期影响，部分产品价格有所回落，公司及时调整销售策略，库存水平保持在合理范围。公司推进智能制造升级，数字化车间已通过省级认定。公司积极拓展海外市场，出口业务收入同比增长18.9%，国际化布局初见成效。公司发展电子商务业务，线上渠道收入占比持续提升。公司开展数据治理体系建设，统一主数据标准，提升数据资产质量。公司引入人工智能技术优化{prod}质检环节，缺陷识别准确率显著提升。公司继续推进产能建设，电子元器件项目一期已投产，预计达产后年新增产能5万吨。公司成立数据中台团队，推动业务数据化、数据业务化。公司运用数据挖掘技术分析客户行为，实现精准营销。公司成立数据中台团队，推动业务数据化、数据业务化。面对市场竞争加剧，公司加大渠道建设力度，经销商数量增加120家，覆盖区域进一步扩大。公司制定数字化转型规划，成立数字化管理委员会统筹推进。报告期内公司无重大诉讼仲裁事项，各项经营活动正常开展。公司推进智能制造升级，数字化车间已通过省级认定。公司持续优化产品结构，纺织服装业务占比稳步提升，毛利率较上年持平个百分点。面对市场竞争加剧，公司加大渠道建设力度，经销商数量增加88家，覆盖区域进一步扩大。公司引入边缘计算设备，实现车间数据的就地处理与实时回传。公司建设大数据平台，整合生产、销售与供应链数据，支撑经营决策。公司建设智能客服系统，应用自然语言处理技术实现工单自动分类。公司引入边缘计算设备，实现车间数据的就地处理与实时回传。公司基于云平台搭建协同办公体系，跨区域协作效率提升。本年度公司人力成本略有上升，管理费用率保持稳定，费用管控成效显现。公司构建经营分析数据仓库，管理层可实时查看核心经营指标。公司核心业务系统迁移上云，采用混合云架构降低IT运维成本。公司建设工业互联网平台，实现设备联网与远程运维。,脚本生成演示语料(step0_make_demo_corpus.py)
DEMO038,演示DEMO038股份有限公司,批发零售,2020,年度报告,报告期内公司客户结构进一步优化，前五大客户收入占比为41.8%，客户集中度处于合理区间。公司持续优化产品结构，建材业务占比稳步提升，毛利率较上年持平个百分点。公司积极拓展海外市场，出口业务收入同比增长-6.3%，国际化布局初见成效。报告期内，公司获得高新技术企业资质认定，享受相应税收优惠政策。公司开展数据治理体系建设，统一主数据标准，提升数据资产质量。公司积极拓展海外市场，出口业务收入同比增长18.9%，国际化布局初见成效。公司本期新增专利授权8项，累计有效专利56项，技术储备进一步夯实。公司持续加大研发投入，研发费用占营业收入比例为1.8%，围绕纺织服装开展技术攻关。报告期内，公司获得高新技术企业资质认定，享受相应税收优惠政策。公司发展电子商务业务，线上渠道收入占比持续提升。公司持续加大研发投入，研发费用占营业收入比例为2.6%，围绕高端装备开展技术攻关。报告期内，公司实现营业收入19.3亿元，同比增长15.2%，主要得益于主营业务产销规模扩大。报告期内公司无重大诉讼仲裁事项，各项经营活动正常开展。本年度公司人力成本略有上升，管理费用率保持稳定，费用管控成效显现。,脚本生成演示语料(step0_make_demo_corpus.py)
DEMO038,演示DEMO038股份有限公司,批发零售,2021,年度报告,报告期内公司无重大诉讼仲裁事项，各项经营活动正常开展。报告期内公司客户结构进一步优化，前五大客户收入占比为55.1%，客户集中度处于合理区间。公司继续推进产能建设，建材项目一期已投产，预计达产后年新增产能8万吨。公司持续加大研发投入，研发费用占营业收入比例为5.1%，围绕建材开展技术攻关。公司主要客户为行业龙头企业，合作关系稳定，应收账款回款情况良好。报告期内公司无重大诉讼仲裁事项，各项经营活动正常开展。公司继续推进产能建设，电子元器件项目一期已投产，预计达产后年新增产能5万吨。报告期内，公司获得高新技术企业资质认定，享受相应税收优惠政策。受行业周期影响，部分产品价格有所回落，公司及时调整销售策略，库存水平保持在合理范围。报告期内人民币汇率波动加大，公司通过远期结售汇业务降低了汇兑损失。公司高度重视安全生产与环境保护，报告期内未发生重大安全事故。报告期内公司客户结构进一步优化，前五大客户收入占比为28.3%，客户集中度处于合理区间。,脚本生成演示语料(step0_make_demo_corpus.py)
DEMO038,演示DEMO038股份有限公司,批发零售,2022,年度报告,报告期内，公司实现营业收入19.3亿元，同比增长8.5%，主要得益于主营业务产销规模扩大。公司引入边缘计算设备，实现车间数据的就地处理与实时回传。公司推进经营管理信息化，上线新一代ERP系统实现业财一体。公司深耕华东市场，区域市场份额稳中有升，品牌影响力持续增强。公司积极拓展海外市场，出口业务收入同比增长9.4%，国际化布局初见成效。公司高度重视安全生产与环境保护，报告期内未发生重大安全事故。下半年公司将围绕年度经营计划，重点做好市场开拓、成本控制与人才梯队建设等工作。公司持续加大研发投入，研发费用占营业收入比例为5.1%，围绕建材开展技术攻关。公司持续加大研发投入，研发费用占营业收入比例为1.8%，围绕高端装备开展技术攻关。公司高度重视安全生产与环境保护，报告期内未发生重大安全事故。公司主要客户为行业龙头企业，合作关系稳定，应收账款回款情况良好。公司开展数据治理体系建设，统一主数据标准，提升数据资产质量。,脚本生成演示语料(step0_make_demo_corpus.py)
DEMO038,演示DEMO038股份有限公司,批发零售,2023,年度报告,面对市场竞争加剧，公司加大渠道建设力度，经销商数量增加210家，覆盖区域进一步扩大。公司部署机器学习算法对销售数据进行需求预测，库存周转效率明显改善。公司高度重视安全生产与环境保护，报告期内未发生重大安全事故。报告期内公司无重大诉讼仲裁事项，各项经营活动正常开展。公司运用数据挖掘技术分析客户行为，实现精准营销。公司现金流状况良好，经营活动现金流量净额为8.7亿元，资产负债结构稳健。公司发展电子商务业务，线上渠道收入占比持续提升。公司本期新增专利授权3项，累计有效专利85项，技术储备进一步夯实。报告期内人民币汇率波动加大，公司通过远期结售汇业务降低了汇兑损失。公司深耕华南市场，区域市场份额稳中有升，品牌影响力持续增强。公司构建智慧物流体系，仓储分拣自动化水平显著提高。报告期内公司客户结构进一步优化，前五大客户收入占比为32.5%，客户集中度处于合理区间。,脚本生成演示语料(step0_make_demo_corpus.py)
DEMO038,演示DEMO038股份有限公司,批发零售,2024,年度报告,公司核心业务系统迁移上云，采用混合云架构降低IT运维成本。报告期内人民币汇率波动加大，公司通过远期结售汇业务降低了汇兑损失。报告期内公司客户结构进一步优化，前五大客户收入占比为28.3%，客户集中度处于合理区间。报告期内，公司获得高新技术企业资质认定，享受相应税收优惠政策。公司持续加大研发投入，研发费用占营业收入比例为3.2%，围绕高端装备开展技术攻关。报告期内公司客户结构进一步优化，前五大客户收入占比为36.9%，客户集中度处于合理区间。公司数据中心一期建成投用，具备 PB 级数据存储与计算能力。公司积极拓展海外市场，出口业务收入同比增长-6.3%，国际化布局初见成效。公司积极拓展海外市场，出口业务收入同比增长9.4%，国际化布局初见成效。公司建立健全内部控制系统，治理结构规范，三会运作正常。公司持续加大研发投入，研发费用占营业收入比例为5.1%，围绕高端装备开展技术攻关。公司建设智能客服系统，应用自然语言处理技术实现工单自动分类。报告期内人民币汇率波动加大，公司通过远期结售汇业务降低了汇兑损失。公司持续优化产品结构，电子元器件业务占比稳步提升，毛利率较上年下降0.8个百分点。,脚本生成演示语料(step0_make_demo_corpus.py)
DEMO039,演示DEMO039股份有限公司,房地产,2020,年度报告,公司探索区块链技术在产品溯源中的应用，实现全流程信息上链。下半年公司将围绕年度经营计划，重点做好市场开拓、成本控制与人才梯队建设等工作。面对市场竞争加剧，公司加大渠道建设力度，经销商数量增加210家，覆盖区域进一步扩大。面对市场竞争加剧，公司加大渠道建设力度，经销商数量增加45家，覆盖区域进一步扩大。公司主要客户为行业龙头企业，合作关系稳定，应收账款回款情况良好。公司持续优化产品结构，精细化工产品业务占比稳步提升，毛利率较上年下降0.8个百分点。公司建立健全内部控制系统，治理结构规范，三会运作正常。公司现金流状况良好，经营活动现金流量净额为12.4亿元，资产负债结构稳健。报告期内，公司实现营业收入63.7亿元，同比增长15.2%，主要得益于主营业务产销规模扩大。报告期内，公司获得高新技术企业资质认定，享受相应税收优惠政策。,脚本生成演示语料(step0_make_demo_corpus.py)
DEMO039,演示DEMO039股份有限公司,房地产,2021,年度报告,公司高度重视安全生产与环境保护，报告期内未发生重大安全事故。报告期内，公司获得高新技术企业资质认定，享受相应税收优惠政策。公司现金流状况良好，经营活动现金流量净额为5.8亿元，资产负债结构稳健。公司积极拓展海外市场，出口业务收入同比增长18.9%，国际化布局初见成效。公司持续优化产品结构，精细化工产品业务占比稳步提升，毛利率较上年上升2.5个百分点。原材料价格波动对成本端形成一定压力，公司通过集中采购和套期保值部分对冲了成本上行风险。报告期内公司无重大诉讼仲裁事项，各项经营活动正常开展。下半年公司将围绕年度经营计划，重点做好市场开拓、成本控制与人才梯队建设等工作。公司深耕东北市场，区域市场份额稳中有升，品牌影响力持续增强。公司持续优化产品结构，电子元器件业务占比稳步提升，毛利率较上年下降0.8个百分点。,脚本生成演示语料(step0_make_demo_corpus.py)
DEMO039,演示DEMO039股份有限公司,房地产,2022,年度报告,公司基于云平台搭建协同办公体系，跨区域协作效率提升。公司高度重视安全生产与环境保护，报告期内未发生重大安全事故。公司持续加大研发投入，研发费用占营业收入比例为1.8%，围绕电子元器件开展技术攻关。公司持续加大研发投入，研发费用占营业收入比例为1.8%，围绕建材开展技术攻关。面对市场竞争加剧，公司加大渠道建设力度，经销商数量增加210家，覆盖区域进一步扩大。公司继续推进产能建设，高端装备项目一期已投产，预计达产后年新增产能20万吨。公司建设工业互联网平台，实现设备联网与远程运维。下半年公司将围绕年度经营计划，重点做好市场开拓、成本控制与人才梯队建设等工作。公司现金流状况良好，经营活动现金流量净额为12.4亿元，资产负债结构稳健。公司现金流状况良好，经营活动现金流量净额为12.4亿元，资产负债结构稳健。公司继续推进产能建设，食品饮料项目一期已投产，预计达产后年新增产能5万吨。公司继续推进产能建设，食品饮料项目一期已投产，预计达产后年新增产能3万吨。,脚本生成演示语料(step0_make_demo_corpus.py)
DEMO039,演示DEMO039股份有限公司,房地产,2023,年度报告,公司建立健全内部控制系统，治理结构规范，三会运作正常。报告期内人民币汇率波动加大，公司通过远期结售汇业务降低了汇兑损失。公司持续优化产品结构，建材业务占比稳步提升，毛利率较上年持平个百分点。公司主要客户为行业龙头企业，合作关系稳定，应收账款回款情况良好。公司继续推进产能建设，纺织服装项目一期已投产，预计达产后年新增产能8万吨。公司现金流状况良好，经营活动现金流量净额为1.5亿元，资产负债结构稳健。本年度公司人力成本略有上升，管理费用率保持稳定，费用管控成效显现。公司基于云平台搭建协同办公体系，跨区域协作效率提升。公司基于云平台搭建协同办公体系，跨区域协作效率提升。下半年公司将围绕年度经营计划，重点做好市场开拓、成本控制与人才梯队建设等工作。公司继续推进产能建设，精细化工产品项目一期已投产，预计达产后年新增产能3万吨。公司持续优化产品结构，食品饮料业务占比稳步提升，毛利率较上年上升1.2个百分点。公司现金流状况良好，经营活动现金流量净额为1.5亿元，资产负债结构稳健。公司利用智能合约技术自动执行供应商结算条款。,脚本生成演示语料(step0_make_demo_corpus.py)
DEMO039,演示DEMO039股份有限公司,房地产,2024,年度报告,公司建设工业互联网平台，实现设备联网与远程运维。公司本期新增专利授权3项，累计有效专利85项，技术储备进一步夯实。原材料价格波动对成本端形成一定压力，公司通过集中采购和套期保值部分对冲了成本上行风险。原材料价格波动对成本端形成一定压力，公司通过集中采购和套期保值部分对冲了成本上行风险。公司引入人工智能技术优化{prod}质检环节，缺陷识别准确率显著提升。公司持续优化产品结构，精细化工产品业务占比稳步提升，毛利率较上年下降0.8个百分点。公司继续推进产能建设，精细化工产品项目一期已投产，预计达产后年新增产能5万吨。报告期内公司无重大诉讼仲裁事项，各项经营活动正常开展。报告期内，公司实现营业收入63.7亿元，同比增长15.2%，主要得益于主营业务产销规模扩大。报告期内公司客户结构进一步优化，前五大客户收入占比为32.5%，客户集中度处于合理区间。公司主要客户为行业龙头企业，合作关系稳定，应收账款回款情况良好。公司与高校联合开展深度学习算法研究，赋能产品智能设计。报告期内，公司实现营业收入28.4亿元，同比增长-1.8%，主要得益于主营业务产销规模扩大。原材料价格波动对成本端形成一定压力，公司通过集中采购和套期保值部分对冲了成本上行风险。公司高度重视安全生产与环境保护，报告期内未发生重大安全事故。,脚本生成演示语料(step0_make_demo_corpus.py)
DEMO040,演示DEMO040股份有限公司,农林牧渔,2020,年度报告,报告期内，公司获得高新技术企业资质认定，享受相应税收优惠政策。报告期内，公司获得高新技术企业资质认定，享受相应税收优惠政策。公司持续加大研发投入，研发费用占营业收入比例为1.8%，围绕精细化工产品开展技术攻关。公司主要客户为行业龙头企业，合作关系稳定，应收账款回款情况良好。公司本期新增专利授权3项，累计有效专利38项，技术储备进一步夯实。原材料价格波动对成本端形成一定压力，公司通过集中采购和套期保值部分对冲了成本上行风险。公司主要客户为行业龙头企业，合作关系稳定，应收账款回款情况良好。报告期内，公司实现营业收入63.7亿元，同比增长22.7%，主要得益于主营业务产销规模扩大。公司现金流状况良好，经营活动现金流量净额为12.4亿元，资产负债结构稳健。本年度公司人力成本略有上升，管理费用率保持稳定，费用管控成效显现。,脚本生成演示语料(step0_make_demo_corpus.py)
DEMO040,演示DEMO040股份有限公司,农林牧渔,2021,年度报告,报告期内公司无重大诉讼仲裁事项，各项经营活动正常开展。受行业周期影响，部分产品价格有所回落，公司及时调整销售策略，库存水平保持在合理范围。公司主要客户为行业龙头企业，合作关系稳定，应收账款回款情况良好。公司持续加大研发投入，研发费用占营业收入比例为4.4%，围绕高端装备开展技术攻关。公司建设智能客服系统，应用自然语言处理技术实现工单自动分类。公司建立健全内部控制系统，治理结构规范，三会运作正常。报告期内，公司实现营业收入8.9亿元，同比增长-3.1%，主要得益于主营业务产销规模扩大。公司成立数据中台团队，推动业务数据化、数据业务化。原材料价格波动对成本端形成一定压力，公司通过集中采购和套期保值部分对冲了成本上行风险。公司数据中心一期建成投用，具备 PB 级数据存储与计算能力。报告期内，公司实现营业收入28.4亿元，同比增长5.6%，主要得益于主营业务产销规模扩大。公司部署机器学习算法对销售数据进行需求预测，库存周转效率明显改善。,脚本生成演示语料(step0_make_demo_corpus.py)
DEMO040,演示DEMO040股份有限公司,农林牧渔,2022,年度报告,面对市场竞争加剧，公司加大渠道建设力度，经销商数量增加45家，覆盖区域进一步扩大。下半年公司将围绕年度经营计划，重点做好市场开拓、成本控制与人才梯队建设等工作。报告期内人民币汇率波动加大，公司通过远期结售汇业务降低了汇兑损失。公司高度重视安全生产与环境保护，报告期内未发生重大安全事故。公司发展电子商务业务，线上渠道收入占比持续提升。公司深耕华北市场，区域市场份额稳中有升，品牌影响力持续增强。公司持续优化产品结构，高端装备业务占比稳步提升，毛利率较上年下降0.8个百分点。报告期内人民币汇率波动加大，公司通过远期结售汇业务降低了汇兑损失。公司积极拓展海外市场，出口业务收入同比增长18.9%，国际化布局初见成效。公司主要客户为行业龙头企业，合作关系稳定，应收账款回款情况良好。公司继续推进产能建设，食品饮料项目一期已投产，预计达产后年新增产能3万吨。公司高度重视安全生产与环境保护，报告期内未发生重大安全事故。,脚本生成演示语料(step0_make_demo_corpus.py)
DEMO040,演示DEMO040股份有限公司,农林牧渔,2023,年度报告,公司建设大数据平台，整合生产、销售与供应链数据，支撑经营决策。报告期内人民币汇率波动加大，公司通过远期结售汇业务降低了汇兑损失。公司基于云平台搭建协同办公体系，跨区域协作效率提升。报告期内，公司实现营业收入45.2亿元，同比增长15.2%，主要得益于主营业务产销规模扩大。公司深耕东北市场，区域市场份额稳中有升，品牌影响力持续增强。公司建立健全内部控制系统，治理结构规范，三会运作正常。公司建立健全内部控制系统，治理结构规范，三会运作正常。公司主要客户为行业龙头企业，合作关系稳定，应收账款回款情况良好。公司继续推进产能建设，食品饮料项目一期已投产，预计达产后年新增产能5万吨。公司参与行业区块链联盟，推动供应链单证电子化与可信流转。公司持续加大研发投入，研发费用占营业收入比例为4.4%，围绕食品饮料开展技术攻关。报告期内人民币汇率波动加大，公司通过远期结售汇业务降低了汇兑损失。公司成立数据中台团队，推动业务数据化、数据业务化。公司深耕西南市场，区域市场份额稳中有升，品牌影响力持续增强。公司持续优化产品结构，精细化工产品业务占比稳步提升，毛利率较上年下降0.8个百分点。,脚本生成演示语料(step0_make_demo_corpus.py)
DEMO040,演示DEMO040股份有限公司,农林牧渔,2024,年度报告,公司持续优化产品结构，高端装备业务占比稳步提升，毛利率较上年上升2.5个百分点。公司本期新增专利授权22项，累计有效专利120项，技术储备进一步夯实。报告期内，公司实现营业收入63.7亿元，同比增长15.2%，主要得益于主营业务产销规模扩大。公司试点数字人民币结算场景，丰富收款渠道。本年度公司人力成本略有上升，管理费用率保持稳定，费用管控成效显现。公司现金流状况良好，经营活动现金流量净额为1.5亿元，资产负债结构稳健。受行业周期影响，部分产品价格有所回落，公司及时调整销售策略，库存水平保持在合理范围。本年度公司人力成本略有上升，管理费用率保持稳定，费用管控成效显现。报告期内，公司获得高新技术企业资质认定，享受相应税收优惠政策。报告期内公司客户结构进一步优化，前五大客户收入占比为32.5%，客户集中度处于合理区间。公司发展电子商务业务，线上渠道收入占比持续提升。,脚本生成演示语料(step0_make_demo_corpus.py)
DEMO041,演示DEMO041股份有限公司,信息技术,2020,年度报告,公司基于云平台搭建协同办公体系，跨区域协作效率提升。公司应用数字孪生技术对重点产线进行虚拟建模与仿真优化。公司发展电子商务业务，线上渠道收入占比持续提升。公司推动业务流程线上化，无纸化办公覆盖全部业务部门。公司深耕东北市场，区域市场份额稳中有升，品牌影响力持续增强。公司建设大数据平台，整合生产、销售与供应链数据，支撑经营决策。公司成立数据中台团队，推动业务数据化、数据业务化。公司引入边缘计算设备，实现车间数据的就地处理与实时回传。公司引入边缘计算设备，实现车间数据的就地处理与实时回传。报告期内人民币汇率波动加大，公司通过远期结售汇业务降低了汇兑损失。公司现金流状况良好，经营活动现金流量净额为1.5亿元，资产负债结构稳健。公司引入边缘计算设备，实现车间数据的就地处理与实时回传。公司与高校联合开展深度学习算法研究，赋能产品智能设计。报告期内，公司获得高新技术企业资质认定，享受相应税收优惠政策。公司研究基于分布式账本的对账机制，降低交易核对成本。公司核心业务系统迁移上云，采用混合云架构降低IT运维成本。公司与高校联合开展深度学习算法研究，赋能产品智能设计。公司建立健全内部控制系统，治理结构规范，三会运作正常。公司高度重视安全生产与环境保护，报告期内未发生重大安全事故。公司高度重视安全生产与环境保护，报告期内未发生重大安全事故。公司部署机器学习算法对销售数据进行需求预测，库存周转效率明显改善。报告期内，公司获得高新技术企业资质认定，享受相应税收优惠政策。公司研究基于分布式账本的对账机制，降低交易核对成本。受行业周期影响，部分产品价格有所回落，公司及时调整销售策略，库存水平保持在合理范围。公司部署机器学习算法对销售数据进行需求预测，库存周转效率明显改善。,脚本生成演示语料(step0_make_demo_corpus.py)
DEMO041,演示DEMO041股份有限公司,信息技术,2021,年度报告,公司部署机器学习算法对销售数据进行需求预测，库存周转效率明显改善。公司上线智能排产系统，通过智能算法优化生产计划排程。受行业周期影响，部分产品价格有所回落，公司及时调整销售策略，库存水平保持在合理范围。公司部署机器学习算法对销售数据进行需求预测，库存周转效率明显改善。面对市场竞争加剧，公司加大渠道建设力度，经销商数量增加36家，覆盖区域进一步扩大。公司推进经营管理信息化，上线新一代ERP系统实现业财一体。受行业周期影响，部分产品价格有所回落，公司及时调整销售策略，库存水平保持在合理范围。公司探索区块链技术在产品溯源中的应用，实现全流程信息上链。公司持续优化产品结构，纺织服装业务占比稳步提升，毛利率较上年上升1.2个百分点。公司推进智能制造升级，数字化车间已通过省级认定。公司基于云平台搭建协同办公体系，跨区域协作效率提升。公司建设大数据平台，整合生产、销售与供应链数据，支撑经营决策。公司推进计算机视觉技术在生产线上的应用，实现关键工序自动检测。公司推动业务流程线上化，无纸化办公覆盖全部业务部门。公司构建智慧物流体系，仓储分拣自动化水平显著提高。公司研究基于分布式账本的对账机制，降低交易核对成本。公司推动业务流程线上化，无纸化办公覆盖全部业务部门。报告期内公司客户结构进一步优化，前五大客户收入占比为55.1%，客户集中度处于合理区间。本年度公司人力成本略有上升，管理费用率保持稳定，费用管控成效显现。公司发展电子商务业务，线上渠道收入占比持续提升。报告期内，公司获得高新技术企业资质认定，享受相应税收优惠政策。公司利用智能合约技术自动执行供应商结算条款。公司核心业务系统迁移上云，采用混合云架构降低IT运维成本。公司试点数字人民币结算场景，丰富收款渠道。公司建立健全内部控制系统，治理结构规范，三会运作正常。公司核心业务系统迁移上云，采用混合云架构降低IT运维成本。本年度公司人力成本略有上升，管理费用率保持稳定，费用管控成效显现。公司建设智能客服系统，应用自然语言处理技术实现工单自动分类。公司利用智能合约技术自动执行供应商结算条款。公司持续加大研发投入，研发费用占营业收入比例为5.1%，围绕纺织服装开展技术攻关。公司利用智能合约技术自动执行供应商结算条款。,脚本生成演示语料(step0_make_demo_corpus.py)
DEMO041,演示DEMO041股份有限公司,信息技术,2022,年度报告,受行业周期影响，部分产品价格有所回落，公司及时调整销售策略，库存水平保持在合理范围。公司试点数字人民币结算场景，丰富收款渠道。报告期内公司客户结构进一步优化，前五大客户收入占比为32.5%，客户集中度处于合理区间。公司引入边缘计算设备，实现车间数据的就地处理与实时回传。报告期内公司无重大诉讼仲裁事项，各项经营活动正常开展。公司与高校联合开展深度学习算法研究，赋能产品智能设计。公司开展数据治理体系建设，统一主数据标准，提升数据资产质量。公司核心业务系统迁移上云，采用混合云架构降低IT运维成本。公司建设智能客服系统，应用自然语言处理技术实现工单自动分类。公司建设工业互联网平台，实现设备联网与远程运维。公司数据中心一期建成投用，具备 PB 级数据存储与计算能力。公司积极拓展海外市场，出口业务收入同比增长12.1%，国际化布局初见成效。公司运用数据挖掘技术分析客户行为，实现精准营销。公司探索区块链技术在产品溯源中的应用，实现全流程信息上链。公司试点数字人民币结算场景，丰富收款渠道。公司运用数据挖掘技术分析客户行为，实现精准营销。公司引入人工智能技术优化{prod}质检环节，缺陷识别准确率显著提升。公司构建智慧物流体系，仓储分拣自动化水平显著提高。公司部署机器学习算法对销售数据进行需求预测，库存周转效率明显改善。公司推进智能制造升级，数字化车间已通过省级认定。公司本期新增专利授权22项，累计有效专利210项，技术储备进一步夯实。公司试点数字人民币结算场景，丰富收款渠道。公司引入人工智能技术优化{prod}质检环节，缺陷识别准确率显著提升。公司利用智能合约技术自动执行供应商结算条款。公司积极拓展海外市场，出口业务收入同比增长-6.3%，国际化布局初见成效。公司持续加大研发投入，研发费用占营业收入比例为3.2%，围绕高端装备开展技术攻关。公司持续加大研发投入，研发费用占营业收入比例为1.8%，围绕纺织服装开展技术攻关。公司采购云服务替代传统服务器部署，系统上线周期大幅缩短。公司数据中心一期建成投用，具备 PB 级数据存储与计算能力。公司开展数据治理体系建设，统一主数据标准，提升数据资产质量。公司上线智能排产系统，通过智能算法优化生产计划排程。公司探索区块链技术在产品溯源中的应用，实现全流程信息上链。,脚本生成演示语料(step0_make_demo_corpus.py)
DEMO041,演示DEMO041股份有限公司,信息技术,2023,年度报告,公司核心业务系统迁移上云，采用混合云架构降低IT运维成本。公司建设大数据平台，整合生产、销售与供应链数据，支撑经营决策。公司建设工业互联网平台，实现设备联网与远程运维。公司引入人工智能技术优化{prod}质检环节，缺陷识别准确率显著提升。公司建设智能客服系统，应用自然语言处理技术实现工单自动分类。公司深耕华南市场，区域市场份额稳中有升，品牌影响力持续增强。公司高度重视安全生产与环境保护，报告期内未发生重大安全事故。公司与高校联合开展深度学习算法研究，赋能产品智能设计。公司推进经营管理信息化，上线新一代ERP系统实现业财一体。公司数据中心一期建成投用，具备 PB 级数据存储与计算能力。公司建设大数据平台，整合生产、销售与供应链数据，支撑经营决策。公司上线智能排产系统，通过智能算法优化生产计划排程。公司应用数字孪生技术对重点产线进行虚拟建模与仿真优化。受行业周期影响，部分产品价格有所回落，公司及时调整销售策略，库存水平保持在合理范围。公司高度重视安全生产与环境保护，报告期内未发生重大安全事故。公司建设工业互联网平台，实现设备联网与远程运维。公司构建经营分析数据仓库，管理层可实时查看核心经营指标。公司成立数据中台团队，推动业务数据化、数据业务化。公司数据中心一期建成投用，具备 PB 级数据存储与计算能力。公司持续加大研发投入，研发费用占营业收入比例为4.4%，围绕电子元器件开展技术攻关。公司与高校联合开展深度学习算法研究，赋能产品智能设计。公司引入边缘计算设备，实现车间数据的就地处理与实时回传。原材料价格波动对成本端形成一定压力，公司通过集中采购和套期保值部分对冲了成本上行风险。公司评估公有云与私有云方案，逐步构建统一算力资源池。公司推动业务流程线上化，无纸化办公覆盖全部业务部门。公司构建智慧物流体系，仓储分拣自动化水平显著提高。公司持续加大研发投入，研发费用占营业收入比例为2.6%，围绕食品饮料开展技术攻关。报告期内公司客户结构进一步优化，前五大客户收入占比为28.3%，客户集中度处于合理区间。本年度公司人力成本略有上升，管理费用率保持稳定，费用管控成效显现。公司本期新增专利授权3项，累计有效专利210项，技术储备进一步夯实。公司深耕西南市场，区域市场份额稳中有升，品牌影响力持续增强。公司引入人工智能技术优化{prod}质检环节，缺陷识别准确率显著提升。公司探索区块链技术在产品溯源中的应用，实现全流程信息上链。,脚本生成演示语料(step0_make_demo_corpus.py)
DEMO041,演示DEMO041股份有限公司,信息技术,2024,年度报告,公司试点数字人民币结算场景，丰富收款渠道。公司参与行业区块链联盟，推动供应链单证电子化与可信流转。公司采购云服务替代传统服务器部署，系统上线周期大幅缩短。公司试点数字人民币结算场景，丰富收款渠道。公司与高校联合开展深度学习算法研究，赋能产品智能设计。公司建设智能客服系统，应用自然语言处理技术实现工单自动分类。公司引入边缘计算设备，实现车间数据的就地处理与实时回传。公司持续加大研发投入，研发费用占营业收入比例为2.6%，围绕食品饮料开展技术攻关。公司推动业务流程线上化，无纸化办公覆盖全部业务部门。公司与高校联合开展深度学习算法研究，赋能产品智能设计。公司与高校联合开展深度学习算法研究，赋能产品智能设计。公司核心业务系统迁移上云，采用混合云架构降低IT运维成本。公司引入边缘计算设备，实现车间数据的就地处理与实时回传。公司应用数字孪生技术对重点产线进行虚拟建模与仿真优化。公司本期新增专利授权15项，累计有效专利210项，技术储备进一步夯实。公司核心业务系统迁移上云，采用混合云架构降低IT运维成本。公司推进经营管理信息化，上线新一代ERP系统实现业财一体。公司高度重视安全生产与环境保护，报告期内未发生重大安全事故。下半年公司将围绕年度经营计划，重点做好市场开拓、成本控制与人才梯队建设等工作。公司上线智能排产系统，通过智能算法优化生产计划排程。公司探索区块链技术在产品溯源中的应用，实现全流程信息上链。公司积极拓展海外市场，出口业务收入同比增长30.5%，国际化布局初见成效。公司与高校联合开展深度学习算法研究，赋能产品智能设计。公司探索区块链技术在产品溯源中的应用，实现全流程信息上链。公司核心业务系统迁移上云，采用混合云架构降低IT运维成本。公司制定数字化转型规划，成立数字化管理委员会统筹推进。公司建设大数据平台，整合生产、销售与供应链数据，支撑经营决策。公司现金流状况良好，经营活动现金流量净额为8.7亿元，资产负债结构稳健。公司发展电子商务业务，线上渠道收入占比持续提升。公司发展电子商务业务，线上渠道收入占比持续提升。公司本期新增专利授权15项，累计有效专利210项，技术储备进一步夯实。报告期内，公司实现营业收入63.7亿元，同比增长5.6%，主要得益于主营业务产销规模扩大。,脚本生成演示语料(step0_make_demo_corpus.py)
DEMO042,演示DEMO042股份有限公司,制造业,2020,年度报告,公司采购云服务替代传统服务器部署，系统上线周期大幅缩短。公司引入边缘计算设备，实现车间数据的就地处理与实时回传。公司推进智能制造升级，数字化车间已通过省级认定。公司现金流状况良好，经营活动现金流量净额为3.2亿元，资产负债结构稳健。下半年公司将围绕年度经营计划，重点做好市场开拓、成本控制与人才梯队建设等工作。公司持续加大研发投入，研发费用占营业收入比例为3.2%，围绕食品饮料开展技术攻关。报告期内公司无重大诉讼仲裁事项，各项经营活动正常开展。公司制定数字化转型规划，成立数字化管理委员会统筹推进。公司本期新增专利授权3项，累计有效专利85项，技术储备进一步夯实。报告期内，公司实现营业收入12.6亿元，同比增长-3.1%，主要得益于主营业务产销规模扩大。公司成立数据中台团队，推动业务数据化、数据业务化。公司与高校联合开展深度学习算法研究，赋能产品智能设计。公司高度重视安全生产与环境保护，报告期内未发生重大安全事故。原材料价格波动对成本端形成一定压力，公司通过集中采购和套期保值部分对冲了成本上行风险。公司持续优化产品结构，高端装备业务占比稳步提升，毛利率较上年上升2.5个百分点。公司持续加大研发投入，研发费用占营业收入比例为1.8%，围绕纺织服装开展技术攻关。公司成立数据中台团队，推动业务数据化、数据业务化。公司评估公有云与私有云方案，逐步构建统一算力资源池。公司建立健全内部控制系统，治理结构规范，三会运作正常。公司引入边缘计算设备，实现车间数据的就地处理与实时回传。报告期内，公司实现营业收入28.4亿元，同比增长5.6%，主要得益于主营业务产销规模扩大。公司推进经营管理信息化，上线新一代ERP系统实现业财一体。,脚本生成演示语料(step0_make_demo_corpus.py)
DEMO042,演示DEMO042股份有限公司,制造业,2021,年度报告,公司成立数据中台团队，推动业务数据化、数据业务化。公司现金流状况良好，经营活动现金流量净额为12.4亿元，资产负债结构稳健。公司继续推进产能建设，纺织服装项目一期已投产，预计达产后年新增产能8万吨。公司核心业务系统迁移上云，采用混合云架构降低IT运维成本。公司核心业务系统迁移上云，采用混合云架构降低IT运维成本。受行业周期影响，部分产品价格有所回落，公司及时调整销售策略，库存水平保持在合理范围。公司持续优化产品结构，纺织服装业务占比稳步提升，毛利率较上年下降1.5个百分点。公司积极拓展海外市场，出口业务收入同比增长18.9%，国际化布局初见成效。公司持续加大研发投入，研发费用占营业收入比例为2.6%，围绕精细化工产品开展技术攻关。公司制定数字化转型规划，成立数字化管理委员会统筹推进。公司高度重视安全生产与环境保护，报告期内未发生重大安全事故。公司核心业务系统迁移上云，采用混合云架构降低IT运维成本。公司发展电子商务业务，线上渠道收入占比持续提升。报告期内人民币汇率波动加大，公司通过远期结售汇业务降低了汇兑损失。公司与高校联合开展深度学习算法研究，赋能产品智能设计。本年度公司人力成本略有上升，管理费用率保持稳定，费用管控成效显现。公司运用数据挖掘技术分析客户行为，实现精准营销。公司主要客户为行业龙头企业，合作关系稳定，应收账款回款情况良好。公司推动业务流程线上化，无纸化办公覆盖全部业务部门。公司引入人工智能技术优化{prod}质检环节，缺陷识别准确率显著提升。公司建设智能客服系统，应用自然语言处理技术实现工单自动分类。公司与高校联合开展深度学习算法研究，赋能产品智能设计。公司本期新增专利授权11项，累计有效专利38项，技术储备进一步夯实。公司建设智能客服系统，应用自然语言处理技术实现工单自动分类。公司上线智能排产系统，通过智能算法优化生产计划排程。公司参与行业区块链联盟，推动供应链单证电子化与可信流转。,脚本生成演示语料(step0_make_demo_corpus.py)
DEMO042,演示DEMO042股份有限公司,制造业,2022,年度报告,公司继续推进产能建设，精细化工产品项目一期已投产，预计达产后年新增产能5万吨。公司核心业务系统迁移上云，采用混合云架构降低IT运维成本。公司持续优化产品结构，纺织服装业务占比稳步提升，毛利率较上年下降0.8个百分点。公司本期新增专利授权15项，累计有效专利210项，技术储备进一步夯实。公司应用数字孪生技术对重点产线进行虚拟建模与仿真优化。公司评估公有云与私有云方案，逐步构建统一算力资源池。公司数据中心一期建成投用，具备 PB 级数据存储与计算能力。公司引入边缘计算设备，实现车间数据的就地处理与实时回传。公司建设大数据平台，整合生产、销售与供应链数据，支撑经营决策。公司持续优化产品结构，纺织服装业务占比稳步提升，毛利率较上年下降0.8个百分点。报告期内公司无重大诉讼仲裁事项，各项经营活动正常开展。受行业周期影响，部分产品价格有所回落，公司及时调整销售策略，库存水平保持在合理范围。公司运用数据挖掘技术分析客户行为，实现精准营销。报告期内，公司实现营业收入8.9亿元，同比增长15.2%，主要得益于主营业务产销规模扩大。公司数据中心一期建成投用，具备 PB 级数据存储与计算能力。公司本期新增专利授权11项，累计有效专利56项，技术储备进一步夯实。公司引入人工智能技术优化{prod}质检环节，缺陷识别准确率显著提升。公司建设大数据平台，整合生产、销售与供应链数据，支撑经营决策。公司建设大数据平台，整合生产、销售与供应链数据，支撑经营决策。公司制定数字化转型规划，成立数字化管理委员会统筹推进。公司推进经营管理信息化，上线新一代ERP系统实现业财一体。公司建设智能客服系统，应用自然语言处理技术实现工单自动分类。公司主要客户为行业龙头企业，合作关系稳定，应收账款回款情况良好。,脚本生成演示语料(step0_make_demo_corpus.py)
DEMO042,演示DEMO042股份有限公司,制造业,2023,年度报告,公司推进计算机视觉技术在生产线上的应用，实现关键工序自动检测。公司持续加大研发投入，研发费用占营业收入比例为2.6%，围绕精细化工产品开展技术攻关。公司持续优化产品结构，电子元器件业务占比稳步提升，毛利率较上年上升2.5个百分点。公司应用数字孪生技术对重点产线进行虚拟建模与仿真优化。报告期内公司无重大诉讼仲裁事项，各项经营活动正常开展。公司深耕华南市场，区域市场份额稳中有升，品牌影响力持续增强。下半年公司将围绕年度经营计划，重点做好市场开拓、成本控制与人才梯队建设等工作。受行业周期影响，部分产品价格有所回落，公司及时调整销售策略，库存水平保持在合理范围。公司现金流状况良好，经营活动现金流量净额为5.8亿元，资产负债结构稳健。下半年公司将围绕年度经营计划，重点做好市场开拓、成本控制与人才梯队建设等工作。公司引入人工智能技术优化{prod}质检环节，缺陷识别准确率显著提升。公司持续加大研发投入，研发费用占营业收入比例为3.2%，围绕电子元器件开展技术攻关。公司部署机器学习算法对销售数据进行需求预测，库存周转效率明显改善。公司推动业务流程线上化，无纸化办公覆盖全部业务部门。公司现金流状况良好，经营活动现金流量净额为12.4亿元，资产负债结构稳健。原材料价格波动对成本端形成一定压力，公司通过集中采购和套期保值部分对冲了成本上行风险。公司成立数据中台团队，推动业务数据化、数据业务化。公司与高校联合开展深度学习算法研究，赋能产品智能设计。公司建设工业互联网平台，实现设备联网与远程运维。公司数据中心一期建成投用，具备 PB 级数据存储与计算能力。公司运用数据挖掘技术分析客户行为，实现精准营销。公司参与行业区块链联盟，推动供应链单证电子化与可信流转。公司本期新增专利授权11项，累计有效专利210项，技术储备进一步夯实。公司上线智能排产系统，通过智能算法优化生产计划排程。,脚本生成演示语料(step0_make_demo_corpus.py)
DEMO042,演示DEMO042股份有限公司,制造业,2024,年度报告,原材料价格波动对成本端形成一定压力，公司通过集中采购和套期保值部分对冲了成本上行风险。公司运用数据挖掘技术分析客户行为，实现精准营销。公司本期新增专利授权22项，累计有效专利85项，技术储备进一步夯实。公司引入边缘计算设备，实现车间数据的就地处理与实时回传。公司推进计算机视觉技术在生产线上的应用，实现关键工序自动检测。公司积极拓展海外市场，出口业务收入同比增长9.4%，国际化布局初见成效。公司引入边缘计算设备，实现车间数据的就地处理与实时回传。下半年公司将围绕年度经营计划，重点做好市场开拓、成本控制与人才梯队建设等工作。公司运用数据挖掘技术分析客户行为，实现精准营销。公司核心业务系统迁移上云，采用混合云架构降低IT运维成本。公司运用数据挖掘技术分析客户行为，实现精准营销。公司推动业务流程线上化，无纸化办公覆盖全部业务部门。公司持续加大研发投入，研发费用占营业收入比例为2.6%，围绕电子元器件开展技术攻关。受行业周期影响，部分产品价格有所回落，公司及时调整销售策略，库存水平保持在合理范围。公司利用智能合约技术自动执行供应商结算条款。公司持续优化产品结构，建材业务占比稳步提升，毛利率较上年上升2.5个百分点。公司现金流状况良好，经营活动现金流量净额为8.7亿元，资产负债结构稳健。报告期内人民币汇率波动加大，公司通过远期结售汇业务降低了汇兑损失。公司建设智能客服系统，应用自然语言处理技术实现工单自动分类。公司部署机器学习算法对销售数据进行需求预测，库存周转效率明显改善。公司建设工业互联网平台，实现设备联网与远程运维。公司现金流状况良好，经营活动现金流量净额为12.4亿元，资产负债结构稳健。公司引入人工智能技术优化{prod}质检环节，缺陷识别准确率显著提升。本年度公司人力成本略有上升，管理费用率保持稳定，费用管控成效显现。公司推进智能制造升级，数字化车间已通过省级认定。公司利用智能合约技术自动执行供应商结算条款。公司探索区块链技术在产品溯源中的应用，实现全流程信息上链。,脚本生成演示语料(step0_make_demo_corpus.py)
DEMO043,演示DEMO043股份有限公司,批发零售,2020,年度报告,公司引入人工智能技术优化{prod}质检环节，缺陷识别准确率显著提升。受行业周期影响，部分产品价格有所回落，公司及时调整销售策略，库存水平保持在合理范围。公司上线智能排产系统，通过智能算法优化生产计划排程。报告期内人民币汇率波动加大，公司通过远期结售汇业务降低了汇兑损失。公司持续优化产品结构，高端装备业务占比稳步提升，毛利率较上年上升1.2个百分点。公司现金流状况良好，经营活动现金流量净额为3.2亿元，资产负债结构稳健。公司建立健全内部控制系统，治理结构规范，三会运作正常。公司建立健全内部控制系统，治理结构规范，三会运作正常。本年度公司人力成本略有上升，管理费用率保持稳定，费用管控成效显现。公司继续推进产能建设，电子元器件项目一期已投产，预计达产后年新增产能12万吨。公司上线智能排产系统，通过智能算法优化生产计划排程。公司积极拓展海外市场，出口业务收入同比增长30.5%，国际化布局初见成效。公司采购云服务替代传统服务器部署，系统上线周期大幅缩短。公司本期新增专利授权11项，累计有效专利120项，技术储备进一步夯实。公司利用智能合约技术自动执行供应商结算条款。,脚本生成演示语料(step0_make_demo_corpus.py)
DEMO043,演示DEMO043股份有限公司,批发零售,2021,年度报告,公司推进智能制造升级，数字化车间已通过省级认定。公司高度重视安全生产与环境保护，报告期内未发生重大安全事故。原材料价格波动对成本端形成一定压力，公司通过集中采购和套期保值部分对冲了成本上行风险。公司主要客户为行业龙头企业，合作关系稳定，应收账款回款情况良好。公司部署机器学习算法对销售数据进行需求预测，库存周转效率明显改善。公司深耕东北市场，区域市场份额稳中有升，品牌影响力持续增强。公司建立健全内部控制系统，治理结构规范，三会运作正常。公司继续推进产能建设，高端装备项目一期已投产，预计达产后年新增产能5万吨。公司成立数据中台团队，推动业务数据化、数据业务化。公司持续加大研发投入，研发费用占营业收入比例为2.6%，围绕精细化工产品开展技术攻关。公司持续加大研发投入，研发费用占营业收入比例为3.2%，围绕纺织服装开展技术攻关。公司持续优化产品结构，食品饮料业务占比稳步提升，毛利率较上年下降0.8个百分点。报告期内公司无重大诉讼仲裁事项，各项经营活动正常开展。公司高度重视安全生产与环境保护，报告期内未发生重大安全事故。报告期内公司无重大诉讼仲裁事项，各项经营活动正常开展。,脚本生成演示语料(step0_make_demo_corpus.py)
DEMO043,演示DEMO043股份有限公司,批发零售,2022,年度报告,报告期内，公司获得高新技术企业资质认定，享受相应税收优惠政策。公司建设智能客服系统，应用自然语言处理技术实现工单自动分类。面对市场竞争加剧，公司加大渠道建设力度，经销商数量增加36家，覆盖区域进一步扩大。公司本期新增专利授权8项，累计有效专利38项，技术储备进一步夯实。公司积极拓展海外市场，出口业务收入同比增长-6.3%，国际化布局初见成效。公司利用智能合约技术自动执行供应商结算条款。公司现金流状况良好，经营活动现金流量净额为5.8亿元，资产负债结构稳健。报告期内，公司实现营业收入12.6亿元，同比增长15.2%，主要得益于主营业务产销规模扩大。报告期内公司客户结构进一步优化，前五大客户收入占比为41.8%，客户集中度处于合理区间。公司与高校联合开展深度学习算法研究，赋能产品智能设计。下半年公司将围绕年度经营计划，重点做好市场开拓、成本控制与人才梯队建设等工作。下半年公司将围绕年度经营计划，重点做好市场开拓、成本控制与人才梯队建设等工作。公司评估公有云与私有云方案，逐步构建统一算力资源池。公司评估公有云与私有云方案，逐步构建统一算力资源池。公司引入边缘计算设备，实现车间数据的就地处理与实时回传。公司本期新增专利授权8项，累计有效专利85项，技术储备进一步夯实。,脚本生成演示语料(step0_make_demo_corpus.py)
DEMO043,演示DEMO043股份有限公司,批发零售,2023,年度报告,下半年公司将围绕年度经营计划，重点做好市场开拓、成本控制与人才梯队建设等工作。报告期内公司无重大诉讼仲裁事项，各项经营活动正常开展。公司引入边缘计算设备，实现车间数据的就地处理与实时回传。下半年公司将围绕年度经营计划，重点做好市场开拓、成本控制与人才梯队建设等工作。公司建立健全内部控制系统，治理结构规范，三会运作正常。报告期内公司客户结构进一步优化，前五大客户收入占比为36.9%，客户集中度处于合理区间。公司持续加大研发投入，研发费用占营业收入比例为2.6%，围绕食品饮料开展技术攻关。本年度公司人力成本略有上升，管理费用率保持稳定，费用管控成效显现。公司现金流状况良好，经营活动现金流量净额为3.2亿元，资产负债结构稳健。报告期内，公司实现营业收入19.3亿元，同比增长-3.1%，主要得益于主营业务产销规模扩大。公司推进经营管理信息化，上线新一代ERP系统实现业财一体。公司引入边缘计算设备，实现车间数据的就地处理与实时回传。公司构建经营分析数据仓库，管理层可实时查看核心经营指标。本年度公司人力成本略有上升，管理费用率保持稳定，费用管控成效显现。下半年公司将围绕年度经营计划，重点做好市场开拓、成本控制与人才梯队建设等工作。受行业周期影响，部分产品价格有所回落，公司及时调整销售策略，库存水平保持在合理范围。公司研究基于分布式账本的对账机制，降低交易核对成本。公司部署机器学习算法对销售数据进行需求预测，库存周转效率明显改善。,脚本生成演示语料(step0_make_demo_corpus.py)
DEMO043,演示DEMO043股份有限公司,批发零售,2024,年度报告,公司建设工业互联网平台，实现设备联网与远程运维。公司高度重视安全生产与环境保护，报告期内未发生重大安全事故。公司引入边缘计算设备，实现车间数据的就地处理与实时回传。公司运用数据挖掘技术分析客户行为，实现精准营销。公司现金流状况良好，经营活动现金流量净额为3.2亿元，资产负债结构稳健。下半年公司将围绕年度经营计划，重点做好市场开拓、成本控制与人才梯队建设等工作。报告期内，公司获得高新技术企业资质认定，享受相应税收优惠政策。公司高度重视安全生产与环境保护，报告期内未发生重大安全事故。公司高度重视安全生产与环境保护，报告期内未发生重大安全事故。公司建设工业互联网平台，实现设备联网与远程运维。公司本期新增专利授权11项，累计有效专利210项，技术储备进一步夯实。公司成立数据中台团队，推动业务数据化、数据业务化。公司参与行业区块链联盟，推动供应链单证电子化与可信流转。本年度公司人力成本略有上升，管理费用率保持稳定，费用管控成效显现。受行业周期影响，部分产品价格有所回落，公司及时调整销售策略，库存水平保持在合理范围。公司上线智能排产系统，通过智能算法优化生产计划排程。公司与高校联合开展深度学习算法研究，赋能产品智能设计。公司推进智能制造升级，数字化车间已通过省级认定。公司建设智能客服系统，应用自然语言处理技术实现工单自动分类。,脚本生成演示语料(step0_make_demo_corpus.py)
DEMO044,演示DEMO044股份有限公司,房地产,2020,年度报告,公司高度重视安全生产与环境保护，报告期内未发生重大安全事故。公司现金流状况良好，经营活动现金流量净额为1.5亿元，资产负债结构稳健。公司开展数据治理体系建设，统一主数据标准，提升数据资产质量。面对市场竞争加剧，公司加大渠道建设力度，经销商数量增加210家，覆盖区域进一步扩大。本年度公司人力成本略有上升，管理费用率保持稳定，费用管控成效显现。面对市场竞争加剧，公司加大渠道建设力度，经销商数量增加210家，覆盖区域进一步扩大。公司推进经营管理信息化，上线新一代ERP系统实现业财一体。本年度公司人力成本略有上升，管理费用率保持稳定，费用管控成效显现。报告期内公司无重大诉讼仲裁事项，各项经营活动正常开展。公司积极拓展海外市场，出口业务收入同比增长-6.3%，国际化布局初见成效。公司深耕东北市场，区域市场份额稳中有升，品牌影响力持续增强。,脚本生成演示语料(step0_make_demo_corpus.py)
DEMO044,演示DEMO044股份有限公司,房地产,2021,年度报告,面对市场竞争加剧，公司加大渠道建设力度，经销商数量增加45家，覆盖区域进一步扩大。报告期内，公司获得高新技术企业资质认定，享受相应税收优惠政策。面对市场竞争加剧，公司加大渠道建设力度，经销商数量增加45家，覆盖区域进一步扩大。面对市场竞争加剧，公司加大渠道建设力度，经销商数量增加45家，覆盖区域进一步扩大。公司持续优化产品结构，电子元器件业务占比稳步提升，毛利率较上年下降1.5个百分点。公司试点数字人民币结算场景，丰富收款渠道。公司积极拓展海外市场，出口业务收入同比增长9.4%，国际化布局初见成效。公司基于云平台搭建协同办公体系，跨区域协作效率提升。公司继续推进产能建设，纺织服装项目一期已投产，预计达产后年新增产能20万吨。下半年公司将围绕年度经营计划，重点做好市场开拓、成本控制与人才梯队建设等工作。报告期内，公司实现营业收入12.6亿元，同比增长5.6%，主要得益于主营业务产销规模扩大。公司探索区块链技术在产品溯源中的应用，实现全流程信息上链。,脚本生成演示语料(step0_make_demo_corpus.py)
DEMO044,演示DEMO044股份有限公司,房地产,2022,年度报告,公司运用数据挖掘技术分析客户行为，实现精准营销。公司成立数据中台团队，推动业务数据化、数据业务化。下半年公司将围绕年度经营计划，重点做好市场开拓、成本控制与人才梯队建设等工作。报告期内，公司实现营业收入8.9亿元，同比增长8.5%，主要得益于主营业务产销规模扩大。公司研究基于分布式账本的对账机制，降低交易核对成本。公司本期新增专利授权22项，累计有效专利56项，技术储备进一步夯实。面对市场竞争加剧，公司加大渠道建设力度，经销商数量增加120家，覆盖区域进一步扩大。公司推进智能制造升级，数字化车间已通过省级认定。本年度公司人力成本略有上升，管理费用率保持稳定，费用管控成效显现。公司积极拓展海外市场，出口业务收入同比增长30.5%，国际化布局初见成效。公司研究基于分布式账本的对账机制，降低交易核对成本。公司继续推进产能建设，食品饮料项目一期已投产，预计达产后年新增产能3万吨。公司研究基于分布式账本的对账机制，降低交易核对成本。公司构建经营分析数据仓库，管理层可实时查看核心经营指标。公司高度重视安全生产与环境保护，报告期内未发生重大安全事故。,脚本生成演示语料(step0_make_demo_corpus.py)
DEMO044,演示DEMO044股份有限公司,房地产,2023,年度报告,报告期内公司无重大诉讼仲裁事项，各项经营活动正常开展。本年度公司人力成本略有上升，管理费用率保持稳定，费用管控成效显现。公司主要客户为行业龙头企业，合作关系稳定，应收账款回款情况良好。公司推进经营管理信息化，上线新一代ERP系统实现业财一体。公司继续推进产能建设，电子元器件项目一期已投产，预计达产后年新增产能5万吨。报告期内人民币汇率波动加大，公司通过远期结售汇业务降低了汇兑损失。公司继续推进产能建设，建材项目一期已投产，预计达产后年新增产能5万吨。原材料价格波动对成本端形成一定压力，公司通过集中采购和套期保值部分对冲了成本上行风险。公司推进经营管理信息化，上线新一代ERP系统实现业财一体。公司高度重视安全生产与环境保护，报告期内未发生重大安全事故。公司主要客户为行业龙头企业，合作关系稳定，应收账款回款情况良好。公司建设智能客服系统，应用自然语言处理技术实现工单自动分类。本年度公司人力成本略有上升，管理费用率保持稳定，费用管控成效显现。公司积极拓展海外市场，出口业务收入同比增长9.4%，国际化布局初见成效。公司核心业务系统迁移上云，采用混合云架构降低IT运维成本。公司持续加大研发投入，研发费用占营业收入比例为1.8%，围绕食品饮料开展技术攻关。,脚本生成演示语料(step0_make_demo_corpus.py)
DEMO044,演示DEMO044股份有限公司,房地产,2024,年度报告,公司持续优化产品结构，电子元器件业务占比稳步提升，毛利率较上年下降1.5个百分点。公司主要客户为行业龙头企业，合作关系稳定，应收账款回款情况良好。公司探索区块链技术在产品溯源中的应用，实现全流程信息上链。面对市场竞争加剧，公司加大渠道建设力度，经销商数量增加36家，覆盖区域进一步扩大。本年度公司人力成本略有上升，管理费用率保持稳定，费用管控成效显现。公司推进智能制造升级，数字化车间已通过省级认定。原材料价格波动对成本端形成一定压力，公司通过集中采购和套期保值部分对冲了成本上行风险。公司建设大数据平台，整合生产、销售与供应链数据，支撑经营决策。公司建立健全内部控制系统，治理结构规范，三会运作正常。公司构建经营分析数据仓库，管理层可实时查看核心经营指标。公司积极拓展海外市场，出口业务收入同比增长18.9%，国际化布局初见成效。报告期内，公司获得高新技术企业资质认定，享受相应税收优惠政策。公司推进经营管理信息化，上线新一代ERP系统实现业财一体。,脚本生成演示语料(step0_make_demo_corpus.py)
DEMO045,演示DEMO045股份有限公司,农林牧渔,2020,年度报告,报告期内人民币汇率波动加大，公司通过远期结售汇业务降低了汇兑损失。本年度公司人力成本略有上升，管理费用率保持稳定，费用管控成效显现。报告期内，公司实现营业收入28.4亿元，同比增长5.6%，主要得益于主营业务产销规模扩大。公司建立健全内部控制系统，治理结构规范，三会运作正常。公司主要客户为行业龙头企业，合作关系稳定，应收账款回款情况良好。报告期内，公司获得高新技术企业资质认定，享受相应税收优惠政策。公司持续加大研发投入，研发费用占营业收入比例为4.4%，围绕高端装备开展技术攻关。报告期内公司客户结构进一步优化，前五大客户收入占比为28.3%，客户集中度处于合理区间。报告期内，公司实现营业收入12.6亿元，同比增长22.7%，主要得益于主营业务产销规模扩大。公司持续加大研发投入，研发费用占营业收入比例为2.6%，围绕高端装备开展技术攻关。,脚本生成演示语料(step0_make_demo_corpus.py)
DEMO045,演示DEMO045股份有限公司,农林牧渔,2021,年度报告,公司继续推进产能建设，食品饮料项目一期已投产，预计达产后年新增产能12万吨。公司继续推进产能建设，食品饮料项目一期已投产，预计达产后年新增产能8万吨。公司持续优化产品结构，建材业务占比稳步提升，毛利率较上年上升2.5个百分点。公司持续优化产品结构，电子元器件业务占比稳步提升，毛利率较上年上升2.5个百分点。公司积极拓展海外市场，出口业务收入同比增长18.9%，国际化布局初见成效。公司主要客户为行业龙头企业，合作关系稳定，应收账款回款情况良好。公司深耕华东市场，区域市场份额稳中有升，品牌影响力持续增强。报告期内公司客户结构进一步优化，前五大客户收入占比为55.1%，客户集中度处于合理区间。,脚本生成演示语料(step0_make_demo_corpus.py)
DEMO045,演示DEMO045股份有限公司,农林牧渔,2022,年度报告,公司持续加大研发投入，研发费用占营业收入比例为5.1%，围绕食品饮料开展技术攻关。本年度公司人力成本略有上升，管理费用率保持稳定，费用管控成效显现。下半年公司将围绕年度经营计划，重点做好市场开拓、成本控制与人才梯队建设等工作。报告期内公司无重大诉讼仲裁事项，各项经营活动正常开展。公司高度重视安全生产与环境保护，报告期内未发生重大安全事故。报告期内，公司获得高新技术企业资质认定，享受相应税收优惠政策。下半年公司将围绕年度经营计划，重点做好市场开拓、成本控制与人才梯队建设等工作。公司本期新增专利授权8项，累计有效专利210项，技术储备进一步夯实。公司建立健全内部控制系统，治理结构规范，三会运作正常。公司建设大数据平台，整合生产、销售与供应链数据，支撑经营决策。报告期内，公司实现营业收入19.3亿元，同比增长-1.8%，主要得益于主营业务产销规模扩大。本年度公司人力成本略有上升，管理费用率保持稳定，费用管控成效显现。报告期内，公司获得高新技术企业资质认定，享受相应税收优惠政策。,脚本生成演示语料(step0_make_demo_corpus.py)
DEMO045,演示DEMO045股份有限公司,农林牧渔,2023,年度报告,受行业周期影响，部分产品价格有所回落，公司及时调整销售策略，库存水平保持在合理范围。下半年公司将围绕年度经营计划，重点做好市场开拓、成本控制与人才梯队建设等工作。报告期内人民币汇率波动加大，公司通过远期结售汇业务降低了汇兑损失。受行业周期影响，部分产品价格有所回落，公司及时调整销售策略，库存水平保持在合理范围。下半年公司将围绕年度经营计划，重点做好市场开拓、成本控制与人才梯队建设等工作。报告期内，公司获得高新技术企业资质认定，享受相应税收优惠政策。报告期内公司无重大诉讼仲裁事项，各项经营活动正常开展。公司持续加大研发投入，研发费用占营业收入比例为3.2%，围绕精细化工产品开展技术攻关。报告期内公司无重大诉讼仲裁事项，各项经营活动正常开展。公司积极拓展海外市场，出口业务收入同比增长18.9%，国际化布局初见成效。公司高度重视安全生产与环境保护，报告期内未发生重大安全事故。,脚本生成演示语料(step0_make_demo_corpus.py)
DEMO045,演示DEMO045股份有限公司,农林牧渔,2024,年度报告,公司继续推进产能建设，精细化工产品项目一期已投产，预计达产后年新增产能3万吨。面对市场竞争加剧，公司加大渠道建设力度，经销商数量增加120家，覆盖区域进一步扩大。下半年公司将围绕年度经营计划，重点做好市场开拓、成本控制与人才梯队建设等工作。公司建设工业互联网平台，实现设备联网与远程运维。公司深耕华南市场，区域市场份额稳中有升，品牌影响力持续增强。公司持续优化产品结构，食品饮料业务占比稳步提升，毛利率较上年下降1.5个百分点。公司建立健全内部控制系统，治理结构规范，三会运作正常。公司探索区块链技术在产品溯源中的应用，实现全流程信息上链。报告期内，公司实现营业收入8.9亿元，同比增长-1.8%，主要得益于主营业务产销规模扩大。公司建立健全内部控制系统，治理结构规范，三会运作正常。公司现金流状况良好，经营活动现金流量净额为3.2亿元，资产负债结构稳健。受行业周期影响，部分产品价格有所回落，公司及时调整销售策略，库存水平保持在合理范围。公司参与行业区块链联盟，推动供应链单证电子化与可信流转。公司持续加大研发投入，研发费用占营业收入比例为2.6%，围绕纺织服装开展技术攻关。公司持续优化产品结构，纺织服装业务占比稳步提升，毛利率较上年持平个百分点。,脚本生成演示语料(step0_make_demo_corpus.py)
DEMO046,演示DEMO046股份有限公司,信息技术,2020,年度报告,公司建设工业互联网平台，实现设备联网与远程运维。公司引入边缘计算设备，实现车间数据的就地处理与实时回传。原材料价格波动对成本端形成一定压力，公司通过集中采购和套期保值部分对冲了成本上行风险。公司发展电子商务业务，线上渠道收入占比持续提升。公司运用数据挖掘技术分析客户行为，实现精准营销。公司构建经营分析数据仓库，管理层可实时查看核心经营指标。报告期内，公司实现营业收入63.7亿元，同比增长8.5%，主要得益于主营业务产销规模扩大。公司建设智能客服系统，应用自然语言处理技术实现工单自动分类。公司核心业务系统迁移上云，采用混合云架构降低IT运维成本。公司制定数字化转型规划，成立数字化管理委员会统筹推进。报告期内公司无重大诉讼仲裁事项，各项经营活动正常开展。公司探索区块链技术在产品溯源中的应用，实现全流程信息上链。公司采购云服务替代传统服务器部署，系统上线周期大幅缩短。公司持续加大研发投入，研发费用占营业收入比例为2.6%，围绕食品饮料开展技术攻关。公司继续推进产能建设，建材项目一期已投产，预计达产后年新增产能3万吨。公司持续加大研发投入，研发费用占营业收入比例为5.1%，围绕食品饮料开展技术攻关。公司构建经营分析数据仓库，管理层可实时查看核心经营指标。公司深耕华南市场，区域市场份额稳中有升，品牌影响力持续增强。报告期内，公司实现营业收入28.4亿元，同比增长-1.8%，主要得益于主营业务产销规模扩大。公司构建经营分析数据仓库，管理层可实时查看核心经营指标。受行业周期影响，部分产品价格有所回落，公司及时调整销售策略，库存水平保持在合理范围。公司应用数字孪生技术对重点产线进行虚拟建模与仿真优化。公司本期新增专利授权3项，累计有效专利85项，技术储备进一步夯实。公司现金流状况良好，经营活动现金流量净额为3.2亿元，资产负债结构稳健。公司持续优化产品结构，电子元器件业务占比稳步提升，毛利率较上年下降0.8个百分点。,脚本生成演示语料(step0_make_demo_corpus.py)
DEMO046,演示DEMO046股份有限公司,信息技术,2021,年度报告,公司部署机器学习算法对销售数据进行需求预测，库存周转效率明显改善。公司基于云平台搭建协同办公体系，跨区域协作效率提升。公司核心业务系统迁移上云，采用混合云架构降低IT运维成本。公司上线智能排产系统，通过智能算法优化生产计划排程。公司采购云服务替代传统服务器部署，系统上线周期大幅缩短。公司探索区块链技术在产品溯源中的应用，实现全流程信息上链。公司推进经营管理信息化，上线新一代ERP系统实现业财一体。公司运用数据挖掘技术分析客户行为，实现精准营销。下半年公司将围绕年度经营计划，重点做好市场开拓、成本控制与人才梯队建设等工作。公司建立健全内部控制系统，治理结构规范，三会运作正常。公司数据中心一期建成投用，具备 PB 级数据存储与计算能力。下半年公司将围绕年度经营计划，重点做好市场开拓、成本控制与人才梯队建设等工作。公司继续推进产能建设，电子元器件项目一期已投产，预计达产后年新增产能5万吨。下半年公司将围绕年度经营计划，重点做好市场开拓、成本控制与人才梯队建设等工作。公司构建经营分析数据仓库，管理层可实时查看核心经营指标。公司探索区块链技术在产品溯源中的应用，实现全流程信息上链。报告期内人民币汇率波动加大，公司通过远期结售汇业务降低了汇兑损失。报告期内人民币汇率波动加大，公司通过远期结售汇业务降低了汇兑损失。下半年公司将围绕年度经营计划，重点做好市场开拓、成本控制与人才梯队建设等工作。公司推进智能制造升级，数字化车间已通过省级认定。公司主要客户为行业龙头企业，合作关系稳定，应收账款回款情况良好。,脚本生成演示语料(step0_make_demo_corpus.py)
DEMO046,演示DEMO046股份有限公司,信息技术,2022,年度报告,公司建设大数据平台，整合生产、销售与供应链数据，支撑经营决策。公司本期新增专利授权3项，累计有效专利85项，技术储备进一步夯实。公司本期新增专利授权8项，累计有效专利210项，技术储备进一步夯实。公司上线智能排产系统，通过智能算法优化生产计划排程。面对市场竞争加剧，公司加大渠道建设力度，经销商数量增加210家，覆盖区域进一步扩大。公司积极拓展海外市场，出口业务收入同比增长18.9%，国际化布局初见成效。公司构建智慧物流体系，仓储分拣自动化水平显著提高。公司试点数字人民币结算场景，丰富收款渠道。公司制定数字化转型规划，成立数字化管理委员会统筹推进。公司利用智能合约技术自动执行供应商结算条款。公司试点数字人民币结算场景，丰富收款渠道。公司基于云平台搭建协同办公体系，跨区域协作效率提升。公司部署机器学习算法对销售数据进行需求预测，库存周转效率明显改善。报告期内公司无重大诉讼仲裁事项，各项经营活动正常开展。公司参与行业区块链联盟，推动供应链单证电子化与可信流转。本年度公司人力成本略有上升，管理费用率保持稳定，费用管控成效显现。下半年公司将围绕年度经营计划，重点做好市场开拓、成本控制与人才梯队建设等工作。公司持续加大研发投入，研发费用占营业收入比例为2.6%，围绕高端装备开展技术攻关。公司与高校联合开展深度学习算法研究，赋能产品智能设计。公司探索区块链技术在产品溯源中的应用，实现全流程信息上链。公司主要客户为行业龙头企业，合作关系稳定，应收账款回款情况良好。,脚本生成演示语料(step0_make_demo_corpus.py)
DEMO046,演示DEMO046股份有限公司,信息技术,2023,年度报告,公司试点数字人民币结算场景，丰富收款渠道。公司建设工业互联网平台，实现设备联网与远程运维。公司研究基于分布式账本的对账机制，降低交易核对成本。公司利用智能合约技术自动执行供应商结算条款。公司主要客户为行业龙头企业，合作关系稳定，应收账款回款情况良好。公司建立健全内部控制系统，治理结构规范，三会运作正常。公司建设大数据平台，整合生产、销售与供应链数据，支撑经营决策。报告期内，公司获得高新技术企业资质认定，享受相应税收优惠政策。公司基于云平台搭建协同办公体系，跨区域协作效率提升。公司引入边缘计算设备，实现车间数据的就地处理与实时回传。公司推进计算机视觉技术在生产线上的应用，实现关键工序自动检测。公司部署机器学习算法对销售数据进行需求预测，库存周转效率明显改善。公司开展数据治理体系建设，统一主数据标准，提升数据资产质量。公司本期新增专利授权22项，累计有效专利38项，技术储备进一步夯实。公司采购云服务替代传统服务器部署，系统上线周期大幅缩短。公司研究基于分布式账本的对账机制，降低交易核对成本。公司运用数据挖掘技术分析客户行为，实现精准营销。公司推动业务流程线上化，无纸化办公覆盖全部业务部门。公司部署机器学习算法对销售数据进行需求预测，库存周转效率明显改善。公司本期新增专利授权22项，累计有效专利120项，技术储备进一步夯实。公司评估公有云与私有云方案，逐步构建统一算力资源池。公司积极拓展海外市场，出口业务收入同比增长9.4%，国际化布局初见成效。公司建设智能客服系统，应用自然语言处理技术实现工单自动分类。公司探索区块链技术在产品溯源中的应用，实现全流程信息上链。公司推进计算机视觉技术在生产线上的应用，实现关键工序自动检测。公司积极拓展海外市场，出口业务收入同比增长18.9%，国际化布局初见成效。公司构建经营分析数据仓库，管理层可实时查看核心经营指标。公司试点数字人民币结算场景，丰富收款渠道。公司高度重视安全生产与环境保护，报告期内未发生重大安全事故。公司高度重视安全生产与环境保护，报告期内未发生重大安全事故。公司评估公有云与私有云方案，逐步构建统一算力资源池。公司推动业务流程线上化，无纸化办公覆盖全部业务部门。本年度公司人力成本略有上升，管理费用率保持稳定，费用管控成效显现。受行业周期影响，部分产品价格有所回落，公司及时调整销售策略，库存水平保持在合理范围。,脚本生成演示语料(step0_make_demo_corpus.py)
DEMO046,演示DEMO046股份有限公司,信息技术,2024,年度报告,公司继续推进产能建设，纺织服装项目一期已投产，预计达产后年新增产能5万吨。公司持续加大研发投入，研发费用占营业收入比例为5.1%，围绕建材开展技术攻关。公司与高校联合开展深度学习算法研究，赋能产品智能设计。公司构建智慧物流体系，仓储分拣自动化水平显著提高。公司深耕东北市场，区域市场份额稳中有升，品牌影响力持续增强。公司推进智能制造升级，数字化车间已通过省级认定。公司引入边缘计算设备，实现车间数据的就地处理与实时回传。公司制定数字化转型规划，成立数字化管理委员会统筹推进。公司持续加大研发投入，研发费用占营业收入比例为3.2%，围绕精细化工产品开展技术攻关。受行业周期影响，部分产品价格有所回落，公司及时调整销售策略，库存水平保持在合理范围。公司现金流状况良好，经营活动现金流量净额为12.4亿元，资产负债结构稳健。公司积极拓展海外市场，出口业务收入同比增长18.9%，国际化布局初见成效。公司引入边缘计算设备，实现车间数据的就地处理与实时回传。公司继续推进产能建设，电子元器件项目一期已投产，预计达产后年新增产能3万吨。公司采购云服务替代传统服务器部署，系统上线周期大幅缩短。公司推进经营管理信息化，上线新一代ERP系统实现业财一体。公司持续优化产品结构，建材业务占比稳步提升，毛利率较上年上升2.5个百分点。公司评估公有云与私有云方案，逐步构建统一算力资源池。公司建立健全内部控制系统，治理结构规范，三会运作正常。公司持续加大研发投入，研发费用占营业收入比例为4.4%，围绕建材开展技术攻关。公司继续推进产能建设，高端装备项目一期已投产，预计达产后年新增产能3万吨。,脚本生成演示语料(step0_make_demo_corpus.py)
DEMO047,演示DEMO047股份有限公司,制造业,2020,年度报告,公司建设大数据平台，整合生产、销售与供应链数据，支撑经营决策。公司现金流状况良好，经营活动现金流量净额为1.5亿元，资产负债结构稳健。报告期内公司无重大诉讼仲裁事项，各项经营活动正常开展。下半年公司将围绕年度经营计划，重点做好市场开拓、成本控制与人才梯队建设等工作。公司推动业务流程线上化，无纸化办公覆盖全部业务部门。公司运用数据挖掘技术分析客户行为，实现精准营销。公司持续优化产品结构，纺织服装业务占比稳步提升，毛利率较上年持平个百分点。公司探索区块链技术在产品溯源中的应用，实现全流程信息上链。下半年公司将围绕年度经营计划，重点做好市场开拓、成本控制与人才梯队建设等工作。公司发展电子商务业务，线上渠道收入占比持续提升。报告期内公司无重大诉讼仲裁事项，各项经营活动正常开展。公司持续加大研发投入，研发费用占营业收入比例为1.8%，围绕纺织服装开展技术攻关。公司本期新增专利授权8项，累计有效专利38项，技术储备进一步夯实。公司本期新增专利授权3项，累计有效专利38项，技术储备进一步夯实。报告期内，公司实现营业收入19.3亿元，同比增长22.7%，主要得益于主营业务产销规模扩大。下半年公司将围绕年度经营计划，重点做好市场开拓、成本控制与人才梯队建设等工作。,脚本生成演示语料(step0_make_demo_corpus.py)
DEMO047,演示DEMO047股份有限公司,制造业,2021,年度报告,公司基于云平台搭建协同办公体系，跨区域协作效率提升。报告期内人民币汇率波动加大，公司通过远期结售汇业务降低了汇兑损失。公司研究基于分布式账本的对账机制，降低交易核对成本。公司推进计算机视觉技术在生产线上的应用，实现关键工序自动检测。本年度公司人力成本略有上升，管理费用率保持稳定，费用管控成效显现。面对市场竞争加剧，公司加大渠道建设力度，经销商数量增加36家，覆盖区域进一步扩大。公司成立数据中台团队，推动业务数据化、数据业务化。公司本期新增专利授权22项，累计有效专利210项，技术储备进一步夯实。公司继续推进产能建设，高端装备项目一期已投产，预计达产后年新增产能20万吨。公司主要客户为行业龙头企业，合作关系稳定，应收账款回款情况良好。公司建设智能客服系统，应用自然语言处理技术实现工单自动分类。公司数据中心一期建成投用，具备 PB 级数据存储与计算能力。公司推进智能制造升级，数字化车间已通过省级认定。公司数据中心一期建成投用，具备 PB 级数据存储与计算能力。公司高度重视安全生产与环境保护，报告期内未发生重大安全事故。公司基于云平台搭建协同办公体系，跨区域协作效率提升。公司评估公有云与私有云方案，逐步构建统一算力资源池。公司现金流状况良好，经营活动现金流量净额为1.5亿元，资产负债结构稳健。下半年公司将围绕年度经营计划，重点做好市场开拓、成本控制与人才梯队建设等工作。,脚本生成演示语料(step0_make_demo_corpus.py)
DEMO047,演示DEMO047股份有限公司,制造业,2022,年度报告,报告期内，公司实现营业收入45.2亿元，同比增长-1.8%，主要得益于主营业务产销规模扩大。公司参与行业区块链联盟，推动供应链单证电子化与可信流转。公司核心业务系统迁移上云，采用混合云架构降低IT运维成本。报告期内公司无重大诉讼仲裁事项，各项经营活动正常开展。公司开展数据治理体系建设，统一主数据标准，提升数据资产质量。报告期内人民币汇率波动加大，公司通过远期结售汇业务降低了汇兑损失。报告期内，公司获得高新技术企业资质认定，享受相应税收优惠政策。公司构建智慧物流体系，仓储分拣自动化水平显著提高。公司主要客户为行业龙头企业，合作关系稳定，应收账款回款情况良好。公司持续加大研发投入，研发费用占营业收入比例为4.4%，围绕食品饮料开展技术攻关。公司部署机器学习算法对销售数据进行需求预测，库存周转效率明显改善。公司核心业务系统迁移上云，采用混合云架构降低IT运维成本。报告期内公司无重大诉讼仲裁事项，各项经营活动正常开展。受行业周期影响，部分产品价格有所回落，公司及时调整销售策略，库存水平保持在合理范围。受行业周期影响，部分产品价格有所回落，公司及时调整销售策略，库存水平保持在合理范围。公司参与行业区块链联盟，推动供应链单证电子化与可信流转。受行业周期影响，部分产品价格有所回落，公司及时调整销售策略，库存水平保持在合理范围。,脚本生成演示语料(step0_make_demo_corpus.py)
DEMO047,演示DEMO047股份有限公司,制造业,2023,年度报告,公司推进计算机视觉技术在生产线上的应用，实现关键工序自动检测。公司持续加大研发投入，研发费用占营业收入比例为2.6%，围绕食品饮料开展技术攻关。公司现金流状况良好，经营活动现金流量净额为12.4亿元，资产负债结构稳健。公司与高校联合开展深度学习算法研究，赋能产品智能设计。公司试点数字人民币结算场景，丰富收款渠道。公司基于云平台搭建协同办公体系，跨区域协作效率提升。公司推进计算机视觉技术在生产线上的应用，实现关键工序自动检测。下半年公司将围绕年度经营计划，重点做好市场开拓、成本控制与人才梯队建设等工作。公司参与行业区块链联盟，推动供应链单证电子化与可信流转。公司现金流状况良好，经营活动现金流量净额为3.2亿元，资产负债结构稳健。公司高度重视安全生产与环境保护，报告期内未发生重大安全事故。报告期内人民币汇率波动加大，公司通过远期结售汇业务降低了汇兑损失。公司继续推进产能建设，建材项目一期已投产，预计达产后年新增产能3万吨。公司本期新增专利授权15项，累计有效专利38项，技术储备进一步夯实。公司基于云平台搭建协同办公体系，跨区域协作效率提升。公司与高校联合开展深度学习算法研究，赋能产品智能设计。公司主要客户为行业龙头企业，合作关系稳定，应收账款回款情况良好。公司推动业务流程线上化，无纸化办公覆盖全部业务部门。公司构建智慧物流体系，仓储分拣自动化水平显著提高。本年度公司人力成本略有上升，管理费用率保持稳定，费用管控成效显现。,脚本生成演示语料(step0_make_demo_corpus.py)
DEMO047,演示DEMO047股份有限公司,制造业,2024,年度报告,公司引入人工智能技术优化{prod}质检环节，缺陷识别准确率显著提升。公司试点数字人民币结算场景，丰富收款渠道。报告期内公司无重大诉讼仲裁事项，各项经营活动正常开展。本年度公司人力成本略有上升，管理费用率保持稳定，费用管控成效显现。公司数据中心一期建成投用，具备 PB 级数据存储与计算能力。公司部署机器学习算法对销售数据进行需求预测，库存周转效率明显改善。公司部署机器学习算法对销售数据进行需求预测，库存周转效率明显改善。公司试点数字人民币结算场景，丰富收款渠道。报告期内，公司实现营业收入8.9亿元，同比增长8.5%，主要得益于主营业务产销规模扩大。公司参与行业区块链联盟，推动供应链单证电子化与可信流转。公司试点数字人民币结算场景，丰富收款渠道。公司持续优化产品结构，高端装备业务占比稳步提升，毛利率较上年下降1.5个百分点。公司本期新增专利授权8项，累计有效专利38项，技术储备进一步夯实。公司开展数据治理体系建设，统一主数据标准，提升数据资产质量。公司制定数字化转型规划，成立数字化管理委员会统筹推进。公司构建经营分析数据仓库，管理层可实时查看核心经营指标。本年度公司人力成本略有上升，管理费用率保持稳定，费用管控成效显现。公司建设智能客服系统，应用自然语言处理技术实现工单自动分类。公司建立健全内部控制系统，治理结构规范，三会运作正常。公司积极拓展海外市场，出口业务收入同比增长12.1%，国际化布局初见成效。下半年公司将围绕年度经营计划，重点做好市场开拓、成本控制与人才梯队建设等工作。,脚本生成演示语料(step0_make_demo_corpus.py)
DEMO048,演示DEMO048股份有限公司,批发零售,2020,年度报告,公司参与行业区块链联盟，推动供应链单证电子化与可信流转。公司参与行业区块链联盟，推动供应链单证电子化与可信流转。公司推进智能制造升级，数字化车间已通过省级认定。公司继续推进产能建设，建材项目一期已投产，预计达产后年新增产能3万吨。公司评估公有云与私有云方案，逐步构建统一算力资源池。公司积极拓展海外市场，出口业务收入同比增长9.4%，国际化布局初见成效。面对市场竞争加剧，公司加大渠道建设力度，经销商数量增加45家，覆盖区域进一步扩大。公司持续优化产品结构，建材业务占比稳步提升，毛利率较上年上升2.5个百分点。公司现金流状况良好，经营活动现金流量净额为3.2亿元，资产负债结构稳健。公司推动业务流程线上化，无纸化办公覆盖全部业务部门。公司成立数据中台团队，推动业务数据化、数据业务化。公司持续优化产品结构，纺织服装业务占比稳步提升，毛利率较上年下降0.8个百分点。本年度公司人力成本略有上升，管理费用率保持稳定，费用管控成效显现。报告期内公司无重大诉讼仲裁事项，各项经营活动正常开展。原材料价格波动对成本端形成一定压力，公司通过集中采购和套期保值部分对冲了成本上行风险。公司评估公有云与私有云方案，逐步构建统一算力资源池。公司采购云服务替代传统服务器部署，系统上线周期大幅缩短。公司推动业务流程线上化，无纸化办公覆盖全部业务部门。,脚本生成演示语料(step0_make_demo_corpus.py)
DEMO048,演示DEMO048股份有限公司,批发零售,2021,年度报告,报告期内人民币汇率波动加大，公司通过远期结售汇业务降低了汇兑损失。公司推进经营管理信息化，上线新一代ERP系统实现业财一体。原材料价格波动对成本端形成一定压力，公司通过集中采购和套期保值部分对冲了成本上行风险。公司高度重视安全生产与环境保护，报告期内未发生重大安全事故。公司发展电子商务业务，线上渠道收入占比持续提升。公司现金流状况良好，经营活动现金流量净额为12.4亿元，资产负债结构稳健。公司运用数据挖掘技术分析客户行为，实现精准营销。公司应用数字孪生技术对重点产线进行虚拟建模与仿真优化。公司试点数字人民币结算场景，丰富收款渠道。公司持续加大研发投入，研发费用占营业收入比例为5.1%，围绕纺织服装开展技术攻关。面对市场竞争加剧，公司加大渠道建设力度，经销商数量增加36家，覆盖区域进一步扩大。本年度公司人力成本略有上升，管理费用率保持稳定，费用管控成效显现。公司构建经营分析数据仓库，管理层可实时查看核心经营指标。原材料价格波动对成本端形成一定压力，公司通过集中采购和套期保值部分对冲了成本上行风险。受行业周期影响，部分产品价格有所回落，公司及时调整销售策略，库存水平保持在合理范围。受行业周期影响，部分产品价格有所回落，公司及时调整销售策略，库存水平保持在合理范围。公司试点数字人民币结算场景，丰富收款渠道。公司推进计算机视觉技术在生产线上的应用，实现关键工序自动检测。报告期内公司无重大诉讼仲裁事项，各项经营活动正常开展。公司建立健全内部控制系统，治理结构规范，三会运作正常。公司利用智能合约技术自动执行供应商结算条款。,脚本生成演示语料(step0_make_demo_corpus.py)
DEMO048,演示DEMO048股份有限公司,批发零售,2022,年度报告,公司基于云平台搭建协同办公体系，跨区域协作效率提升。公司数据中心一期建成投用，具备 PB 级数据存储与计算能力。公司与高校联合开展深度学习算法研究，赋能产品智能设计。公司数据中心一期建成投用，具备 PB 级数据存储与计算能力。报告期内人民币汇率波动加大，公司通过远期结售汇业务降低了汇兑损失。公司构建经营分析数据仓库，管理层可实时查看核心经营指标。下半年公司将围绕年度经营计划，重点做好市场开拓、成本控制与人才梯队建设等工作。公司研究基于分布式账本的对账机制，降低交易核对成本。公司推进经营管理信息化，上线新一代ERP系统实现业财一体。公司参与行业区块链联盟，推动供应链单证电子化与可信流转。公司评估公有云与私有云方案，逐步构建统一算力资源池。公司核心业务系统迁移上云，采用混合云架构降低IT运维成本。报告期内公司无重大诉讼仲裁事项，各项经营活动正常开展。公司推进经营管理信息化，上线新一代ERP系统实现业财一体。公司引入边缘计算设备，实现车间数据的就地处理与实时回传。公司本期新增专利授权15项，累计有效专利85项，技术储备进一步夯实。公司基于云平台搭建协同办公体系，跨区域协作效率提升。公司评估公有云与私有云方案，逐步构建统一算力资源池。受行业周期影响，部分产品价格有所回落，公司及时调整销售策略，库存水平保持在合理范围。公司部署机器学习算法对销售数据进行需求预测，库存周转效率明显改善。公司持续加大研发投入，研发费用占营业收入比例为5.1%，围绕高端装备开展技术攻关。公司建立健全内部控制系统，治理结构规范，三会运作正常。公司利用智能合约技术自动执行供应商结算条款。公司积极拓展海外市场，出口业务收入同比增长30.5%，国际化布局初见成效。公司建立健全内部控制系统，治理结构规范，三会运作正常。,脚本生成演示语料(step0_make_demo_corpus.py)
DEMO048,演示DEMO048股份有限公司,批发零售,2023,年度报告,公司持续加大研发投入，研发费用占营业收入比例为3.2%，围绕精细化工产品开展技术攻关。公司持续优化产品结构，食品饮料业务占比稳步提升，毛利率较上年上升1.2个百分点。公司持续加大研发投入，研发费用占营业收入比例为4.4%，围绕精细化工产品开展技术攻关。报告期内人民币汇率波动加大，公司通过远期结售汇业务降低了汇兑损失。公司深耕华南市场，区域市场份额稳中有升，品牌影响力持续增强。公司建设工业互联网平台，实现设备联网与远程运维。面对市场竞争加剧，公司加大渠道建设力度，经销商数量增加210家，覆盖区域进一步扩大。公司现金流状况良好，经营活动现金流量净额为3.2亿元，资产负债结构稳健。公司引入边缘计算设备，实现车间数据的就地处理与实时回传。公司持续加大研发投入，研发费用占营业收入比例为3.2%，围绕食品饮料开展技术攻关。公司与高校联合开展深度学习算法研究，赋能产品智能设计。本年度公司人力成本略有上升，管理费用率保持稳定，费用管控成效显现。公司探索区块链技术在产品溯源中的应用，实现全流程信息上链。公司利用智能合约技术自动执行供应商结算条款。,脚本生成演示语料(step0_make_demo_corpus.py)
DEMO048,演示DEMO048股份有限公司,批发零售,2024,年度报告,公司主要客户为行业龙头企业，合作关系稳定，应收账款回款情况良好。公司成立数据中台团队，推动业务数据化、数据业务化。公司推进计算机视觉技术在生产线上的应用，实现关键工序自动检测。公司制定数字化转型规划，成立数字化管理委员会统筹推进。公司持续加大研发投入，研发费用占营业收入比例为5.1%，围绕高端装备开展技术攻关。下半年公司将围绕年度经营计划，重点做好市场开拓、成本控制与人才梯队建设等工作。公司核心业务系统迁移上云，采用混合云架构降低IT运维成本。公司推进经营管理信息化，上线新一代ERP系统实现业财一体。公司采购云服务替代传统服务器部署，系统上线周期大幅缩短。公司发展电子商务业务，线上渠道收入占比持续提升。公司运用数据挖掘技术分析客户行为，实现精准营销。公司数据中心一期建成投用，具备 PB 级数据存储与计算能力。公司积极拓展海外市场，出口业务收入同比增长12.1%，国际化布局初见成效。公司研究基于分布式账本的对账机制，降低交易核对成本。公司推进计算机视觉技术在生产线上的应用，实现关键工序自动检测。公司建设大数据平台，整合生产、销售与供应链数据，支撑经营决策。公司上线智能排产系统，通过智能算法优化生产计划排程。原材料价格波动对成本端形成一定压力，公司通过集中采购和套期保值部分对冲了成本上行风险。公司构建经营分析数据仓库，管理层可实时查看核心经营指标。报告期内人民币汇率波动加大，公司通过远期结售汇业务降低了汇兑损失。报告期内，公司实现营业收入12.6亿元，同比增长22.7%，主要得益于主营业务产销规模扩大。公司上线智能排产系统，通过智能算法优化生产计划排程。公司持续加大研发投入，研发费用占营业收入比例为5.1%，围绕纺织服装开展技术攻关。公司制定数字化转型规划，成立数字化管理委员会统筹推进。原材料价格波动对成本端形成一定压力，公司通过集中采购和套期保值部分对冲了成本上行风险。,脚本生成演示语料(step0_make_demo_corpus.py)
DEMO049,演示DEMO049股份有限公司,房地产,2020,年度报告,报告期内人民币汇率波动加大，公司通过远期结售汇业务降低了汇兑损失。报告期内，公司实现营业收入8.9亿元，同比增长-1.8%，主要得益于主营业务产销规模扩大。报告期内公司无重大诉讼仲裁事项，各项经营活动正常开展。报告期内人民币汇率波动加大，公司通过远期结售汇业务降低了汇兑损失。报告期内公司无重大诉讼仲裁事项，各项经营活动正常开展。报告期内公司客户结构进一步优化，前五大客户收入占比为36.9%，客户集中度处于合理区间。报告期内，公司实现营业收入45.2亿元，同比增长5.6%，主要得益于主营业务产销规模扩大。公司本期新增专利授权15项，累计有效专利85项，技术储备进一步夯实。面对市场竞争加剧，公司加大渠道建设力度，经销商数量增加120家，覆盖区域进一步扩大。公司数据中心一期建成投用，具备 PB 级数据存储与计算能力。公司深耕东北市场，区域市场份额稳中有升，品牌影响力持续增强。报告期内公司无重大诉讼仲裁事项，各项经营活动正常开展。,脚本生成演示语料(step0_make_demo_corpus.py)
DEMO049,演示DEMO049股份有限公司,房地产,2021,年度报告,报告期内公司客户结构进一步优化，前五大客户收入占比为41.8%，客户集中度处于合理区间。公司采购云服务替代传统服务器部署，系统上线周期大幅缩短。公司推动业务流程线上化，无纸化办公覆盖全部业务部门。公司深耕华东市场，区域市场份额稳中有升，品牌影响力持续增强。公司开展数据治理体系建设，统一主数据标准，提升数据资产质量。公司继续推进产能建设，建材项目一期已投产，预计达产后年新增产能5万吨。公司本期新增专利授权15项，累计有效专利120项，技术储备进一步夯实。公司构建智慧物流体系，仓储分拣自动化水平显著提高。报告期内，公司获得高新技术企业资质认定，享受相应税收优惠政策。报告期内，公司实现营业收入19.3亿元，同比增长-3.1%，主要得益于主营业务产销规模扩大。本年度公司人力成本略有上升，管理费用率保持稳定，费用管控成效显现。公司利用智能合约技术自动执行供应商结算条款。报告期内，公司实现营业收入28.4亿元，同比增长5.6%，主要得益于主营业务产销规模扩大。,脚本生成演示语料(step0_make_demo_corpus.py)
DEMO049,演示DEMO049股份有限公司,房地产,2022,年度报告,公司主要客户为行业龙头企业，合作关系稳定，应收账款回款情况良好。原材料价格波动对成本端形成一定压力，公司通过集中采购和套期保值部分对冲了成本上行风险。报告期内人民币汇率波动加大，公司通过远期结售汇业务降低了汇兑损失。下半年公司将围绕年度经营计划，重点做好市场开拓、成本控制与人才梯队建设等工作。公司高度重视安全生产与环境保护，报告期内未发生重大安全事故。公司推进计算机视觉技术在生产线上的应用，实现关键工序自动检测。下半年公司将围绕年度经营计划，重点做好市场开拓、成本控制与人才梯队建设等工作。公司构建智慧物流体系，仓储分拣自动化水平显著提高。报告期内，公司获得高新技术企业资质认定，享受相应税收优惠政策。公司推进经营管理信息化，上线新一代ERP系统实现业财一体。公司引入人工智能技术优化{prod}质检环节，缺陷识别准确率显著提升。公司研究基于分布式账本的对账机制，降低交易核对成本。公司推动业务流程线上化，无纸化办公覆盖全部业务部门。公司与高校联合开展深度学习算法研究，赋能产品智能设计。报告期内公司客户结构进一步优化，前五大客户收入占比为28.3%，客户集中度处于合理区间。公司建设智能客服系统，应用自然语言处理技术实现工单自动分类。公司制定数字化转型规划，成立数字化管理委员会统筹推进。报告期内公司无重大诉讼仲裁事项，各项经营活动正常开展。原材料价格波动对成本端形成一定压力，公司通过集中采购和套期保值部分对冲了成本上行风险。公司继续推进产能建设，食品饮料项目一期已投产，预计达产后年新增产能3万吨。公司开展数据治理体系建设，统一主数据标准，提升数据资产质量。,脚本生成演示语料(step0_make_demo_corpus.py)
DEMO049,演示DEMO049股份有限公司,房地产,2023,年度报告,原材料价格波动对成本端形成一定压力，公司通过集中采购和套期保值部分对冲了成本上行风险。本年度公司人力成本略有上升，管理费用率保持稳定，费用管控成效显现。公司继续推进产能建设，电子元器件项目一期已投产，预计达产后年新增产能20万吨。公司持续优化产品结构，高端装备业务占比稳步提升，毛利率较上年上升2.5个百分点。原材料价格波动对成本端形成一定压力，公司通过集中采购和套期保值部分对冲了成本上行风险。原材料价格波动对成本端形成一定压力，公司通过集中采购和套期保值部分对冲了成本上行风险。公司高度重视安全生产与环境保护，报告期内未发生重大安全事故。受行业周期影响，部分产品价格有所回落，公司及时调整销售策略，库存水平保持在合理范围。公司继续推进产能建设，电子元器件项目一期已投产，预计达产后年新增产能8万吨。公司制定数字化转型规划，成立数字化管理委员会统筹推进。报告期内公司无重大诉讼仲裁事项，各项经营活动正常开展。公司持续加大研发投入，研发费用占营业收入比例为5.1%，围绕电子元器件开展技术攻关。,脚本生成演示语料(step0_make_demo_corpus.py)
DEMO049,演示DEMO049股份有限公司,房地产,2024,年度报告,公司开展数据治理体系建设，统一主数据标准，提升数据资产质量。公司建立健全内部控制系统，治理结构规范，三会运作正常。公司高度重视安全生产与环境保护，报告期内未发生重大安全事故。公司现金流状况良好，经营活动现金流量净额为1.5亿元，资产负债结构稳健。公司持续优化产品结构，纺织服装业务占比稳步提升，毛利率较上年下降1.5个百分点。公司持续优化产品结构，电子元器件业务占比稳步提升，毛利率较上年下降1.5个百分点。公司持续优化产品结构，食品饮料业务占比稳步提升，毛利率较上年下降0.8个百分点。报告期内人民币汇率波动加大，公司通过远期结售汇业务降低了汇兑损失。公司持续加大研发投入，研发费用占营业收入比例为3.2%，围绕建材开展技术攻关。公司利用智能合约技术自动执行供应商结算条款。公司推进经营管理信息化，上线新一代ERP系统实现业财一体。原材料价格波动对成本端形成一定压力，公司通过集中采购和套期保值部分对冲了成本上行风险。公司研究基于分布式账本的对账机制，降低交易核对成本。公司试点数字人民币结算场景，丰富收款渠道。公司应用数字孪生技术对重点产线进行虚拟建模与仿真优化。公司部署机器学习算法对销售数据进行需求预测，库存周转效率明显改善。,脚本生成演示语料(step0_make_demo_corpus.py)
DEMO050,演示DEMO050股份有限公司,农林牧渔,2020,年度报告,公司深耕华东市场，区域市场份额稳中有升，品牌影响力持续增强。报告期内人民币汇率波动加大，公司通过远期结售汇业务降低了汇兑损失。公司深耕东北市场，区域市场份额稳中有升，品牌影响力持续增强。报告期内公司无重大诉讼仲裁事项，各项经营活动正常开展。公司深耕西南市场，区域市场份额稳中有升，品牌影响力持续增强。公司高度重视安全生产与环境保护，报告期内未发生重大安全事故。原材料价格波动对成本端形成一定压力，公司通过集中采购和套期保值部分对冲了成本上行风险。公司主要客户为行业龙头企业，合作关系稳定，应收账款回款情况良好。公司现金流状况良好，经营活动现金流量净额为3.2亿元，资产负债结构稳健。公司建设工业互联网平台，实现设备联网与远程运维。,脚本生成演示语料(step0_make_demo_corpus.py)
DEMO050,演示DEMO050股份有限公司,农林牧渔,2021,年度报告,公司深耕西南市场，区域市场份额稳中有升，品牌影响力持续增强。公司高度重视安全生产与环境保护，报告期内未发生重大安全事故。公司持续加大研发投入，研发费用占营业收入比例为4.4%，围绕食品饮料开展技术攻关。报告期内公司客户结构进一步优化，前五大客户收入占比为36.9%，客户集中度处于合理区间。原材料价格波动对成本端形成一定压力，公司通过集中采购和套期保值部分对冲了成本上行风险。公司持续优化产品结构，建材业务占比稳步提升，毛利率较上年上升2.5个百分点。受行业周期影响，部分产品价格有所回落，公司及时调整销售策略，库存水平保持在合理范围。报告期内公司无重大诉讼仲裁事项，各项经营活动正常开展。报告期内人民币汇率波动加大，公司通过远期结售汇业务降低了汇兑损失。公司现金流状况良好，经营活动现金流量净额为5.8亿元，资产负债结构稳健。公司本期新增专利授权8项，累计有效专利38项，技术储备进一步夯实。,脚本生成演示语料(step0_make_demo_corpus.py)
DEMO050,演示DEMO050股份有限公司,农林牧渔,2022,年度报告,公司建设智能客服系统，应用自然语言处理技术实现工单自动分类。公司本期新增专利授权22项，累计有效专利38项，技术储备进一步夯实。公司高度重视安全生产与环境保护，报告期内未发生重大安全事故。面对市场竞争加剧，公司加大渠道建设力度，经销商数量增加36家，覆盖区域进一步扩大。公司部署机器学习算法对销售数据进行需求预测，库存周转效率明显改善。公司持续加大研发投入，研发费用占营业收入比例为1.8%，围绕精细化工产品开展技术攻关。报告期内人民币汇率波动加大，公司通过远期结售汇业务降低了汇兑损失。受行业周期影响，部分产品价格有所回落，公司及时调整销售策略，库存水平保持在合理范围。公司探索区块链技术在产品溯源中的应用，实现全流程信息上链。本年度公司人力成本略有上升，管理费用率保持稳定，费用管控成效显现。公司持续加大研发投入，研发费用占营业收入比例为4.4%，围绕精细化工产品开展技术攻关。报告期内，公司实现营业收入19.3亿元，同比增长-3.1%，主要得益于主营业务产销规模扩大。报告期内公司无重大诉讼仲裁事项，各项经营活动正常开展。报告期内，公司实现营业收入45.2亿元，同比增长22.7%，主要得益于主营业务产销规模扩大。报告期内，公司获得高新技术企业资质认定，享受相应税收优惠政策。公司研究基于分布式账本的对账机制，降低交易核对成本。,脚本生成演示语料(step0_make_demo_corpus.py)
DEMO050,演示DEMO050股份有限公司,农林牧渔,2023,年度报告,报告期内人民币汇率波动加大，公司通过远期结售汇业务降低了汇兑损失。公司持续加大研发投入，研发费用占营业收入比例为1.8%，围绕纺织服装开展技术攻关。公司建立健全内部控制系统，治理结构规范，三会运作正常。公司主要客户为行业龙头企业，合作关系稳定，应收账款回款情况良好。报告期内，公司实现营业收入45.2亿元，同比增长-3.1%，主要得益于主营业务产销规模扩大。面对市场竞争加剧，公司加大渠道建设力度，经销商数量增加45家，覆盖区域进一步扩大。公司建立健全内部控制系统，治理结构规范，三会运作正常。公司继续推进产能建设，电子元器件项目一期已投产，预计达产后年新增产能3万吨。报告期内公司无重大诉讼仲裁事项，各项经营活动正常开展。公司深耕华南市场，区域市场份额稳中有升，品牌影响力持续增强。公司持续加大研发投入，研发费用占营业收入比例为1.8%，围绕电子元器件开展技术攻关。公司深耕华南市场，区域市场份额稳中有升，品牌影响力持续增强。,脚本生成演示语料(step0_make_demo_corpus.py)
DEMO050,演示DEMO050股份有限公司,农林牧渔,2024,年度报告,公司积极拓展海外市场，出口业务收入同比增长18.9%，国际化布局初见成效。公司深耕华南市场，区域市场份额稳中有升，品牌影响力持续增强。报告期内人民币汇率波动加大，公司通过远期结售汇业务降低了汇兑损失。公司深耕华南市场，区域市场份额稳中有升，品牌影响力持续增强。报告期内公司无重大诉讼仲裁事项，各项经营活动正常开展。公司引入边缘计算设备，实现车间数据的就地处理与实时回传。公司本期新增专利授权22项，累计有效专利85项，技术储备进一步夯实。公司现金流状况良好，经营活动现金流量净额为3.2亿元，资产负债结构稳健。公司建立健全内部控制系统，治理结构规范，三会运作正常。公司建立健全内部控制系统，治理结构规范，三会运作正常。公司高度重视安全生产与环境保护，报告期内未发生重大安全事故。公司深耕西南市场，区域市场份额稳中有升，品牌影响力持续增强。受行业周期影响，部分产品价格有所回落，公司及时调整销售策略，库存水平保持在合理范围。,脚本生成演示语料(step0_make_demo_corpus.py)
DEMO051,演示DEMO051股份有限公司,信息技术,2020,年度报告,公司推进智能制造升级，数字化车间已通过省级认定。公司建立健全内部控制系统，治理结构规范，三会运作正常。公司主要客户为行业龙头企业，合作关系稳定，应收账款回款情况良好。公司持续优化产品结构，建材业务占比稳步提升，毛利率较上年下降0.8个百分点。受行业周期影响，部分产品价格有所回落，公司及时调整销售策略，库存水平保持在合理范围。公司继续推进产能建设，电子元器件项目一期已投产，预计达产后年新增产能5万吨。面对市场竞争加剧，公司加大渠道建设力度，经销商数量增加45家，覆盖区域进一步扩大。公司本期新增专利授权3项，累计有效专利38项，技术储备进一步夯实。报告期内公司客户结构进一步优化，前五大客户收入占比为36.9%，客户集中度处于合理区间。公司基于云平台搭建协同办公体系，跨区域协作效率提升。公司应用数字孪生技术对重点产线进行虚拟建模与仿真优化。公司成立数据中台团队，推动业务数据化、数据业务化。公司参与行业区块链联盟，推动供应链单证电子化与可信流转。公司数据中心一期建成投用，具备 PB 级数据存储与计算能力。原材料价格波动对成本端形成一定压力，公司通过集中采购和套期保值部分对冲了成本上行风险。公司引入边缘计算设备，实现车间数据的就地处理与实时回传。受行业周期影响，部分产品价格有所回落，公司及时调整销售策略，库存水平保持在合理范围。公司上线智能排产系统，通过智能算法优化生产计划排程。公司核心业务系统迁移上云，采用混合云架构降低IT运维成本。公司应用数字孪生技术对重点产线进行虚拟建模与仿真优化。公司部署机器学习算法对销售数据进行需求预测，库存周转效率明显改善。公司探索区块链技术在产品溯源中的应用，实现全流程信息上链。公司试点数字人民币结算场景，丰富收款渠道。公司评估公有云与私有云方案，逐步构建统一算力资源池。公司部署机器学习算法对销售数据进行需求预测，库存周转效率明显改善。公司运用数据挖掘技术分析客户行为，实现精准营销。公司研究基于分布式账本的对账机制，降低交易核对成本。公司研究基于分布式账本的对账机制，降低交易核对成本。公司试点数字人民币结算场景，丰富收款渠道。公司本期新增专利授权15项，累计有效专利85项，技术储备进一步夯实。,脚本生成演示语料(step0_make_demo_corpus.py)
DEMO051,演示DEMO051股份有限公司,信息技术,2021,年度报告,报告期内，公司实现营业收入8.9亿元，同比增长22.7%，主要得益于主营业务产销规模扩大。公司持续加大研发投入，研发费用占营业收入比例为3.2%，围绕高端装备开展技术攻关。公司构建经营分析数据仓库，管理层可实时查看核心经营指标。公司采购云服务替代传统服务器部署，系统上线周期大幅缩短。公司本期新增专利授权22项，累计有效专利210项，技术储备进一步夯实。公司上线智能排产系统，通过智能算法优化生产计划排程。受行业周期影响，部分产品价格有所回落，公司及时调整销售策略，库存水平保持在合理范围。公司推进计算机视觉技术在生产线上的应用，实现关键工序自动检测。公司发展电子商务业务，线上渠道收入占比持续提升。面对市场竞争加剧，公司加大渠道建设力度，经销商数量增加120家，覆盖区域进一步扩大。公司构建智慧物流体系，仓储分拣自动化水平显著提高。公司持续加大研发投入，研发费用占营业收入比例为5.1%，围绕精细化工产品开展技术攻关。公司上线智能排产系统，通过智能算法优化生产计划排程。公司利用智能合约技术自动执行供应商结算条款。公司本期新增专利授权11项，累计有效专利38项，技术储备进一步夯实。公司持续加大研发投入，研发费用占营业收入比例为1.8%，围绕高端装备开展技术攻关。公司与高校联合开展深度学习算法研究，赋能产品智能设计。公司研究基于分布式账本的对账机制，降低交易核对成本。公司继续推进产能建设，高端装备项目一期已投产，预计达产后年新增产能20万吨。公司评估公有云与私有云方案，逐步构建统一算力资源池。公司参与行业区块链联盟，推动供应链单证电子化与可信流转。公司应用数字孪生技术对重点产线进行虚拟建模与仿真优化。公司建立健全内部控制系统，治理结构规范，三会运作正常。公司探索区块链技术在产品溯源中的应用，实现全流程信息上链。公司基于云平台搭建协同办公体系，跨区域协作效率提升。公司基于云平台搭建协同办公体系，跨区域协作效率提升。公司持续加大研发投入，研发费用占营业收入比例为2.6%，围绕精细化工产品开展技术攻关。公司试点数字人民币结算场景，丰富收款渠道。公司推进智能制造升级，数字化车间已通过省级认定。公司利用智能合约技术自动执行供应商结算条款。公司建立健全内部控制系统，治理结构规范，三会运作正常。公司评估公有云与私有云方案，逐步构建统一算力资源池。公司基于云平台搭建协同办公体系，跨区域协作效率提升。,脚本生成演示语料(step0_make_demo_corpus.py)
DEMO051,演示DEMO051股份有限公司,信息技术,2022,年度报告,公司采购云服务替代传统服务器部署，系统上线周期大幅缩短。公司建设智能客服系统，应用自然语言处理技术实现工单自动分类。报告期内，公司实现营业收入19.3亿元，同比增长8.5%，主要得益于主营业务产销规模扩大。本年度公司人力成本略有上升，管理费用率保持稳定，费用管控成效显现。公司构建智慧物流体系，仓储分拣自动化水平显著提高。公司部署机器学习算法对销售数据进行需求预测，库存周转效率明显改善。受行业周期影响，部分产品价格有所回落，公司及时调整销售策略，库存水平保持在合理范围。公司发展电子商务业务，线上渠道收入占比持续提升。公司建设工业互联网平台，实现设备联网与远程运维。原材料价格波动对成本端形成一定压力，公司通过集中采购和套期保值部分对冲了成本上行风险。报告期内公司客户结构进一步优化，前五大客户收入占比为41.8%，客户集中度处于合理区间。公司上线智能排产系统，通过智能算法优化生产计划排程。公司应用数字孪生技术对重点产线进行虚拟建模与仿真优化。公司继续推进产能建设，精细化工产品项目一期已投产，预计达产后年新增产能5万吨。公司试点数字人民币结算场景，丰富收款渠道。公司推进计算机视觉技术在生产线上的应用，实现关键工序自动检测。公司核心业务系统迁移上云，采用混合云架构降低IT运维成本。公司建设工业互联网平台，实现设备联网与远程运维。公司采购云服务替代传统服务器部署，系统上线周期大幅缩短。公司开展数据治理体系建设，统一主数据标准，提升数据资产质量。公司推进计算机视觉技术在生产线上的应用，实现关键工序自动检测。面对市场竞争加剧，公司加大渠道建设力度，经销商数量增加120家，覆盖区域进一步扩大。报告期内公司客户结构进一步优化，前五大客户收入占比为55.1%，客户集中度处于合理区间。报告期内，公司实现营业收入12.6亿元，同比增长22.7%，主要得益于主营业务产销规模扩大。公司推进经营管理信息化，上线新一代ERP系统实现业财一体。公司核心业务系统迁移上云，采用混合云架构降低IT运维成本。,脚本生成演示语料(step0_make_demo_corpus.py)
DEMO051,演示DEMO051股份有限公司,信息技术,2023,年度报告,公司主要客户为行业龙头企业，合作关系稳定，应收账款回款情况良好。公司推动业务流程线上化，无纸化办公覆盖全部业务部门。公司应用数字孪生技术对重点产线进行虚拟建模与仿真优化。公司探索区块链技术在产品溯源中的应用，实现全流程信息上链。公司利用智能合约技术自动执行供应商结算条款。公司探索区块链技术在产品溯源中的应用，实现全流程信息上链。公司引入人工智能技术优化{prod}质检环节，缺陷识别准确率显著提升。公司推动业务流程线上化，无纸化办公覆盖全部业务部门。公司构建智慧物流体系，仓储分拣自动化水平显著提高。面对市场竞争加剧，公司加大渠道建设力度，经销商数量增加88家，覆盖区域进一步扩大。公司利用智能合约技术自动执行供应商结算条款。原材料价格波动对成本端形成一定压力，公司通过集中采购和套期保值部分对冲了成本上行风险。报告期内公司无重大诉讼仲裁事项，各项经营活动正常开展。公司评估公有云与私有云方案，逐步构建统一算力资源池。公司探索区块链技术在产品溯源中的应用，实现全流程信息上链。公司推进经营管理信息化，上线新一代ERP系统实现业财一体。公司积极拓展海外市场，出口业务收入同比增长-6.3%，国际化布局初见成效。公司采购云服务替代传统服务器部署，系统上线周期大幅缩短。公司建立健全内部控制系统，治理结构规范，三会运作正常。报告期内公司客户结构进一步优化，前五大客户收入占比为36.9%，客户集中度处于合理区间。公司建设智能客服系统，应用自然语言处理技术实现工单自动分类。公司构建智慧物流体系，仓储分拣自动化水平显著提高。公司持续加大研发投入，研发费用占营业收入比例为4.4%，围绕建材开展技术攻关。本年度公司人力成本略有上升，管理费用率保持稳定，费用管控成效显现。公司与高校联合开展深度学习算法研究，赋能产品智能设计。公司探索区块链技术在产品溯源中的应用，实现全流程信息上链。公司现金流状况良好，经营活动现金流量净额为1.5亿元，资产负债结构稳健。公司上线智能排产系统，通过智能算法优化生产计划排程。公司成立数据中台团队，推动业务数据化、数据业务化。,脚本生成演示语料(step0_make_demo_corpus.py)
DEMO051,演示DEMO051股份有限公司,信息技术,2024,年度报告,公司参与行业区块链联盟，推动供应链单证电子化与可信流转。公司运用数据挖掘技术分析客户行为，实现精准营销。公司基于云平台搭建协同办公体系，跨区域协作效率提升。公司采购云服务替代传统服务器部署，系统上线周期大幅缩短。受行业周期影响，部分产品价格有所回落，公司及时调整销售策略，库存水平保持在合理范围。公司评估公有云与私有云方案，逐步构建统一算力资源池。公司评估公有云与私有云方案，逐步构建统一算力资源池。公司建设智能客服系统，应用自然语言处理技术实现工单自动分类。公司探索区块链技术在产品溯源中的应用，实现全流程信息上链。公司研究基于分布式账本的对账机制，降低交易核对成本。报告期内公司客户结构进一步优化，前五大客户收入占比为55.1%，客户集中度处于合理区间。公司上线智能排产系统，通过智能算法优化生产计划排程。公司开展数据治理体系建设，统一主数据标准，提升数据资产质量。公司应用数字孪生技术对重点产线进行虚拟建模与仿真优化。公司构建经营分析数据仓库，管理层可实时查看核心经营指标。公司数据中心一期建成投用，具备 PB 级数据存储与计算能力。公司构建经营分析数据仓库，管理层可实时查看核心经营指标。报告期内，公司实现营业收入45.2亿元，同比增长-1.8%，主要得益于主营业务产销规模扩大。受行业周期影响，部分产品价格有所回落，公司及时调整销售策略，库存水平保持在合理范围。公司现金流状况良好，经营活动现金流量净额为12.4亿元，资产负债结构稳健。公司评估公有云与私有云方案，逐步构建统一算力资源池。报告期内公司客户结构进一步优化，前五大客户收入占比为55.1%，客户集中度处于合理区间。公司深耕华北市场，区域市场份额稳中有升，品牌影响力持续增强。公司推进经营管理信息化，上线新一代ERP系统实现业财一体。公司推进智能制造升级，数字化车间已通过省级认定。报告期内人民币汇率波动加大，公司通过远期结售汇业务降低了汇兑损失。公司深耕东北市场，区域市场份额稳中有升，品牌影响力持续增强。公司持续优化产品结构，高端装备业务占比稳步提升，毛利率较上年持平个百分点。公司利用智能合约技术自动执行供应商结算条款。公司采购云服务替代传统服务器部署，系统上线周期大幅缩短。公司探索区块链技术在产品溯源中的应用，实现全流程信息上链。公司持续加大研发投入，研发费用占营业收入比例为4.4%，围绕食品饮料开展技术攻关。公司研究基于分布式账本的对账机制，降低交易核对成本。公司构建经营分析数据仓库，管理层可实时查看核心经营指标。公司推进计算机视觉技术在生产线上的应用，实现关键工序自动检测。公司应用数字孪生技术对重点产线进行虚拟建模与仿真优化。公司持续加大研发投入，研发费用占营业收入比例为5.1%，围绕食品饮料开展技术攻关。,脚本生成演示语料(step0_make_demo_corpus.py)
DEMO052,演示DEMO052股份有限公司,制造业,2020,年度报告,报告期内公司无重大诉讼仲裁事项，各项经营活动正常开展。公司发展电子商务业务，线上渠道收入占比持续提升。报告期内，公司获得高新技术企业资质认定，享受相应税收优惠政策。面对市场竞争加剧，公司加大渠道建设力度，经销商数量增加88家，覆盖区域进一步扩大。公司基于云平台搭建协同办公体系，跨区域协作效率提升。公司深耕西南市场，区域市场份额稳中有升，品牌影响力持续增强。公司与高校联合开展深度学习算法研究，赋能产品智能设计。公司成立数据中台团队，推动业务数据化、数据业务化。公司继续推进产能建设，纺织服装项目一期已投产，预计达产后年新增产能12万吨。公司研究基于分布式账本的对账机制，降低交易核对成本。面对市场竞争加剧，公司加大渠道建设力度，经销商数量增加120家，覆盖区域进一步扩大。公司高度重视安全生产与环境保护，报告期内未发生重大安全事故。报告期内公司无重大诉讼仲裁事项，各项经营活动正常开展。报告期内公司无重大诉讼仲裁事项，各项经营活动正常开展。公司建立健全内部控制系统，治理结构规范，三会运作正常。,脚本生成演示语料(step0_make_demo_corpus.py)
DEMO052,演示DEMO052股份有限公司,制造业,2021,年度报告,公司核心业务系统迁移上云，采用混合云架构降低IT运维成本。面对市场竞争加剧，公司加大渠道建设力度，经销商数量增加45家，覆盖区域进一步扩大。公司继续推进产能建设，高端装备项目一期已投产，预计达产后年新增产能20万吨。公司建设智能客服系统，应用自然语言处理技术实现工单自动分类。报告期内公司无重大诉讼仲裁事项，各项经营活动正常开展。公司开展数据治理体系建设，统一主数据标准，提升数据资产质量。报告期内公司无重大诉讼仲裁事项，各项经营活动正常开展。公司推动业务流程线上化，无纸化办公覆盖全部业务部门。报告期内公司客户结构进一步优化，前五大客户收入占比为32.5%，客户集中度处于合理区间。公司开展数据治理体系建设，统一主数据标准，提升数据资产质量。公司深耕东北市场，区域市场份额稳中有升，品牌影响力持续增强。报告期内人民币汇率波动加大，公司通过远期结售汇业务降低了汇兑损失。公司基于云平台搭建协同办公体系，跨区域协作效率提升。公司成立数据中台团队，推动业务数据化、数据业务化。本年度公司人力成本略有上升，管理费用率保持稳定，费用管控成效显现。公司继续推进产能建设，纺织服装项目一期已投产，预计达产后年新增产能12万吨。公司成立数据中台团队，推动业务数据化、数据业务化。公司构建智慧物流体系，仓储分拣自动化水平显著提高。公司推进智能制造升级，数字化车间已通过省级认定。报告期内人民币汇率波动加大，公司通过远期结售汇业务降低了汇兑损失。公司深耕华北市场，区域市场份额稳中有升，品牌影响力持续增强。面对市场竞争加剧，公司加大渠道建设力度，经销商数量增加45家，覆盖区域进一步扩大。,脚本生成演示语料(step0_make_demo_corpus.py)
DEMO052,演示DEMO052股份有限公司,制造业,2022,年度报告,报告期内人民币汇率波动加大，公司通过远期结售汇业务降低了汇兑损失。公司基于云平台搭建协同办公体系，跨区域协作效率提升。公司积极拓展海外市场，出口业务收入同比增长30.5%，国际化布局初见成效。公司与高校联合开展深度学习算法研究，赋能产品智能设计。公司现金流状况良好，经营活动现金流量净额为1.5亿元，资产负债结构稳健。公司高度重视安全生产与环境保护，报告期内未发生重大安全事故。公司利用智能合约技术自动执行供应商结算条款。公司构建经营分析数据仓库，管理层可实时查看核心经营指标。公司现金流状况良好，经营活动现金流量净额为3.2亿元，资产负债结构稳健。公司探索区块链技术在产品溯源中的应用，实现全流程信息上链。报告期内，公司获得高新技术企业资质认定，享受相应税收优惠政策。公司探索区块链技术在产品溯源中的应用，实现全流程信息上链。公司推动业务流程线上化，无纸化办公覆盖全部业务部门。公司积极拓展海外市场，出口业务收入同比增长18.9%，国际化布局初见成效。公司继续推进产能建设，建材项目一期已投产，预计达产后年新增产能20万吨。公司上线智能排产系统，通过智能算法优化生产计划排程。公司高度重视安全生产与环境保护，报告期内未发生重大安全事故。公司持续优化产品结构，精细化工产品业务占比稳步提升，毛利率较上年下降1.5个百分点。报告期内公司无重大诉讼仲裁事项，各项经营活动正常开展。报告期内，公司获得高新技术企业资质认定，享受相应税收优惠政策。公司利用智能合约技术自动执行供应商结算条款。,脚本生成演示语料(step0_make_demo_corpus.py)
DEMO052,演示DEMO052股份有限公司,制造业,2023,年度报告,面对市场竞争加剧，公司加大渠道建设力度，经销商数量增加45家，覆盖区域进一步扩大。本年度公司人力成本略有上升，管理费用率保持稳定，费用管控成效显现。公司建设工业互联网平台，实现设备联网与远程运维。公司建设大数据平台，整合生产、销售与供应链数据，支撑经营决策。原材料价格波动对成本端形成一定压力，公司通过集中采购和套期保值部分对冲了成本上行风险。报告期内公司客户结构进一步优化，前五大客户收入占比为32.5%，客户集中度处于合理区间。受行业周期影响，部分产品价格有所回落，公司及时调整销售策略，库存水平保持在合理范围。公司主要客户为行业龙头企业，合作关系稳定，应收账款回款情况良好。报告期内人民币汇率波动加大，公司通过远期结售汇业务降低了汇兑损失。公司构建智慧物流体系，仓储分拣自动化水平显著提高。公司基于云平台搭建协同办公体系，跨区域协作效率提升。公司深耕华南市场，区域市场份额稳中有升，品牌影响力持续增强。公司建设工业互联网平台，实现设备联网与远程运维。本年度公司人力成本略有上升，管理费用率保持稳定，费用管控成效显现。下半年公司将围绕年度经营计划，重点做好市场开拓、成本控制与人才梯队建设等工作。公司构建经营分析数据仓库，管理层可实时查看核心经营指标。报告期内，公司实现营业收入12.6亿元，同比增长-1.8%，主要得益于主营业务产销规模扩大。原材料价格波动对成本端形成一定压力，公司通过集中采购和套期保值部分对冲了成本上行风险。,脚本生成演示语料(step0_make_demo_corpus.py)
DEMO052,演示DEMO052股份有限公司,制造业,2024,年度报告,公司积极拓展海外市场，出口业务收入同比增长12.1%，国际化布局初见成效。报告期内，公司实现营业收入45.2亿元，同比增长8.5%，主要得益于主营业务产销规模扩大。公司深耕西南市场，区域市场份额稳中有升，品牌影响力持续增强。报告期内公司客户结构进一步优化，前五大客户收入占比为28.3%，客户集中度处于合理区间。公司采购云服务替代传统服务器部署，系统上线周期大幅缩短。公司深耕华北市场，区域市场份额稳中有升，品牌影响力持续增强。公司核心业务系统迁移上云，采用混合云架构降低IT运维成本。本年度公司人力成本略有上升，管理费用率保持稳定，费用管控成效显现。公司高度重视安全生产与环境保护，报告期内未发生重大安全事故。公司试点数字人民币结算场景，丰富收款渠道。公司数据中心一期建成投用，具备 PB 级数据存储与计算能力。公司积极拓展海外市场，出口业务收入同比增长18.9%，国际化布局初见成效。公司构建经营分析数据仓库，管理层可实时查看核心经营指标。公司研究基于分布式账本的对账机制，降低交易核对成本。,脚本生成演示语料(step0_make_demo_corpus.py)
DEMO053,演示DEMO053股份有限公司,批发零售,2020,年度报告,公司积极拓展海外市场，出口业务收入同比增长12.1%，国际化布局初见成效。面对市场竞争加剧，公司加大渠道建设力度，经销商数量增加45家，覆盖区域进一步扩大。面对市场竞争加剧，公司加大渠道建设力度，经销商数量增加36家，覆盖区域进一步扩大。公司开展数据治理体系建设，统一主数据标准，提升数据资产质量。公司现金流状况良好，经营活动现金流量净额为12.4亿元，资产负债结构稳健。公司继续推进产能建设，精细化工产品项目一期已投产，预计达产后年新增产能12万吨。本年度公司人力成本略有上升，管理费用率保持稳定，费用管控成效显现。公司高度重视安全生产与环境保护，报告期内未发生重大安全事故。公司核心业务系统迁移上云，采用混合云架构降低IT运维成本。面对市场竞争加剧，公司加大渠道建设力度，经销商数量增加36家，覆盖区域进一步扩大。,脚本生成演示语料(step0_make_demo_corpus.py)
DEMO053,演示DEMO053股份有限公司,批发零售,2021,年度报告,公司持续优化产品结构，高端装备业务占比稳步提升，毛利率较上年下降0.8个百分点。报告期内人民币汇率波动加大，公司通过远期结售汇业务降低了汇兑损失。原材料价格波动对成本端形成一定压力，公司通过集中采购和套期保值部分对冲了成本上行风险。公司现金流状况良好，经营活动现金流量净额为1.5亿元，资产负债结构稳健。公司持续优化产品结构，电子元器件业务占比稳步提升，毛利率较上年下降0.8个百分点。公司现金流状况良好，经营活动现金流量净额为8.7亿元，资产负债结构稳健。公司现金流状况良好，经营活动现金流量净额为3.2亿元，资产负债结构稳健。公司建立健全内部控制系统，治理结构规范，三会运作正常。公司研究基于分布式账本的对账机制，降低交易核对成本。,脚本生成演示语料(step0_make_demo_corpus.py)
DEMO053,演示DEMO053股份有限公司,批发零售,2022,年度报告,公司持续加大研发投入，研发费用占营业收入比例为2.6%，围绕精细化工产品开展技术攻关。公司利用智能合约技术自动执行供应商结算条款。面对市场竞争加剧，公司加大渠道建设力度，经销商数量增加88家，覆盖区域进一步扩大。报告期内，公司实现营业收入63.7亿元，同比增长8.5%，主要得益于主营业务产销规模扩大。原材料价格波动对成本端形成一定压力，公司通过集中采购和套期保值部分对冲了成本上行风险。公司推进计算机视觉技术在生产线上的应用，实现关键工序自动检测。公司建立健全内部控制系统，治理结构规范，三会运作正常。公司核心业务系统迁移上云，采用混合云架构降低IT运维成本。面对市场竞争加剧，公司加大渠道建设力度，经销商数量增加88家，覆盖区域进一步扩大。报告期内，公司获得高新技术企业资质认定，享受相应税收优惠政策。公司高度重视安全生产与环境保护，报告期内未发生重大安全事故。,脚本生成演示语料(step0_make_demo_corpus.py)
DEMO053,演示DEMO053股份有限公司,批发零售,2023,年度报告,本年度公司人力成本略有上升，管理费用率保持稳定，费用管控成效显现。公司本期新增专利授权15项，累计有效专利210项，技术储备进一步夯实。公司试点数字人民币结算场景，丰富收款渠道。公司主要客户为行业龙头企业，合作关系稳定，应收账款回款情况良好。公司研究基于分布式账本的对账机制，降低交易核对成本。原材料价格波动对成本端形成一定压力，公司通过集中采购和套期保值部分对冲了成本上行风险。公司现金流状况良好，经营活动现金流量净额为3.2亿元，资产负债结构稳健。公司部署机器学习算法对销售数据进行需求预测，库存周转效率明显改善。公司高度重视安全生产与环境保护，报告期内未发生重大安全事故。下半年公司将围绕年度经营计划，重点做好市场开拓、成本控制与人才梯队建设等工作。公司参与行业区块链联盟，推动供应链单证电子化与可信流转。公司采购云服务替代传统服务器部署，系统上线周期大幅缩短。公司上线智能排产系统，通过智能算法优化生产计划排程。公司构建经营分析数据仓库，管理层可实时查看核心经营指标。报告期内，公司获得高新技术企业资质认定，享受相应税收优惠政策。,脚本生成演示语料(step0_make_demo_corpus.py)
DEMO053,演示DEMO053股份有限公司,批发零售,2024,年度报告,公司发展电子商务业务，线上渠道收入占比持续提升。公司本期新增专利授权22项，累计有效专利120项，技术储备进一步夯实。公司积极拓展海外市场，出口业务收入同比增长30.5%，国际化布局初见成效。报告期内人民币汇率波动加大，公司通过远期结售汇业务降低了汇兑损失。公司建设大数据平台，整合生产、销售与供应链数据，支撑经营决策。公司发展电子商务业务，线上渠道收入占比持续提升。报告期内公司客户结构进一步优化，前五大客户收入占比为28.3%，客户集中度处于合理区间。公司持续加大研发投入，研发费用占营业收入比例为1.8%，围绕纺织服装开展技术攻关。公司制定数字化转型规划，成立数字化管理委员会统筹推进。下半年公司将围绕年度经营计划，重点做好市场开拓、成本控制与人才梯队建设等工作。公司建立健全内部控制系统，治理结构规范，三会运作正常。公司建设大数据平台，整合生产、销售与供应链数据，支撑经营决策。报告期内，公司实现营业收入28.4亿元，同比增长15.2%，主要得益于主营业务产销规模扩大。受行业周期影响，部分产品价格有所回落，公司及时调整销售策略，库存水平保持在合理范围。公司参与行业区块链联盟，推动供应链单证电子化与可信流转。,脚本生成演示语料(step0_make_demo_corpus.py)
DEMO054,演示DEMO054股份有限公司,房地产,2020,年度报告,公司核心业务系统迁移上云，采用混合云架构降低IT运维成本。公司高度重视安全生产与环境保护，报告期内未发生重大安全事故。公司持续加大研发投入，研发费用占营业收入比例为3.2%，围绕纺织服装开展技术攻关。公司构建经营分析数据仓库，管理层可实时查看核心经营指标。公司评估公有云与私有云方案，逐步构建统一算力资源池。公司应用数字孪生技术对重点产线进行虚拟建模与仿真优化。公司持续优化产品结构，精细化工产品业务占比稳步提升，毛利率较上年上升2.5个百分点。报告期内公司客户结构进一步优化，前五大客户收入占比为36.9%，客户集中度处于合理区间。公司采购云服务替代传统服务器部署，系统上线周期大幅缩短。本年度公司人力成本略有上升，管理费用率保持稳定，费用管控成效显现。报告期内公司无重大诉讼仲裁事项，各项经营活动正常开展。报告期内公司客户结构进一步优化，前五大客户收入占比为28.3%，客户集中度处于合理区间。面对市场竞争加剧，公司加大渠道建设力度，经销商数量增加88家，覆盖区域进一步扩大。公司基于云平台搭建协同办公体系，跨区域协作效率提升。下半年公司将围绕年度经营计划，重点做好市场开拓、成本控制与人才梯队建设等工作。公司本期新增专利授权8项，累计有效专利210项，技术储备进一步夯实。,脚本生成演示语料(step0_make_demo_corpus.py)
DEMO054,演示DEMO054股份有限公司,房地产,2021,年度报告,公司继续推进产能建设，食品饮料项目一期已投产，预计达产后年新增产能3万吨。公司建立健全内部控制系统，治理结构规范，三会运作正常。公司建设工业互联网平台，实现设备联网与远程运维。下半年公司将围绕年度经营计划，重点做好市场开拓、成本控制与人才梯队建设等工作。原材料价格波动对成本端形成一定压力，公司通过集中采购和套期保值部分对冲了成本上行风险。公司建立健全内部控制系统，治理结构规范，三会运作正常。本年度公司人力成本略有上升，管理费用率保持稳定，费用管控成效显现。公司推进计算机视觉技术在生产线上的应用，实现关键工序自动检测。公司持续优化产品结构，建材业务占比稳步提升，毛利率较上年下降0.8个百分点。报告期内，公司获得高新技术企业资质认定，享受相应税收优惠政策。公司深耕华北市场，区域市场份额稳中有升，品牌影响力持续增强。公司部署机器学习算法对销售数据进行需求预测，库存周转效率明显改善。下半年公司将围绕年度经营计划，重点做好市场开拓、成本控制与人才梯队建设等工作。公司开展数据治理体系建设，统一主数据标准，提升数据资产质量。,脚本生成演示语料(step0_make_demo_corpus.py)
DEMO054,演示DEMO054股份有限公司,房地产,2022,年度报告,公司高度重视安全生产与环境保护，报告期内未发生重大安全事故。公司引入边缘计算设备，实现车间数据的就地处理与实时回传。公司主要客户为行业龙头企业，合作关系稳定，应收账款回款情况良好。原材料价格波动对成本端形成一定压力，公司通过集中采购和套期保值部分对冲了成本上行风险。公司积极拓展海外市场，出口业务收入同比增长12.1%，国际化布局初见成效。公司高度重视安全生产与环境保护，报告期内未发生重大安全事故。公司与高校联合开展深度学习算法研究，赋能产品智能设计。公司深耕华南市场，区域市场份额稳中有升，品牌影响力持续增强。报告期内，公司实现营业收入28.4亿元，同比增长5.6%，主要得益于主营业务产销规模扩大。报告期内公司客户结构进一步优化，前五大客户收入占比为32.5%，客户集中度处于合理区间。公司引入人工智能技术优化{prod}质检环节，缺陷识别准确率显著提升。公司上线智能排产系统，通过智能算法优化生产计划排程。,脚本生成演示语料(step0_make_demo_corpus.py)
DEMO054,演示DEMO054股份有限公司,房地产,2023,年度报告,原材料价格波动对成本端形成一定压力，公司通过集中采购和套期保值部分对冲了成本上行风险。公司部署机器学习算法对销售数据进行需求预测，库存周转效率明显改善。公司主要客户为行业龙头企业，合作关系稳定，应收账款回款情况良好。报告期内人民币汇率波动加大，公司通过远期结售汇业务降低了汇兑损失。公司持续加大研发投入，研发费用占营业收入比例为5.1%，围绕纺织服装开展技术攻关。公司试点数字人民币结算场景，丰富收款渠道。下半年公司将围绕年度经营计划，重点做好市场开拓、成本控制与人才梯队建设等工作。公司构建经营分析数据仓库，管理层可实时查看核心经营指标。公司应用数字孪生技术对重点产线进行虚拟建模与仿真优化。公司主要客户为行业龙头企业，合作关系稳定，应收账款回款情况良好。受行业周期影响，部分产品价格有所回落，公司及时调整销售策略，库存水平保持在合理范围。公司持续优化产品结构，高端装备业务占比稳步提升，毛利率较上年上升2.5个百分点。本年度公司人力成本略有上升，管理费用率保持稳定，费用管控成效显现。公司现金流状况良好，经营活动现金流量净额为3.2亿元，资产负债结构稳健。公司发展电子商务业务，线上渠道收入占比持续提升。面对市场竞争加剧，公司加大渠道建设力度，经销商数量增加120家，覆盖区域进一步扩大。公司成立数据中台团队，推动业务数据化、数据业务化。,脚本生成演示语料(step0_make_demo_corpus.py)
DEMO054,演示DEMO054股份有限公司,房地产,2024,年度报告,下半年公司将围绕年度经营计划，重点做好市场开拓、成本控制与人才梯队建设等工作。原材料价格波动对成本端形成一定压力，公司通过集中采购和套期保值部分对冲了成本上行风险。本年度公司人力成本略有上升，管理费用率保持稳定，费用管控成效显现。公司研究基于分布式账本的对账机制，降低交易核对成本。公司建设智能客服系统，应用自然语言处理技术实现工单自动分类。公司持续优化产品结构，纺织服装业务占比稳步提升，毛利率较上年上升1.2个百分点。公司推动业务流程线上化，无纸化办公覆盖全部业务部门。公司深耕华南市场，区域市场份额稳中有升，品牌影响力持续增强。报告期内公司客户结构进一步优化，前五大客户收入占比为36.9%，客户集中度处于合理区间。公司应用数字孪生技术对重点产线进行虚拟建模与仿真优化。公司建设工业互联网平台，实现设备联网与远程运维。下半年公司将围绕年度经营计划，重点做好市场开拓、成本控制与人才梯队建设等工作。公司制定数字化转型规划，成立数字化管理委员会统筹推进。公司持续加大研发投入，研发费用占营业收入比例为4.4%，围绕食品饮料开展技术攻关。公司现金流状况良好，经营活动现金流量净额为3.2亿元，资产负债结构稳健。公司推进计算机视觉技术在生产线上的应用，实现关键工序自动检测。公司深耕华南市场，区域市场份额稳中有升，品牌影响力持续增强。公司部署机器学习算法对销售数据进行需求预测，库存周转效率明显改善。,脚本生成演示语料(step0_make_demo_corpus.py)
DEMO055,演示DEMO055股份有限公司,农林牧渔,2020,年度报告,下半年公司将围绕年度经营计划，重点做好市场开拓、成本控制与人才梯队建设等工作。公司推进计算机视觉技术在生产线上的应用，实现关键工序自动检测。报告期内公司无重大诉讼仲裁事项，各项经营活动正常开展。公司主要客户为行业龙头企业，合作关系稳定，应收账款回款情况良好。面对市场竞争加剧，公司加大渠道建设力度，经销商数量增加210家，覆盖区域进一步扩大。公司现金流状况良好，经营活动现金流量净额为5.8亿元，资产负债结构稳健。公司继续推进产能建设，食品饮料项目一期已投产，预计达产后年新增产能20万吨。公司现金流状况良好，经营活动现金流量净额为8.7亿元，资产负债结构稳健。报告期内，公司实现营业收入63.7亿元，同比增长8.5%，主要得益于主营业务产销规模扩大。公司继续推进产能建设，纺织服装项目一期已投产，预计达产后年新增产能8万吨。报告期内公司无重大诉讼仲裁事项，各项经营活动正常开展。,脚本生成演示语料(step0_make_demo_corpus.py)
DEMO055,演示DEMO055股份有限公司,农林牧渔,2021,年度报告,公司与高校联合开展深度学习算法研究，赋能产品智能设计。本年度公司人力成本略有上升，管理费用率保持稳定，费用管控成效显现。受行业周期影响，部分产品价格有所回落，公司及时调整销售策略，库存水平保持在合理范围。报告期内，公司实现营业收入12.6亿元，同比增长22.7%，主要得益于主营业务产销规模扩大。公司主要客户为行业龙头企业，合作关系稳定，应收账款回款情况良好。报告期内公司客户结构进一步优化，前五大客户收入占比为41.8%，客户集中度处于合理区间。公司建立健全内部控制系统，治理结构规范，三会运作正常。下半年公司将围绕年度经营计划，重点做好市场开拓、成本控制与人才梯队建设等工作。公司数据中心一期建成投用，具备 PB 级数据存储与计算能力。公司高度重视安全生产与环境保护，报告期内未发生重大安全事故。公司本期新增专利授权3项，累计有效专利56项，技术储备进一步夯实。下半年公司将围绕年度经营计划，重点做好市场开拓、成本控制与人才梯队建设等工作。公司继续推进产能建设，纺织服装项目一期已投产，预计达产后年新增产能12万吨。面对市场竞争加剧，公司加大渠道建设力度，经销商数量增加120家，覆盖区域进一步扩大。,脚本生成演示语料(step0_make_demo_corpus.py)
DEMO055,演示DEMO055股份有限公司,农林牧渔,2022,年度报告,公司试点数字人民币结算场景，丰富收款渠道。面对市场竞争加剧，公司加大渠道建设力度，经销商数量增加210家，覆盖区域进一步扩大。公司深耕华南市场，区域市场份额稳中有升，品牌影响力持续增强。报告期内公司客户结构进一步优化，前五大客户收入占比为41.8%，客户集中度处于合理区间。公司持续加大研发投入，研发费用占营业收入比例为4.4%，围绕纺织服装开展技术攻关。公司高度重视安全生产与环境保护，报告期内未发生重大安全事故。公司推进计算机视觉技术在生产线上的应用，实现关键工序自动检测。报告期内公司无重大诉讼仲裁事项，各项经营活动正常开展。公司推动业务流程线上化，无纸化办公覆盖全部业务部门。公司主要客户为行业龙头企业，合作关系稳定，应收账款回款情况良好。下半年公司将围绕年度经营计划，重点做好市场开拓、成本控制与人才梯队建设等工作。本年度公司人力成本略有上升，管理费用率保持稳定，费用管控成效显现。报告期内公司客户结构进一步优化，前五大客户收入占比为28.3%，客户集中度处于合理区间。公司持续优化产品结构，建材业务占比稳步提升，毛利率较上年上升1.2个百分点。报告期内，公司获得高新技术企业资质认定，享受相应税收优惠政策。公司研究基于分布式账本的对账机制，降低交易核对成本。,脚本生成演示语料(step0_make_demo_corpus.py)
DEMO055,演示DEMO055股份有限公司,农林牧渔,2023,年度报告,公司现金流状况良好，经营活动现金流量净额为3.2亿元，资产负债结构稳健。报告期内公司客户结构进一步优化，前五大客户收入占比为28.3%，客户集中度处于合理区间。公司上线智能排产系统，通过智能算法优化生产计划排程。公司建立健全内部控制系统，治理结构规范，三会运作正常。公司核心业务系统迁移上云，采用混合云架构降低IT运维成本。公司建设智能客服系统，应用自然语言处理技术实现工单自动分类。报告期内，公司实现营业收入45.2亿元，同比增长-1.8%，主要得益于主营业务产销规模扩大。报告期内，公司实现营业收入8.9亿元，同比增长8.5%，主要得益于主营业务产销规模扩大。面对市场竞争加剧，公司加大渠道建设力度，经销商数量增加45家，覆盖区域进一步扩大。公司持续优化产品结构，精细化工产品业务占比稳步提升，毛利率较上年上升2.5个百分点。公司深耕华东市场，区域市场份额稳中有升，品牌影响力持续增强。公司建立健全内部控制系统，治理结构规范，三会运作正常。受行业周期影响，部分产品价格有所回落，公司及时调整销售策略，库存水平保持在合理范围。,脚本生成演示语料(step0_make_demo_corpus.py)
DEMO055,演示DEMO055股份有限公司,农林牧渔,2024,年度报告,公司持续加大研发投入，研发费用占营业收入比例为3.2%，围绕建材开展技术攻关。公司继续推进产能建设，电子元器件项目一期已投产，预计达产后年新增产能20万吨。公司持续加大研发投入，研发费用占营业收入比例为2.6%，围绕建材开展技术攻关。公司建设智能客服系统，应用自然语言处理技术实现工单自动分类。公司基于云平台搭建协同办公体系，跨区域协作效率提升。公司与高校联合开展深度学习算法研究，赋能产品智能设计。本年度公司人力成本略有上升，管理费用率保持稳定，费用管控成效显现。报告期内公司客户结构进一步优化，前五大客户收入占比为28.3%，客户集中度处于合理区间。公司建立健全内部控制系统，治理结构规范，三会运作正常。公司利用智能合约技术自动执行供应商结算条款。本年度公司人力成本略有上升，管理费用率保持稳定，费用管控成效显现。公司现金流状况良好，经营活动现金流量净额为1.5亿元，资产负债结构稳健。公司本期新增专利授权15项，累计有效专利85项，技术储备进一步夯实。,脚本生成演示语料(step0_make_demo_corpus.py)
DEMO056,演示DEMO056股份有限公司,信息技术,2020,年度报告,公司基于云平台搭建协同办公体系，跨区域协作效率提升。公司探索区块链技术在产品溯源中的应用，实现全流程信息上链。公司本期新增专利授权3项，累计有效专利38项，技术储备进一步夯实。公司引入边缘计算设备，实现车间数据的就地处理与实时回传。公司本期新增专利授权15项，累计有效专利38项，技术储备进一步夯实。公司深耕华北市场，区域市场份额稳中有升，品牌影响力持续增强。公司现金流状况良好，经营活动现金流量净额为5.8亿元，资产负债结构稳健。公司推进计算机视觉技术在生产线上的应用，实现关键工序自动检测。报告期内，公司实现营业收入12.6亿元，同比增长8.5%，主要得益于主营业务产销规模扩大。公司应用数字孪生技术对重点产线进行虚拟建模与仿真优化。公司基于云平台搭建协同办公体系，跨区域协作效率提升。公司持续优化产品结构，电子元器件业务占比稳步提升，毛利率较上年持平个百分点。公司试点数字人民币结算场景，丰富收款渠道。公司试点数字人民币结算场景，丰富收款渠道。报告期内公司无重大诉讼仲裁事项，各项经营活动正常开展。公司评估公有云与私有云方案，逐步构建统一算力资源池。公司推进智能制造升级，数字化车间已通过省级认定。面对市场竞争加剧，公司加大渠道建设力度，经销商数量增加36家，覆盖区域进一步扩大。公司引入人工智能技术优化{prod}质检环节，缺陷识别准确率显著提升。公司构建经营分析数据仓库，管理层可实时查看核心经营指标。公司成立数据中台团队，推动业务数据化、数据业务化。本年度公司人力成本略有上升，管理费用率保持稳定，费用管控成效显现。公司核心业务系统迁移上云，采用混合云架构降低IT运维成本。公司建立健全内部控制系统，治理结构规范，三会运作正常。公司推进智能制造升级，数字化车间已通过省级认定。公司数据中心一期建成投用，具备 PB 级数据存储与计算能力。,脚本生成演示语料(step0_make_demo_corpus.py)
DEMO056,演示DEMO056股份有限公司,信息技术,2021,年度报告,公司建立健全内部控制系统，治理结构规范，三会运作正常。报告期内公司无重大诉讼仲裁事项，各项经营活动正常开展。公司建设工业互联网平台，实现设备联网与远程运维。公司引入边缘计算设备，实现车间数据的就地处理与实时回传。公司建设大数据平台，整合生产、销售与供应链数据，支撑经营决策。公司成立数据中台团队，推动业务数据化、数据业务化。公司评估公有云与私有云方案，逐步构建统一算力资源池。公司评估公有云与私有云方案，逐步构建统一算力资源池。本年度公司人力成本略有上升，管理费用率保持稳定，费用管控成效显现。公司试点数字人民币结算场景，丰富收款渠道。公司利用智能合约技术自动执行供应商结算条款。公司建设工业互联网平台，实现设备联网与远程运维。公司上线智能排产系统，通过智能算法优化生产计划排程。公司建立健全内部控制系统，治理结构规范，三会运作正常。公司采购云服务替代传统服务器部署，系统上线周期大幅缩短。公司引入人工智能技术优化{prod}质检环节，缺陷识别准确率显著提升。公司核心业务系统迁移上云，采用混合云架构降低IT运维成本。受行业周期影响，部分产品价格有所回落，公司及时调整销售策略，库存水平保持在合理范围。公司核心业务系统迁移上云，采用混合云架构降低IT运维成本。公司数据中心一期建成投用，具备 PB 级数据存储与计算能力。公司建设智能客服系统，应用自然语言处理技术实现工单自动分类。公司继续推进产能建设，高端装备项目一期已投产，预计达产后年新增产能3万吨。公司持续加大研发投入，研发费用占营业收入比例为4.4%，围绕建材开展技术攻关。公司引入人工智能技术优化{prod}质检环节，缺陷识别准确率显著提升。本年度公司人力成本略有上升，管理费用率保持稳定，费用管控成效显现。公司构建智慧物流体系，仓储分拣自动化水平显著提高。公司继续推进产能建设，电子元器件项目一期已投产，预计达产后年新增产能12万吨。公司运用数据挖掘技术分析客户行为，实现精准营销。公司上线智能排产系统，通过智能算法优化生产计划排程。原材料价格波动对成本端形成一定压力，公司通过集中采购和套期保值部分对冲了成本上行风险。公司建设智能客服系统，应用自然语言处理技术实现工单自动分类。,脚本生成演示语料(step0_make_demo_corpus.py)
DEMO056,演示DEMO056股份有限公司,信息技术,2022,年度报告,公司利用智能合约技术自动执行供应商结算条款。公司部署机器学习算法对销售数据进行需求预测，库存周转效率明显改善。公司构建经营分析数据仓库，管理层可实时查看核心经营指标。公司推动业务流程线上化，无纸化办公覆盖全部业务部门。公司核心业务系统迁移上云，采用混合云架构降低IT运维成本。公司积极拓展海外市场，出口业务收入同比增长9.4%，国际化布局初见成效。公司基于云平台搭建协同办公体系，跨区域协作效率提升。公司构建经营分析数据仓库，管理层可实时查看核心经营指标。公司基于云平台搭建协同办公体系，跨区域协作效率提升。公司核心业务系统迁移上云，采用混合云架构降低IT运维成本。公司评估公有云与私有云方案，逐步构建统一算力资源池。公司引入人工智能技术优化{prod}质检环节，缺陷识别准确率显著提升。公司部署机器学习算法对销售数据进行需求预测，库存周转效率明显改善。公司参与行业区块链联盟，推动供应链单证电子化与可信流转。下半年公司将围绕年度经营计划，重点做好市场开拓、成本控制与人才梯队建设等工作。公司引入人工智能技术优化{prod}质检环节，缺陷识别准确率显著提升。公司研究基于分布式账本的对账机制，降低交易核对成本。公司建立健全内部控制系统，治理结构规范，三会运作正常。公司评估公有云与私有云方案，逐步构建统一算力资源池。公司参与行业区块链联盟，推动供应链单证电子化与可信流转。公司成立数据中台团队，推动业务数据化、数据业务化。公司现金流状况良好，经营活动现金流量净额为1.5亿元，资产负债结构稳健。公司建设智能客服系统，应用自然语言处理技术实现工单自动分类。公司建设工业互联网平台，实现设备联网与远程运维。公司试点数字人民币结算场景，丰富收款渠道。公司应用数字孪生技术对重点产线进行虚拟建模与仿真优化。公司主要客户为行业龙头企业，合作关系稳定，应收账款回款情况良好。公司建设智能客服系统，应用自然语言处理技术实现工单自动分类。原材料价格波动对成本端形成一定压力，公司通过集中采购和套期保值部分对冲了成本上行风险。下半年公司将围绕年度经营计划，重点做好市场开拓、成本控制与人才梯队建设等工作。公司成立数据中台团队，推动业务数据化、数据业务化。面对市场竞争加剧，公司加大渠道建设力度，经销商数量增加36家，覆盖区域进一步扩大。,脚本生成演示语料(step0_make_demo_corpus.py)
DEMO056,演示DEMO056股份有限公司,信息技术,2023,年度报告,公司研究基于分布式账本的对账机制，降低交易核对成本。公司利用智能合约技术自动执行供应商结算条款。公司部署机器学习算法对销售数据进行需求预测，库存周转效率明显改善。公司建设大数据平台，整合生产、销售与供应链数据，支撑经营决策。公司引入边缘计算设备，实现车间数据的就地处理与实时回传。公司制定数字化转型规划，成立数字化管理委员会统筹推进。公司数据中心一期建成投用，具备 PB 级数据存储与计算能力。公司引入边缘计算设备，实现车间数据的就地处理与实时回传。公司推进计算机视觉技术在生产线上的应用，实现关键工序自动检测。受行业周期影响，部分产品价格有所回落，公司及时调整销售策略，库存水平保持在合理范围。报告期内，公司获得高新技术企业资质认定，享受相应税收优惠政策。公司引入边缘计算设备，实现车间数据的就地处理与实时回传。原材料价格波动对成本端形成一定压力，公司通过集中采购和套期保值部分对冲了成本上行风险。公司评估公有云与私有云方案，逐步构建统一算力资源池。公司制定数字化转型规划，成立数字化管理委员会统筹推进。公司开展数据治理体系建设，统一主数据标准，提升数据资产质量。公司应用数字孪生技术对重点产线进行虚拟建模与仿真优化。公司利用智能合约技术自动执行供应商结算条款。公司建设智能客服系统，应用自然语言处理技术实现工单自动分类。公司继续推进产能建设，建材项目一期已投产，预计达产后年新增产能3万吨。报告期内，公司获得高新技术企业资质认定，享受相应税收优惠政策。公司主要客户为行业龙头企业，合作关系稳定，应收账款回款情况良好。公司建设大数据平台，整合生产、销售与供应链数据，支撑经营决策。报告期内，公司获得高新技术企业资质认定，享受相应税收优惠政策。公司运用数据挖掘技术分析客户行为，实现精准营销。公司试点数字人民币结算场景，丰富收款渠道。公司推进计算机视觉技术在生产线上的应用，实现关键工序自动检测。公司参与行业区块链联盟，推动供应链单证电子化与可信流转。报告期内，公司获得高新技术企业资质认定，享受相应税收优惠政策。公司推动业务流程线上化，无纸化办公覆盖全部业务部门。公司评估公有云与私有云方案，逐步构建统一算力资源池。公司开展数据治理体系建设，统一主数据标准，提升数据资产质量。公司研究基于分布式账本的对账机制，降低交易核对成本。公司建立健全内部控制系统，治理结构规范，三会运作正常。,脚本生成演示语料(step0_make_demo_corpus.py)
DEMO056,演示DEMO056股份有限公司,信息技术,2024,年度报告,公司参与行业区块链联盟，推动供应链单证电子化与可信流转。公司数据中心一期建成投用，具备 PB 级数据存储与计算能力。公司基于云平台搭建协同办公体系，跨区域协作效率提升。公司成立数据中台团队，推动业务数据化、数据业务化。公司制定数字化转型规划，成立数字化管理委员会统筹推进。公司推进计算机视觉技术在生产线上的应用，实现关键工序自动检测。公司本期新增专利授权11项，累计有效专利120项，技术储备进一步夯实。公司深耕华东市场，区域市场份额稳中有升，品牌影响力持续增强。报告期内人民币汇率波动加大，公司通过远期结售汇业务降低了汇兑损失。公司推进智能制造升级，数字化车间已通过省级认定。公司继续推进产能建设，电子元器件项目一期已投产，预计达产后年新增产能3万吨。公司持续加大研发投入，研发费用占营业收入比例为1.8%，围绕精细化工产品开展技术攻关。公司研究基于分布式账本的对账机制，降低交易核对成本。公司数据中心一期建成投用，具备 PB 级数据存储与计算能力。面对市场竞争加剧，公司加大渠道建设力度，经销商数量增加210家，覆盖区域进一步扩大。公司评估公有云与私有云方案，逐步构建统一算力资源池。公司建设工业互联网平台，实现设备联网与远程运维。公司构建智慧物流体系，仓储分拣自动化水平显著提高。公司推进经营管理信息化，上线新一代ERP系统实现业财一体。公司探索区块链技术在产品溯源中的应用，实现全流程信息上链。公司构建智慧物流体系，仓储分拣自动化水平显著提高。公司持续加大研发投入，研发费用占营业收入比例为1.8%，围绕食品饮料开展技术攻关。下半年公司将围绕年度经营计划，重点做好市场开拓、成本控制与人才梯队建设等工作。报告期内公司无重大诉讼仲裁事项，各项经营活动正常开展。公司采购云服务替代传统服务器部署，系统上线周期大幅缩短。公司基于云平台搭建协同办公体系，跨区域协作效率提升。公司采购云服务替代传统服务器部署，系统上线周期大幅缩短。公司核心业务系统迁移上云，采用混合云架构降低IT运维成本。公司参与行业区块链联盟，推动供应链单证电子化与可信流转。公司探索区块链技术在产品溯源中的应用，实现全流程信息上链。公司建设大数据平台，整合生产、销售与供应链数据，支撑经营决策。公司成立数据中台团队，推动业务数据化、数据业务化。公司积极拓展海外市场，出口业务收入同比增长12.1%，国际化布局初见成效。公司继续推进产能建设，电子元器件项目一期已投产，预计达产后年新增产能20万吨。公司建立健全内部控制系统，治理结构规范，三会运作正常。公司参与行业区块链联盟，推动供应链单证电子化与可信流转。公司开展数据治理体系建设，统一主数据标准，提升数据资产质量。,脚本生成演示语料(step0_make_demo_corpus.py)
DEMO057,演示DEMO057股份有限公司,制造业,2020,年度报告,本年度公司人力成本略有上升，管理费用率保持稳定，费用管控成效显现。公司建设智能客服系统，应用自然语言处理技术实现工单自动分类。公司参与行业区块链联盟，推动供应链单证电子化与可信流转。报告期内公司无重大诉讼仲裁事项，各项经营活动正常开展。报告期内公司客户结构进一步优化，前五大客户收入占比为36.9%，客户集中度处于合理区间。公司本期新增专利授权8项，累计有效专利120项，技术储备进一步夯实。公司部署机器学习算法对销售数据进行需求预测，库存周转效率明显改善。公司主要客户为行业龙头企业，合作关系稳定，应收账款回款情况良好。公司持续加大研发投入，研发费用占营业收入比例为1.8%，围绕纺织服装开展技术攻关。公司利用智能合约技术自动执行供应商结算条款。公司持续优化产品结构，精细化工产品业务占比稳步提升，毛利率较上年上升1.2个百分点。报告期内，公司获得高新技术企业资质认定，享受相应税收优惠政策。公司持续加大研发投入，研发费用占营业收入比例为2.6%，围绕纺织服装开展技术攻关。,脚本生成演示语料(step0_make_demo_corpus.py)
DEMO057,演示DEMO057股份有限公司,制造业,2021,年度报告,公司上线智能排产系统，通过智能算法优化生产计划排程。公司深耕华东市场，区域市场份额稳中有升，品牌影响力持续增强。公司引入人工智能技术优化{prod}质检环节，缺陷识别准确率显著提升。公司推进计算机视觉技术在生产线上的应用，实现关键工序自动检测。公司现金流状况良好，经营活动现金流量净额为3.2亿元，资产负债结构稳健。公司持续优化产品结构，建材业务占比稳步提升，毛利率较上年上升2.5个百分点。原材料价格波动对成本端形成一定压力，公司通过集中采购和套期保值部分对冲了成本上行风险。公司采购云服务替代传统服务器部署，系统上线周期大幅缩短。报告期内，公司实现营业收入12.6亿元，同比增长22.7%，主要得益于主营业务产销规模扩大。公司积极拓展海外市场，出口业务收入同比增长12.1%，国际化布局初见成效。公司主要客户为行业龙头企业，合作关系稳定，应收账款回款情况良好。公司推动业务流程线上化，无纸化办公覆盖全部业务部门。报告期内公司无重大诉讼仲裁事项，各项经营活动正常开展。报告期内公司客户结构进一步优化，前五大客户收入占比为36.9%，客户集中度处于合理区间。本年度公司人力成本略有上升，管理费用率保持稳定，费用管控成效显现。本年度公司人力成本略有上升，管理费用率保持稳定，费用管控成效显现。,脚本生成演示语料(step0_make_demo_corpus.py)
DEMO057,演示DEMO057股份有限公司,制造业,2022,年度报告,公司深耕华东市场，区域市场份额稳中有升，品牌影响力持续增强。报告期内，公司获得高新技术企业资质认定，享受相应税收优惠政策。公司继续推进产能建设，建材项目一期已投产，预计达产后年新增产能12万吨。公司研究基于分布式账本的对账机制，降低交易核对成本。面对市场竞争加剧，公司加大渠道建设力度，经销商数量增加120家，覆盖区域进一步扩大。公司部署机器学习算法对销售数据进行需求预测，库存周转效率明显改善。报告期内，公司获得高新技术企业资质认定，享受相应税收优惠政策。公司本期新增专利授权11项，累计有效专利85项，技术储备进一步夯实。原材料价格波动对成本端形成一定压力，公司通过集中采购和套期保值部分对冲了成本上行风险。公司运用数据挖掘技术分析客户行为，实现精准营销。公司推进经营管理信息化，上线新一代ERP系统实现业财一体。公司引入人工智能技术优化{prod}质检环节，缺陷识别准确率显著提升。公司现金流状况良好，经营活动现金流量净额为3.2亿元，资产负债结构稳健。公司运用数据挖掘技术分析客户行为，实现精准营销。面对市场竞争加剧，公司加大渠道建设力度，经销商数量增加120家，覆盖区域进一步扩大。公司继续推进产能建设，纺织服装项目一期已投产，预计达产后年新增产能3万吨。公司推进智能制造升级，数字化车间已通过省级认定。公司构建经营分析数据仓库，管理层可实时查看核心经营指标。面对市场竞争加剧，公司加大渠道建设力度，经销商数量增加120家，覆盖区域进一步扩大。公司高度重视安全生产与环境保护，报告期内未发生重大安全事故。,脚本生成演示语料(step0_make_demo_corpus.py)
DEMO057,演示DEMO057股份有限公司,制造业,2023,年度报告,公司现金流状况良好，经营活动现金流量净额为3.2亿元，资产负债结构稳健。公司积极拓展海外市场，出口业务收入同比增长30.5%，国际化布局初见成效。公司持续优化产品结构，纺织服装业务占比稳步提升，毛利率较上年下降0.8个百分点。公司持续优化产品结构，精细化工产品业务占比稳步提升，毛利率较上年上升2.5个百分点。报告期内公司无重大诉讼仲裁事项，各项经营活动正常开展。公司现金流状况良好，经营活动现金流量净额为1.5亿元，资产负债结构稳健。公司构建经营分析数据仓库，管理层可实时查看核心经营指标。公司数据中心一期建成投用，具备 PB 级数据存储与计算能力。报告期内公司无重大诉讼仲裁事项，各项经营活动正常开展。公司本期新增专利授权22项，累计有效专利85项，技术储备进一步夯实。公司推动业务流程线上化，无纸化办公覆盖全部业务部门。公司主要客户为行业龙头企业，合作关系稳定，应收账款回款情况良好。公司探索区块链技术在产品溯源中的应用，实现全流程信息上链。公司积极拓展海外市场，出口业务收入同比增长-6.3%，国际化布局初见成效。公司积极拓展海外市场，出口业务收入同比增长30.5%，国际化布局初见成效。本年度公司人力成本略有上升，管理费用率保持稳定，费用管控成效显现。,脚本生成演示语料(step0_make_demo_corpus.py)
DEMO057,演示DEMO057股份有限公司,制造业,2024,年度报告,原材料价格波动对成本端形成一定压力，公司通过集中采购和套期保值部分对冲了成本上行风险。本年度公司人力成本略有上升，管理费用率保持稳定，费用管控成效显现。公司基于云平台搭建协同办公体系，跨区域协作效率提升。公司应用数字孪生技术对重点产线进行虚拟建模与仿真优化。公司高度重视安全生产与环境保护，报告期内未发生重大安全事故。公司主要客户为行业龙头企业，合作关系稳定，应收账款回款情况良好。报告期内公司客户结构进一步优化，前五大客户收入占比为55.1%，客户集中度处于合理区间。公司积极拓展海外市场，出口业务收入同比增长-6.3%，国际化布局初见成效。受行业周期影响，部分产品价格有所回落，公司及时调整销售策略，库存水平保持在合理范围。公司建立健全内部控制系统，治理结构规范，三会运作正常。受行业周期影响，部分产品价格有所回落，公司及时调整销售策略，库存水平保持在合理范围。公司积极拓展海外市场，出口业务收入同比增长30.5%，国际化布局初见成效。公司高度重视安全生产与环境保护，报告期内未发生重大安全事故。公司深耕华南市场，区域市场份额稳中有升，品牌影响力持续增强。公司与高校联合开展深度学习算法研究，赋能产品智能设计。公司运用数据挖掘技术分析客户行为，实现精准营销。,脚本生成演示语料(step0_make_demo_corpus.py)
DEMO058,演示DEMO058股份有限公司,批发零售,2020,年度报告,报告期内，公司实现营业收入63.7亿元，同比增长15.2%，主要得益于主营业务产销规模扩大。公司主要客户为行业龙头企业，合作关系稳定，应收账款回款情况良好。报告期内，公司获得高新技术企业资质认定，享受相应税收优惠政策。公司持续加大研发投入，研发费用占营业收入比例为2.6%，围绕高端装备开展技术攻关。公司高度重视安全生产与环境保护，报告期内未发生重大安全事故。受行业周期影响，部分产品价格有所回落，公司及时调整销售策略，库存水平保持在合理范围。报告期内，公司获得高新技术企业资质认定，享受相应税收优惠政策。公司推进智能制造升级，数字化车间已通过省级认定。公司本期新增专利授权8项，累计有效专利85项，技术储备进一步夯实。,脚本生成演示语料(step0_make_demo_corpus.py)
DEMO058,演示DEMO058股份有限公司,批发零售,2021,年度报告,公司继续推进产能建设，纺织服装项目一期已投产，预计达产后年新增产能20万吨。公司引入人工智能技术优化{prod}质检环节，缺陷识别准确率显著提升。公司积极拓展海外市场，出口业务收入同比增长18.9%，国际化布局初见成效。报告期内，公司获得高新技术企业资质认定，享受相应税收优惠政策。报告期内，公司获得高新技术企业资质认定，享受相应税收优惠政策。报告期内，公司获得高新技术企业资质认定，享受相应税收优惠政策。原材料价格波动对成本端形成一定压力，公司通过集中采购和套期保值部分对冲了成本上行风险。公司推进智能制造升级，数字化车间已通过省级认定。报告期内公司客户结构进一步优化，前五大客户收入占比为36.9%，客户集中度处于合理区间。原材料价格波动对成本端形成一定压力，公司通过集中采购和套期保值部分对冲了成本上行风险。公司参与行业区块链联盟，推动供应链单证电子化与可信流转。,脚本生成演示语料(step0_make_demo_corpus.py)
DEMO058,演示DEMO058股份有限公司,批发零售,2022,年度报告,下半年公司将围绕年度经营计划，重点做好市场开拓、成本控制与人才梯队建设等工作。公司利用智能合约技术自动执行供应商结算条款。面对市场竞争加剧，公司加大渠道建设力度，经销商数量增加120家，覆盖区域进一步扩大。公司评估公有云与私有云方案，逐步构建统一算力资源池。公司建设工业互联网平台，实现设备联网与远程运维。公司应用数字孪生技术对重点产线进行虚拟建模与仿真优化。公司本期新增专利授权3项，累计有效专利56项，技术储备进一步夯实。公司积极拓展海外市场，出口业务收入同比增长18.9%，国际化布局初见成效。报告期内，公司实现营业收入19.3亿元，同比增长-3.1%，主要得益于主营业务产销规模扩大。下半年公司将围绕年度经营计划，重点做好市场开拓、成本控制与人才梯队建设等工作。公司本期新增专利授权11项，累计有效专利85项，技术储备进一步夯实。报告期内，公司实现营业收入63.7亿元，同比增长-1.8%，主要得益于主营业务产销规模扩大。公司建立健全内部控制系统，治理结构规范，三会运作正常。原材料价格波动对成本端形成一定压力，公司通过集中采购和套期保值部分对冲了成本上行风险。公司积极拓展海外市场，出口业务收入同比增长12.1%，国际化布局初见成效。,脚本生成演示语料(step0_make_demo_corpus.py)
DEMO058,演示DEMO058股份有限公司,批发零售,2023,年度报告,原材料价格波动对成本端形成一定压力，公司通过集中采购和套期保值部分对冲了成本上行风险。下半年公司将围绕年度经营计划，重点做好市场开拓、成本控制与人才梯队建设等工作。公司建设工业互联网平台，实现设备联网与远程运维。公司引入边缘计算设备，实现车间数据的就地处理与实时回传。报告期内公司客户结构进一步优化，前五大客户收入占比为36.9%，客户集中度处于合理区间。公司核心业务系统迁移上云，采用混合云架构降低IT运维成本。公司推进智能制造升级，数字化车间已通过省级认定。公司主要客户为行业龙头企业，合作关系稳定，应收账款回款情况良好。公司积极拓展海外市场，出口业务收入同比增长9.4%，国际化布局初见成效。公司建设大数据平台，整合生产、销售与供应链数据，支撑经营决策。公司建立健全内部控制系统，治理结构规范，三会运作正常。报告期内公司客户结构进一步优化，前五大客户收入占比为28.3%，客户集中度处于合理区间。本年度公司人力成本略有上升，管理费用率保持稳定，费用管控成效显现。公司本期新增专利授权3项，累计有效专利210项，技术储备进一步夯实。公司推进智能制造升级，数字化车间已通过省级认定。公司评估公有云与私有云方案，逐步构建统一算力资源池。公司建设智能客服系统，应用自然语言处理技术实现工单自动分类。,脚本生成演示语料(step0_make_demo_corpus.py)
DEMO058,演示DEMO058股份有限公司,批发零售,2024,年度报告,公司采购云服务替代传统服务器部署，系统上线周期大幅缩短。面对市场竞争加剧，公司加大渠道建设力度，经销商数量增加120家，覆盖区域进一步扩大。公司本期新增专利授权3项，累计有效专利120项，技术储备进一步夯实。公司基于云平台搭建协同办公体系，跨区域协作效率提升。公司发展电子商务业务，线上渠道收入占比持续提升。公司研究基于分布式账本的对账机制，降低交易核对成本。本年度公司人力成本略有上升，管理费用率保持稳定，费用管控成效显现。公司引入边缘计算设备，实现车间数据的就地处理与实时回传。受行业周期影响，部分产品价格有所回落，公司及时调整销售策略，库存水平保持在合理范围。报告期内，公司获得高新技术企业资质认定，享受相应税收优惠政策。本年度公司人力成本略有上升，管理费用率保持稳定，费用管控成效显现。公司评估公有云与私有云方案，逐步构建统一算力资源池。报告期内人民币汇率波动加大，公司通过远期结售汇业务降低了汇兑损失。报告期内公司无重大诉讼仲裁事项，各项经营活动正常开展。公司运用数据挖掘技术分析客户行为，实现精准营销。报告期内，公司获得高新技术企业资质认定，享受相应税收优惠政策。公司本期新增专利授权11项，累计有效专利210项，技术储备进一步夯实。公司核心业务系统迁移上云，采用混合云架构降低IT运维成本。,脚本生成演示语料(step0_make_demo_corpus.py)
DEMO059,演示DEMO059股份有限公司,房地产,2020,年度报告,公司引入边缘计算设备，实现车间数据的就地处理与实时回传。公司核心业务系统迁移上云，采用混合云架构降低IT运维成本。报告期内，公司获得高新技术企业资质认定，享受相应税收优惠政策。公司推进经营管理信息化，上线新一代ERP系统实现业财一体。公司持续优化产品结构，建材业务占比稳步提升，毛利率较上年上升2.5个百分点。公司建立健全内部控制系统，治理结构规范，三会运作正常。公司成立数据中台团队，推动业务数据化、数据业务化。公司现金流状况良好，经营活动现金流量净额为3.2亿元，资产负债结构稳健。公司运用数据挖掘技术分析客户行为，实现精准营销。公司建立健全内部控制系统，治理结构规范，三会运作正常。公司试点数字人民币结算场景，丰富收款渠道。下半年公司将围绕年度经营计划，重点做好市场开拓、成本控制与人才梯队建设等工作。报告期内，公司实现营业收入12.6亿元，同比增长-1.8%，主要得益于主营业务产销规模扩大。公司推进计算机视觉技术在生产线上的应用，实现关键工序自动检测。公司评估公有云与私有云方案，逐步构建统一算力资源池。报告期内，公司实现营业收入12.6亿元，同比增长22.7%，主要得益于主营业务产销规模扩大。,脚本生成演示语料(step0_make_demo_corpus.py)
DEMO059,演示DEMO059股份有限公司,房地产,2021,年度报告,面对市场竞争加剧，公司加大渠道建设力度，经销商数量增加36家，覆盖区域进一步扩大。公司与高校联合开展深度学习算法研究，赋能产品智能设计。下半年公司将围绕年度经营计划，重点做好市场开拓、成本控制与人才梯队建设等工作。受行业周期影响，部分产品价格有所回落，公司及时调整销售策略，库存水平保持在合理范围。公司与高校联合开展深度学习算法研究，赋能产品智能设计。公司建立健全内部控制系统，治理结构规范，三会运作正常。公司持续优化产品结构，高端装备业务占比稳步提升，毛利率较上年下降0.8个百分点。原材料价格波动对成本端形成一定压力，公司通过集中采购和套期保值部分对冲了成本上行风险。公司本期新增专利授权11项，累计有效专利120项，技术储备进一步夯实。公司采购云服务替代传统服务器部署，系统上线周期大幅缩短。报告期内，公司实现营业收入12.6亿元，同比增长5.6%，主要得益于主营业务产销规模扩大。公司试点数字人民币结算场景，丰富收款渠道。公司持续优化产品结构，电子元器件业务占比稳步提升，毛利率较上年上升1.2个百分点。报告期内公司无重大诉讼仲裁事项，各项经营活动正常开展。受行业周期影响，部分产品价格有所回落，公司及时调整销售策略，库存水平保持在合理范围。公司持续加大研发投入，研发费用占营业收入比例为2.6%，围绕食品饮料开展技术攻关。,脚本生成演示语料(step0_make_demo_corpus.py)
DEMO059,演示DEMO059股份有限公司,房地产,2022,年度报告,公司应用数字孪生技术对重点产线进行虚拟建模与仿真优化。报告期内，公司实现营业收入8.9亿元，同比增长22.7%，主要得益于主营业务产销规模扩大。报告期内公司无重大诉讼仲裁事项，各项经营活动正常开展。原材料价格波动对成本端形成一定压力，公司通过集中采购和套期保值部分对冲了成本上行风险。公司评估公有云与私有云方案，逐步构建统一算力资源池。公司引入人工智能技术优化{prod}质检环节，缺陷识别准确率显著提升。公司上线智能排产系统，通过智能算法优化生产计划排程。本年度公司人力成本略有上升，管理费用率保持稳定，费用管控成效显现。公司持续加大研发投入，研发费用占营业收入比例为4.4%，围绕高端装备开展技术攻关。公司高度重视安全生产与环境保护，报告期内未发生重大安全事故。公司成立数据中台团队，推动业务数据化、数据业务化。公司持续优化产品结构，建材业务占比稳步提升，毛利率较上年下降0.8个百分点。公司核心业务系统迁移上云，采用混合云架构降低IT运维成本。公司继续推进产能建设，电子元器件项目一期已投产，预计达产后年新增产能20万吨。公司本期新增专利授权8项，累计有效专利85项，技术储备进一步夯实。公司研究基于分布式账本的对账机制，降低交易核对成本。公司引入人工智能技术优化{prod}质检环节，缺陷识别准确率显著提升。,脚本生成演示语料(step0_make_demo_corpus.py)
DEMO059,演示DEMO059股份有限公司,房地产,2023,年度报告,报告期内人民币汇率波动加大，公司通过远期结售汇业务降低了汇兑损失。公司现金流状况良好，经营活动现金流量净额为3.2亿元，资产负债结构稳健。公司建设智能客服系统，应用自然语言处理技术实现工单自动分类。原材料价格波动对成本端形成一定压力，公司通过集中采购和套期保值部分对冲了成本上行风险。公司建立健全内部控制系统，治理结构规范，三会运作正常。公司积极拓展海外市场，出口业务收入同比增长30.5%，国际化布局初见成效。本年度公司人力成本略有上升，管理费用率保持稳定，费用管控成效显现。公司本期新增专利授权3项，累计有效专利210项，技术储备进一步夯实。公司积极拓展海外市场，出口业务收入同比增长18.9%，国际化布局初见成效。报告期内公司无重大诉讼仲裁事项，各项经营活动正常开展。报告期内，公司实现营业收入45.2亿元，同比增长-1.8%，主要得益于主营业务产销规模扩大。面对市场竞争加剧，公司加大渠道建设力度，经销商数量增加45家，覆盖区域进一步扩大。公司成立数据中台团队，推动业务数据化、数据业务化。公司现金流状况良好，经营活动现金流量净额为1.5亿元，资产负债结构稳健。,脚本生成演示语料(step0_make_demo_corpus.py)
DEMO059,演示DEMO059股份有限公司,房地产,2024,年度报告,面对市场竞争加剧，公司加大渠道建设力度，经销商数量增加45家，覆盖区域进一步扩大。公司引入边缘计算设备，实现车间数据的就地处理与实时回传。下半年公司将围绕年度经营计划，重点做好市场开拓、成本控制与人才梯队建设等工作。下半年公司将围绕年度经营计划，重点做好市场开拓、成本控制与人才梯队建设等工作。公司本期新增专利授权8项，累计有效专利85项，技术储备进一步夯实。公司采购云服务替代传统服务器部署，系统上线周期大幅缩短。公司高度重视安全生产与环境保护，报告期内未发生重大安全事故。公司成立数据中台团队，推动业务数据化、数据业务化。公司建设智能客服系统，应用自然语言处理技术实现工单自动分类。报告期内，公司实现营业收入8.9亿元，同比增长5.6%，主要得益于主营业务产销规模扩大。公司持续加大研发投入，研发费用占营业收入比例为4.4%，围绕电子元器件开展技术攻关。公司主要客户为行业龙头企业，合作关系稳定，应收账款回款情况良好。公司与高校联合开展深度学习算法研究，赋能产品智能设计。报告期内，公司实现营业收入45.2亿元，同比增长15.2%，主要得益于主营业务产销规模扩大。,脚本生成演示语料(step0_make_demo_corpus.py)
DEMO060,演示DEMO060股份有限公司,农林牧渔,2020,年度报告,报告期内，公司实现营业收入63.7亿元，同比增长22.7%，主要得益于主营业务产销规模扩大。公司本期新增专利授权8项，累计有效专利38项，技术储备进一步夯实。报告期内，公司实现营业收入12.6亿元，同比增长-3.1%，主要得益于主营业务产销规模扩大。公司本期新增专利授权22项，累计有效专利38项，技术储备进一步夯实。公司高度重视安全生产与环境保护，报告期内未发生重大安全事故。报告期内公司客户结构进一步优化，前五大客户收入占比为41.8%，客户集中度处于合理区间。报告期内公司无重大诉讼仲裁事项，各项经营活动正常开展。公司现金流状况良好，经营活动现金流量净额为1.5亿元，资产负债结构稳健。报告期内公司无重大诉讼仲裁事项，各项经营活动正常开展。公司参与行业区块链联盟，推动供应链单证电子化与可信流转。,脚本生成演示语料(step0_make_demo_corpus.py)
DEMO060,演示DEMO060股份有限公司,农林牧渔,2021,年度报告,公司构建智慧物流体系，仓储分拣自动化水平显著提高。公司本期新增专利授权3项，累计有效专利38项，技术储备进一步夯实。公司积极拓展海外市场，出口业务收入同比增长18.9%，国际化布局初见成效。报告期内，公司获得高新技术企业资质认定，享受相应税收优惠政策。公司研究基于分布式账本的对账机制，降低交易核对成本。公司现金流状况良好，经营活动现金流量净额为1.5亿元，资产负债结构稳健。面对市场竞争加剧，公司加大渠道建设力度，经销商数量增加120家，覆盖区域进一步扩大。报告期内公司客户结构进一步优化，前五大客户收入占比为36.9%，客户集中度处于合理区间。公司深耕西南市场，区域市场份额稳中有升，品牌影响力持续增强。公司持续加大研发投入，研发费用占营业收入比例为2.6%，围绕精细化工产品开展技术攻关。报告期内人民币汇率波动加大，公司通过远期结售汇业务降低了汇兑损失。,脚本生成演示语料(step0_make_demo_corpus.py)
DEMO060,演示DEMO060股份有限公司,农林牧渔,2022,年度报告,公司制定数字化转型规划，成立数字化管理委员会统筹推进。公司继续推进产能建设，建材项目一期已投产，预计达产后年新增产能12万吨。公司建设智能客服系统，应用自然语言处理技术实现工单自动分类。公司建立健全内部控制系统，治理结构规范，三会运作正常。公司持续加大研发投入，研发费用占营业收入比例为2.6%，围绕高端装备开展技术攻关。公司本期新增专利授权15项，累计有效专利56项，技术储备进一步夯实。受行业周期影响，部分产品价格有所回落，公司及时调整销售策略，库存水平保持在合理范围。受行业周期影响，部分产品价格有所回落，公司及时调整销售策略，库存水平保持在合理范围。公司高度重视安全生产与环境保护，报告期内未发生重大安全事故。下半年公司将围绕年度经营计划，重点做好市场开拓、成本控制与人才梯队建设等工作。报告期内公司无重大诉讼仲裁事项，各项经营活动正常开展。公司持续优化产品结构，纺织服装业务占比稳步提升，毛利率较上年上升1.2个百分点。公司研究基于分布式账本的对账机制，降低交易核对成本。,脚本生成演示语料(step0_make_demo_corpus.py)
DEMO060,演示DEMO060股份有限公司,农林牧渔,2023,年度报告,公司探索区块链技术在产品溯源中的应用，实现全流程信息上链。公司现金流状况良好，经营活动现金流量净额为1.5亿元，资产负债结构稳健。公司高度重视安全生产与环境保护，报告期内未发生重大安全事故。公司积极拓展海外市场，出口业务收入同比增长18.9%，国际化布局初见成效。公司评估公有云与私有云方案，逐步构建统一算力资源池。下半年公司将围绕年度经营计划，重点做好市场开拓、成本控制与人才梯队建设等工作。公司建立健全内部控制系统，治理结构规范，三会运作正常。公司高度重视安全生产与环境保护，报告期内未发生重大安全事故。公司探索区块链技术在产品溯源中的应用，实现全流程信息上链。下半年公司将围绕年度经营计划，重点做好市场开拓、成本控制与人才梯队建设等工作。公司试点数字人民币结算场景，丰富收款渠道。公司深耕西南市场，区域市场份额稳中有升，品牌影响力持续增强。公司建设工业互联网平台，实现设备联网与远程运维。公司高度重视安全生产与环境保护，报告期内未发生重大安全事故。公司本期新增专利授权11项，累计有效专利85项，技术储备进一步夯实。公司运用数据挖掘技术分析客户行为，实现精准营销。,脚本生成演示语料(step0_make_demo_corpus.py)
DEMO060,演示DEMO060股份有限公司,农林牧渔,2024,年度报告,公司本期新增专利授权15项，累计有效专利56项，技术储备进一步夯实。公司探索区块链技术在产品溯源中的应用，实现全流程信息上链。公司建立健全内部控制系统，治理结构规范，三会运作正常。公司持续加大研发投入，研发费用占营业收入比例为2.6%，围绕建材开展技术攻关。公司持续优化产品结构，建材业务占比稳步提升，毛利率较上年下降0.8个百分点。公司研究基于分布式账本的对账机制，降低交易核对成本。原材料价格波动对成本端形成一定压力，公司通过集中采购和套期保值部分对冲了成本上行风险。公司持续加大研发投入，研发费用占营业收入比例为3.2%，围绕高端装备开展技术攻关。公司本期新增专利授权22项，累计有效专利85项，技术储备进一步夯实。公司建立健全内部控制系统，治理结构规范，三会运作正常。公司现金流状况良好，经营活动现金流量净额为12.4亿元，资产负债结构稳健。公司高度重视安全生产与环境保护，报告期内未发生重大安全事故。公司深耕华北市场，区域市场份额稳中有升，品牌影响力持续增强。,脚本生成演示语料(step0_make_demo_corpus.py)
