stock_code,firm_name,industry,year,report_type,mda_text,source_note,clean_text,tokens,n_tokens
DEMO001,演示DEMO001股份有限公司,信息技术,2020,年度报告,公司建设大数据平台，整合生产、销售与供应链数据，支撑经营决策。公司采购云服务替代传统服务器部署，系统上线周期大幅缩短。受行业周期影响，部分产品价格有所回落，公司及时调整销售策略，库存水平保持在合理范围。公司积极拓展海外市场，出口业务收入同比增长9.4%，国际化布局初见成效。公司构建经营分析数据仓库，管理层可实时查看核心经营指标。公司采购云服务替代传统服务器部署，系统上线周期大幅缩短。公司开展数据治理体系建设，统一主数据标准，提升数据资产质量。公司数据中心一期建成投用，具备 PB 级数据存储与计算能力。公司评估公有云与私有云方案，逐步构建统一算力资源池。公司核心业务系统迁移上云，采用混合云架构降低IT运维成本。公司利用智能合约技术自动执行供应商结算条款。公司积极拓展海外市场，出口业务收入同比增长18.9%，国际化布局初见成效。报告期内公司客户结构进一步优化，前五大客户收入占比为32.5%，客户集中度处于合理区间。公司主要客户为行业龙头企业，合作关系稳定，应收账款回款情况良好。面对市场竞争加剧，公司加大渠道建设力度，经销商数量增加45家，覆盖区域进一步扩大。公司核心业务系统迁移上云，采用混合云架构降低IT运维成本。公司开展数据治理体系建设，统一主数据标准，提升数据资产质量。公司与高校联合开展深度学习算法研究，赋能产品智能设计。公司推进经营管理信息化，上线新一代ERP系统实现业财一体。公司本期新增专利授权11项，累计有效专利120项，技术储备进一步夯实。报告期内，公司实现营业收入19.3亿元，同比增长-3.1%，主要得益于主营业务产销规模扩大。公司引入边缘计算设备，实现车间数据的就地处理与实时回传。,脚本生成演示语料(step0_make_demo_corpus.py),公司建设大数据平台，整合生产、销售与供应链数据，支撑经营决策。公司采购云服务替代传统服务器部署，系统上线周期大幅缩短。受行业周期影响，部分产品价格有所回落，公司及时调整销售策略，库存水平保持在合理范围。公司积极拓展海外市场，出口业务收入同比增长9.4%，国际化布局初见成效。公司构建经营分析数据仓库，管理层可实时查看核心经营指标。公司采购云服务替代传统服务器部署，系统上线周期大幅缩短。公司开展数据治理体系建设，统一主数据标准，提升数据资产质量。公司数据中心一期建成投用，具备 PB 级数据存储与计算能力。公司评估公有云与私有云方案，逐步构建统一算力资源池。公司核心业务系统迁移上云，采用混合云架构降低IT运维成本。公司利用智能合约技术自动执行供应商结算条款。公司积极拓展海外市场，出口业务收入同比增长18.9%，国际化布局初见成效。报告期内公司客户结构进一步优化，前五大客户收入占比为32.5%，客户集中度处于合理区间。公司主要客户为行业龙头企业，合作关系稳定，应收账款回款情况良好。面对市场竞争加剧，公司加大渠道建设力度，经销商数量增加45家，覆盖区域进一步扩大。公司核心业务系统迁移上云，采用混合云架构降低IT运维成本。公司开展数据治理体系建设，统一主数据标准，提升数据资产质量。公司与高校联合开展深度学习算法研究，赋能产品智能设计。公司推进经营管理信息化，上线新一代ERP系统实现业财一体。公司本期新增专利授权11项，累计有效专利120项，技术储备进一步夯实。报告期内，公司实现营业收入19.3亿元，同比增长-3.1%，主要得益于主营业务产销规模扩大。公司引入边缘计算设备，实现车间数据的就地处理与实时回传。,建设 大数据 平台 整合 生产 销售 供应链 数据 支撑 经营 决策 采购 服务 替代 传统 服务器 部署 系统 上线 周期 大幅 缩短 行业 周期 影响 产品价格 有所 回落 及时 调整 销售策略 库存 水平 合理 范围 拓展 海外 市场 出口 业务收入 国际化 布局 初见成效 构建 经营 分析 数据仓库 管理层 实时 查看 核心 经营 指标 采购 服务 替代 传统 服务器 部署 系统 上线 周期 大幅 缩短 数据 治理 体系 建设 统一 数据 标准 数据 资产 质量 数据中心 一期 建成 投用 具备 PB 数据 存储 计算能力 评估 公有 私有 方案 逐步 构建 统一 算力 资源 核心 业务 系统 迁移 上云 采用 混合 架构 降低 IT 运维 成本 利用 智能合约 技术 自动 供应商 结算 条款 拓展 海外 市场 出口 业务收入 国际化 布局 初见成效 客户 结构 优化 五大 客户 收入 客户 集中度 处于 合理 区间 客户 行业龙头 企业 合作 关系 应收 账款 回款 面对 市场竞争 加剧 加大 渠道 建设 力度 经销商 数量 覆盖 区域 扩大 核心 业务 系统 迁移 上云 采用 混合 架构 降低 IT 运维 成本 数据 治理 体系 建设 统一 数据 标准 数据 资产 质量 高校 联合 深度学习 算法 研究 赋能 产品 智能 设计 经营 管理 信息化 上线 新一代 ERP 系统 业财一体 本期 新增 专利 授权 专利 技术储备 夯实 营业 收入 得益于 主营业务 产销 规模 扩大 引入 边缘计算 设备 车间 数据 处理 实时 回传,211
DEMO001,演示DEMO001股份有限公司,信息技术,2021,年度报告,公司主要客户为行业龙头企业，合作关系稳定，应收账款回款情况良好。公司发展电子商务业务，线上渠道收入占比持续提升。公司探索区块链技术在产品溯源中的应用，实现全流程信息上链。公司现金流状况良好，经营活动现金流量净额为8.7亿元，资产负债结构稳健。公司上线智能排产系统，通过智能算法优化生产计划排程。公司参与行业区块链联盟，推动供应链单证电子化与可信流转。公司探索区块链技术在产品溯源中的应用，实现全流程信息上链。公司建设大数据平台，整合生产、销售与供应链数据，支撑经营决策。公司推进智能制造升级，数字化车间已通过省级认定。公司现金流状况良好，经营活动现金流量净额为5.8亿元，资产负债结构稳健。报告期内公司无重大诉讼仲裁事项，各项经营活动正常开展。公司持续加大研发投入，研发费用占营业收入比例为2.6%，围绕高端装备开展技术攻关。公司利用智能合约技术自动执行供应商结算条款。公司引入人工智能技术优化{prod}质检环节，缺陷识别准确率显著提升。公司与高校联合开展深度学习算法研究，赋能产品智能设计。公司运用数据挖掘技术分析客户行为，实现精准营销。报告期内公司无重大诉讼仲裁事项，各项经营活动正常开展。面对市场竞争加剧，公司加大渠道建设力度，经销商数量增加45家，覆盖区域进一步扩大。公司参与行业区块链联盟，推动供应链单证电子化与可信流转。公司高度重视安全生产与环境保护，报告期内未发生重大安全事故。公司利用智能合约技术自动执行供应商结算条款。面对市场竞争加剧，公司加大渠道建设力度，经销商数量增加88家，覆盖区域进一步扩大。公司与高校联合开展深度学习算法研究，赋能产品智能设计。,脚本生成演示语料(step0_make_demo_corpus.py),公司主要客户为行业龙头企业，合作关系稳定，应收账款回款情况良好。公司发展电子商务业务，线上渠道收入占比持续提升。公司探索区块链技术在产品溯源中的应用，实现全流程信息上链。公司现金流状况良好，经营活动现金流量净额为8.7亿元，资产负债结构稳健。公司上线智能排产系统，通过智能算法优化生产计划排程。公司参与行业区块链联盟，推动供应链单证电子化与可信流转。公司探索区块链技术在产品溯源中的应用，实现全流程信息上链。公司建设大数据平台，整合生产、销售与供应链数据，支撑经营决策。公司推进智能制造升级，数字化车间已通过省级认定。公司现金流状况良好，经营活动现金流量净额为5.8亿元，资产负债结构稳健。报告期内公司无重大诉讼仲裁事项，各项经营活动正常开展。公司持续加大研发投入，研发费用占营业收入比例为2.6%，围绕高端装备开展技术攻关。公司利用智能合约技术自动执行供应商结算条款。公司引入人工智能技术优化{prod}质检环节，缺陷识别准确率显著提升。公司与高校联合开展深度学习算法研究，赋能产品智能设计。公司运用数据挖掘技术分析客户行为，实现精准营销。报告期内公司无重大诉讼仲裁事项，各项经营活动正常开展。面对市场竞争加剧，公司加大渠道建设力度，经销商数量增加45家，覆盖区域进一步扩大。公司参与行业区块链联盟，推动供应链单证电子化与可信流转。公司高度重视安全生产与环境保护，报告期内未发生重大安全事故。公司利用智能合约技术自动执行供应商结算条款。面对市场竞争加剧，公司加大渠道建设力度，经销商数量增加88家，覆盖区域进一步扩大。公司与高校联合开展深度学习算法研究，赋能产品智能设计。,客户 行业龙头 企业 合作 关系 应收 账款 回款 发展 电子商务 业务 线上 渠道 收入 持续 探索 区块链 技术 产品 溯源 应用 流程 信息 现金流 状况良好 经营 活动 现金流量 净额 资产负债 结构 稳健 上线 智能 排产 系统 智能算法 优化 生产 排程 参与 行业 区块链 联盟 供应链 单证 电子化 可信 流转 探索 区块链 技术 产品 溯源 应用 流程 信息 建设 大数据 平台 整合 生产 销售 供应链 数据 支撑 经营 决策 智能制造 升级 数字化 车间 省级 认定 现金流 状况良好 经营 活动 现金流量 净额 资产负债 结构 稳健 重大 诉讼 仲裁 事项 经营 活动 持续 加大 研发 投入 研发 费用 营业 收入 比例 高端 装备 技术 攻关 利用 智能合约 技术 自动 供应商 结算 条款 引入 人工智能 技术 优化 prod 质检 环节 缺陷 识别 准确率 高校 联合 深度学习 算法 研究 赋能 产品 智能 设计 运用 数据挖掘 技术 分析 客户 行为 精准 营销 重大 诉讼 仲裁 事项 经营 活动 面对 市场竞争 加剧 加大 渠道 建设 力度 经销商 数量 覆盖 区域 扩大 参与 行业 区块链 联盟 供应链 单证 电子化 可信 流转 高度重视 安全 生产 环境保护 发生 重大 安全事故 利用 智能合约 技术 自动 供应商 结算 条款 面对 市场竞争 加剧 加大 渠道 建设 力度 经销商 数量 覆盖 区域 扩大 高校 联合 深度学习 算法 研究 赋能 产品 智能 设计,198
DEMO001,演示DEMO001股份有限公司,信息技术,2022,年度报告,公司持续优化产品结构，电子元器件业务占比稳步提升，毛利率较上年持平个百分点。公司利用智能合约技术自动执行供应商结算条款。公司参与行业区块链联盟，推动供应链单证电子化与可信流转。公司现金流状况良好，经营活动现金流量净额为8.7亿元，资产负债结构稳健。公司与高校联合开展深度学习算法研究，赋能产品智能设计。公司推进经营管理信息化，上线新一代ERP系统实现业财一体。公司建设智能客服系统，应用自然语言处理技术实现工单自动分类。公司主要客户为行业龙头企业，合作关系稳定，应收账款回款情况良好。下半年公司将围绕年度经营计划，重点做好市场开拓、成本控制与人才梯队建设等工作。面对市场竞争加剧，公司加大渠道建设力度，经销商数量增加88家，覆盖区域进一步扩大。公司运用数据挖掘技术分析客户行为，实现精准营销。公司推进经营管理信息化，上线新一代ERP系统实现业财一体。公司发展电子商务业务，线上渠道收入占比持续提升。公司研究基于分布式账本的对账机制，降低交易核对成本。面对市场竞争加剧，公司加大渠道建设力度，经销商数量增加210家，覆盖区域进一步扩大。原材料价格波动对成本端形成一定压力，公司通过集中采购和套期保值部分对冲了成本上行风险。公司深耕西南市场，区域市场份额稳中有升，品牌影响力持续增强。报告期内公司无重大诉讼仲裁事项，各项经营活动正常开展。公司推进计算机视觉技术在生产线上的应用，实现关键工序自动检测。公司成立数据中台团队，推动业务数据化、数据业务化。公司深耕西南市场，区域市场份额稳中有升，品牌影响力持续增强。公司利用智能合约技术自动执行供应商结算条款。公司利用智能合约技术自动执行供应商结算条款。公司上线智能排产系统，通过智能算法优化生产计划排程。公司持续优化产品结构，纺织服装业务占比稳步提升，毛利率较上年下降1.5个百分点。公司引入边缘计算设备，实现车间数据的就地处理与实时回传。公司引入边缘计算设备，实现车间数据的就地处理与实时回传。公司采购云服务替代传统服务器部署，系统上线周期大幅缩短。公司试点数字人民币结算场景，丰富收款渠道。公司建设智能客服系统，应用自然语言处理技术实现工单自动分类。,脚本生成演示语料(step0_make_demo_corpus.py),公司持续优化产品结构，电子元器件业务占比稳步提升，毛利率较上年持平个百分点。公司利用智能合约技术自动执行供应商结算条款。公司参与行业区块链联盟，推动供应链单证电子化与可信流转。公司现金流状况良好，经营活动现金流量净额为8.7亿元，资产负债结构稳健。公司与高校联合开展深度学习算法研究，赋能产品智能设计。公司推进经营管理信息化，上线新一代ERP系统实现业财一体。公司建设智能客服系统，应用自然语言处理技术实现工单自动分类。公司主要客户为行业龙头企业，合作关系稳定，应收账款回款情况良好。下半年公司将围绕年度经营计划，重点做好市场开拓、成本控制与人才梯队建设等工作。面对市场竞争加剧，公司加大渠道建设力度，经销商数量增加88家，覆盖区域进一步扩大。公司运用数据挖掘技术分析客户行为，实现精准营销。公司推进经营管理信息化，上线新一代ERP系统实现业财一体。公司发展电子商务业务，线上渠道收入占比持续提升。公司研究基于分布式账本的对账机制，降低交易核对成本。面对市场竞争加剧，公司加大渠道建设力度，经销商数量增加210家，覆盖区域进一步扩大。原材料价格波动对成本端形成一定压力，公司通过集中采购和套期保值部分对冲了成本上行风险。公司深耕西南市场，区域市场份额稳中有升，品牌影响力持续增强。报告期内公司无重大诉讼仲裁事项，各项经营活动正常开展。公司推进计算机视觉技术在生产线上的应用，实现关键工序自动检测。公司成立数据中台团队，推动业务数据化、数据业务化。公司深耕西南市场，区域市场份额稳中有升，品牌影响力持续增强。公司利用智能合约技术自动执行供应商结算条款。公司利用智能合约技术自动执行供应商结算条款。公司上线智能排产系统，通过智能算法优化生产计划排程。公司持续优化产品结构，纺织服装业务占比稳步提升，毛利率较上年下降1.5个百分点。公司引入边缘计算设备，实现车间数据的就地处理与实时回传。公司引入边缘计算设备，实现车间数据的就地处理与实时回传。公司采购云服务替代传统服务器部署，系统上线周期大幅缩短。公司试点数字人民币结算场景，丰富收款渠道。公司建设智能客服系统，应用自然语言处理技术实现工单自动分类。,持续 优化 产品 结构 电子 元器件 业务 毛利率 持平 百分点 利用 智能合约 技术 自动 供应商 结算 条款 参与 行业 区块链 联盟 供应链 单证 电子化 可信 流转 现金流 状况良好 经营 活动 现金流量 净额 资产负债 结构 稳健 高校 联合 深度学习 算法 研究 赋能 产品 智能 设计 经营 管理 信息化 上线 新一代 ERP 系统 业财一体 建设 智能 客服 系统 应用 自然语言处理 技术 工单 自动 分类 客户 行业龙头 企业 合作 关系 应收 账款 回款 下半年 年度 经营 做好 市场 开拓 成本 控制 人才 梯队 建设 面对 市场竞争 加剧 加大 渠道 建设 力度 经销商 数量 覆盖 区域 扩大 运用 数据挖掘 技术 分析 客户 行为 精准 营销 经营 管理 信息化 上线 新一代 ERP 系统 业财一体 发展 电子商务 业务 线上 渠道 收入 持续 研究 基于 分布式账本 对账 机制 降低 交易 核对 成本 面对 市场竞争 加剧 加大 渠道 建设 力度 经销商 数量 覆盖 区域 扩大 原材料 价格 波动 成本 形成 一定 压力 集中 采购 套期 保值 对冲 成本 上行 风险 深耕 西南 市场 区域 市场份额 稳中有升 品牌 影响力 持续 增强 重大 诉讼 仲裁 事项 经营 活动 计算机视觉 技术 生产线 应用 关键 工序 自动检测 成立 数据中台 团队 业务 数据 数据业务 深耕 西南 市场 区域 市场份额 稳中有升 品牌 影响力 持续 增强 利用 智能合约 技术 自动 供应商 结算 条款 利用 智能合约 技术 自动 供应商 结算 条款 上线 智能 排产 系统 智能算法 优化 生产 排程 持续 优化 产品 结构 纺织 服装 业务 毛利率 百分点 引入 边缘计算 设备 车间 数据 处理 实时 回传 引入 边缘计算 设备 车间 数据 处理 实时 回传 采购 服务 替代 传统 服务器 部署 系统 上线 周期 大幅 缩短 试点 数字人民币 结算 场景 丰富 收款 渠道 建设 智能 客服 系统 应用 自然语言处理 技术 工单 自动 分类,266
DEMO001,演示DEMO001股份有限公司,信息技术,2023,年度报告,公司采购云服务替代传统服务器部署，系统上线周期大幅缩短。公司构建经营分析数据仓库，管理层可实时查看核心经营指标。公司制定数字化转型规划，成立数字化管理委员会统筹推进。公司本期新增专利授权3项，累计有效专利120项，技术储备进一步夯实。公司探索区块链技术在产品溯源中的应用，实现全流程信息上链。报告期内公司无重大诉讼仲裁事项，各项经营活动正常开展。公司采购云服务替代传统服务器部署，系统上线周期大幅缩短。公司运用数据挖掘技术分析客户行为，实现精准营销。公司引入边缘计算设备，实现车间数据的就地处理与实时回传。公司主要客户为行业龙头企业，合作关系稳定，应收账款回款情况良好。公司核心业务系统迁移上云，采用混合云架构降低IT运维成本。公司持续加大研发投入，研发费用占营业收入比例为2.6%，围绕精细化工产品开展技术攻关。公司研究基于分布式账本的对账机制，降低交易核对成本。公司上线智能排产系统，通过智能算法优化生产计划排程。公司继续推进产能建设，建材项目一期已投产，预计达产后年新增产能5万吨。公司深耕华南市场，区域市场份额稳中有升，品牌影响力持续增强。公司构建智慧物流体系，仓储分拣自动化水平显著提高。公司持续优化产品结构，纺织服装业务占比稳步提升，毛利率较上年上升1.2个百分点。公司评估公有云与私有云方案，逐步构建统一算力资源池。公司应用数字孪生技术对重点产线进行虚拟建模与仿真优化。公司部署机器学习算法对销售数据进行需求预测，库存周转效率明显改善。公司应用数字孪生技术对重点产线进行虚拟建模与仿真优化。公司上线智能排产系统，通过智能算法优化生产计划排程。公司利用智能合约技术自动执行供应商结算条款。公司继续推进产能建设，食品饮料项目一期已投产，预计达产后年新增产能20万吨。公司建设智能客服系统，应用自然语言处理技术实现工单自动分类。公司引入人工智能技术优化{prod}质检环节，缺陷识别准确率显著提升。公司本期新增专利授权8项，累计有效专利56项，技术储备进一步夯实。报告期内，公司实现营业收入63.7亿元，同比增长15.2%，主要得益于主营业务产销规模扩大。公司引入边缘计算设备，实现车间数据的就地处理与实时回传。公司建设大数据平台，整合生产、销售与供应链数据，支撑经营决策。公司深耕华东市场，区域市场份额稳中有升，品牌影响力持续增强。,脚本生成演示语料(step0_make_demo_corpus.py),公司采购云服务替代传统服务器部署，系统上线周期大幅缩短。公司构建经营分析数据仓库，管理层可实时查看核心经营指标。公司制定数字化转型规划，成立数字化管理委员会统筹推进。公司本期新增专利授权3项，累计有效专利120项，技术储备进一步夯实。公司探索区块链技术在产品溯源中的应用，实现全流程信息上链。报告期内公司无重大诉讼仲裁事项，各项经营活动正常开展。公司采购云服务替代传统服务器部署，系统上线周期大幅缩短。公司运用数据挖掘技术分析客户行为，实现精准营销。公司引入边缘计算设备，实现车间数据的就地处理与实时回传。公司主要客户为行业龙头企业，合作关系稳定，应收账款回款情况良好。公司核心业务系统迁移上云，采用混合云架构降低IT运维成本。公司持续加大研发投入，研发费用占营业收入比例为2.6%，围绕精细化工产品开展技术攻关。公司研究基于分布式账本的对账机制，降低交易核对成本。公司上线智能排产系统，通过智能算法优化生产计划排程。公司继续推进产能建设，建材项目一期已投产，预计达产后年新增产能5万吨。公司深耕华南市场，区域市场份额稳中有升，品牌影响力持续增强。公司构建智慧物流体系，仓储分拣自动化水平显著提高。公司持续优化产品结构，纺织服装业务占比稳步提升，毛利率较上年上升1.2个百分点。公司评估公有云与私有云方案，逐步构建统一算力资源池。公司应用数字孪生技术对重点产线进行虚拟建模与仿真优化。公司部署机器学习算法对销售数据进行需求预测，库存周转效率明显改善。公司应用数字孪生技术对重点产线进行虚拟建模与仿真优化。公司上线智能排产系统，通过智能算法优化生产计划排程。公司利用智能合约技术自动执行供应商结算条款。公司继续推进产能建设，食品饮料项目一期已投产，预计达产后年新增产能20万吨。公司建设智能客服系统，应用自然语言处理技术实现工单自动分类。公司引入人工智能技术优化{prod}质检环节，缺陷识别准确率显著提升。公司本期新增专利授权8项，累计有效专利56项，技术储备进一步夯实。报告期内，公司实现营业收入63.7亿元，同比增长15.2%，主要得益于主营业务产销规模扩大。公司引入边缘计算设备，实现车间数据的就地处理与实时回传。公司建设大数据平台，整合生产、销售与供应链数据，支撑经营决策。公司深耕华东市场，区域市场份额稳中有升，品牌影响力持续增强。,采购 服务 替代 传统 服务器 部署 系统 上线 周期 大幅 缩短 构建 经营 分析 数据仓库 管理层 实时 查看 核心 经营 指标 制定 数字化转型 规划 成立 数字化 管理 委员会 统筹 本期 新增 专利 授权 专利 技术储备 夯实 探索 区块链 技术 产品 溯源 应用 流程 信息 重大 诉讼 仲裁 事项 经营 活动 采购 服务 替代 传统 服务器 部署 系统 上线 周期 大幅 缩短 运用 数据挖掘 技术 分析 客户 行为 精准 营销 引入 边缘计算 设备 车间 数据 处理 实时 回传 客户 行业龙头 企业 合作 关系 应收 账款 回款 核心 业务 系统 迁移 上云 采用 混合 架构 降低 IT 运维 成本 持续 加大 研发 投入 研发 费用 营业 收入 比例 精细化工 产品 技术 攻关 研究 基于 分布式账本 对账 机制 降低 交易 核对 成本 上线 智能 排产 系统 智能算法 优化 生产 排程 产能 建设 建材 项目 一期 投产 预计 达产 新增 产能 万吨 深耕 华南 市场 区域 市场份额 稳中有升 品牌 影响力 持续 增强 构建 智慧物流 体系 仓储 分拣 自动化 水平 持续 优化 产品 结构 纺织 服装 业务 毛利率 百分点 评估 公有 私有 方案 逐步 构建 统一 算力 资源 应用 数字孪生 技术 产线 虚拟 建模 仿真 优化 部署 机器学习 算法 销售 数据 需求预测 库存 周转 效率 明显改善 应用 数字孪生 技术 产线 虚拟 建模 仿真 优化 上线 智能 排产 系统 智能算法 优化 生产 排程 利用 智能合约 技术 自动 供应商 结算 条款 产能 建设 食品饮料 项目 一期 投产 预计 达产 新增 产能 万吨 建设 智能 客服 系统 应用 自然语言处理 技术 工单 自动 分类 引入 人工智能 技术 优化 prod 质检 环节 缺陷 识别 准确率 本期 新增 专利 授权 专利 技术储备 夯实 营业 收入 得益于 主营业务 产销 规模 扩大 引入 边缘计算 设备 车间 数据 处理 实时 回传 建设 大数据 平台 整合 生产 销售 供应链 数据 支撑 经营 决策 深耕 华东 市场 区域 市场份额 稳中有升 品牌 影响力 持续 增强,288
DEMO001,演示DEMO001股份有限公司,信息技术,2024,年度报告,公司探索区块链技术在产品溯源中的应用，实现全流程信息上链。公司建设智能客服系统，应用自然语言处理技术实现工单自动分类。公司建设大数据平台，整合生产、销售与供应链数据，支撑经营决策。公司数据中心一期建成投用，具备 PB 级数据存储与计算能力。报告期内公司无重大诉讼仲裁事项，各项经营活动正常开展。公司建立健全内部控制系统，治理结构规范，三会运作正常。公司利用智能合约技术自动执行供应商结算条款。公司部署机器学习算法对销售数据进行需求预测，库存周转效率明显改善。报告期内，公司获得高新技术企业资质认定，享受相应税收优惠政策。公司试点数字人民币结算场景，丰富收款渠道。公司积极拓展海外市场，出口业务收入同比增长9.4%，国际化布局初见成效。公司开展数据治理体系建设，统一主数据标准，提升数据资产质量。公司研究基于分布式账本的对账机制，降低交易核对成本。公司构建经营分析数据仓库，管理层可实时查看核心经营指标。公司核心业务系统迁移上云，采用混合云架构降低IT运维成本。公司推进经营管理信息化，上线新一代ERP系统实现业财一体。公司继续推进产能建设，纺织服装项目一期已投产，预计达产后年新增产能3万吨。公司利用智能合约技术自动执行供应商结算条款。公司采购云服务替代传统服务器部署，系统上线周期大幅缩短。公司基于云平台搭建协同办公体系，跨区域协作效率提升。公司开展数据治理体系建设，统一主数据标准，提升数据资产质量。公司采购云服务替代传统服务器部署，系统上线周期大幅缩短。公司继续推进产能建设，电子元器件项目一期已投产，预计达产后年新增产能8万吨。公司构建智慧物流体系，仓储分拣自动化水平显著提高。报告期内人民币汇率波动加大，公司通过远期结售汇业务降低了汇兑损失。本年度公司人力成本略有上升，管理费用率保持稳定，费用管控成效显现。公司成立数据中台团队，推动业务数据化、数据业务化。公司主要客户为行业龙头企业，合作关系稳定，应收账款回款情况良好。公司核心业务系统迁移上云，采用混合云架构降低IT运维成本。公司上线智能排产系统，通过智能算法优化生产计划排程。公司推动业务流程线上化，无纸化办公覆盖全部业务部门。公司建立健全内部控制系统，治理结构规范，三会运作正常。原材料价格波动对成本端形成一定压力，公司通过集中采购和套期保值部分对冲了成本上行风险。公司试点数字人民币结算场景，丰富收款渠道。,脚本生成演示语料(step0_make_demo_corpus.py),公司探索区块链技术在产品溯源中的应用，实现全流程信息上链。公司建设智能客服系统，应用自然语言处理技术实现工单自动分类。公司建设大数据平台，整合生产、销售与供应链数据，支撑经营决策。公司数据中心一期建成投用，具备 PB 级数据存储与计算能力。报告期内公司无重大诉讼仲裁事项，各项经营活动正常开展。公司建立健全内部控制系统，治理结构规范，三会运作正常。公司利用智能合约技术自动执行供应商结算条款。公司部署机器学习算法对销售数据进行需求预测，库存周转效率明显改善。报告期内，公司获得高新技术企业资质认定，享受相应税收优惠政策。公司试点数字人民币结算场景，丰富收款渠道。公司积极拓展海外市场，出口业务收入同比增长9.4%，国际化布局初见成效。公司开展数据治理体系建设，统一主数据标准，提升数据资产质量。公司研究基于分布式账本的对账机制，降低交易核对成本。公司构建经营分析数据仓库，管理层可实时查看核心经营指标。公司核心业务系统迁移上云，采用混合云架构降低IT运维成本。公司推进经营管理信息化，上线新一代ERP系统实现业财一体。公司继续推进产能建设，纺织服装项目一期已投产，预计达产后年新增产能3万吨。公司利用智能合约技术自动执行供应商结算条款。公司采购云服务替代传统服务器部署，系统上线周期大幅缩短。公司基于云平台搭建协同办公体系，跨区域协作效率提升。公司开展数据治理体系建设，统一主数据标准，提升数据资产质量。公司采购云服务替代传统服务器部署，系统上线周期大幅缩短。公司继续推进产能建设，电子元器件项目一期已投产，预计达产后年新增产能8万吨。公司构建智慧物流体系，仓储分拣自动化水平显著提高。报告期内人民币汇率波动加大，公司通过远期结售汇业务降低了汇兑损失。本年度公司人力成本略有上升，管理费用率保持稳定，费用管控成效显现。公司成立数据中台团队，推动业务数据化、数据业务化。公司主要客户为行业龙头企业，合作关系稳定，应收账款回款情况良好。公司核心业务系统迁移上云，采用混合云架构降低IT运维成本。公司上线智能排产系统，通过智能算法优化生产计划排程。公司推动业务流程线上化，无纸化办公覆盖全部业务部门。公司建立健全内部控制系统，治理结构规范，三会运作正常。原材料价格波动对成本端形成一定压力，公司通过集中采购和套期保值部分对冲了成本上行风险。公司试点数字人民币结算场景，丰富收款渠道。,探索 区块链 技术 产品 溯源 应用 流程 信息 建设 智能 客服 系统 应用 自然语言处理 技术 工单 自动 分类 建设 大数据 平台 整合 生产 销售 供应链 数据 支撑 经营 决策 数据中心 一期 建成 投用 具备 PB 数据 存储 计算能力 重大 诉讼 仲裁 事项 经营 活动 建立健全 内部 控制系统 治理 结构 规范 三会 运作 利用 智能合约 技术 自动 供应商 结算 条款 部署 机器学习 算法 销售 数据 需求预测 库存 周转 效率 明显改善 获得 高新技术 企业资质 认定 享受 相应 税收 优惠政策 试点 数字人民币 结算 场景 丰富 收款 渠道 拓展 海外 市场 出口 业务收入 国际化 布局 初见成效 数据 治理 体系 建设 统一 数据 标准 数据 资产 质量 研究 基于 分布式账本 对账 机制 降低 交易 核对 成本 构建 经营 分析 数据仓库 管理层 实时 查看 核心 经营 指标 核心 业务 系统 迁移 上云 采用 混合 架构 降低 IT 运维 成本 经营 管理 信息化 上线 新一代 ERP 系统 业财一体 产能 建设 纺织 服装 项目 一期 投产 预计 达产 新增 产能 万吨 利用 智能合约 技术 自动 供应商 结算 条款 采购 服务 替代 传统 服务器 部署 系统 上线 周期 大幅 缩短 基于 平台 搭建 协同 办公 体系 区域 协作 效率 数据 治理 体系 建设 统一 数据 标准 数据 资产 质量 采购 服务 替代 传统 服务器 部署 系统 上线 周期 大幅 缩短 产能 建设 电子 元器件 项目 一期 投产 预计 达产 新增 产能 万吨 构建 智慧物流 体系 仓储 分拣 自动化 水平 人民币 汇率 波动 加大 远期 结售汇 业务 降低 汇兑 损失 本年度 人力 成本 略有 管理 费用率 保持稳定 费用 管控 成效 显现 成立 数据中台 团队 业务 数据 数据业务 客户 行业龙头 企业 合作 关系 应收 账款 回款 核心 业务 系统 迁移 上云 采用 混合 架构 降低 IT 运维 成本 上线 智能 排产 系统 智能算法 优化 生产 排程 业务流程 上化 无纸化 办公 覆盖 全部 业务部门 建立健全 内部 控制系统 治理 结构 规范 三会 运作 原材料 价格 波动 成本 形成 一定 压力 集中 采购 套期 保值 对冲 成本 上行 风险 试点 数字人民币 结算 场景 丰富 收款 渠道,312
DEMO002,演示DEMO002股份有限公司,制造业,2020,年度报告,公司构建智慧物流体系，仓储分拣自动化水平显著提高。公司建立健全内部控制系统，治理结构规范，三会运作正常。公司建立健全内部控制系统，治理结构规范，三会运作正常。报告期内公司客户结构进一步优化，前五大客户收入占比为55.1%，客户集中度处于合理区间。报告期内，公司实现营业收入63.7亿元，同比增长22.7%，主要得益于主营业务产销规模扩大。公司采购云服务替代传统服务器部署，系统上线周期大幅缩短。公司积极拓展海外市场，出口业务收入同比增长30.5%，国际化布局初见成效。公司现金流状况良好，经营活动现金流量净额为12.4亿元，资产负债结构稳健。公司推进计算机视觉技术在生产线上的应用，实现关键工序自动检测。公司现金流状况良好，经营活动现金流量净额为8.7亿元，资产负债结构稳健。公司持续加大研发投入，研发费用占营业收入比例为2.6%，围绕电子元器件开展技术攻关。公司研究基于分布式账本的对账机制，降低交易核对成本。,脚本生成演示语料(step0_make_demo_corpus.py),公司构建智慧物流体系，仓储分拣自动化水平显著提高。公司建立健全内部控制系统，治理结构规范，三会运作正常。公司建立健全内部控制系统，治理结构规范，三会运作正常。报告期内公司客户结构进一步优化，前五大客户收入占比为55.1%，客户集中度处于合理区间。报告期内，公司实现营业收入63.7亿元，同比增长22.7%，主要得益于主营业务产销规模扩大。公司采购云服务替代传统服务器部署，系统上线周期大幅缩短。公司积极拓展海外市场，出口业务收入同比增长30.5%，国际化布局初见成效。公司现金流状况良好，经营活动现金流量净额为12.4亿元，资产负债结构稳健。公司推进计算机视觉技术在生产线上的应用，实现关键工序自动检测。公司现金流状况良好，经营活动现金流量净额为8.7亿元，资产负债结构稳健。公司持续加大研发投入，研发费用占营业收入比例为2.6%，围绕电子元器件开展技术攻关。公司研究基于分布式账本的对账机制，降低交易核对成本。,构建 智慧物流 体系 仓储 分拣 自动化 水平 建立健全 内部 控制系统 治理 结构 规范 三会 运作 建立健全 内部 控制系统 治理 结构 规范 三会 运作 客户 结构 优化 五大 客户 收入 客户 集中度 处于 合理 区间 营业 收入 得益于 主营业务 产销 规模 扩大 采购 服务 替代 传统 服务器 部署 系统 上线 周期 大幅 缩短 拓展 海外 市场 出口 业务收入 国际化 布局 初见成效 现金流 状况良好 经营 活动 现金流量 净额 资产负债 结构 稳健 计算机视觉 技术 生产线 应用 关键 工序 自动检测 现金流 状况良好 经营 活动 现金流量 净额 资产负债 结构 稳健 持续 加大 研发 投入 研发 费用 营业 收入 比例 电子 元器件 技术 攻关 研究 基于 分布式账本 对账 机制 降低 交易 核对 成本,107
DEMO002,演示DEMO002股份有限公司,制造业,2021,年度报告,公司研究基于分布式账本的对账机制，降低交易核对成本。公司利用智能合约技术自动执行供应商结算条款。公司数据中心一期建成投用，具备 PB 级数据存储与计算能力。报告期内人民币汇率波动加大，公司通过远期结售汇业务降低了汇兑损失。公司构建经营分析数据仓库，管理层可实时查看核心经营指标。公司深耕东北市场，区域市场份额稳中有升，品牌影响力持续增强。公司高度重视安全生产与环境保护，报告期内未发生重大安全事故。公司持续加大研发投入，研发费用占营业收入比例为4.4%，围绕电子元器件开展技术攻关。公司利用智能合约技术自动执行供应商结算条款。公司上线智能排产系统，通过智能算法优化生产计划排程。报告期内，公司获得高新技术企业资质认定，享受相应税收优惠政策。报告期内公司客户结构进一步优化，前五大客户收入占比为41.8%，客户集中度处于合理区间。公司采购云服务替代传统服务器部署，系统上线周期大幅缩短。公司利用智能合约技术自动执行供应商结算条款。报告期内，公司获得高新技术企业资质认定，享受相应税收优惠政策。公司持续加大研发投入，研发费用占营业收入比例为3.2%，围绕电子元器件开展技术攻关。报告期内，公司获得高新技术企业资质认定，享受相应税收优惠政策。公司成立数据中台团队，推动业务数据化、数据业务化。公司上线智能排产系统，通过智能算法优化生产计划排程。公司核心业务系统迁移上云，采用混合云架构降低IT运维成本。公司推进智能制造升级，数字化车间已通过省级认定。,脚本生成演示语料(step0_make_demo_corpus.py),公司研究基于分布式账本的对账机制，降低交易核对成本。公司利用智能合约技术自动执行供应商结算条款。公司数据中心一期建成投用，具备 PB 级数据存储与计算能力。报告期内人民币汇率波动加大，公司通过远期结售汇业务降低了汇兑损失。公司构建经营分析数据仓库，管理层可实时查看核心经营指标。公司深耕东北市场，区域市场份额稳中有升，品牌影响力持续增强。公司高度重视安全生产与环境保护，报告期内未发生重大安全事故。公司持续加大研发投入，研发费用占营业收入比例为4.4%，围绕电子元器件开展技术攻关。公司利用智能合约技术自动执行供应商结算条款。公司上线智能排产系统，通过智能算法优化生产计划排程。报告期内，公司获得高新技术企业资质认定，享受相应税收优惠政策。报告期内公司客户结构进一步优化，前五大客户收入占比为41.8%，客户集中度处于合理区间。公司采购云服务替代传统服务器部署，系统上线周期大幅缩短。公司利用智能合约技术自动执行供应商结算条款。报告期内，公司获得高新技术企业资质认定，享受相应税收优惠政策。公司持续加大研发投入，研发费用占营业收入比例为3.2%，围绕电子元器件开展技术攻关。报告期内，公司获得高新技术企业资质认定，享受相应税收优惠政策。公司成立数据中台团队，推动业务数据化、数据业务化。公司上线智能排产系统，通过智能算法优化生产计划排程。公司核心业务系统迁移上云，采用混合云架构降低IT运维成本。公司推进智能制造升级，数字化车间已通过省级认定。,研究 基于 分布式账本 对账 机制 降低 交易 核对 成本 利用 智能合约 技术 自动 供应商 结算 条款 数据中心 一期 建成 投用 具备 PB 数据 存储 计算能力 人民币 汇率 波动 加大 远期 结售汇 业务 降低 汇兑 损失 构建 经营 分析 数据仓库 管理层 实时 查看 核心 经营 指标 深耕 东北 市场 区域 市场份额 稳中有升 品牌 影响力 持续 增强 高度重视 安全 生产 环境保护 发生 重大 安全事故 持续 加大 研发 投入 研发 费用 营业 收入 比例 电子 元器件 技术 攻关 利用 智能合约 技术 自动 供应商 结算 条款 上线 智能 排产 系统 智能算法 优化 生产 排程 获得 高新技术 企业资质 认定 享受 相应 税收 优惠政策 客户 结构 优化 五大 客户 收入 客户 集中度 处于 合理 区间 采购 服务 替代 传统 服务器 部署 系统 上线 周期 大幅 缩短 利用 智能合约 技术 自动 供应商 结算 条款 获得 高新技术 企业资质 认定 享受 相应 税收 优惠政策 持续 加大 研发 投入 研发 费用 营业 收入 比例 电子 元器件 技术 攻关 获得 高新技术 企业资质 认定 享受 相应 税收 优惠政策 成立 数据中台 团队 业务 数据 数据业务 上线 智能 排产 系统 智能算法 优化 生产 排程 核心 业务 系统 迁移 上云 采用 混合 架构 降低 IT 运维 成本 智能制造 升级 数字化 车间 省级 认定,188
DEMO002,演示DEMO002股份有限公司,制造业,2022,年度报告,公司建设工业互联网平台，实现设备联网与远程运维。公司发展电子商务业务，线上渠道收入占比持续提升。原材料价格波动对成本端形成一定压力，公司通过集中采购和套期保值部分对冲了成本上行风险。公司本期新增专利授权11项，累计有效专利210项，技术储备进一步夯实。公司现金流状况良好，经营活动现金流量净额为8.7亿元，资产负债结构稳健。报告期内人民币汇率波动加大，公司通过远期结售汇业务降低了汇兑损失。公司探索区块链技术在产品溯源中的应用，实现全流程信息上链。原材料价格波动对成本端形成一定压力，公司通过集中采购和套期保值部分对冲了成本上行风险。原材料价格波动对成本端形成一定压力，公司通过集中采购和套期保值部分对冲了成本上行风险。报告期内公司无重大诉讼仲裁事项，各项经营活动正常开展。公司发展电子商务业务，线上渠道收入占比持续提升。原材料价格波动对成本端形成一定压力，公司通过集中采购和套期保值部分对冲了成本上行风险。公司现金流状况良好，经营活动现金流量净额为3.2亿元，资产负债结构稳健。公司上线智能排产系统，通过智能算法优化生产计划排程。公司主要客户为行业龙头企业，合作关系稳定，应收账款回款情况良好。公司推动业务流程线上化，无纸化办公覆盖全部业务部门。公司推进计算机视觉技术在生产线上的应用，实现关键工序自动检测。报告期内，公司实现营业收入45.2亿元，同比增长15.2%，主要得益于主营业务产销规模扩大。,脚本生成演示语料(step0_make_demo_corpus.py),公司建设工业互联网平台，实现设备联网与远程运维。公司发展电子商务业务，线上渠道收入占比持续提升。原材料价格波动对成本端形成一定压力，公司通过集中采购和套期保值部分对冲了成本上行风险。公司本期新增专利授权11项，累计有效专利210项，技术储备进一步夯实。公司现金流状况良好，经营活动现金流量净额为8.7亿元，资产负债结构稳健。报告期内人民币汇率波动加大，公司通过远期结售汇业务降低了汇兑损失。公司探索区块链技术在产品溯源中的应用，实现全流程信息上链。原材料价格波动对成本端形成一定压力，公司通过集中采购和套期保值部分对冲了成本上行风险。原材料价格波动对成本端形成一定压力，公司通过集中采购和套期保值部分对冲了成本上行风险。报告期内公司无重大诉讼仲裁事项，各项经营活动正常开展。公司发展电子商务业务，线上渠道收入占比持续提升。原材料价格波动对成本端形成一定压力，公司通过集中采购和套期保值部分对冲了成本上行风险。公司现金流状况良好，经营活动现金流量净额为3.2亿元，资产负债结构稳健。公司上线智能排产系统，通过智能算法优化生产计划排程。公司主要客户为行业龙头企业，合作关系稳定，应收账款回款情况良好。公司推动业务流程线上化，无纸化办公覆盖全部业务部门。公司推进计算机视觉技术在生产线上的应用，实现关键工序自动检测。报告期内，公司实现营业收入45.2亿元，同比增长15.2%，主要得益于主营业务产销规模扩大。,建设 工业互联网 平台 设备 联网 远程 运维 发展 电子商务 业务 线上 渠道 收入 持续 原材料 价格 波动 成本 形成 一定 压力 集中 采购 套期 保值 对冲 成本 上行 风险 本期 新增 专利 授权 专利 技术储备 夯实 现金流 状况良好 经营 活动 现金流量 净额 资产负债 结构 稳健 人民币 汇率 波动 加大 远期 结售汇 业务 降低 汇兑 损失 探索 区块链 技术 产品 溯源 应用 流程 信息 原材料 价格 波动 成本 形成 一定 压力 集中 采购 套期 保值 对冲 成本 上行 风险 原材料 价格 波动 成本 形成 一定 压力 集中 采购 套期 保值 对冲 成本 上行 风险 重大 诉讼 仲裁 事项 经营 活动 发展 电子商务 业务 线上 渠道 收入 持续 原材料 价格 波动 成本 形成 一定 压力 集中 采购 套期 保值 对冲 成本 上行 风险 现金流 状况良好 经营 活动 现金流量 净额 资产负债 结构 稳健 上线 智能 排产 系统 智能算法 优化 生产 排程 客户 行业龙头 企业 合作 关系 应收 账款 回款 业务流程 上化 无纸化 办公 覆盖 全部 业务部门 计算机视觉 技术 生产线 应用 关键 工序 自动检测 营业 收入 得益于 主营业务 产销 规模 扩大,167
DEMO002,演示DEMO002股份有限公司,制造业,2023,年度报告,公司研究基于分布式账本的对账机制，降低交易核对成本。公司数据中心一期建成投用，具备 PB 级数据存储与计算能力。公司与高校联合开展深度学习算法研究，赋能产品智能设计。公司制定数字化转型规划，成立数字化管理委员会统筹推进。公司现金流状况良好，经营活动现金流量净额为3.2亿元，资产负债结构稳健。公司建设智能客服系统，应用自然语言处理技术实现工单自动分类。报告期内，公司实现营业收入28.4亿元，同比增长-3.1%，主要得益于主营业务产销规模扩大。公司持续加大研发投入，研发费用占营业收入比例为4.4%，围绕纺织服装开展技术攻关。受行业周期影响，部分产品价格有所回落，公司及时调整销售策略，库存水平保持在合理范围。受行业周期影响，部分产品价格有所回落，公司及时调整销售策略，库存水平保持在合理范围。公司现金流状况良好，经营活动现金流量净额为3.2亿元，资产负债结构稳健。公司推动业务流程线上化，无纸化办公覆盖全部业务部门。公司基于云平台搭建协同办公体系，跨区域协作效率提升。公司现金流状况良好，经营活动现金流量净额为1.5亿元，资产负债结构稳健。公司探索区块链技术在产品溯源中的应用，实现全流程信息上链。公司部署机器学习算法对销售数据进行需求预测，库存周转效率明显改善。公司上线智能排产系统，通过智能算法优化生产计划排程。公司数据中心一期建成投用，具备 PB 级数据存储与计算能力。公司利用智能合约技术自动执行供应商结算条款。公司持续优化产品结构，电子元器件业务占比稳步提升，毛利率较上年上升2.5个百分点。公司深耕华南市场，区域市场份额稳中有升，品牌影响力持续增强。公司建设智能客服系统，应用自然语言处理技术实现工单自动分类。报告期内公司无重大诉讼仲裁事项，各项经营活动正常开展。,脚本生成演示语料(step0_make_demo_corpus.py),公司研究基于分布式账本的对账机制，降低交易核对成本。公司数据中心一期建成投用，具备 PB 级数据存储与计算能力。公司与高校联合开展深度学习算法研究，赋能产品智能设计。公司制定数字化转型规划，成立数字化管理委员会统筹推进。公司现金流状况良好，经营活动现金流量净额为3.2亿元，资产负债结构稳健。公司建设智能客服系统，应用自然语言处理技术实现工单自动分类。报告期内，公司实现营业收入28.4亿元，同比增长-3.1%，主要得益于主营业务产销规模扩大。公司持续加大研发投入，研发费用占营业收入比例为4.4%，围绕纺织服装开展技术攻关。受行业周期影响，部分产品价格有所回落，公司及时调整销售策略，库存水平保持在合理范围。受行业周期影响，部分产品价格有所回落，公司及时调整销售策略，库存水平保持在合理范围。公司现金流状况良好，经营活动现金流量净额为3.2亿元，资产负债结构稳健。公司推动业务流程线上化，无纸化办公覆盖全部业务部门。公司基于云平台搭建协同办公体系，跨区域协作效率提升。公司现金流状况良好，经营活动现金流量净额为1.5亿元，资产负债结构稳健。公司探索区块链技术在产品溯源中的应用，实现全流程信息上链。公司部署机器学习算法对销售数据进行需求预测，库存周转效率明显改善。公司上线智能排产系统，通过智能算法优化生产计划排程。公司数据中心一期建成投用，具备 PB 级数据存储与计算能力。公司利用智能合约技术自动执行供应商结算条款。公司持续优化产品结构，电子元器件业务占比稳步提升，毛利率较上年上升2.5个百分点。公司深耕华南市场，区域市场份额稳中有升，品牌影响力持续增强。公司建设智能客服系统，应用自然语言处理技术实现工单自动分类。报告期内公司无重大诉讼仲裁事项，各项经营活动正常开展。,研究 基于 分布式账本 对账 机制 降低 交易 核对 成本 数据中心 一期 建成 投用 具备 PB 数据 存储 计算能力 高校 联合 深度学习 算法 研究 赋能 产品 智能 设计 制定 数字化转型 规划 成立 数字化 管理 委员会 统筹 现金流 状况良好 经营 活动 现金流量 净额 资产负债 结构 稳健 建设 智能 客服 系统 应用 自然语言处理 技术 工单 自动 分类 营业 收入 得益于 主营业务 产销 规模 扩大 持续 加大 研发 投入 研发 费用 营业 收入 比例 纺织 服装 技术 攻关 行业 周期 影响 产品价格 有所 回落 及时 调整 销售策略 库存 水平 合理 范围 行业 周期 影响 产品价格 有所 回落 及时 调整 销售策略 库存 水平 合理 范围 现金流 状况良好 经营 活动 现金流量 净额 资产负债 结构 稳健 业务流程 上化 无纸化 办公 覆盖 全部 业务部门 基于 平台 搭建 协同 办公 体系 区域 协作 效率 现金流 状况良好 经营 活动 现金流量 净额 资产负债 结构 稳健 探索 区块链 技术 产品 溯源 应用 流程 信息 部署 机器学习 算法 销售 数据 需求预测 库存 周转 效率 明显改善 上线 智能 排产 系统 智能算法 优化 生产 排程 数据中心 一期 建成 投用 具备 PB 数据 存储 计算能力 利用 智能合约 技术 自动 供应商 结算 条款 持续 优化 产品 结构 电子 元器件 业务 毛利率 百分点 深耕 华南 市场 区域 市场份额 稳中有升 品牌 影响力 持续 增强 建设 智能 客服 系统 应用 自然语言处理 技术 工单 自动 分类 重大 诉讼 仲裁 事项 经营 活动,211
DEMO002,演示DEMO002股份有限公司,制造业,2024,年度报告,公司持续优化产品结构，电子元器件业务占比稳步提升，毛利率较上年下降1.5个百分点。公司引入人工智能技术优化{prod}质检环节，缺陷识别准确率显著提升。报告期内，公司获得高新技术企业资质认定，享受相应税收优惠政策。公司建设大数据平台，整合生产、销售与供应链数据，支撑经营决策。公司开展数据治理体系建设，统一主数据标准，提升数据资产质量。公司建设大数据平台，整合生产、销售与供应链数据，支撑经营决策。公司上线智能排产系统，通过智能算法优化生产计划排程。报告期内，公司获得高新技术企业资质认定，享受相应税收优惠政策。公司推进计算机视觉技术在生产线上的应用，实现关键工序自动检测。公司构建经营分析数据仓库，管理层可实时查看核心经营指标。公司采购云服务替代传统服务器部署，系统上线周期大幅缩短。公司引入边缘计算设备，实现车间数据的就地处理与实时回传。面对市场竞争加剧，公司加大渠道建设力度，经销商数量增加45家，覆盖区域进一步扩大。下半年公司将围绕年度经营计划，重点做好市场开拓、成本控制与人才梯队建设等工作。公司评估公有云与私有云方案，逐步构建统一算力资源池。公司运用数据挖掘技术分析客户行为，实现精准营销。受行业周期影响，部分产品价格有所回落，公司及时调整销售策略，库存水平保持在合理范围。公司推动业务流程线上化，无纸化办公覆盖全部业务部门。公司运用数据挖掘技术分析客户行为，实现精准营销。公司与高校联合开展深度学习算法研究，赋能产品智能设计。受行业周期影响，部分产品价格有所回落，公司及时调整销售策略，库存水平保持在合理范围。公司引入人工智能技术优化{prod}质检环节，缺陷识别准确率显著提升。公司现金流状况良好，经营活动现金流量净额为12.4亿元，资产负债结构稳健。公司建设智能客服系统，应用自然语言处理技术实现工单自动分类。,脚本生成演示语料(step0_make_demo_corpus.py),公司持续优化产品结构，电子元器件业务占比稳步提升，毛利率较上年下降1.5个百分点。公司引入人工智能技术优化{prod}质检环节，缺陷识别准确率显著提升。报告期内，公司获得高新技术企业资质认定，享受相应税收优惠政策。公司建设大数据平台，整合生产、销售与供应链数据，支撑经营决策。公司开展数据治理体系建设，统一主数据标准，提升数据资产质量。公司建设大数据平台，整合生产、销售与供应链数据，支撑经营决策。公司上线智能排产系统，通过智能算法优化生产计划排程。报告期内，公司获得高新技术企业资质认定，享受相应税收优惠政策。公司推进计算机视觉技术在生产线上的应用，实现关键工序自动检测。公司构建经营分析数据仓库，管理层可实时查看核心经营指标。公司采购云服务替代传统服务器部署，系统上线周期大幅缩短。公司引入边缘计算设备，实现车间数据的就地处理与实时回传。面对市场竞争加剧，公司加大渠道建设力度，经销商数量增加45家，覆盖区域进一步扩大。下半年公司将围绕年度经营计划，重点做好市场开拓、成本控制与人才梯队建设等工作。公司评估公有云与私有云方案，逐步构建统一算力资源池。公司运用数据挖掘技术分析客户行为，实现精准营销。受行业周期影响，部分产品价格有所回落，公司及时调整销售策略，库存水平保持在合理范围。公司推动业务流程线上化，无纸化办公覆盖全部业务部门。公司运用数据挖掘技术分析客户行为，实现精准营销。公司与高校联合开展深度学习算法研究，赋能产品智能设计。受行业周期影响，部分产品价格有所回落，公司及时调整销售策略，库存水平保持在合理范围。公司引入人工智能技术优化{prod}质检环节，缺陷识别准确率显著提升。公司现金流状况良好，经营活动现金流量净额为12.4亿元，资产负债结构稳健。公司建设智能客服系统，应用自然语言处理技术实现工单自动分类。,持续 优化 产品 结构 电子 元器件 业务 毛利率 百分点 引入 人工智能 技术 优化 prod 质检 环节 缺陷 识别 准确率 获得 高新技术 企业资质 认定 享受 相应 税收 优惠政策 建设 大数据 平台 整合 生产 销售 供应链 数据 支撑 经营 决策 数据 治理 体系 建设 统一 数据 标准 数据 资产 质量 建设 大数据 平台 整合 生产 销售 供应链 数据 支撑 经营 决策 上线 智能 排产 系统 智能算法 优化 生产 排程 获得 高新技术 企业资质 认定 享受 相应 税收 优惠政策 计算机视觉 技术 生产线 应用 关键 工序 自动检测 构建 经营 分析 数据仓库 管理层 实时 查看 核心 经营 指标 采购 服务 替代 传统 服务器 部署 系统 上线 周期 大幅 缩短 引入 边缘计算 设备 车间 数据 处理 实时 回传 面对 市场竞争 加剧 加大 渠道 建设 力度 经销商 数量 覆盖 区域 扩大 下半年 年度 经营 做好 市场 开拓 成本 控制 人才 梯队 建设 评估 公有 私有 方案 逐步 构建 统一 算力 资源 运用 数据挖掘 技术 分析 客户 行为 精准 营销 行业 周期 影响 产品价格 有所 回落 及时 调整 销售策略 库存 水平 合理 范围 业务流程 上化 无纸化 办公 覆盖 全部 业务部门 运用 数据挖掘 技术 分析 客户 行为 精准 营销 高校 联合 深度学习 算法 研究 赋能 产品 智能 设计 行业 周期 影响 产品价格 有所 回落 及时 调整 销售策略 库存 水平 合理 范围 引入 人工智能 技术 优化 prod 质检 环节 缺陷 识别 准确率 现金流 状况良好 经营 活动 现金流量 净额 资产负债 结构 稳健 建设 智能 客服 系统 应用 自然语言处理 技术 工单 自动 分类,230
DEMO003,演示DEMO003股份有限公司,批发零售,2020,年度报告,公司高度重视安全生产与环境保护，报告期内未发生重大安全事故。公司继续推进产能建设，高端装备项目一期已投产，预计达产后年新增产能5万吨。公司积极拓展海外市场，出口业务收入同比增长-6.3%，国际化布局初见成效。公司建设工业互联网平台，实现设备联网与远程运维。下半年公司将围绕年度经营计划，重点做好市场开拓、成本控制与人才梯队建设等工作。报告期内，公司获得高新技术企业资质认定，享受相应税收优惠政策。公司继续推进产能建设，高端装备项目一期已投产，预计达产后年新增产能5万吨。下半年公司将围绕年度经营计划，重点做好市场开拓、成本控制与人才梯队建设等工作。本年度公司人力成本略有上升，管理费用率保持稳定，费用管控成效显现。公司运用数据挖掘技术分析客户行为，实现精准营销。公司部署机器学习算法对销售数据进行需求预测，库存周转效率明显改善。公司现金流状况良好，经营活动现金流量净额为12.4亿元，资产负债结构稳健。公司现金流状况良好，经营活动现金流量净额为8.7亿元，资产负债结构稳健。公司继续推进产能建设，建材项目一期已投产，预计达产后年新增产能8万吨。,脚本生成演示语料(step0_make_demo_corpus.py),公司高度重视安全生产与环境保护，报告期内未发生重大安全事故。公司继续推进产能建设，高端装备项目一期已投产，预计达产后年新增产能5万吨。公司积极拓展海外市场，出口业务收入同比增长-6.3%，国际化布局初见成效。公司建设工业互联网平台，实现设备联网与远程运维。下半年公司将围绕年度经营计划，重点做好市场开拓、成本控制与人才梯队建设等工作。报告期内，公司获得高新技术企业资质认定，享受相应税收优惠政策。公司继续推进产能建设，高端装备项目一期已投产，预计达产后年新增产能5万吨。下半年公司将围绕年度经营计划，重点做好市场开拓、成本控制与人才梯队建设等工作。本年度公司人力成本略有上升，管理费用率保持稳定，费用管控成效显现。公司运用数据挖掘技术分析客户行为，实现精准营销。公司部署机器学习算法对销售数据进行需求预测，库存周转效率明显改善。公司现金流状况良好，经营活动现金流量净额为12.4亿元，资产负债结构稳健。公司现金流状况良好，经营活动现金流量净额为8.7亿元，资产负债结构稳健。公司继续推进产能建设，建材项目一期已投产，预计达产后年新增产能8万吨。,高度重视 安全 生产 环境保护 发生 重大 安全事故 产能 建设 高端 装备 项目 一期 投产 预计 达产 新增 产能 万吨 拓展 海外 市场 出口 业务收入 国际化 布局 初见成效 建设 工业互联网 平台 设备 联网 远程 运维 下半年 年度 经营 做好 市场 开拓 成本 控制 人才 梯队 建设 获得 高新技术 企业资质 认定 享受 相应 税收 优惠政策 产能 建设 高端 装备 项目 一期 投产 预计 达产 新增 产能 万吨 下半年 年度 经营 做好 市场 开拓 成本 控制 人才 梯队 建设 本年度 人力 成本 略有 管理 费用率 保持稳定 费用 管控 成效 显现 运用 数据挖掘 技术 分析 客户 行为 精准 营销 部署 机器学习 算法 销售 数据 需求预测 库存 周转 效率 明显改善 现金流 状况良好 经营 活动 现金流量 净额 资产负债 结构 稳健 现金流 状况良好 经营 活动 现金流量 净额 资产负债 结构 稳健 产能 建设 建材 项目 一期 投产 预计 达产 新增 产能 万吨,134
DEMO003,演示DEMO003股份有限公司,批发零售,2021,年度报告,受行业周期影响，部分产品价格有所回落，公司及时调整销售策略，库存水平保持在合理范围。原材料价格波动对成本端形成一定压力，公司通过集中采购和套期保值部分对冲了成本上行风险。下半年公司将围绕年度经营计划，重点做好市场开拓、成本控制与人才梯队建设等工作。报告期内，公司获得高新技术企业资质认定，享受相应税收优惠政策。报告期内，公司实现营业收入45.2亿元，同比增长5.6%，主要得益于主营业务产销规模扩大。公司试点数字人民币结算场景，丰富收款渠道。报告期内公司客户结构进一步优化，前五大客户收入占比为36.9%，客户集中度处于合理区间。公司继续推进产能建设，电子元器件项目一期已投产，预计达产后年新增产能3万吨。报告期内人民币汇率波动加大，公司通过远期结售汇业务降低了汇兑损失。公司主要客户为行业龙头企业，合作关系稳定，应收账款回款情况良好。公司建设大数据平台，整合生产、销售与供应链数据，支撑经营决策。,脚本生成演示语料(step0_make_demo_corpus.py),受行业周期影响，部分产品价格有所回落，公司及时调整销售策略，库存水平保持在合理范围。原材料价格波动对成本端形成一定压力，公司通过集中采购和套期保值部分对冲了成本上行风险。下半年公司将围绕年度经营计划，重点做好市场开拓、成本控制与人才梯队建设等工作。报告期内，公司获得高新技术企业资质认定，享受相应税收优惠政策。报告期内，公司实现营业收入45.2亿元，同比增长5.6%，主要得益于主营业务产销规模扩大。公司试点数字人民币结算场景，丰富收款渠道。报告期内公司客户结构进一步优化，前五大客户收入占比为36.9%，客户集中度处于合理区间。公司继续推进产能建设，电子元器件项目一期已投产，预计达产后年新增产能3万吨。报告期内人民币汇率波动加大，公司通过远期结售汇业务降低了汇兑损失。公司主要客户为行业龙头企业，合作关系稳定，应收账款回款情况良好。公司建设大数据平台，整合生产、销售与供应链数据，支撑经营决策。,行业 周期 影响 产品价格 有所 回落 及时 调整 销售策略 库存 水平 合理 范围 原材料 价格 波动 成本 形成 一定 压力 集中 采购 套期 保值 对冲 成本 上行 风险 下半年 年度 经营 做好 市场 开拓 成本 控制 人才 梯队 建设 获得 高新技术 企业资质 认定 享受 相应 税收 优惠政策 营业 收入 得益于 主营业务 产销 规模 扩大 试点 数字人民币 结算 场景 丰富 收款 渠道 客户 结构 优化 五大 客户 收入 客户 集中度 处于 合理 区间 产能 建设 电子 元器件 项目 一期 投产 预计 达产 新增 产能 万吨 人民币 汇率 波动 加大 远期 结售汇 业务 降低 汇兑 损失 客户 行业龙头 企业 合作 关系 应收 账款 回款 建设 大数据 平台 整合 生产 销售 供应链 数据 支撑 经营 决策,113
DEMO003,演示DEMO003股份有限公司,批发零售,2022,年度报告,报告期内公司客户结构进一步优化，前五大客户收入占比为55.1%，客户集中度处于合理区间。公司积极拓展海外市场，出口业务收入同比增长-6.3%，国际化布局初见成效。本年度公司人力成本略有上升，管理费用率保持稳定，费用管控成效显现。公司主要客户为行业龙头企业，合作关系稳定，应收账款回款情况良好。公司部署机器学习算法对销售数据进行需求预测，库存周转效率明显改善。公司数据中心一期建成投用，具备 PB 级数据存储与计算能力。公司核心业务系统迁移上云，采用混合云架构降低IT运维成本。公司持续优化产品结构，纺织服装业务占比稳步提升，毛利率较上年下降1.5个百分点。公司开展数据治理体系建设，统一主数据标准，提升数据资产质量。公司构建经营分析数据仓库，管理层可实时查看核心经营指标。报告期内公司客户结构进一步优化，前五大客户收入占比为36.9%，客户集中度处于合理区间。公司持续加大研发投入，研发费用占营业收入比例为4.4%，围绕精细化工产品开展技术攻关。原材料价格波动对成本端形成一定压力，公司通过集中采购和套期保值部分对冲了成本上行风险。公司持续优化产品结构，电子元器件业务占比稳步提升，毛利率较上年下降1.5个百分点。受行业周期影响，部分产品价格有所回落，公司及时调整销售策略，库存水平保持在合理范围。公司引入边缘计算设备，实现车间数据的就地处理与实时回传。公司推进计算机视觉技术在生产线上的应用，实现关键工序自动检测。,脚本生成演示语料(step0_make_demo_corpus.py),报告期内公司客户结构进一步优化，前五大客户收入占比为55.1%，客户集中度处于合理区间。公司积极拓展海外市场，出口业务收入同比增长-6.3%，国际化布局初见成效。本年度公司人力成本略有上升，管理费用率保持稳定，费用管控成效显现。公司主要客户为行业龙头企业，合作关系稳定，应收账款回款情况良好。公司部署机器学习算法对销售数据进行需求预测，库存周转效率明显改善。公司数据中心一期建成投用，具备 PB 级数据存储与计算能力。公司核心业务系统迁移上云，采用混合云架构降低IT运维成本。公司持续优化产品结构，纺织服装业务占比稳步提升，毛利率较上年下降1.5个百分点。公司开展数据治理体系建设，统一主数据标准，提升数据资产质量。公司构建经营分析数据仓库，管理层可实时查看核心经营指标。报告期内公司客户结构进一步优化，前五大客户收入占比为36.9%，客户集中度处于合理区间。公司持续加大研发投入，研发费用占营业收入比例为4.4%，围绕精细化工产品开展技术攻关。原材料价格波动对成本端形成一定压力，公司通过集中采购和套期保值部分对冲了成本上行风险。公司持续优化产品结构，电子元器件业务占比稳步提升，毛利率较上年下降1.5个百分点。受行业周期影响，部分产品价格有所回落，公司及时调整销售策略，库存水平保持在合理范围。公司引入边缘计算设备，实现车间数据的就地处理与实时回传。公司推进计算机视觉技术在生产线上的应用，实现关键工序自动检测。,客户 结构 优化 五大 客户 收入 客户 集中度 处于 合理 区间 拓展 海外 市场 出口 业务收入 国际化 布局 初见成效 本年度 人力 成本 略有 管理 费用率 保持稳定 费用 管控 成效 显现 客户 行业龙头 企业 合作 关系 应收 账款 回款 部署 机器学习 算法 销售 数据 需求预测 库存 周转 效率 明显改善 数据中心 一期 建成 投用 具备 PB 数据 存储 计算能力 核心 业务 系统 迁移 上云 采用 混合 架构 降低 IT 运维 成本 持续 优化 产品 结构 纺织 服装 业务 毛利率 百分点 数据 治理 体系 建设 统一 数据 标准 数据 资产 质量 构建 经营 分析 数据仓库 管理层 实时 查看 核心 经营 指标 客户 结构 优化 五大 客户 收入 客户 集中度 处于 合理 区间 持续 加大 研发 投入 研发 费用 营业 收入 比例 精细化工 产品 技术 攻关 原材料 价格 波动 成本 形成 一定 压力 集中 采购 套期 保值 对冲 成本 上行 风险 持续 优化 产品 结构 电子 元器件 业务 毛利率 百分点 行业 周期 影响 产品价格 有所 回落 及时 调整 销售策略 库存 水平 合理 范围 引入 边缘计算 设备 车间 数据 处理 实时 回传 计算机视觉 技术 生产线 应用 关键 工序 自动检测,174
DEMO003,演示DEMO003股份有限公司,批发零售,2023,年度报告,公司试点数字人民币结算场景，丰富收款渠道。公司基于云平台搭建协同办公体系，跨区域协作效率提升。公司参与行业区块链联盟，推动供应链单证电子化与可信流转。公司上线智能排产系统，通过智能算法优化生产计划排程。公司部署机器学习算法对销售数据进行需求预测，库存周转效率明显改善。公司参与行业区块链联盟，推动供应链单证电子化与可信流转。报告期内公司无重大诉讼仲裁事项，各项经营活动正常开展。下半年公司将围绕年度经营计划，重点做好市场开拓、成本控制与人才梯队建设等工作。公司主要客户为行业龙头企业，合作关系稳定，应收账款回款情况良好。公司应用数字孪生技术对重点产线进行虚拟建模与仿真优化。公司持续加大研发投入，研发费用占营业收入比例为1.8%，围绕食品饮料开展技术攻关。报告期内人民币汇率波动加大，公司通过远期结售汇业务降低了汇兑损失。公司持续优化产品结构，高端装备业务占比稳步提升，毛利率较上年上升2.5个百分点。公司推进计算机视觉技术在生产线上的应用，实现关键工序自动检测。公司持续加大研发投入，研发费用占营业收入比例为1.8%，围绕高端装备开展技术攻关。公司成立数据中台团队，推动业务数据化、数据业务化。公司建立健全内部控制系统，治理结构规范，三会运作正常。公司现金流状况良好，经营活动现金流量净额为1.5亿元，资产负债结构稳健。原材料价格波动对成本端形成一定压力，公司通过集中采购和套期保值部分对冲了成本上行风险。公司参与行业区块链联盟，推动供应链单证电子化与可信流转。公司核心业务系统迁移上云，采用混合云架构降低IT运维成本。公司基于云平台搭建协同办公体系，跨区域协作效率提升。公司与高校联合开展深度学习算法研究，赋能产品智能设计。,脚本生成演示语料(step0_make_demo_corpus.py),公司试点数字人民币结算场景，丰富收款渠道。公司基于云平台搭建协同办公体系，跨区域协作效率提升。公司参与行业区块链联盟，推动供应链单证电子化与可信流转。公司上线智能排产系统，通过智能算法优化生产计划排程。公司部署机器学习算法对销售数据进行需求预测，库存周转效率明显改善。公司参与行业区块链联盟，推动供应链单证电子化与可信流转。报告期内公司无重大诉讼仲裁事项，各项经营活动正常开展。下半年公司将围绕年度经营计划，重点做好市场开拓、成本控制与人才梯队建设等工作。公司主要客户为行业龙头企业，合作关系稳定，应收账款回款情况良好。公司应用数字孪生技术对重点产线进行虚拟建模与仿真优化。公司持续加大研发投入，研发费用占营业收入比例为1.8%，围绕食品饮料开展技术攻关。报告期内人民币汇率波动加大，公司通过远期结售汇业务降低了汇兑损失。公司持续优化产品结构，高端装备业务占比稳步提升，毛利率较上年上升2.5个百分点。公司推进计算机视觉技术在生产线上的应用，实现关键工序自动检测。公司持续加大研发投入，研发费用占营业收入比例为1.8%，围绕高端装备开展技术攻关。公司成立数据中台团队，推动业务数据化、数据业务化。公司建立健全内部控制系统，治理结构规范，三会运作正常。公司现金流状况良好，经营活动现金流量净额为1.5亿元，资产负债结构稳健。原材料价格波动对成本端形成一定压力，公司通过集中采购和套期保值部分对冲了成本上行风险。公司参与行业区块链联盟，推动供应链单证电子化与可信流转。公司核心业务系统迁移上云，采用混合云架构降低IT运维成本。公司基于云平台搭建协同办公体系，跨区域协作效率提升。公司与高校联合开展深度学习算法研究，赋能产品智能设计。,试点 数字人民币 结算 场景 丰富 收款 渠道 基于 平台 搭建 协同 办公 体系 区域 协作 效率 参与 行业 区块链 联盟 供应链 单证 电子化 可信 流转 上线 智能 排产 系统 智能算法 优化 生产 排程 部署 机器学习 算法 销售 数据 需求预测 库存 周转 效率 明显改善 参与 行业 区块链 联盟 供应链 单证 电子化 可信 流转 重大 诉讼 仲裁 事项 经营 活动 下半年 年度 经营 做好 市场 开拓 成本 控制 人才 梯队 建设 客户 行业龙头 企业 合作 关系 应收 账款 回款 应用 数字孪生 技术 产线 虚拟 建模 仿真 优化 持续 加大 研发 投入 研发 费用 营业 收入 比例 食品饮料 技术 攻关 人民币 汇率 波动 加大 远期 结售汇 业务 降低 汇兑 损失 持续 优化 产品 结构 高端 装备 业务 毛利率 百分点 计算机视觉 技术 生产线 应用 关键 工序 自动检测 持续 加大 研发 投入 研发 费用 营业 收入 比例 高端 装备 技术 攻关 成立 数据中台 团队 业务 数据 数据业务 建立健全 内部 控制系统 治理 结构 规范 三会 运作 现金流 状况良好 经营 活动 现金流量 净额 资产负债 结构 稳健 原材料 价格 波动 成本 形成 一定 压力 集中 采购 套期 保值 对冲 成本 上行 风险 参与 行业 区块链 联盟 供应链 单证 电子化 可信 流转 核心 业务 系统 迁移 上云 采用 混合 架构 降低 IT 运维 成本 基于 平台 搭建 协同 办公 体系 区域 协作 效率 高校 联合 深度学习 算法 研究 赋能 产品 智能 设计,213
DEMO003,演示DEMO003股份有限公司,批发零售,2024,年度报告,公司积极拓展海外市场，出口业务收入同比增长18.9%，国际化布局初见成效。本年度公司人力成本略有上升，管理费用率保持稳定，费用管控成效显现。公司构建经营分析数据仓库，管理层可实时查看核心经营指标。报告期内，公司获得高新技术企业资质认定，享受相应税收优惠政策。公司持续加大研发投入，研发费用占营业收入比例为2.6%，围绕高端装备开展技术攻关。受行业周期影响，部分产品价格有所回落，公司及时调整销售策略，库存水平保持在合理范围。公司持续优化产品结构，建材业务占比稳步提升，毛利率较上年上升1.2个百分点。公司试点数字人民币结算场景，丰富收款渠道。公司利用智能合约技术自动执行供应商结算条款。公司继续推进产能建设，高端装备项目一期已投产，预计达产后年新增产能5万吨。公司引入人工智能技术优化{prod}质检环节，缺陷识别准确率显著提升。公司高度重视安全生产与环境保护，报告期内未发生重大安全事故。公司应用数字孪生技术对重点产线进行虚拟建模与仿真优化。公司试点数字人民币结算场景，丰富收款渠道。,脚本生成演示语料(step0_make_demo_corpus.py),公司积极拓展海外市场，出口业务收入同比增长18.9%，国际化布局初见成效。本年度公司人力成本略有上升，管理费用率保持稳定，费用管控成效显现。公司构建经营分析数据仓库，管理层可实时查看核心经营指标。报告期内，公司获得高新技术企业资质认定，享受相应税收优惠政策。公司持续加大研发投入，研发费用占营业收入比例为2.6%，围绕高端装备开展技术攻关。受行业周期影响，部分产品价格有所回落，公司及时调整销售策略，库存水平保持在合理范围。公司持续优化产品结构，建材业务占比稳步提升，毛利率较上年上升1.2个百分点。公司试点数字人民币结算场景，丰富收款渠道。公司利用智能合约技术自动执行供应商结算条款。公司继续推进产能建设，高端装备项目一期已投产，预计达产后年新增产能5万吨。公司引入人工智能技术优化{prod}质检环节，缺陷识别准确率显著提升。公司高度重视安全生产与环境保护，报告期内未发生重大安全事故。公司应用数字孪生技术对重点产线进行虚拟建模与仿真优化。公司试点数字人民币结算场景，丰富收款渠道。,拓展 海外 市场 出口 业务收入 国际化 布局 初见成效 本年度 人力 成本 略有 管理 费用率 保持稳定 费用 管控 成效 显现 构建 经营 分析 数据仓库 管理层 实时 查看 核心 经营 指标 获得 高新技术 企业资质 认定 享受 相应 税收 优惠政策 持续 加大 研发 投入 研发 费用 营业 收入 比例 高端 装备 技术 攻关 行业 周期 影响 产品价格 有所 回落 及时 调整 销售策略 库存 水平 合理 范围 持续 优化 产品 结构 建材 业务 毛利率 百分点 试点 数字人民币 结算 场景 丰富 收款 渠道 利用 智能合约 技术 自动 供应商 结算 条款 产能 建设 高端 装备 项目 一期 投产 预计 达产 新增 产能 万吨 引入 人工智能 技术 优化 prod 质检 环节 缺陷 识别 准确率 高度重视 安全 生产 环境保护 发生 重大 安全事故 应用 数字孪生 技术 产线 虚拟 建模 仿真 优化 试点 数字人民币 结算 场景 丰富 收款 渠道,129
DEMO004,演示DEMO004股份有限公司,房地产,2020,年度报告,公司积极拓展海外市场，出口业务收入同比增长18.9%，国际化布局初见成效。公司持续优化产品结构，建材业务占比稳步提升，毛利率较上年下降1.5个百分点。受行业周期影响，部分产品价格有所回落，公司及时调整销售策略，库存水平保持在合理范围。公司继续推进产能建设，电子元器件项目一期已投产，预计达产后年新增产能3万吨。原材料价格波动对成本端形成一定压力，公司通过集中采购和套期保值部分对冲了成本上行风险。公司现金流状况良好，经营活动现金流量净额为5.8亿元，资产负债结构稳健。公司建设大数据平台，整合生产、销售与供应链数据，支撑经营决策。本年度公司人力成本略有上升，管理费用率保持稳定，费用管控成效显现。公司评估公有云与私有云方案，逐步构建统一算力资源池。公司深耕华南市场，区域市场份额稳中有升，品牌影响力持续增强。公司主要客户为行业龙头企业，合作关系稳定，应收账款回款情况良好。,脚本生成演示语料(step0_make_demo_corpus.py),公司积极拓展海外市场，出口业务收入同比增长18.9%，国际化布局初见成效。公司持续优化产品结构，建材业务占比稳步提升，毛利率较上年下降1.5个百分点。受行业周期影响，部分产品价格有所回落，公司及时调整销售策略，库存水平保持在合理范围。公司继续推进产能建设，电子元器件项目一期已投产，预计达产后年新增产能3万吨。原材料价格波动对成本端形成一定压力，公司通过集中采购和套期保值部分对冲了成本上行风险。公司现金流状况良好，经营活动现金流量净额为5.8亿元，资产负债结构稳健。公司建设大数据平台，整合生产、销售与供应链数据，支撑经营决策。本年度公司人力成本略有上升，管理费用率保持稳定，费用管控成效显现。公司评估公有云与私有云方案，逐步构建统一算力资源池。公司深耕华南市场，区域市场份额稳中有升，品牌影响力持续增强。公司主要客户为行业龙头企业，合作关系稳定，应收账款回款情况良好。,拓展 海外 市场 出口 业务收入 国际化 布局 初见成效 持续 优化 产品 结构 建材 业务 毛利率 百分点 行业 周期 影响 产品价格 有所 回落 及时 调整 销售策略 库存 水平 合理 范围 产能 建设 电子 元器件 项目 一期 投产 预计 达产 新增 产能 万吨 原材料 价格 波动 成本 形成 一定 压力 集中 采购 套期 保值 对冲 成本 上行 风险 现金流 状况良好 经营 活动 现金流量 净额 资产负债 结构 稳健 建设 大数据 平台 整合 生产 销售 供应链 数据 支撑 经营 决策 本年度 人力 成本 略有 管理 费用率 保持稳定 费用 管控 成效 显现 评估 公有 私有 方案 逐步 构建 统一 算力 资源 深耕 华南 市场 区域 市场份额 稳中有升 品牌 影响力 持续 增强 客户 行业龙头 企业 合作 关系 应收 账款 回款,114
DEMO004,演示DEMO004股份有限公司,房地产,2021,年度报告,公司深耕西南市场，区域市场份额稳中有升，品牌影响力持续增强。原材料价格波动对成本端形成一定压力，公司通过集中采购和套期保值部分对冲了成本上行风险。公司试点数字人民币结算场景，丰富收款渠道。本年度公司人力成本略有上升，管理费用率保持稳定，费用管控成效显现。公司上线智能排产系统，通过智能算法优化生产计划排程。公司研究基于分布式账本的对账机制，降低交易核对成本。公司应用数字孪生技术对重点产线进行虚拟建模与仿真优化。公司与高校联合开展深度学习算法研究，赋能产品智能设计。公司现金流状况良好，经营活动现金流量净额为12.4亿元，资产负债结构稳健。报告期内，公司实现营业收入19.3亿元，同比增长15.2%，主要得益于主营业务产销规模扩大。面对市场竞争加剧，公司加大渠道建设力度，经销商数量增加36家，覆盖区域进一步扩大。面对市场竞争加剧，公司加大渠道建设力度，经销商数量增加120家，覆盖区域进一步扩大。公司建立健全内部控制系统，治理结构规范，三会运作正常。报告期内，公司获得高新技术企业资质认定，享受相应税收优惠政策。公司采购云服务替代传统服务器部署，系统上线周期大幅缩短。公司构建智慧物流体系，仓储分拣自动化水平显著提高。公司主要客户为行业龙头企业，合作关系稳定，应收账款回款情况良好。公司深耕华南市场，区域市场份额稳中有升，品牌影响力持续增强。公司上线智能排产系统，通过智能算法优化生产计划排程。报告期内，公司获得高新技术企业资质认定，享受相应税收优惠政策。公司推进计算机视觉技术在生产线上的应用，实现关键工序自动检测。,脚本生成演示语料(step0_make_demo_corpus.py),公司深耕西南市场，区域市场份额稳中有升，品牌影响力持续增强。原材料价格波动对成本端形成一定压力，公司通过集中采购和套期保值部分对冲了成本上行风险。公司试点数字人民币结算场景，丰富收款渠道。本年度公司人力成本略有上升，管理费用率保持稳定，费用管控成效显现。公司上线智能排产系统，通过智能算法优化生产计划排程。公司研究基于分布式账本的对账机制，降低交易核对成本。公司应用数字孪生技术对重点产线进行虚拟建模与仿真优化。公司与高校联合开展深度学习算法研究，赋能产品智能设计。公司现金流状况良好，经营活动现金流量净额为12.4亿元，资产负债结构稳健。报告期内，公司实现营业收入19.3亿元，同比增长15.2%，主要得益于主营业务产销规模扩大。面对市场竞争加剧，公司加大渠道建设力度，经销商数量增加36家，覆盖区域进一步扩大。面对市场竞争加剧，公司加大渠道建设力度，经销商数量增加120家，覆盖区域进一步扩大。公司建立健全内部控制系统，治理结构规范，三会运作正常。报告期内，公司获得高新技术企业资质认定，享受相应税收优惠政策。公司采购云服务替代传统服务器部署，系统上线周期大幅缩短。公司构建智慧物流体系，仓储分拣自动化水平显著提高。公司主要客户为行业龙头企业，合作关系稳定，应收账款回款情况良好。公司深耕华南市场，区域市场份额稳中有升，品牌影响力持续增强。公司上线智能排产系统，通过智能算法优化生产计划排程。报告期内，公司获得高新技术企业资质认定，享受相应税收优惠政策。公司推进计算机视觉技术在生产线上的应用，实现关键工序自动检测。,深耕 西南 市场 区域 市场份额 稳中有升 品牌 影响力 持续 增强 原材料 价格 波动 成本 形成 一定 压力 集中 采购 套期 保值 对冲 成本 上行 风险 试点 数字人民币 结算 场景 丰富 收款 渠道 本年度 人力 成本 略有 管理 费用率 保持稳定 费用 管控 成效 显现 上线 智能 排产 系统 智能算法 优化 生产 排程 研究 基于 分布式账本 对账 机制 降低 交易 核对 成本 应用 数字孪生 技术 产线 虚拟 建模 仿真 优化 高校 联合 深度学习 算法 研究 赋能 产品 智能 设计 现金流 状况良好 经营 活动 现金流量 净额 资产负债 结构 稳健 营业 收入 得益于 主营业务 产销 规模 扩大 面对 市场竞争 加剧 加大 渠道 建设 力度 经销商 数量 覆盖 区域 扩大 面对 市场竞争 加剧 加大 渠道 建设 力度 经销商 数量 覆盖 区域 扩大 建立健全 内部 控制系统 治理 结构 规范 三会 运作 获得 高新技术 企业资质 认定 享受 相应 税收 优惠政策 采购 服务 替代 传统 服务器 部署 系统 上线 周期 大幅 缩短 构建 智慧物流 体系 仓储 分拣 自动化 水平 客户 行业龙头 企业 合作 关系 应收 账款 回款 深耕 华南 市场 区域 市场份额 稳中有升 品牌 影响力 持续 增强 上线 智能 排产 系统 智能算法 优化 生产 排程 获得 高新技术 企业资质 认定 享受 相应 税收 优惠政策 计算机视觉 技术 生产线 应用 关键 工序 自动检测,192
DEMO004,演示DEMO004股份有限公司,房地产,2022,年度报告,公司与高校联合开展深度学习算法研究，赋能产品智能设计。受行业周期影响，部分产品价格有所回落，公司及时调整销售策略，库存水平保持在合理范围。受行业周期影响，部分产品价格有所回落，公司及时调整销售策略，库存水平保持在合理范围。下半年公司将围绕年度经营计划，重点做好市场开拓、成本控制与人才梯队建设等工作。报告期内公司客户结构进一步优化，前五大客户收入占比为55.1%，客户集中度处于合理区间。公司持续加大研发投入，研发费用占营业收入比例为4.4%，围绕精细化工产品开展技术攻关。公司上线智能排产系统，通过智能算法优化生产计划排程。公司推进计算机视觉技术在生产线上的应用，实现关键工序自动检测。面对市场竞争加剧，公司加大渠道建设力度，经销商数量增加45家，覆盖区域进一步扩大。下半年公司将围绕年度经营计划，重点做好市场开拓、成本控制与人才梯队建设等工作。公司建立健全内部控制系统，治理结构规范，三会运作正常。公司积极拓展海外市场，出口业务收入同比增长12.1%，国际化布局初见成效。原材料价格波动对成本端形成一定压力，公司通过集中采购和套期保值部分对冲了成本上行风险。公司建设智能客服系统，应用自然语言处理技术实现工单自动分类。,脚本生成演示语料(step0_make_demo_corpus.py),公司与高校联合开展深度学习算法研究，赋能产品智能设计。受行业周期影响，部分产品价格有所回落，公司及时调整销售策略，库存水平保持在合理范围。受行业周期影响，部分产品价格有所回落，公司及时调整销售策略，库存水平保持在合理范围。下半年公司将围绕年度经营计划，重点做好市场开拓、成本控制与人才梯队建设等工作。报告期内公司客户结构进一步优化，前五大客户收入占比为55.1%，客户集中度处于合理区间。公司持续加大研发投入，研发费用占营业收入比例为4.4%，围绕精细化工产品开展技术攻关。公司上线智能排产系统，通过智能算法优化生产计划排程。公司推进计算机视觉技术在生产线上的应用，实现关键工序自动检测。面对市场竞争加剧，公司加大渠道建设力度，经销商数量增加45家，覆盖区域进一步扩大。下半年公司将围绕年度经营计划，重点做好市场开拓、成本控制与人才梯队建设等工作。公司建立健全内部控制系统，治理结构规范，三会运作正常。公司积极拓展海外市场，出口业务收入同比增长12.1%，国际化布局初见成效。原材料价格波动对成本端形成一定压力，公司通过集中采购和套期保值部分对冲了成本上行风险。公司建设智能客服系统，应用自然语言处理技术实现工单自动分类。,高校 联合 深度学习 算法 研究 赋能 产品 智能 设计 行业 周期 影响 产品价格 有所 回落 及时 调整 销售策略 库存 水平 合理 范围 行业 周期 影响 产品价格 有所 回落 及时 调整 销售策略 库存 水平 合理 范围 下半年 年度 经营 做好 市场 开拓 成本 控制 人才 梯队 建设 客户 结构 优化 五大 客户 收入 客户 集中度 处于 合理 区间 持续 加大 研发 投入 研发 费用 营业 收入 比例 精细化工 产品 技术 攻关 上线 智能 排产 系统 智能算法 优化 生产 排程 计算机视觉 技术 生产线 应用 关键 工序 自动检测 面对 市场竞争 加剧 加大 渠道 建设 力度 经销商 数量 覆盖 区域 扩大 下半年 年度 经营 做好 市场 开拓 成本 控制 人才 梯队 建设 建立健全 内部 控制系统 治理 结构 规范 三会 运作 拓展 海外 市场 出口 业务收入 国际化 布局 初见成效 原材料 价格 波动 成本 形成 一定 压力 集中 采购 套期 保值 对冲 成本 上行 风险 建设 智能 客服 系统 应用 自然语言处理 技术 工单 自动 分类,149
DEMO004,演示DEMO004股份有限公司,房地产,2023,年度报告,公司利用智能合约技术自动执行供应商结算条款。报告期内公司客户结构进一步优化，前五大客户收入占比为32.5%，客户集中度处于合理区间。公司制定数字化转型规划，成立数字化管理委员会统筹推进。报告期内人民币汇率波动加大，公司通过远期结售汇业务降低了汇兑损失。公司持续加大研发投入，研发费用占营业收入比例为3.2%，围绕建材开展技术攻关。公司推动业务流程线上化，无纸化办公覆盖全部业务部门。公司制定数字化转型规划，成立数字化管理委员会统筹推进。受行业周期影响，部分产品价格有所回落，公司及时调整销售策略，库存水平保持在合理范围。公司评估公有云与私有云方案，逐步构建统一算力资源池。原材料价格波动对成本端形成一定压力，公司通过集中采购和套期保值部分对冲了成本上行风险。公司运用数据挖掘技术分析客户行为，实现精准营销。公司持续加大研发投入，研发费用占营业收入比例为3.2%，围绕电子元器件开展技术攻关。公司基于云平台搭建协同办公体系，跨区域协作效率提升。公司制定数字化转型规划，成立数字化管理委员会统筹推进。公司深耕西南市场，区域市场份额稳中有升，品牌影响力持续增强。公司深耕华北市场，区域市场份额稳中有升，品牌影响力持续增强。公司推进智能制造升级，数字化车间已通过省级认定。公司试点数字人民币结算场景，丰富收款渠道。公司高度重视安全生产与环境保护，报告期内未发生重大安全事故。报告期内，公司获得高新技术企业资质认定，享受相应税收优惠政策。,脚本生成演示语料(step0_make_demo_corpus.py),公司利用智能合约技术自动执行供应商结算条款。报告期内公司客户结构进一步优化，前五大客户收入占比为32.5%，客户集中度处于合理区间。公司制定数字化转型规划，成立数字化管理委员会统筹推进。报告期内人民币汇率波动加大，公司通过远期结售汇业务降低了汇兑损失。公司持续加大研发投入，研发费用占营业收入比例为3.2%，围绕建材开展技术攻关。公司推动业务流程线上化，无纸化办公覆盖全部业务部门。公司制定数字化转型规划，成立数字化管理委员会统筹推进。受行业周期影响，部分产品价格有所回落，公司及时调整销售策略，库存水平保持在合理范围。公司评估公有云与私有云方案，逐步构建统一算力资源池。原材料价格波动对成本端形成一定压力，公司通过集中采购和套期保值部分对冲了成本上行风险。公司运用数据挖掘技术分析客户行为，实现精准营销。公司持续加大研发投入，研发费用占营业收入比例为3.2%，围绕电子元器件开展技术攻关。公司基于云平台搭建协同办公体系，跨区域协作效率提升。公司制定数字化转型规划，成立数字化管理委员会统筹推进。公司深耕西南市场，区域市场份额稳中有升，品牌影响力持续增强。公司深耕华北市场，区域市场份额稳中有升，品牌影响力持续增强。公司推进智能制造升级，数字化车间已通过省级认定。公司试点数字人民币结算场景，丰富收款渠道。公司高度重视安全生产与环境保护，报告期内未发生重大安全事故。报告期内，公司获得高新技术企业资质认定，享受相应税收优惠政策。,利用 智能合约 技术 自动 供应商 结算 条款 客户 结构 优化 五大 客户 收入 客户 集中度 处于 合理 区间 制定 数字化转型 规划 成立 数字化 管理 委员会 统筹 人民币 汇率 波动 加大 远期 结售汇 业务 降低 汇兑 损失 持续 加大 研发 投入 研发 费用 营业 收入 比例 建材 技术 攻关 业务流程 上化 无纸化 办公 覆盖 全部 业务部门 制定 数字化转型 规划 成立 数字化 管理 委员会 统筹 行业 周期 影响 产品价格 有所 回落 及时 调整 销售策略 库存 水平 合理 范围 评估 公有 私有 方案 逐步 构建 统一 算力 资源 原材料 价格 波动 成本 形成 一定 压力 集中 采购 套期 保值 对冲 成本 上行 风险 运用 数据挖掘 技术 分析 客户 行为 精准 营销 持续 加大 研发 投入 研发 费用 营业 收入 比例 电子 元器件 技术 攻关 基于 平台 搭建 协同 办公 体系 区域 协作 效率 制定 数字化转型 规划 成立 数字化 管理 委员会 统筹 深耕 西南 市场 区域 市场份额 稳中有升 品牌 影响力 持续 增强 深耕 华北 市场 区域 市场份额 稳中有升 品牌 影响力 持续 增强 智能制造 升级 数字化 车间 省级 认定 试点 数字人民币 结算 场景 丰富 收款 渠道 高度重视 安全 生产 环境保护 发生 重大 安全事故 获得 高新技术 企业资质 认定 享受 相应 税收 优惠政策,186
DEMO004,演示DEMO004股份有限公司,房地产,2024,年度报告,公司参与行业区块链联盟，推动供应链单证电子化与可信流转。公司构建经营分析数据仓库，管理层可实时查看核心经营指标。公司参与行业区块链联盟，推动供应链单证电子化与可信流转。公司持续优化产品结构，食品饮料业务占比稳步提升，毛利率较上年下降1.5个百分点。公司持续优化产品结构，高端装备业务占比稳步提升，毛利率较上年下降0.8个百分点。公司开展数据治理体系建设，统一主数据标准，提升数据资产质量。公司推进智能制造升级，数字化车间已通过省级认定。公司深耕华南市场，区域市场份额稳中有升，品牌影响力持续增强。公司探索区块链技术在产品溯源中的应用，实现全流程信息上链。公司持续加大研发投入，研发费用占营业收入比例为3.2%，围绕纺织服装开展技术攻关。公司评估公有云与私有云方案，逐步构建统一算力资源池。公司基于云平台搭建协同办公体系，跨区域协作效率提升。公司核心业务系统迁移上云，采用混合云架构降低IT运维成本。面对市场竞争加剧，公司加大渠道建设力度，经销商数量增加210家，覆盖区域进一步扩大。公司开展数据治理体系建设，统一主数据标准，提升数据资产质量。公司持续优化产品结构，建材业务占比稳步提升，毛利率较上年下降0.8个百分点。报告期内，公司实现营业收入63.7亿元，同比增长-1.8%，主要得益于主营业务产销规模扩大。公司本期新增专利授权22项，累计有效专利38项，技术储备进一步夯实。公司构建经营分析数据仓库，管理层可实时查看核心经营指标。报告期内人民币汇率波动加大，公司通过远期结售汇业务降低了汇兑损失。公司推动业务流程线上化，无纸化办公覆盖全部业务部门。公司构建智慧物流体系，仓储分拣自动化水平显著提高。,脚本生成演示语料(step0_make_demo_corpus.py),公司参与行业区块链联盟，推动供应链单证电子化与可信流转。公司构建经营分析数据仓库，管理层可实时查看核心经营指标。公司参与行业区块链联盟，推动供应链单证电子化与可信流转。公司持续优化产品结构，食品饮料业务占比稳步提升，毛利率较上年下降1.5个百分点。公司持续优化产品结构，高端装备业务占比稳步提升，毛利率较上年下降0.8个百分点。公司开展数据治理体系建设，统一主数据标准，提升数据资产质量。公司推进智能制造升级，数字化车间已通过省级认定。公司深耕华南市场，区域市场份额稳中有升，品牌影响力持续增强。公司探索区块链技术在产品溯源中的应用，实现全流程信息上链。公司持续加大研发投入，研发费用占营业收入比例为3.2%，围绕纺织服装开展技术攻关。公司评估公有云与私有云方案，逐步构建统一算力资源池。公司基于云平台搭建协同办公体系，跨区域协作效率提升。公司核心业务系统迁移上云，采用混合云架构降低IT运维成本。面对市场竞争加剧，公司加大渠道建设力度，经销商数量增加210家，覆盖区域进一步扩大。公司开展数据治理体系建设，统一主数据标准，提升数据资产质量。公司持续优化产品结构，建材业务占比稳步提升，毛利率较上年下降0.8个百分点。报告期内，公司实现营业收入63.7亿元，同比增长-1.8%，主要得益于主营业务产销规模扩大。公司本期新增专利授权22项，累计有效专利38项，技术储备进一步夯实。公司构建经营分析数据仓库，管理层可实时查看核心经营指标。报告期内人民币汇率波动加大，公司通过远期结售汇业务降低了汇兑损失。公司推动业务流程线上化，无纸化办公覆盖全部业务部门。公司构建智慧物流体系，仓储分拣自动化水平显著提高。,参与 行业 区块链 联盟 供应链 单证 电子化 可信 流转 构建 经营 分析 数据仓库 管理层 实时 查看 核心 经营 指标 参与 行业 区块链 联盟 供应链 单证 电子化 可信 流转 持续 优化 产品 结构 食品饮料 业务 毛利率 百分点 持续 优化 产品 结构 高端 装备 业务 毛利率 百分点 数据 治理 体系 建设 统一 数据 标准 数据 资产 质量 智能制造 升级 数字化 车间 省级 认定 深耕 华南 市场 区域 市场份额 稳中有升 品牌 影响力 持续 增强 探索 区块链 技术 产品 溯源 应用 流程 信息 持续 加大 研发 投入 研发 费用 营业 收入 比例 纺织 服装 技术 攻关 评估 公有 私有 方案 逐步 构建 统一 算力 资源 基于 平台 搭建 协同 办公 体系 区域 协作 效率 核心 业务 系统 迁移 上云 采用 混合 架构 降低 IT 运维 成本 面对 市场竞争 加剧 加大 渠道 建设 力度 经销商 数量 覆盖 区域 扩大 数据 治理 体系 建设 统一 数据 标准 数据 资产 质量 持续 优化 产品 结构 建材 业务 毛利率 百分点 营业 收入 得益于 主营业务 产销 规模 扩大 本期 新增 专利 授权 专利 技术储备 夯实 构建 经营 分析 数据仓库 管理层 实时 查看 核心 经营 指标 人民币 汇率 波动 加大 远期 结售汇 业务 降低 汇兑 损失 业务流程 上化 无纸化 办公 覆盖 全部 业务部门 构建 智慧物流 体系 仓储 分拣 自动化 水平,200
DEMO005,演示DEMO005股份有限公司,农林牧渔,2020,年度报告,公司继续推进产能建设，高端装备项目一期已投产，预计达产后年新增产能3万吨。公司采购云服务替代传统服务器部署，系统上线周期大幅缩短。公司持续优化产品结构，精细化工产品业务占比稳步提升，毛利率较上年下降0.8个百分点。公司与高校联合开展深度学习算法研究，赋能产品智能设计。报告期内，公司实现营业收入45.2亿元，同比增长8.5%，主要得益于主营业务产销规模扩大。公司现金流状况良好，经营活动现金流量净额为12.4亿元，资产负债结构稳健。报告期内人民币汇率波动加大，公司通过远期结售汇业务降低了汇兑损失。报告期内，公司获得高新技术企业资质认定，享受相应税收优惠政策。公司继续推进产能建设，纺织服装项目一期已投产，预计达产后年新增产能8万吨。公司应用数字孪生技术对重点产线进行虚拟建模与仿真优化。公司高度重视安全生产与环境保护，报告期内未发生重大安全事故。公司构建智慧物流体系，仓储分拣自动化水平显著提高。,脚本生成演示语料(step0_make_demo_corpus.py),公司继续推进产能建设，高端装备项目一期已投产，预计达产后年新增产能3万吨。公司采购云服务替代传统服务器部署，系统上线周期大幅缩短。公司持续优化产品结构，精细化工产品业务占比稳步提升，毛利率较上年下降0.8个百分点。公司与高校联合开展深度学习算法研究，赋能产品智能设计。报告期内，公司实现营业收入45.2亿元，同比增长8.5%，主要得益于主营业务产销规模扩大。公司现金流状况良好，经营活动现金流量净额为12.4亿元，资产负债结构稳健。报告期内人民币汇率波动加大，公司通过远期结售汇业务降低了汇兑损失。报告期内，公司获得高新技术企业资质认定，享受相应税收优惠政策。公司继续推进产能建设，纺织服装项目一期已投产，预计达产后年新增产能8万吨。公司应用数字孪生技术对重点产线进行虚拟建模与仿真优化。公司高度重视安全生产与环境保护，报告期内未发生重大安全事故。公司构建智慧物流体系，仓储分拣自动化水平显著提高。,产能 建设 高端 装备 项目 一期 投产 预计 达产 新增 产能 万吨 采购 服务 替代 传统 服务器 部署 系统 上线 周期 大幅 缩短 持续 优化 产品 结构 精细化工 产品 业务 毛利率 百分点 高校 联合 深度学习 算法 研究 赋能 产品 智能 设计 营业 收入 得益于 主营业务 产销 规模 扩大 现金流 状况良好 经营 活动 现金流量 净额 资产负债 结构 稳健 人民币 汇率 波动 加大 远期 结售汇 业务 降低 汇兑 损失 获得 高新技术 企业资质 认定 享受 相应 税收 优惠政策 产能 建设 纺织 服装 项目 一期 投产 预计 达产 新增 产能 万吨 应用 数字孪生 技术 产线 虚拟 建模 仿真 优化 高度重视 安全 生产 环境保护 发生 重大 安全事故 构建 智慧物流 体系 仓储 分拣 自动化 水平,109
DEMO005,演示DEMO005股份有限公司,农林牧渔,2021,年度报告,面对市场竞争加剧，公司加大渠道建设力度，经销商数量增加45家，覆盖区域进一步扩大。原材料价格波动对成本端形成一定压力，公司通过集中采购和套期保值部分对冲了成本上行风险。原材料价格波动对成本端形成一定压力，公司通过集中采购和套期保值部分对冲了成本上行风险。受行业周期影响，部分产品价格有所回落，公司及时调整销售策略，库存水平保持在合理范围。公司高度重视安全生产与环境保护，报告期内未发生重大安全事故。报告期内人民币汇率波动加大，公司通过远期结售汇业务降低了汇兑损失。公司继续推进产能建设，精细化工产品项目一期已投产，预计达产后年新增产能3万吨。原材料价格波动对成本端形成一定压力，公司通过集中采购和套期保值部分对冲了成本上行风险。下半年公司将围绕年度经营计划，重点做好市场开拓、成本控制与人才梯队建设等工作。,脚本生成演示语料(step0_make_demo_corpus.py),面对市场竞争加剧，公司加大渠道建设力度，经销商数量增加45家，覆盖区域进一步扩大。原材料价格波动对成本端形成一定压力，公司通过集中采购和套期保值部分对冲了成本上行风险。原材料价格波动对成本端形成一定压力，公司通过集中采购和套期保值部分对冲了成本上行风险。受行业周期影响，部分产品价格有所回落，公司及时调整销售策略，库存水平保持在合理范围。公司高度重视安全生产与环境保护，报告期内未发生重大安全事故。报告期内人民币汇率波动加大，公司通过远期结售汇业务降低了汇兑损失。公司继续推进产能建设，精细化工产品项目一期已投产，预计达产后年新增产能3万吨。原材料价格波动对成本端形成一定压力，公司通过集中采购和套期保值部分对冲了成本上行风险。下半年公司将围绕年度经营计划，重点做好市场开拓、成本控制与人才梯队建设等工作。,面对 市场竞争 加剧 加大 渠道 建设 力度 经销商 数量 覆盖 区域 扩大 原材料 价格 波动 成本 形成 一定 压力 集中 采购 套期 保值 对冲 成本 上行 风险 原材料 价格 波动 成本 形成 一定 压力 集中 采购 套期 保值 对冲 成本 上行 风险 行业 周期 影响 产品价格 有所 回落 及时 调整 销售策略 库存 水平 合理 范围 高度重视 安全 生产 环境保护 发生 重大 安全事故 人民币 汇率 波动 加大 远期 结售汇 业务 降低 汇兑 损失 产能 建设 精细化工 产品 项目 一期 投产 预计 达产 新增 产能 万吨 原材料 价格 波动 成本 形成 一定 压力 集中 采购 套期 保值 对冲 成本 上行 风险 下半年 年度 经营 做好 市场 开拓 成本 控制 人才 梯队 建设,110
DEMO005,演示DEMO005股份有限公司,农林牧渔,2022,年度报告,公司现金流状况良好，经营活动现金流量净额为3.2亿元，资产负债结构稳健。公司持续加大研发投入，研发费用占营业收入比例为3.2%，围绕精细化工产品开展技术攻关。公司运用数据挖掘技术分析客户行为，实现精准营销。报告期内人民币汇率波动加大，公司通过远期结售汇业务降低了汇兑损失。报告期内公司无重大诉讼仲裁事项，各项经营活动正常开展。报告期内人民币汇率波动加大，公司通过远期结售汇业务降低了汇兑损失。公司深耕华南市场，区域市场份额稳中有升，品牌影响力持续增强。公司深耕华北市场，区域市场份额稳中有升，品牌影响力持续增强。公司建设大数据平台，整合生产、销售与供应链数据，支撑经营决策。公司本期新增专利授权15项，累计有效专利56项，技术储备进一步夯实。报告期内，公司实现营业收入63.7亿元，同比增长22.7%，主要得益于主营业务产销规模扩大。,脚本生成演示语料(step0_make_demo_corpus.py),公司现金流状况良好，经营活动现金流量净额为3.2亿元，资产负债结构稳健。公司持续加大研发投入，研发费用占营业收入比例为3.2%，围绕精细化工产品开展技术攻关。公司运用数据挖掘技术分析客户行为，实现精准营销。报告期内人民币汇率波动加大，公司通过远期结售汇业务降低了汇兑损失。报告期内公司无重大诉讼仲裁事项，各项经营活动正常开展。报告期内人民币汇率波动加大，公司通过远期结售汇业务降低了汇兑损失。公司深耕华南市场，区域市场份额稳中有升，品牌影响力持续增强。公司深耕华北市场，区域市场份额稳中有升，品牌影响力持续增强。公司建设大数据平台，整合生产、销售与供应链数据，支撑经营决策。公司本期新增专利授权15项，累计有效专利56项，技术储备进一步夯实。报告期内，公司实现营业收入63.7亿元，同比增长22.7%，主要得益于主营业务产销规模扩大。,现金流 状况良好 经营 活动 现金流量 净额 资产负债 结构 稳健 持续 加大 研发 投入 研发 费用 营业 收入 比例 精细化工 产品 技术 攻关 运用 数据挖掘 技术 分析 客户 行为 精准 营销 人民币 汇率 波动 加大 远期 结售汇 业务 降低 汇兑 损失 重大 诉讼 仲裁 事项 经营 活动 人民币 汇率 波动 加大 远期 结售汇 业务 降低 汇兑 损失 深耕 华南 市场 区域 市场份额 稳中有升 品牌 影响力 持续 增强 深耕 华北 市场 区域 市场份额 稳中有升 品牌 影响力 持续 增强 建设 大数据 平台 整合 生产 销售 供应链 数据 支撑 经营 决策 本期 新增 专利 授权 专利 技术储备 夯实 营业 收入 得益于 主营业务 产销 规模 扩大,101
DEMO005,演示DEMO005股份有限公司,农林牧渔,2023,年度报告,报告期内，公司获得高新技术企业资质认定，享受相应税收优惠政策。报告期内公司无重大诉讼仲裁事项，各项经营活动正常开展。公司积极拓展海外市场，出口业务收入同比增长12.1%，国际化布局初见成效。报告期内，公司获得高新技术企业资质认定，享受相应税收优惠政策。公司继续推进产能建设，纺织服装项目一期已投产，预计达产后年新增产能12万吨。报告期内，公司获得高新技术企业资质认定，享受相应税收优惠政策。报告期内，公司获得高新技术企业资质认定，享受相应税收优惠政策。公司持续加大研发投入，研发费用占营业收入比例为2.6%，围绕食品饮料开展技术攻关。公司推动业务流程线上化，无纸化办公覆盖全部业务部门。公司数据中心一期建成投用，具备 PB 级数据存储与计算能力。报告期内公司客户结构进一步优化，前五大客户收入占比为41.8%，客户集中度处于合理区间。公司主要客户为行业龙头企业，合作关系稳定，应收账款回款情况良好。公司高度重视安全生产与环境保护，报告期内未发生重大安全事故。,脚本生成演示语料(step0_make_demo_corpus.py),报告期内，公司获得高新技术企业资质认定，享受相应税收优惠政策。报告期内公司无重大诉讼仲裁事项，各项经营活动正常开展。公司积极拓展海外市场，出口业务收入同比增长12.1%，国际化布局初见成效。报告期内，公司获得高新技术企业资质认定，享受相应税收优惠政策。公司继续推进产能建设，纺织服装项目一期已投产，预计达产后年新增产能12万吨。报告期内，公司获得高新技术企业资质认定，享受相应税收优惠政策。报告期内，公司获得高新技术企业资质认定，享受相应税收优惠政策。公司持续加大研发投入，研发费用占营业收入比例为2.6%，围绕食品饮料开展技术攻关。公司推动业务流程线上化，无纸化办公覆盖全部业务部门。公司数据中心一期建成投用，具备 PB 级数据存储与计算能力。报告期内公司客户结构进一步优化，前五大客户收入占比为41.8%，客户集中度处于合理区间。公司主要客户为行业龙头企业，合作关系稳定，应收账款回款情况良好。公司高度重视安全生产与环境保护，报告期内未发生重大安全事故。,获得 高新技术 企业资质 认定 享受 相应 税收 优惠政策 重大 诉讼 仲裁 事项 经营 活动 拓展 海外 市场 出口 业务收入 国际化 布局 初见成效 获得 高新技术 企业资质 认定 享受 相应 税收 优惠政策 产能 建设 纺织 服装 项目 一期 投产 预计 达产 新增 产能 万吨 获得 高新技术 企业资质 认定 享受 相应 税收 优惠政策 获得 高新技术 企业资质 认定 享受 相应 税收 优惠政策 持续 加大 研发 投入 研发 费用 营业 收入 比例 食品饮料 技术 攻关 业务流程 上化 无纸化 办公 覆盖 全部 业务部门 数据中心 一期 建成 投用 具备 PB 数据 存储 计算能力 客户 结构 优化 五大 客户 收入 客户 集中度 处于 合理 区间 客户 行业龙头 企业 合作 关系 应收 账款 回款 高度重视 安全 生产 环境保护 发生 重大 安全事故,112
DEMO005,演示DEMO005股份有限公司,农林牧渔,2024,年度报告,公司持续优化产品结构，高端装备业务占比稳步提升，毛利率较上年持平个百分点。本年度公司人力成本略有上升，管理费用率保持稳定，费用管控成效显现。公司积极拓展海外市场，出口业务收入同比增长30.5%，国际化布局初见成效。公司高度重视安全生产与环境保护，报告期内未发生重大安全事故。报告期内公司客户结构进一步优化，前五大客户收入占比为28.3%，客户集中度处于合理区间。报告期内，公司实现营业收入8.9亿元，同比增长15.2%，主要得益于主营业务产销规模扩大。公司现金流状况良好，经营活动现金流量净额为12.4亿元，资产负债结构稳健。公司推进经营管理信息化，上线新一代ERP系统实现业财一体。下半年公司将围绕年度经营计划，重点做好市场开拓、成本控制与人才梯队建设等工作。公司本期新增专利授权3项，累计有效专利38项，技术储备进一步夯实。报告期内，公司获得高新技术企业资质认定，享受相应税收优惠政策。公司持续加大研发投入，研发费用占营业收入比例为4.4%，围绕纺织服装开展技术攻关。,脚本生成演示语料(step0_make_demo_corpus.py),公司持续优化产品结构，高端装备业务占比稳步提升，毛利率较上年持平个百分点。本年度公司人力成本略有上升，管理费用率保持稳定，费用管控成效显现。公司积极拓展海外市场，出口业务收入同比增长30.5%，国际化布局初见成效。公司高度重视安全生产与环境保护，报告期内未发生重大安全事故。报告期内公司客户结构进一步优化，前五大客户收入占比为28.3%，客户集中度处于合理区间。报告期内，公司实现营业收入8.9亿元，同比增长15.2%，主要得益于主营业务产销规模扩大。公司现金流状况良好，经营活动现金流量净额为12.4亿元，资产负债结构稳健。公司推进经营管理信息化，上线新一代ERP系统实现业财一体。下半年公司将围绕年度经营计划，重点做好市场开拓、成本控制与人才梯队建设等工作。公司本期新增专利授权3项，累计有效专利38项，技术储备进一步夯实。报告期内，公司获得高新技术企业资质认定，享受相应税收优惠政策。公司持续加大研发投入，研发费用占营业收入比例为4.4%，围绕纺织服装开展技术攻关。,持续 优化 产品 结构 高端 装备 业务 毛利率 持平 百分点 本年度 人力 成本 略有 管理 费用率 保持稳定 费用 管控 成效 显现 拓展 海外 市场 出口 业务收入 国际化 布局 初见成效 高度重视 安全 生产 环境保护 发生 重大 安全事故 客户 结构 优化 五大 客户 收入 客户 集中度 处于 合理 区间 营业 收入 得益于 主营业务 产销 规模 扩大 现金流 状况良好 经营 活动 现金流量 净额 资产负债 结构 稳健 经营 管理 信息化 上线 新一代 ERP 系统 业财一体 下半年 年度 经营 做好 市场 开拓 成本 控制 人才 梯队 建设 本期 新增 专利 授权 专利 技术储备 夯实 获得 高新技术 企业资质 认定 享受 相应 税收 优惠政策 持续 加大 研发 投入 研发 费用 营业 收入 比例 纺织 服装 技术 攻关,110
DEMO006,演示DEMO006股份有限公司,信息技术,2020,年度报告,报告期内公司无重大诉讼仲裁事项，各项经营活动正常开展。公司开展数据治理体系建设，统一主数据标准，提升数据资产质量。公司基于云平台搭建协同办公体系，跨区域协作效率提升。公司基于云平台搭建协同办公体系，跨区域协作效率提升。公司探索区块链技术在产品溯源中的应用，实现全流程信息上链。公司深耕华南市场，区域市场份额稳中有升，品牌影响力持续增强。原材料价格波动对成本端形成一定压力，公司通过集中采购和套期保值部分对冲了成本上行风险。公司探索区块链技术在产品溯源中的应用，实现全流程信息上链。公司基于云平台搭建协同办公体系，跨区域协作效率提升。公司建设智能客服系统，应用自然语言处理技术实现工单自动分类。公司建设大数据平台，整合生产、销售与供应链数据，支撑经营决策。公司深耕华东市场，区域市场份额稳中有升，品牌影响力持续增强。公司本期新增专利授权11项，累计有效专利38项，技术储备进一步夯实。公司探索区块链技术在产品溯源中的应用，实现全流程信息上链。公司积极拓展海外市场，出口业务收入同比增长9.4%，国际化布局初见成效。公司持续优化产品结构，高端装备业务占比稳步提升，毛利率较上年持平个百分点。下半年公司将围绕年度经营计划，重点做好市场开拓、成本控制与人才梯队建设等工作。公司建设工业互联网平台，实现设备联网与远程运维。公司参与行业区块链联盟，推动供应链单证电子化与可信流转。报告期内公司客户结构进一步优化，前五大客户收入占比为55.1%，客户集中度处于合理区间。公司建立健全内部控制系统，治理结构规范，三会运作正常。公司引入边缘计算设备，实现车间数据的就地处理与实时回传。公司建设大数据平台，整合生产、销售与供应链数据，支撑经营决策。报告期内，公司实现营业收入19.3亿元，同比增长8.5%，主要得益于主营业务产销规模扩大。公司积极拓展海外市场，出口业务收入同比增长18.9%，国际化布局初见成效。,脚本生成演示语料(step0_make_demo_corpus.py),报告期内公司无重大诉讼仲裁事项，各项经营活动正常开展。公司开展数据治理体系建设，统一主数据标准，提升数据资产质量。公司基于云平台搭建协同办公体系，跨区域协作效率提升。公司基于云平台搭建协同办公体系，跨区域协作效率提升。公司探索区块链技术在产品溯源中的应用，实现全流程信息上链。公司深耕华南市场，区域市场份额稳中有升，品牌影响力持续增强。原材料价格波动对成本端形成一定压力，公司通过集中采购和套期保值部分对冲了成本上行风险。公司探索区块链技术在产品溯源中的应用，实现全流程信息上链。公司基于云平台搭建协同办公体系，跨区域协作效率提升。公司建设智能客服系统，应用自然语言处理技术实现工单自动分类。公司建设大数据平台，整合生产、销售与供应链数据，支撑经营决策。公司深耕华东市场，区域市场份额稳中有升，品牌影响力持续增强。公司本期新增专利授权11项，累计有效专利38项，技术储备进一步夯实。公司探索区块链技术在产品溯源中的应用，实现全流程信息上链。公司积极拓展海外市场，出口业务收入同比增长9.4%，国际化布局初见成效。公司持续优化产品结构，高端装备业务占比稳步提升，毛利率较上年持平个百分点。下半年公司将围绕年度经营计划，重点做好市场开拓、成本控制与人才梯队建设等工作。公司建设工业互联网平台，实现设备联网与远程运维。公司参与行业区块链联盟，推动供应链单证电子化与可信流转。报告期内公司客户结构进一步优化，前五大客户收入占比为55.1%，客户集中度处于合理区间。公司建立健全内部控制系统，治理结构规范，三会运作正常。公司引入边缘计算设备，实现车间数据的就地处理与实时回传。公司建设大数据平台，整合生产、销售与供应链数据，支撑经营决策。报告期内，公司实现营业收入19.3亿元，同比增长8.5%，主要得益于主营业务产销规模扩大。公司积极拓展海外市场，出口业务收入同比增长18.9%，国际化布局初见成效。,重大 诉讼 仲裁 事项 经营 活动 数据 治理 体系 建设 统一 数据 标准 数据 资产 质量 基于 平台 搭建 协同 办公 体系 区域 协作 效率 基于 平台 搭建 协同 办公 体系 区域 协作 效率 探索 区块链 技术 产品 溯源 应用 流程 信息 深耕 华南 市场 区域 市场份额 稳中有升 品牌 影响力 持续 增强 原材料 价格 波动 成本 形成 一定 压力 集中 采购 套期 保值 对冲 成本 上行 风险 探索 区块链 技术 产品 溯源 应用 流程 信息 基于 平台 搭建 协同 办公 体系 区域 协作 效率 建设 智能 客服 系统 应用 自然语言处理 技术 工单 自动 分类 建设 大数据 平台 整合 生产 销售 供应链 数据 支撑 经营 决策 深耕 华东 市场 区域 市场份额 稳中有升 品牌 影响力 持续 增强 本期 新增 专利 授权 专利 技术储备 夯实 探索 区块链 技术 产品 溯源 应用 流程 信息 拓展 海外 市场 出口 业务收入 国际化 布局 初见成效 持续 优化 产品 结构 高端 装备 业务 毛利率 持平 百分点 下半年 年度 经营 做好 市场 开拓 成本 控制 人才 梯队 建设 建设 工业互联网 平台 设备 联网 远程 运维 参与 行业 区块链 联盟 供应链 单证 电子化 可信 流转 客户 结构 优化 五大 客户 收入 客户 集中度 处于 合理 区间 建立健全 内部 控制系统 治理 结构 规范 三会 运作 引入 边缘计算 设备 车间 数据 处理 实时 回传 建设 大数据 平台 整合 生产 销售 供应链 数据 支撑 经营 决策 营业 收入 得益于 主营业务 产销 规模 扩大 拓展 海外 市场 出口 业务收入 国际化 布局 初见成效,228
DEMO006,演示DEMO006股份有限公司,信息技术,2021,年度报告,原材料价格波动对成本端形成一定压力，公司通过集中采购和套期保值部分对冲了成本上行风险。公司深耕华南市场，区域市场份额稳中有升，品牌影响力持续增强。公司研究基于分布式账本的对账机制，降低交易核对成本。原材料价格波动对成本端形成一定压力，公司通过集中采购和套期保值部分对冲了成本上行风险。公司与高校联合开展深度学习算法研究，赋能产品智能设计。报告期内公司无重大诉讼仲裁事项，各项经营活动正常开展。公司应用数字孪生技术对重点产线进行虚拟建模与仿真优化。公司持续加大研发投入，研发费用占营业收入比例为1.8%，围绕电子元器件开展技术攻关。公司基于云平台搭建协同办公体系，跨区域协作效率提升。公司本期新增专利授权22项，累计有效专利120项，技术储备进一步夯实。下半年公司将围绕年度经营计划，重点做好市场开拓、成本控制与人才梯队建设等工作。公司评估公有云与私有云方案，逐步构建统一算力资源池。公司本期新增专利授权15项，累计有效专利85项，技术储备进一步夯实。公司高度重视安全生产与环境保护，报告期内未发生重大安全事故。公司研究基于分布式账本的对账机制，降低交易核对成本。公司建立健全内部控制系统，治理结构规范，三会运作正常。公司评估公有云与私有云方案，逐步构建统一算力资源池。公司建立健全内部控制系统，治理结构规范，三会运作正常。公司应用数字孪生技术对重点产线进行虚拟建模与仿真优化。公司现金流状况良好，经营活动现金流量净额为5.8亿元，资产负债结构稳健。公司采购云服务替代传统服务器部署，系统上线周期大幅缩短。公司推进智能制造升级，数字化车间已通过省级认定。公司成立数据中台团队，推动业务数据化、数据业务化。公司建设工业互联网平台，实现设备联网与远程运维。公司参与行业区块链联盟，推动供应链单证电子化与可信流转。公司推动业务流程线上化，无纸化办公覆盖全部业务部门。公司采购云服务替代传统服务器部署，系统上线周期大幅缩短。,脚本生成演示语料(step0_make_demo_corpus.py),原材料价格波动对成本端形成一定压力，公司通过集中采购和套期保值部分对冲了成本上行风险。公司深耕华南市场，区域市场份额稳中有升，品牌影响力持续增强。公司研究基于分布式账本的对账机制，降低交易核对成本。原材料价格波动对成本端形成一定压力，公司通过集中采购和套期保值部分对冲了成本上行风险。公司与高校联合开展深度学习算法研究，赋能产品智能设计。报告期内公司无重大诉讼仲裁事项，各项经营活动正常开展。公司应用数字孪生技术对重点产线进行虚拟建模与仿真优化。公司持续加大研发投入，研发费用占营业收入比例为1.8%，围绕电子元器件开展技术攻关。公司基于云平台搭建协同办公体系，跨区域协作效率提升。公司本期新增专利授权22项，累计有效专利120项，技术储备进一步夯实。下半年公司将围绕年度经营计划，重点做好市场开拓、成本控制与人才梯队建设等工作。公司评估公有云与私有云方案，逐步构建统一算力资源池。公司本期新增专利授权15项，累计有效专利85项，技术储备进一步夯实。公司高度重视安全生产与环境保护，报告期内未发生重大安全事故。公司研究基于分布式账本的对账机制，降低交易核对成本。公司建立健全内部控制系统，治理结构规范，三会运作正常。公司评估公有云与私有云方案，逐步构建统一算力资源池。公司建立健全内部控制系统，治理结构规范，三会运作正常。公司应用数字孪生技术对重点产线进行虚拟建模与仿真优化。公司现金流状况良好，经营活动现金流量净额为5.8亿元，资产负债结构稳健。公司采购云服务替代传统服务器部署，系统上线周期大幅缩短。公司推进智能制造升级，数字化车间已通过省级认定。公司成立数据中台团队，推动业务数据化、数据业务化。公司建设工业互联网平台，实现设备联网与远程运维。公司参与行业区块链联盟，推动供应链单证电子化与可信流转。公司推动业务流程线上化，无纸化办公覆盖全部业务部门。公司采购云服务替代传统服务器部署，系统上线周期大幅缩短。,原材料 价格 波动 成本 形成 一定 压力 集中 采购 套期 保值 对冲 成本 上行 风险 深耕 华南 市场 区域 市场份额 稳中有升 品牌 影响力 持续 增强 研究 基于 分布式账本 对账 机制 降低 交易 核对 成本 原材料 价格 波动 成本 形成 一定 压力 集中 采购 套期 保值 对冲 成本 上行 风险 高校 联合 深度学习 算法 研究 赋能 产品 智能 设计 重大 诉讼 仲裁 事项 经营 活动 应用 数字孪生 技术 产线 虚拟 建模 仿真 优化 持续 加大 研发 投入 研发 费用 营业 收入 比例 电子 元器件 技术 攻关 基于 平台 搭建 协同 办公 体系 区域 协作 效率 本期 新增 专利 授权 专利 技术储备 夯实 下半年 年度 经营 做好 市场 开拓 成本 控制 人才 梯队 建设 评估 公有 私有 方案 逐步 构建 统一 算力 资源 本期 新增 专利 授权 专利 技术储备 夯实 高度重视 安全 生产 环境保护 发生 重大 安全事故 研究 基于 分布式账本 对账 机制 降低 交易 核对 成本 建立健全 内部 控制系统 治理 结构 规范 三会 运作 评估 公有 私有 方案 逐步 构建 统一 算力 资源 建立健全 内部 控制系统 治理 结构 规范 三会 运作 应用 数字孪生 技术 产线 虚拟 建模 仿真 优化 现金流 状况良好 经营 活动 现金流量 净额 资产负债 结构 稳健 采购 服务 替代 传统 服务器 部署 系统 上线 周期 大幅 缩短 智能制造 升级 数字化 车间 省级 认定 成立 数据中台 团队 业务 数据 数据业务 建设 工业互联网 平台 设备 联网 远程 运维 参与 行业 区块链 联盟 供应链 单证 电子化 可信 流转 业务流程 上化 无纸化 办公 覆盖 全部 业务部门 采购 服务 替代 传统 服务器 部署 系统 上线 周期 大幅 缩短,243
DEMO006,演示DEMO006股份有限公司,信息技术,2022,年度报告,公司持续加大研发投入，研发费用占营业收入比例为3.2%，围绕纺织服装开展技术攻关。公司应用数字孪生技术对重点产线进行虚拟建模与仿真优化。公司引入人工智能技术优化{prod}质检环节，缺陷识别准确率显著提升。公司持续优化产品结构，建材业务占比稳步提升，毛利率较上年持平个百分点。公司构建经营分析数据仓库，管理层可实时查看核心经营指标。公司引入边缘计算设备，实现车间数据的就地处理与实时回传。公司引入边缘计算设备，实现车间数据的就地处理与实时回传。公司推进智能制造升级，数字化车间已通过省级认定。公司建设智能客服系统，应用自然语言处理技术实现工单自动分类。公司制定数字化转型规划，成立数字化管理委员会统筹推进。公司推进智能制造升级，数字化车间已通过省级认定。受行业周期影响，部分产品价格有所回落，公司及时调整销售策略，库存水平保持在合理范围。公司推进智能制造升级，数字化车间已通过省级认定。公司现金流状况良好，经营活动现金流量净额为3.2亿元，资产负债结构稳健。公司引入人工智能技术优化{prod}质检环节，缺陷识别准确率显著提升。公司持续优化产品结构，高端装备业务占比稳步提升，毛利率较上年下降1.5个百分点。公司本期新增专利授权8项，累计有效专利85项，技术储备进一步夯实。公司建设大数据平台，整合生产、销售与供应链数据，支撑经营决策。本年度公司人力成本略有上升，管理费用率保持稳定，费用管控成效显现。公司部署机器学习算法对销售数据进行需求预测，库存周转效率明显改善。公司积极拓展海外市场，出口业务收入同比增长-6.3%，国际化布局初见成效。公司引入边缘计算设备，实现车间数据的就地处理与实时回传。公司引入人工智能技术优化{prod}质检环节，缺陷识别准确率显著提升。公司引入人工智能技术优化{prod}质检环节，缺陷识别准确率显著提升。公司引入边缘计算设备，实现车间数据的就地处理与实时回传。公司制定数字化转型规划，成立数字化管理委员会统筹推进。受行业周期影响，部分产品价格有所回落，公司及时调整销售策略，库存水平保持在合理范围。公司开展数据治理体系建设，统一主数据标准，提升数据资产质量。公司主要客户为行业龙头企业，合作关系稳定，应收账款回款情况良好。公司引入边缘计算设备，实现车间数据的就地处理与实时回传。公司试点数字人民币结算场景，丰富收款渠道。公司构建经营分析数据仓库，管理层可实时查看核心经营指标。,脚本生成演示语料(step0_make_demo_corpus.py),公司持续加大研发投入，研发费用占营业收入比例为3.2%，围绕纺织服装开展技术攻关。公司应用数字孪生技术对重点产线进行虚拟建模与仿真优化。公司引入人工智能技术优化{prod}质检环节，缺陷识别准确率显著提升。公司持续优化产品结构，建材业务占比稳步提升，毛利率较上年持平个百分点。公司构建经营分析数据仓库，管理层可实时查看核心经营指标。公司引入边缘计算设备，实现车间数据的就地处理与实时回传。公司引入边缘计算设备，实现车间数据的就地处理与实时回传。公司推进智能制造升级，数字化车间已通过省级认定。公司建设智能客服系统，应用自然语言处理技术实现工单自动分类。公司制定数字化转型规划，成立数字化管理委员会统筹推进。公司推进智能制造升级，数字化车间已通过省级认定。受行业周期影响，部分产品价格有所回落，公司及时调整销售策略，库存水平保持在合理范围。公司推进智能制造升级，数字化车间已通过省级认定。公司现金流状况良好，经营活动现金流量净额为3.2亿元，资产负债结构稳健。公司引入人工智能技术优化{prod}质检环节，缺陷识别准确率显著提升。公司持续优化产品结构，高端装备业务占比稳步提升，毛利率较上年下降1.5个百分点。公司本期新增专利授权8项，累计有效专利85项，技术储备进一步夯实。公司建设大数据平台，整合生产、销售与供应链数据，支撑经营决策。本年度公司人力成本略有上升，管理费用率保持稳定，费用管控成效显现。公司部署机器学习算法对销售数据进行需求预测，库存周转效率明显改善。公司积极拓展海外市场，出口业务收入同比增长-6.3%，国际化布局初见成效。公司引入边缘计算设备，实现车间数据的就地处理与实时回传。公司引入人工智能技术优化{prod}质检环节，缺陷识别准确率显著提升。公司引入人工智能技术优化{prod}质检环节，缺陷识别准确率显著提升。公司引入边缘计算设备，实现车间数据的就地处理与实时回传。公司制定数字化转型规划，成立数字化管理委员会统筹推进。受行业周期影响，部分产品价格有所回落，公司及时调整销售策略，库存水平保持在合理范围。公司开展数据治理体系建设，统一主数据标准，提升数据资产质量。公司主要客户为行业龙头企业，合作关系稳定，应收账款回款情况良好。公司引入边缘计算设备，实现车间数据的就地处理与实时回传。公司试点数字人民币结算场景，丰富收款渠道。公司构建经营分析数据仓库，管理层可实时查看核心经营指标。,持续 加大 研发 投入 研发 费用 营业 收入 比例 纺织 服装 技术 攻关 应用 数字孪生 技术 产线 虚拟 建模 仿真 优化 引入 人工智能 技术 优化 prod 质检 环节 缺陷 识别 准确率 持续 优化 产品 结构 建材 业务 毛利率 持平 百分点 构建 经营 分析 数据仓库 管理层 实时 查看 核心 经营 指标 引入 边缘计算 设备 车间 数据 处理 实时 回传 引入 边缘计算 设备 车间 数据 处理 实时 回传 智能制造 升级 数字化 车间 省级 认定 建设 智能 客服 系统 应用 自然语言处理 技术 工单 自动 分类 制定 数字化转型 规划 成立 数字化 管理 委员会 统筹 智能制造 升级 数字化 车间 省级 认定 行业 周期 影响 产品价格 有所 回落 及时 调整 销售策略 库存 水平 合理 范围 智能制造 升级 数字化 车间 省级 认定 现金流 状况良好 经营 活动 现金流量 净额 资产负债 结构 稳健 引入 人工智能 技术 优化 prod 质检 环节 缺陷 识别 准确率 持续 优化 产品 结构 高端 装备 业务 毛利率 百分点 本期 新增 专利 授权 专利 技术储备 夯实 建设 大数据 平台 整合 生产 销售 供应链 数据 支撑 经营 决策 本年度 人力 成本 略有 管理 费用率 保持稳定 费用 管控 成效 显现 部署 机器学习 算法 销售 数据 需求预测 库存 周转 效率 明显改善 拓展 海外 市场 出口 业务收入 国际化 布局 初见成效 引入 边缘计算 设备 车间 数据 处理 实时 回传 引入 人工智能 技术 优化 prod 质检 环节 缺陷 识别 准确率 引入 人工智能 技术 优化 prod 质检 环节 缺陷 识别 准确率 引入 边缘计算 设备 车间 数据 处理 实时 回传 制定 数字化转型 规划 成立 数字化 管理 委员会 统筹 行业 周期 影响 产品价格 有所 回落 及时 调整 销售策略 库存 水平 合理 范围 数据 治理 体系 建设 统一 数据 标准 数据 资产 质量 客户 行业龙头 企业 合作 关系 应收 账款 回款 引入 边缘计算 设备 车间 数据 处理 实时 回传 试点 数字人民币 结算 场景 丰富 收款 渠道 构建 经营 分析 数据仓库 管理层 实时 查看 核心 经营 指标,290
DEMO006,演示DEMO006股份有限公司,信息技术,2023,年度报告,报告期内公司客户结构进一步优化，前五大客户收入占比为32.5%，客户集中度处于合理区间。公司建立健全内部控制系统，治理结构规范，三会运作正常。公司数据中心一期建成投用，具备 PB 级数据存储与计算能力。报告期内人民币汇率波动加大，公司通过远期结售汇业务降低了汇兑损失。公司部署机器学习算法对销售数据进行需求预测，库存周转效率明显改善。公司上线智能排产系统，通过智能算法优化生产计划排程。公司参与行业区块链联盟，推动供应链单证电子化与可信流转。公司部署机器学习算法对销售数据进行需求预测，库存周转效率明显改善。公司采购云服务替代传统服务器部署，系统上线周期大幅缩短。公司基于云平台搭建协同办公体系，跨区域协作效率提升。公司开展数据治理体系建设，统一主数据标准，提升数据资产质量。公司应用数字孪生技术对重点产线进行虚拟建模与仿真优化。面对市场竞争加剧，公司加大渠道建设力度，经销商数量增加36家，覆盖区域进一步扩大。报告期内公司无重大诉讼仲裁事项，各项经营活动正常开展。公司参与行业区块链联盟，推动供应链单证电子化与可信流转。公司推动业务流程线上化，无纸化办公覆盖全部业务部门。公司与高校联合开展深度学习算法研究，赋能产品智能设计。公司研究基于分布式账本的对账机制，降低交易核对成本。公司上线智能排产系统，通过智能算法优化生产计划排程。受行业周期影响，部分产品价格有所回落，公司及时调整销售策略，库存水平保持在合理范围。公司探索区块链技术在产品溯源中的应用，实现全流程信息上链。公司开展数据治理体系建设，统一主数据标准，提升数据资产质量。公司评估公有云与私有云方案，逐步构建统一算力资源池。公司探索区块链技术在产品溯源中的应用，实现全流程信息上链。公司采购云服务替代传统服务器部署，系统上线周期大幅缩短。公司引入人工智能技术优化{prod}质检环节，缺陷识别准确率显著提升。公司研究基于分布式账本的对账机制，降低交易核对成本。公司构建智慧物流体系，仓储分拣自动化水平显著提高。公司开展数据治理体系建设，统一主数据标准，提升数据资产质量。公司核心业务系统迁移上云，采用混合云架构降低IT运维成本。面对市场竞争加剧，公司加大渠道建设力度，经销商数量增加88家，覆盖区域进一步扩大。公司引入边缘计算设备，实现车间数据的就地处理与实时回传。公司推动业务流程线上化，无纸化办公覆盖全部业务部门。面对市场竞争加剧，公司加大渠道建设力度，经销商数量增加36家，覆盖区域进一步扩大。,脚本生成演示语料(step0_make_demo_corpus.py),报告期内公司客户结构进一步优化，前五大客户收入占比为32.5%，客户集中度处于合理区间。公司建立健全内部控制系统，治理结构规范，三会运作正常。公司数据中心一期建成投用，具备 PB 级数据存储与计算能力。报告期内人民币汇率波动加大，公司通过远期结售汇业务降低了汇兑损失。公司部署机器学习算法对销售数据进行需求预测，库存周转效率明显改善。公司上线智能排产系统，通过智能算法优化生产计划排程。公司参与行业区块链联盟，推动供应链单证电子化与可信流转。公司部署机器学习算法对销售数据进行需求预测，库存周转效率明显改善。公司采购云服务替代传统服务器部署，系统上线周期大幅缩短。公司基于云平台搭建协同办公体系，跨区域协作效率提升。公司开展数据治理体系建设，统一主数据标准，提升数据资产质量。公司应用数字孪生技术对重点产线进行虚拟建模与仿真优化。面对市场竞争加剧，公司加大渠道建设力度，经销商数量增加36家，覆盖区域进一步扩大。报告期内公司无重大诉讼仲裁事项，各项经营活动正常开展。公司参与行业区块链联盟，推动供应链单证电子化与可信流转。公司推动业务流程线上化，无纸化办公覆盖全部业务部门。公司与高校联合开展深度学习算法研究，赋能产品智能设计。公司研究基于分布式账本的对账机制，降低交易核对成本。公司上线智能排产系统，通过智能算法优化生产计划排程。受行业周期影响，部分产品价格有所回落，公司及时调整销售策略，库存水平保持在合理范围。公司探索区块链技术在产品溯源中的应用，实现全流程信息上链。公司开展数据治理体系建设，统一主数据标准，提升数据资产质量。公司评估公有云与私有云方案，逐步构建统一算力资源池。公司探索区块链技术在产品溯源中的应用，实现全流程信息上链。公司采购云服务替代传统服务器部署，系统上线周期大幅缩短。公司引入人工智能技术优化{prod}质检环节，缺陷识别准确率显著提升。公司研究基于分布式账本的对账机制，降低交易核对成本。公司构建智慧物流体系，仓储分拣自动化水平显著提高。公司开展数据治理体系建设，统一主数据标准，提升数据资产质量。公司核心业务系统迁移上云，采用混合云架构降低IT运维成本。面对市场竞争加剧，公司加大渠道建设力度，经销商数量增加88家，覆盖区域进一步扩大。公司引入边缘计算设备，实现车间数据的就地处理与实时回传。公司推动业务流程线上化，无纸化办公覆盖全部业务部门。面对市场竞争加剧，公司加大渠道建设力度，经销商数量增加36家，覆盖区域进一步扩大。,客户 结构 优化 五大 客户 收入 客户 集中度 处于 合理 区间 建立健全 内部 控制系统 治理 结构 规范 三会 运作 数据中心 一期 建成 投用 具备 PB 数据 存储 计算能力 人民币 汇率 波动 加大 远期 结售汇 业务 降低 汇兑 损失 部署 机器学习 算法 销售 数据 需求预测 库存 周转 效率 明显改善 上线 智能 排产 系统 智能算法 优化 生产 排程 参与 行业 区块链 联盟 供应链 单证 电子化 可信 流转 部署 机器学习 算法 销售 数据 需求预测 库存 周转 效率 明显改善 采购 服务 替代 传统 服务器 部署 系统 上线 周期 大幅 缩短 基于 平台 搭建 协同 办公 体系 区域 协作 效率 数据 治理 体系 建设 统一 数据 标准 数据 资产 质量 应用 数字孪生 技术 产线 虚拟 建模 仿真 优化 面对 市场竞争 加剧 加大 渠道 建设 力度 经销商 数量 覆盖 区域 扩大 重大 诉讼 仲裁 事项 经营 活动 参与 行业 区块链 联盟 供应链 单证 电子化 可信 流转 业务流程 上化 无纸化 办公 覆盖 全部 业务部门 高校 联合 深度学习 算法 研究 赋能 产品 智能 设计 研究 基于 分布式账本 对账 机制 降低 交易 核对 成本 上线 智能 排产 系统 智能算法 优化 生产 排程 行业 周期 影响 产品价格 有所 回落 及时 调整 销售策略 库存 水平 合理 范围 探索 区块链 技术 产品 溯源 应用 流程 信息 数据 治理 体系 建设 统一 数据 标准 数据 资产 质量 评估 公有 私有 方案 逐步 构建 统一 算力 资源 探索 区块链 技术 产品 溯源 应用 流程 信息 采购 服务 替代 传统 服务器 部署 系统 上线 周期 大幅 缩短 引入 人工智能 技术 优化 prod 质检 环节 缺陷 识别 准确率 研究 基于 分布式账本 对账 机制 降低 交易 核对 成本 构建 智慧物流 体系 仓储 分拣 自动化 水平 数据 治理 体系 建设 统一 数据 标准 数据 资产 质量 核心 业务 系统 迁移 上云 采用 混合 架构 降低 IT 运维 成本 面对 市场竞争 加剧 加大 渠道 建设 力度 经销商 数量 覆盖 区域 扩大 引入 边缘计算 设备 车间 数据 处理 实时 回传 业务流程 上化 无纸化 办公 覆盖 全部 业务部门 面对 市场竞争 加剧 加大 渠道 建设 力度 经销商 数量 覆盖 区域 扩大,319
DEMO006,演示DEMO006股份有限公司,信息技术,2024,年度报告,公司运用数据挖掘技术分析客户行为，实现精准营销。公司运用数据挖掘技术分析客户行为，实现精准营销。公司继续推进产能建设，纺织服装项目一期已投产，预计达产后年新增产能8万吨。报告期内公司无重大诉讼仲裁事项，各项经营活动正常开展。公司数据中心一期建成投用，具备 PB 级数据存储与计算能力。公司推进计算机视觉技术在生产线上的应用，实现关键工序自动检测。公司构建智慧物流体系，仓储分拣自动化水平显著提高。公司探索区块链技术在产品溯源中的应用，实现全流程信息上链。公司持续加大研发投入，研发费用占营业收入比例为4.4%，围绕建材开展技术攻关。公司构建经营分析数据仓库，管理层可实时查看核心经营指标。公司与高校联合开展深度学习算法研究，赋能产品智能设计。公司核心业务系统迁移上云，采用混合云架构降低IT运维成本。公司建立健全内部控制系统，治理结构规范，三会运作正常。报告期内人民币汇率波动加大，公司通过远期结售汇业务降低了汇兑损失。下半年公司将围绕年度经营计划，重点做好市场开拓、成本控制与人才梯队建设等工作。报告期内公司无重大诉讼仲裁事项，各项经营活动正常开展。公司深耕东北市场，区域市场份额稳中有升，品牌影响力持续增强。报告期内公司客户结构进一步优化，前五大客户收入占比为41.8%，客户集中度处于合理区间。公司与高校联合开展深度学习算法研究，赋能产品智能设计。本年度公司人力成本略有上升，管理费用率保持稳定，费用管控成效显现。报告期内公司无重大诉讼仲裁事项，各项经营活动正常开展。公司采购云服务替代传统服务器部署，系统上线周期大幅缩短。公司参与行业区块链联盟，推动供应链单证电子化与可信流转。公司成立数据中台团队，推动业务数据化、数据业务化。公司成立数据中台团队，推动业务数据化、数据业务化。公司应用数字孪生技术对重点产线进行虚拟建模与仿真优化。,脚本生成演示语料(step0_make_demo_corpus.py),公司运用数据挖掘技术分析客户行为，实现精准营销。公司运用数据挖掘技术分析客户行为，实现精准营销。公司继续推进产能建设，纺织服装项目一期已投产，预计达产后年新增产能8万吨。报告期内公司无重大诉讼仲裁事项，各项经营活动正常开展。公司数据中心一期建成投用，具备 PB 级数据存储与计算能力。公司推进计算机视觉技术在生产线上的应用，实现关键工序自动检测。公司构建智慧物流体系，仓储分拣自动化水平显著提高。公司探索区块链技术在产品溯源中的应用，实现全流程信息上链。公司持续加大研发投入，研发费用占营业收入比例为4.4%，围绕建材开展技术攻关。公司构建经营分析数据仓库，管理层可实时查看核心经营指标。公司与高校联合开展深度学习算法研究，赋能产品智能设计。公司核心业务系统迁移上云，采用混合云架构降低IT运维成本。公司建立健全内部控制系统，治理结构规范，三会运作正常。报告期内人民币汇率波动加大，公司通过远期结售汇业务降低了汇兑损失。下半年公司将围绕年度经营计划，重点做好市场开拓、成本控制与人才梯队建设等工作。报告期内公司无重大诉讼仲裁事项，各项经营活动正常开展。公司深耕东北市场，区域市场份额稳中有升，品牌影响力持续增强。报告期内公司客户结构进一步优化，前五大客户收入占比为41.8%，客户集中度处于合理区间。公司与高校联合开展深度学习算法研究，赋能产品智能设计。本年度公司人力成本略有上升，管理费用率保持稳定，费用管控成效显现。报告期内公司无重大诉讼仲裁事项，各项经营活动正常开展。公司采购云服务替代传统服务器部署，系统上线周期大幅缩短。公司参与行业区块链联盟，推动供应链单证电子化与可信流转。公司成立数据中台团队，推动业务数据化、数据业务化。公司成立数据中台团队，推动业务数据化、数据业务化。公司应用数字孪生技术对重点产线进行虚拟建模与仿真优化。,运用 数据挖掘 技术 分析 客户 行为 精准 营销 运用 数据挖掘 技术 分析 客户 行为 精准 营销 产能 建设 纺织 服装 项目 一期 投产 预计 达产 新增 产能 万吨 重大 诉讼 仲裁 事项 经营 活动 数据中心 一期 建成 投用 具备 PB 数据 存储 计算能力 计算机视觉 技术 生产线 应用 关键 工序 自动检测 构建 智慧物流 体系 仓储 分拣 自动化 水平 探索 区块链 技术 产品 溯源 应用 流程 信息 持续 加大 研发 投入 研发 费用 营业 收入 比例 建材 技术 攻关 构建 经营 分析 数据仓库 管理层 实时 查看 核心 经营 指标 高校 联合 深度学习 算法 研究 赋能 产品 智能 设计 核心 业务 系统 迁移 上云 采用 混合 架构 降低 IT 运维 成本 建立健全 内部 控制系统 治理 结构 规范 三会 运作 人民币 汇率 波动 加大 远期 结售汇 业务 降低 汇兑 损失 下半年 年度 经营 做好 市场 开拓 成本 控制 人才 梯队 建设 重大 诉讼 仲裁 事项 经营 活动 深耕 东北 市场 区域 市场份额 稳中有升 品牌 影响力 持续 增强 客户 结构 优化 五大 客户 收入 客户 集中度 处于 合理 区间 高校 联合 深度学习 算法 研究 赋能 产品 智能 设计 本年度 人力 成本 略有 管理 费用率 保持稳定 费用 管控 成效 显现 重大 诉讼 仲裁 事项 经营 活动 采购 服务 替代 传统 服务器 部署 系统 上线 周期 大幅 缩短 参与 行业 区块链 联盟 供应链 单证 电子化 可信 流转 成立 数据中台 团队 业务 数据 数据业务 成立 数据中台 团队 业务 数据 数据业务 应用 数字孪生 技术 产线 虚拟 建模 仿真 优化,230
DEMO007,演示DEMO007股份有限公司,制造业,2020,年度报告,本年度公司人力成本略有上升，管理费用率保持稳定，费用管控成效显现。公司试点数字人民币结算场景，丰富收款渠道。公司建立健全内部控制系统，治理结构规范，三会运作正常。公司引入边缘计算设备，实现车间数据的就地处理与实时回传。公司建设工业互联网平台，实现设备联网与远程运维。公司发展电子商务业务，线上渠道收入占比持续提升。公司深耕东北市场，区域市场份额稳中有升，品牌影响力持续增强。公司现金流状况良好，经营活动现金流量净额为3.2亿元，资产负债结构稳健。公司高度重视安全生产与环境保护，报告期内未发生重大安全事故。公司采购云服务替代传统服务器部署，系统上线周期大幅缩短。公司研究基于分布式账本的对账机制，降低交易核对成本。报告期内人民币汇率波动加大，公司通过远期结售汇业务降低了汇兑损失。公司持续优化产品结构，电子元器件业务占比稳步提升，毛利率较上年上升1.2个百分点。公司研究基于分布式账本的对账机制，降低交易核对成本。公司试点数字人民币结算场景，丰富收款渠道。公司引入边缘计算设备，实现车间数据的就地处理与实时回传。下半年公司将围绕年度经营计划，重点做好市场开拓、成本控制与人才梯队建设等工作。报告期内公司无重大诉讼仲裁事项，各项经营活动正常开展。公司数据中心一期建成投用，具备 PB 级数据存储与计算能力。公司构建经营分析数据仓库，管理层可实时查看核心经营指标。公司研究基于分布式账本的对账机制，降低交易核对成本。公司建立健全内部控制系统，治理结构规范，三会运作正常。本年度公司人力成本略有上升，管理费用率保持稳定，费用管控成效显现。本年度公司人力成本略有上升，管理费用率保持稳定，费用管控成效显现。,脚本生成演示语料(step0_make_demo_corpus.py),本年度公司人力成本略有上升，管理费用率保持稳定，费用管控成效显现。公司试点数字人民币结算场景，丰富收款渠道。公司建立健全内部控制系统，治理结构规范，三会运作正常。公司引入边缘计算设备，实现车间数据的就地处理与实时回传。公司建设工业互联网平台，实现设备联网与远程运维。公司发展电子商务业务，线上渠道收入占比持续提升。公司深耕东北市场，区域市场份额稳中有升，品牌影响力持续增强。公司现金流状况良好，经营活动现金流量净额为3.2亿元，资产负债结构稳健。公司高度重视安全生产与环境保护，报告期内未发生重大安全事故。公司采购云服务替代传统服务器部署，系统上线周期大幅缩短。公司研究基于分布式账本的对账机制，降低交易核对成本。报告期内人民币汇率波动加大，公司通过远期结售汇业务降低了汇兑损失。公司持续优化产品结构，电子元器件业务占比稳步提升，毛利率较上年上升1.2个百分点。公司研究基于分布式账本的对账机制，降低交易核对成本。公司试点数字人民币结算场景，丰富收款渠道。公司引入边缘计算设备，实现车间数据的就地处理与实时回传。下半年公司将围绕年度经营计划，重点做好市场开拓、成本控制与人才梯队建设等工作。报告期内公司无重大诉讼仲裁事项，各项经营活动正常开展。公司数据中心一期建成投用，具备 PB 级数据存储与计算能力。公司构建经营分析数据仓库，管理层可实时查看核心经营指标。公司研究基于分布式账本的对账机制，降低交易核对成本。公司建立健全内部控制系统，治理结构规范，三会运作正常。本年度公司人力成本略有上升，管理费用率保持稳定，费用管控成效显现。本年度公司人力成本略有上升，管理费用率保持稳定，费用管控成效显现。,本年度 人力 成本 略有 管理 费用率 保持稳定 费用 管控 成效 显现 试点 数字人民币 结算 场景 丰富 收款 渠道 建立健全 内部 控制系统 治理 结构 规范 三会 运作 引入 边缘计算 设备 车间 数据 处理 实时 回传 建设 工业互联网 平台 设备 联网 远程 运维 发展 电子商务 业务 线上 渠道 收入 持续 深耕 东北 市场 区域 市场份额 稳中有升 品牌 影响力 持续 增强 现金流 状况良好 经营 活动 现金流量 净额 资产负债 结构 稳健 高度重视 安全 生产 环境保护 发生 重大 安全事故 采购 服务 替代 传统 服务器 部署 系统 上线 周期 大幅 缩短 研究 基于 分布式账本 对账 机制 降低 交易 核对 成本 人民币 汇率 波动 加大 远期 结售汇 业务 降低 汇兑 损失 持续 优化 产品 结构 电子 元器件 业务 毛利率 百分点 研究 基于 分布式账本 对账 机制 降低 交易 核对 成本 试点 数字人民币 结算 场景 丰富 收款 渠道 引入 边缘计算 设备 车间 数据 处理 实时 回传 下半年 年度 经营 做好 市场 开拓 成本 控制 人才 梯队 建设 重大 诉讼 仲裁 事项 经营 活动 数据中心 一期 建成 投用 具备 PB 数据 存储 计算能力 构建 经营 分析 数据仓库 管理层 实时 查看 核心 经营 指标 研究 基于 分布式账本 对账 机制 降低 交易 核对 成本 建立健全 内部 控制系统 治理 结构 规范 三会 运作 本年度 人力 成本 略有 管理 费用率 保持稳定 费用 管控 成效 显现 本年度 人力 成本 略有 管理 费用率 保持稳定 费用 管控 成效 显现,212
DEMO007,演示DEMO007股份有限公司,制造业,2021,年度报告,公司推进经营管理信息化，上线新一代ERP系统实现业财一体。受行业周期影响，部分产品价格有所回落，公司及时调整销售策略，库存水平保持在合理范围。公司推进计算机视觉技术在生产线上的应用，实现关键工序自动检测。公司主要客户为行业龙头企业，合作关系稳定，应收账款回款情况良好。公司推进经营管理信息化，上线新一代ERP系统实现业财一体。公司推进计算机视觉技术在生产线上的应用，实现关键工序自动检测。公司深耕东北市场，区域市场份额稳中有升，品牌影响力持续增强。公司推进经营管理信息化，上线新一代ERP系统实现业财一体。原材料价格波动对成本端形成一定压力，公司通过集中采购和套期保值部分对冲了成本上行风险。公司发展电子商务业务，线上渠道收入占比持续提升。公司参与行业区块链联盟，推动供应链单证电子化与可信流转。公司深耕西南市场，区域市场份额稳中有升，品牌影响力持续增强。公司研究基于分布式账本的对账机制，降低交易核对成本。公司部署机器学习算法对销售数据进行需求预测，库存周转效率明显改善。公司探索区块链技术在产品溯源中的应用，实现全流程信息上链。公司引入边缘计算设备，实现车间数据的就地处理与实时回传。公司推进计算机视觉技术在生产线上的应用，实现关键工序自动检测。报告期内公司无重大诉讼仲裁事项，各项经营活动正常开展。公司主要客户为行业龙头企业，合作关系稳定，应收账款回款情况良好。公司本期新增专利授权8项，累计有效专利120项，技术储备进一步夯实。本年度公司人力成本略有上升，管理费用率保持稳定，费用管控成效显现。受行业周期影响，部分产品价格有所回落，公司及时调整销售策略，库存水平保持在合理范围。公司持续加大研发投入，研发费用占营业收入比例为5.1%，围绕食品饮料开展技术攻关。公司与高校联合开展深度学习算法研究，赋能产品智能设计。,脚本生成演示语料(step0_make_demo_corpus.py),公司推进经营管理信息化，上线新一代ERP系统实现业财一体。受行业周期影响，部分产品价格有所回落，公司及时调整销售策略，库存水平保持在合理范围。公司推进计算机视觉技术在生产线上的应用，实现关键工序自动检测。公司主要客户为行业龙头企业，合作关系稳定，应收账款回款情况良好。公司推进经营管理信息化，上线新一代ERP系统实现业财一体。公司推进计算机视觉技术在生产线上的应用，实现关键工序自动检测。公司深耕东北市场，区域市场份额稳中有升，品牌影响力持续增强。公司推进经营管理信息化，上线新一代ERP系统实现业财一体。原材料价格波动对成本端形成一定压力，公司通过集中采购和套期保值部分对冲了成本上行风险。公司发展电子商务业务，线上渠道收入占比持续提升。公司参与行业区块链联盟，推动供应链单证电子化与可信流转。公司深耕西南市场，区域市场份额稳中有升，品牌影响力持续增强。公司研究基于分布式账本的对账机制，降低交易核对成本。公司部署机器学习算法对销售数据进行需求预测，库存周转效率明显改善。公司探索区块链技术在产品溯源中的应用，实现全流程信息上链。公司引入边缘计算设备，实现车间数据的就地处理与实时回传。公司推进计算机视觉技术在生产线上的应用，实现关键工序自动检测。报告期内公司无重大诉讼仲裁事项，各项经营活动正常开展。公司主要客户为行业龙头企业，合作关系稳定，应收账款回款情况良好。公司本期新增专利授权8项，累计有效专利120项，技术储备进一步夯实。本年度公司人力成本略有上升，管理费用率保持稳定，费用管控成效显现。受行业周期影响，部分产品价格有所回落，公司及时调整销售策略，库存水平保持在合理范围。公司持续加大研发投入，研发费用占营业收入比例为5.1%，围绕食品饮料开展技术攻关。公司与高校联合开展深度学习算法研究，赋能产品智能设计。,经营 管理 信息化 上线 新一代 ERP 系统 业财一体 行业 周期 影响 产品价格 有所 回落 及时 调整 销售策略 库存 水平 合理 范围 计算机视觉 技术 生产线 应用 关键 工序 自动检测 客户 行业龙头 企业 合作 关系 应收 账款 回款 经营 管理 信息化 上线 新一代 ERP 系统 业财一体 计算机视觉 技术 生产线 应用 关键 工序 自动检测 深耕 东北 市场 区域 市场份额 稳中有升 品牌 影响力 持续 增强 经营 管理 信息化 上线 新一代 ERP 系统 业财一体 原材料 价格 波动 成本 形成 一定 压力 集中 采购 套期 保值 对冲 成本 上行 风险 发展 电子商务 业务 线上 渠道 收入 持续 参与 行业 区块链 联盟 供应链 单证 电子化 可信 流转 深耕 西南 市场 区域 市场份额 稳中有升 品牌 影响力 持续 增强 研究 基于 分布式账本 对账 机制 降低 交易 核对 成本 部署 机器学习 算法 销售 数据 需求预测 库存 周转 效率 明显改善 探索 区块链 技术 产品 溯源 应用 流程 信息 引入 边缘计算 设备 车间 数据 处理 实时 回传 计算机视觉 技术 生产线 应用 关键 工序 自动检测 重大 诉讼 仲裁 事项 经营 活动 客户 行业龙头 企业 合作 关系 应收 账款 回款 本期 新增 专利 授权 专利 技术储备 夯实 本年度 人力 成本 略有 管理 费用率 保持稳定 费用 管控 成效 显现 行业 周期 影响 产品价格 有所 回落 及时 调整 销售策略 库存 水平 合理 范围 持续 加大 研发 投入 研发 费用 营业 收入 比例 食品饮料 技术 攻关 高校 联合 深度学习 算法 研究 赋能 产品 智能 设计,218
DEMO007,演示DEMO007股份有限公司,制造业,2022,年度报告,公司主要客户为行业龙头企业，合作关系稳定，应收账款回款情况良好。公司参与行业区块链联盟，推动供应链单证电子化与可信流转。公司评估公有云与私有云方案，逐步构建统一算力资源池。公司建设智能客服系统，应用自然语言处理技术实现工单自动分类。公司运用数据挖掘技术分析客户行为，实现精准营销。公司推进智能制造升级，数字化车间已通过省级认定。公司开展数据治理体系建设，统一主数据标准，提升数据资产质量。公司应用数字孪生技术对重点产线进行虚拟建模与仿真优化。公司参与行业区块链联盟，推动供应链单证电子化与可信流转。公司推进智能制造升级，数字化车间已通过省级认定。面对市场竞争加剧，公司加大渠道建设力度，经销商数量增加88家，覆盖区域进一步扩大。公司深耕华东市场，区域市场份额稳中有升，品牌影响力持续增强。公司利用智能合约技术自动执行供应商结算条款。公司利用智能合约技术自动执行供应商结算条款。受行业周期影响，部分产品价格有所回落，公司及时调整销售策略，库存水平保持在合理范围。公司积极拓展海外市场，出口业务收入同比增长-6.3%，国际化布局初见成效。公司本期新增专利授权3项，累计有效专利85项，技术储备进一步夯实。公司构建智慧物流体系，仓储分拣自动化水平显著提高。本年度公司人力成本略有上升，管理费用率保持稳定，费用管控成效显现。受行业周期影响，部分产品价格有所回落，公司及时调整销售策略，库存水平保持在合理范围。受行业周期影响，部分产品价格有所回落，公司及时调整销售策略，库存水平保持在合理范围。公司积极拓展海外市场，出口业务收入同比增长12.1%，国际化布局初见成效。公司应用数字孪生技术对重点产线进行虚拟建模与仿真优化。公司试点数字人民币结算场景，丰富收款渠道。,脚本生成演示语料(step0_make_demo_corpus.py),公司主要客户为行业龙头企业，合作关系稳定，应收账款回款情况良好。公司参与行业区块链联盟，推动供应链单证电子化与可信流转。公司评估公有云与私有云方案，逐步构建统一算力资源池。公司建设智能客服系统，应用自然语言处理技术实现工单自动分类。公司运用数据挖掘技术分析客户行为，实现精准营销。公司推进智能制造升级，数字化车间已通过省级认定。公司开展数据治理体系建设，统一主数据标准，提升数据资产质量。公司应用数字孪生技术对重点产线进行虚拟建模与仿真优化。公司参与行业区块链联盟，推动供应链单证电子化与可信流转。公司推进智能制造升级，数字化车间已通过省级认定。面对市场竞争加剧，公司加大渠道建设力度，经销商数量增加88家，覆盖区域进一步扩大。公司深耕华东市场，区域市场份额稳中有升，品牌影响力持续增强。公司利用智能合约技术自动执行供应商结算条款。公司利用智能合约技术自动执行供应商结算条款。受行业周期影响，部分产品价格有所回落，公司及时调整销售策略，库存水平保持在合理范围。公司积极拓展海外市场，出口业务收入同比增长-6.3%，国际化布局初见成效。公司本期新增专利授权3项，累计有效专利85项，技术储备进一步夯实。公司构建智慧物流体系，仓储分拣自动化水平显著提高。本年度公司人力成本略有上升，管理费用率保持稳定，费用管控成效显现。受行业周期影响，部分产品价格有所回落，公司及时调整销售策略，库存水平保持在合理范围。受行业周期影响，部分产品价格有所回落，公司及时调整销售策略，库存水平保持在合理范围。公司积极拓展海外市场，出口业务收入同比增长12.1%，国际化布局初见成效。公司应用数字孪生技术对重点产线进行虚拟建模与仿真优化。公司试点数字人民币结算场景，丰富收款渠道。,客户 行业龙头 企业 合作 关系 应收 账款 回款 参与 行业 区块链 联盟 供应链 单证 电子化 可信 流转 评估 公有 私有 方案 逐步 构建 统一 算力 资源 建设 智能 客服 系统 应用 自然语言处理 技术 工单 自动 分类 运用 数据挖掘 技术 分析 客户 行为 精准 营销 智能制造 升级 数字化 车间 省级 认定 数据 治理 体系 建设 统一 数据 标准 数据 资产 质量 应用 数字孪生 技术 产线 虚拟 建模 仿真 优化 参与 行业 区块链 联盟 供应链 单证 电子化 可信 流转 智能制造 升级 数字化 车间 省级 认定 面对 市场竞争 加剧 加大 渠道 建设 力度 经销商 数量 覆盖 区域 扩大 深耕 华东 市场 区域 市场份额 稳中有升 品牌 影响力 持续 增强 利用 智能合约 技术 自动 供应商 结算 条款 利用 智能合约 技术 自动 供应商 结算 条款 行业 周期 影响 产品价格 有所 回落 及时 调整 销售策略 库存 水平 合理 范围 拓展 海外 市场 出口 业务收入 国际化 布局 初见成效 本期 新增 专利 授权 专利 技术储备 夯实 构建 智慧物流 体系 仓储 分拣 自动化 水平 本年度 人力 成本 略有 管理 费用率 保持稳定 费用 管控 成效 显现 行业 周期 影响 产品价格 有所 回落 及时 调整 销售策略 库存 水平 合理 范围 行业 周期 影响 产品价格 有所 回落 及时 调整 销售策略 库存 水平 合理 范围 拓展 海外 市场 出口 业务收入 国际化 布局 初见成效 应用 数字孪生 技术 产线 虚拟 建模 仿真 优化 试点 数字人民币 结算 场景 丰富 收款 渠道,214
DEMO007,演示DEMO007股份有限公司,制造业,2023,年度报告,公司参与行业区块链联盟，推动供应链单证电子化与可信流转。面对市场竞争加剧，公司加大渠道建设力度，经销商数量增加36家，覆盖区域进一步扩大。公司持续加大研发投入，研发费用占营业收入比例为1.8%，围绕纺织服装开展技术攻关。公司现金流状况良好，经营活动现金流量净额为1.5亿元，资产负债结构稳健。公司推动业务流程线上化，无纸化办公覆盖全部业务部门。公司建设智能客服系统，应用自然语言处理技术实现工单自动分类。公司推动业务流程线上化，无纸化办公覆盖全部业务部门。公司持续优化产品结构，纺织服装业务占比稳步提升，毛利率较上年下降0.8个百分点。公司试点数字人民币结算场景，丰富收款渠道。公司发展电子商务业务，线上渠道收入占比持续提升。公司建设大数据平台，整合生产、销售与供应链数据，支撑经营决策。公司推进计算机视觉技术在生产线上的应用，实现关键工序自动检测。报告期内，公司获得高新技术企业资质认定，享受相应税收优惠政策。报告期内公司无重大诉讼仲裁事项，各项经营活动正常开展。公司数据中心一期建成投用，具备 PB 级数据存储与计算能力。报告期内人民币汇率波动加大，公司通过远期结售汇业务降低了汇兑损失。公司部署机器学习算法对销售数据进行需求预测，库存周转效率明显改善。公司建立健全内部控制系统，治理结构规范，三会运作正常。报告期内公司客户结构进一步优化，前五大客户收入占比为55.1%，客户集中度处于合理区间。公司构建智慧物流体系，仓储分拣自动化水平显著提高。报告期内人民币汇率波动加大，公司通过远期结售汇业务降低了汇兑损失。公司核心业务系统迁移上云，采用混合云架构降低IT运维成本。公司基于云平台搭建协同办公体系，跨区域协作效率提升。公司评估公有云与私有云方案，逐步构建统一算力资源池。公司主要客户为行业龙头企业，合作关系稳定，应收账款回款情况良好。公司引入边缘计算设备，实现车间数据的就地处理与实时回传。公司利用智能合约技术自动执行供应商结算条款。,脚本生成演示语料(step0_make_demo_corpus.py),公司参与行业区块链联盟，推动供应链单证电子化与可信流转。面对市场竞争加剧，公司加大渠道建设力度，经销商数量增加36家，覆盖区域进一步扩大。公司持续加大研发投入，研发费用占营业收入比例为1.8%，围绕纺织服装开展技术攻关。公司现金流状况良好，经营活动现金流量净额为1.5亿元，资产负债结构稳健。公司推动业务流程线上化，无纸化办公覆盖全部业务部门。公司建设智能客服系统，应用自然语言处理技术实现工单自动分类。公司推动业务流程线上化，无纸化办公覆盖全部业务部门。公司持续优化产品结构，纺织服装业务占比稳步提升，毛利率较上年下降0.8个百分点。公司试点数字人民币结算场景，丰富收款渠道。公司发展电子商务业务，线上渠道收入占比持续提升。公司建设大数据平台，整合生产、销售与供应链数据，支撑经营决策。公司推进计算机视觉技术在生产线上的应用，实现关键工序自动检测。报告期内，公司获得高新技术企业资质认定，享受相应税收优惠政策。报告期内公司无重大诉讼仲裁事项，各项经营活动正常开展。公司数据中心一期建成投用，具备 PB 级数据存储与计算能力。报告期内人民币汇率波动加大，公司通过远期结售汇业务降低了汇兑损失。公司部署机器学习算法对销售数据进行需求预测，库存周转效率明显改善。公司建立健全内部控制系统，治理结构规范，三会运作正常。报告期内公司客户结构进一步优化，前五大客户收入占比为55.1%，客户集中度处于合理区间。公司构建智慧物流体系，仓储分拣自动化水平显著提高。报告期内人民币汇率波动加大，公司通过远期结售汇业务降低了汇兑损失。公司核心业务系统迁移上云，采用混合云架构降低IT运维成本。公司基于云平台搭建协同办公体系，跨区域协作效率提升。公司评估公有云与私有云方案，逐步构建统一算力资源池。公司主要客户为行业龙头企业，合作关系稳定，应收账款回款情况良好。公司引入边缘计算设备，实现车间数据的就地处理与实时回传。公司利用智能合约技术自动执行供应商结算条款。,参与 行业 区块链 联盟 供应链 单证 电子化 可信 流转 面对 市场竞争 加剧 加大 渠道 建设 力度 经销商 数量 覆盖 区域 扩大 持续 加大 研发 投入 研发 费用 营业 收入 比例 纺织 服装 技术 攻关 现金流 状况良好 经营 活动 现金流量 净额 资产负债 结构 稳健 业务流程 上化 无纸化 办公 覆盖 全部 业务部门 建设 智能 客服 系统 应用 自然语言处理 技术 工单 自动 分类 业务流程 上化 无纸化 办公 覆盖 全部 业务部门 持续 优化 产品 结构 纺织 服装 业务 毛利率 百分点 试点 数字人民币 结算 场景 丰富 收款 渠道 发展 电子商务 业务 线上 渠道 收入 持续 建设 大数据 平台 整合 生产 销售 供应链 数据 支撑 经营 决策 计算机视觉 技术 生产线 应用 关键 工序 自动检测 获得 高新技术 企业资质 认定 享受 相应 税收 优惠政策 重大 诉讼 仲裁 事项 经营 活动 数据中心 一期 建成 投用 具备 PB 数据 存储 计算能力 人民币 汇率 波动 加大 远期 结售汇 业务 降低 汇兑 损失 部署 机器学习 算法 销售 数据 需求预测 库存 周转 效率 明显改善 建立健全 内部 控制系统 治理 结构 规范 三会 运作 客户 结构 优化 五大 客户 收入 客户 集中度 处于 合理 区间 构建 智慧物流 体系 仓储 分拣 自动化 水平 人民币 汇率 波动 加大 远期 结售汇 业务 降低 汇兑 损失 核心 业务 系统 迁移 上云 采用 混合 架构 降低 IT 运维 成本 基于 平台 搭建 协同 办公 体系 区域 协作 效率 评估 公有 私有 方案 逐步 构建 统一 算力 资源 客户 行业龙头 企业 合作 关系 应收 账款 回款 引入 边缘计算 设备 车间 数据 处理 实时 回传 利用 智能合约 技术 自动 供应商 结算 条款,240
DEMO007,演示DEMO007股份有限公司,制造业,2024,年度报告,公司采购云服务替代传统服务器部署，系统上线周期大幅缩短。公司引入边缘计算设备，实现车间数据的就地处理与实时回传。报告期内，公司获得高新技术企业资质认定，享受相应税收优惠政策。公司深耕华南市场，区域市场份额稳中有升，品牌影响力持续增强。公司继续推进产能建设，电子元器件项目一期已投产，预计达产后年新增产能3万吨。公司利用智能合约技术自动执行供应商结算条款。公司持续优化产品结构，食品饮料业务占比稳步提升，毛利率较上年上升1.2个百分点。公司部署机器学习算法对销售数据进行需求预测，库存周转效率明显改善。公司发展电子商务业务，线上渠道收入占比持续提升。公司参与行业区块链联盟，推动供应链单证电子化与可信流转。报告期内公司客户结构进一步优化，前五大客户收入占比为28.3%，客户集中度处于合理区间。报告期内公司客户结构进一步优化，前五大客户收入占比为41.8%，客户集中度处于合理区间。公司引入边缘计算设备，实现车间数据的就地处理与实时回传。公司持续优化产品结构，食品饮料业务占比稳步提升，毛利率较上年下降0.8个百分点。公司应用数字孪生技术对重点产线进行虚拟建模与仿真优化。公司发展电子商务业务，线上渠道收入占比持续提升。公司基于云平台搭建协同办公体系，跨区域协作效率提升。公司制定数字化转型规划，成立数字化管理委员会统筹推进。公司运用数据挖掘技术分析客户行为，实现精准营销。面对市场竞争加剧，公司加大渠道建设力度，经销商数量增加120家，覆盖区域进一步扩大。公司上线智能排产系统，通过智能算法优化生产计划排程。公司参与行业区块链联盟，推动供应链单证电子化与可信流转。公司发展电子商务业务，线上渠道收入占比持续提升。公司探索区块链技术在产品溯源中的应用，实现全流程信息上链。公司引入边缘计算设备，实现车间数据的就地处理与实时回传。受行业周期影响，部分产品价格有所回落，公司及时调整销售策略，库存水平保持在合理范围。公司基于云平台搭建协同办公体系，跨区域协作效率提升。公司利用智能合约技术自动执行供应商结算条款。公司探索区块链技术在产品溯源中的应用，实现全流程信息上链。公司主要客户为行业龙头企业，合作关系稳定，应收账款回款情况良好。,脚本生成演示语料(step0_make_demo_corpus.py),公司采购云服务替代传统服务器部署，系统上线周期大幅缩短。公司引入边缘计算设备，实现车间数据的就地处理与实时回传。报告期内，公司获得高新技术企业资质认定，享受相应税收优惠政策。公司深耕华南市场，区域市场份额稳中有升，品牌影响力持续增强。公司继续推进产能建设，电子元器件项目一期已投产，预计达产后年新增产能3万吨。公司利用智能合约技术自动执行供应商结算条款。公司持续优化产品结构，食品饮料业务占比稳步提升，毛利率较上年上升1.2个百分点。公司部署机器学习算法对销售数据进行需求预测，库存周转效率明显改善。公司发展电子商务业务，线上渠道收入占比持续提升。公司参与行业区块链联盟，推动供应链单证电子化与可信流转。报告期内公司客户结构进一步优化，前五大客户收入占比为28.3%，客户集中度处于合理区间。报告期内公司客户结构进一步优化，前五大客户收入占比为41.8%，客户集中度处于合理区间。公司引入边缘计算设备，实现车间数据的就地处理与实时回传。公司持续优化产品结构，食品饮料业务占比稳步提升，毛利率较上年下降0.8个百分点。公司应用数字孪生技术对重点产线进行虚拟建模与仿真优化。公司发展电子商务业务，线上渠道收入占比持续提升。公司基于云平台搭建协同办公体系，跨区域协作效率提升。公司制定数字化转型规划，成立数字化管理委员会统筹推进。公司运用数据挖掘技术分析客户行为，实现精准营销。面对市场竞争加剧，公司加大渠道建设力度，经销商数量增加120家，覆盖区域进一步扩大。公司上线智能排产系统，通过智能算法优化生产计划排程。公司参与行业区块链联盟，推动供应链单证电子化与可信流转。公司发展电子商务业务，线上渠道收入占比持续提升。公司探索区块链技术在产品溯源中的应用，实现全流程信息上链。公司引入边缘计算设备，实现车间数据的就地处理与实时回传。受行业周期影响，部分产品价格有所回落，公司及时调整销售策略，库存水平保持在合理范围。公司基于云平台搭建协同办公体系，跨区域协作效率提升。公司利用智能合约技术自动执行供应商结算条款。公司探索区块链技术在产品溯源中的应用，实现全流程信息上链。公司主要客户为行业龙头企业，合作关系稳定，应收账款回款情况良好。,采购 服务 替代 传统 服务器 部署 系统 上线 周期 大幅 缩短 引入 边缘计算 设备 车间 数据 处理 实时 回传 获得 高新技术 企业资质 认定 享受 相应 税收 优惠政策 深耕 华南 市场 区域 市场份额 稳中有升 品牌 影响力 持续 增强 产能 建设 电子 元器件 项目 一期 投产 预计 达产 新增 产能 万吨 利用 智能合约 技术 自动 供应商 结算 条款 持续 优化 产品 结构 食品饮料 业务 毛利率 百分点 部署 机器学习 算法 销售 数据 需求预测 库存 周转 效率 明显改善 发展 电子商务 业务 线上 渠道 收入 持续 参与 行业 区块链 联盟 供应链 单证 电子化 可信 流转 客户 结构 优化 五大 客户 收入 客户 集中度 处于 合理 区间 客户 结构 优化 五大 客户 收入 客户 集中度 处于 合理 区间 引入 边缘计算 设备 车间 数据 处理 实时 回传 持续 优化 产品 结构 食品饮料 业务 毛利率 百分点 应用 数字孪生 技术 产线 虚拟 建模 仿真 优化 发展 电子商务 业务 线上 渠道 收入 持续 基于 平台 搭建 协同 办公 体系 区域 协作 效率 制定 数字化转型 规划 成立 数字化 管理 委员会 统筹 运用 数据挖掘 技术 分析 客户 行为 精准 营销 面对 市场竞争 加剧 加大 渠道 建设 力度 经销商 数量 覆盖 区域 扩大 上线 智能 排产 系统 智能算法 优化 生产 排程 参与 行业 区块链 联盟 供应链 单证 电子化 可信 流转 发展 电子商务 业务 线上 渠道 收入 持续 探索 区块链 技术 产品 溯源 应用 流程 信息 引入 边缘计算 设备 车间 数据 处理 实时 回传 行业 周期 影响 产品价格 有所 回落 及时 调整 销售策略 库存 水平 合理 范围 基于 平台 搭建 协同 办公 体系 区域 协作 效率 利用 智能合约 技术 自动 供应商 结算 条款 探索 区块链 技术 产品 溯源 应用 流程 信息 客户 行业龙头 企业 合作 关系 应收 账款 回款,265
DEMO008,演示DEMO008股份有限公司,批发零售,2020,年度报告,公司持续优化产品结构，纺织服装业务占比稳步提升，毛利率较上年持平个百分点。公司持续加大研发投入，研发费用占营业收入比例为4.4%，围绕电子元器件开展技术攻关。公司评估公有云与私有云方案，逐步构建统一算力资源池。公司建立健全内部控制系统，治理结构规范，三会运作正常。报告期内公司客户结构进一步优化，前五大客户收入占比为55.1%，客户集中度处于合理区间。公司应用数字孪生技术对重点产线进行虚拟建模与仿真优化。报告期内公司无重大诉讼仲裁事项，各项经营活动正常开展。公司本期新增专利授权15项，累计有效专利56项，技术储备进一步夯实。公司本期新增专利授权8项，累计有效专利38项，技术储备进一步夯实。公司现金流状况良好，经营活动现金流量净额为1.5亿元，资产负债结构稳健。公司主要客户为行业龙头企业，合作关系稳定，应收账款回款情况良好。报告期内人民币汇率波动加大，公司通过远期结售汇业务降低了汇兑损失。公司本期新增专利授权22项，累计有效专利85项，技术储备进一步夯实。,脚本生成演示语料(step0_make_demo_corpus.py),公司持续优化产品结构，纺织服装业务占比稳步提升，毛利率较上年持平个百分点。公司持续加大研发投入，研发费用占营业收入比例为4.4%，围绕电子元器件开展技术攻关。公司评估公有云与私有云方案，逐步构建统一算力资源池。公司建立健全内部控制系统，治理结构规范，三会运作正常。报告期内公司客户结构进一步优化，前五大客户收入占比为55.1%，客户集中度处于合理区间。公司应用数字孪生技术对重点产线进行虚拟建模与仿真优化。报告期内公司无重大诉讼仲裁事项，各项经营活动正常开展。公司本期新增专利授权15项，累计有效专利56项，技术储备进一步夯实。公司本期新增专利授权8项，累计有效专利38项，技术储备进一步夯实。公司现金流状况良好，经营活动现金流量净额为1.5亿元，资产负债结构稳健。公司主要客户为行业龙头企业，合作关系稳定，应收账款回款情况良好。报告期内人民币汇率波动加大，公司通过远期结售汇业务降低了汇兑损失。公司本期新增专利授权22项，累计有效专利85项，技术储备进一步夯实。,持续 优化 产品 结构 纺织 服装 业务 毛利率 持平 百分点 持续 加大 研发 投入 研发 费用 营业 收入 比例 电子 元器件 技术 攻关 评估 公有 私有 方案 逐步 构建 统一 算力 资源 建立健全 内部 控制系统 治理 结构 规范 三会 运作 客户 结构 优化 五大 客户 收入 客户 集中度 处于 合理 区间 应用 数字孪生 技术 产线 虚拟 建模 仿真 优化 重大 诉讼 仲裁 事项 经营 活动 本期 新增 专利 授权 专利 技术储备 夯实 本期 新增 专利 授权 专利 技术储备 夯实 现金流 状况良好 经营 活动 现金流量 净额 资产负债 结构 稳健 客户 行业龙头 企业 合作 关系 应收 账款 回款 人民币 汇率 波动 加大 远期 结售汇 业务 降低 汇兑 损失 本期 新增 专利 授权 专利 技术储备 夯实,113
DEMO008,演示DEMO008股份有限公司,批发零售,2021,年度报告,公司推进智能制造升级，数字化车间已通过省级认定。公司运用数据挖掘技术分析客户行为，实现精准营销。公司建设智能客服系统，应用自然语言处理技术实现工单自动分类。公司推动业务流程线上化，无纸化办公覆盖全部业务部门。面对市场竞争加剧，公司加大渠道建设力度，经销商数量增加36家，覆盖区域进一步扩大。公司基于云平台搭建协同办公体系，跨区域协作效率提升。公司建立健全内部控制系统，治理结构规范，三会运作正常。报告期内，公司实现营业收入19.3亿元，同比增长15.2%，主要得益于主营业务产销规模扩大。公司探索区块链技术在产品溯源中的应用，实现全流程信息上链。公司现金流状况良好，经营活动现金流量净额为1.5亿元，资产负债结构稳健。报告期内，公司实现营业收入8.9亿元，同比增长-1.8%，主要得益于主营业务产销规模扩大。公司深耕华南市场，区域市场份额稳中有升，品牌影响力持续增强。报告期内公司客户结构进一步优化，前五大客户收入占比为28.3%，客户集中度处于合理区间。公司主要客户为行业龙头企业，合作关系稳定，应收账款回款情况良好。公司研究基于分布式账本的对账机制，降低交易核对成本。原材料价格波动对成本端形成一定压力，公司通过集中采购和套期保值部分对冲了成本上行风险。,脚本生成演示语料(step0_make_demo_corpus.py),公司推进智能制造升级，数字化车间已通过省级认定。公司运用数据挖掘技术分析客户行为，实现精准营销。公司建设智能客服系统，应用自然语言处理技术实现工单自动分类。公司推动业务流程线上化，无纸化办公覆盖全部业务部门。面对市场竞争加剧，公司加大渠道建设力度，经销商数量增加36家，覆盖区域进一步扩大。公司基于云平台搭建协同办公体系，跨区域协作效率提升。公司建立健全内部控制系统，治理结构规范，三会运作正常。报告期内，公司实现营业收入19.3亿元，同比增长15.2%，主要得益于主营业务产销规模扩大。公司探索区块链技术在产品溯源中的应用，实现全流程信息上链。公司现金流状况良好，经营活动现金流量净额为1.5亿元，资产负债结构稳健。报告期内，公司实现营业收入8.9亿元，同比增长-1.8%，主要得益于主营业务产销规模扩大。公司深耕华南市场，区域市场份额稳中有升，品牌影响力持续增强。报告期内公司客户结构进一步优化，前五大客户收入占比为28.3%，客户集中度处于合理区间。公司主要客户为行业龙头企业，合作关系稳定，应收账款回款情况良好。公司研究基于分布式账本的对账机制，降低交易核对成本。原材料价格波动对成本端形成一定压力，公司通过集中采购和套期保值部分对冲了成本上行风险。,智能制造 升级 数字化 车间 省级 认定 运用 数据挖掘 技术 分析 客户 行为 精准 营销 建设 智能 客服 系统 应用 自然语言处理 技术 工单 自动 分类 业务流程 上化 无纸化 办公 覆盖 全部 业务部门 面对 市场竞争 加剧 加大 渠道 建设 力度 经销商 数量 覆盖 区域 扩大 基于 平台 搭建 协同 办公 体系 区域 协作 效率 建立健全 内部 控制系统 治理 结构 规范 三会 运作 营业 收入 得益于 主营业务 产销 规模 扩大 探索 区块链 技术 产品 溯源 应用 流程 信息 现金流 状况良好 经营 活动 现金流量 净额 资产负债 结构 稳健 营业 收入 得益于 主营业务 产销 规模 扩大 深耕 华南 市场 区域 市场份额 稳中有升 品牌 影响力 持续 增强 客户 结构 优化 五大 客户 收入 客户 集中度 处于 合理 区间 客户 行业龙头 企业 合作 关系 应收 账款 回款 研究 基于 分布式账本 对账 机制 降低 交易 核对 成本 原材料 价格 波动 成本 形成 一定 压力 集中 采购 套期 保值 对冲 成本 上行 风险,144
DEMO008,演示DEMO008股份有限公司,批发零售,2022,年度报告,报告期内人民币汇率波动加大，公司通过远期结售汇业务降低了汇兑损失。公司现金流状况良好，经营活动现金流量净额为12.4亿元，资产负债结构稳健。公司与高校联合开展深度学习算法研究，赋能产品智能设计。公司持续优化产品结构，高端装备业务占比稳步提升，毛利率较上年上升1.2个百分点。公司积极拓展海外市场，出口业务收入同比增长9.4%，国际化布局初见成效。公司核心业务系统迁移上云，采用混合云架构降低IT运维成本。公司部署机器学习算法对销售数据进行需求预测，库存周转效率明显改善。公司推进计算机视觉技术在生产线上的应用，实现关键工序自动检测。公司开展数据治理体系建设，统一主数据标准，提升数据资产质量。报告期内公司客户结构进一步优化，前五大客户收入占比为55.1%，客户集中度处于合理区间。公司应用数字孪生技术对重点产线进行虚拟建模与仿真优化。公司构建智慧物流体系，仓储分拣自动化水平显著提高。公司构建经营分析数据仓库，管理层可实时查看核心经营指标。公司推进计算机视觉技术在生产线上的应用，实现关键工序自动检测。下半年公司将围绕年度经营计划，重点做好市场开拓、成本控制与人才梯队建设等工作。公司引入边缘计算设备，实现车间数据的就地处理与实时回传。公司现金流状况良好，经营活动现金流量净额为3.2亿元，资产负债结构稳健。报告期内公司客户结构进一步优化，前五大客户收入占比为28.3%，客户集中度处于合理区间。受行业周期影响，部分产品价格有所回落，公司及时调整销售策略，库存水平保持在合理范围。公司构建智慧物流体系，仓储分拣自动化水平显著提高。,脚本生成演示语料(step0_make_demo_corpus.py),报告期内人民币汇率波动加大，公司通过远期结售汇业务降低了汇兑损失。公司现金流状况良好，经营活动现金流量净额为12.4亿元，资产负债结构稳健。公司与高校联合开展深度学习算法研究，赋能产品智能设计。公司持续优化产品结构，高端装备业务占比稳步提升，毛利率较上年上升1.2个百分点。公司积极拓展海外市场，出口业务收入同比增长9.4%，国际化布局初见成效。公司核心业务系统迁移上云，采用混合云架构降低IT运维成本。公司部署机器学习算法对销售数据进行需求预测，库存周转效率明显改善。公司推进计算机视觉技术在生产线上的应用，实现关键工序自动检测。公司开展数据治理体系建设，统一主数据标准，提升数据资产质量。报告期内公司客户结构进一步优化，前五大客户收入占比为55.1%，客户集中度处于合理区间。公司应用数字孪生技术对重点产线进行虚拟建模与仿真优化。公司构建智慧物流体系，仓储分拣自动化水平显著提高。公司构建经营分析数据仓库，管理层可实时查看核心经营指标。公司推进计算机视觉技术在生产线上的应用，实现关键工序自动检测。下半年公司将围绕年度经营计划，重点做好市场开拓、成本控制与人才梯队建设等工作。公司引入边缘计算设备，实现车间数据的就地处理与实时回传。公司现金流状况良好，经营活动现金流量净额为3.2亿元，资产负债结构稳健。报告期内公司客户结构进一步优化，前五大客户收入占比为28.3%，客户集中度处于合理区间。受行业周期影响，部分产品价格有所回落，公司及时调整销售策略，库存水平保持在合理范围。公司构建智慧物流体系，仓储分拣自动化水平显著提高。,人民币 汇率 波动 加大 远期 结售汇 业务 降低 汇兑 损失 现金流 状况良好 经营 活动 现金流量 净额 资产负债 结构 稳健 高校 联合 深度学习 算法 研究 赋能 产品 智能 设计 持续 优化 产品 结构 高端 装备 业务 毛利率 百分点 拓展 海外 市场 出口 业务收入 国际化 布局 初见成效 核心 业务 系统 迁移 上云 采用 混合 架构 降低 IT 运维 成本 部署 机器学习 算法 销售 数据 需求预测 库存 周转 效率 明显改善 计算机视觉 技术 生产线 应用 关键 工序 自动检测 数据 治理 体系 建设 统一 数据 标准 数据 资产 质量 客户 结构 优化 五大 客户 收入 客户 集中度 处于 合理 区间 应用 数字孪生 技术 产线 虚拟 建模 仿真 优化 构建 智慧物流 体系 仓储 分拣 自动化 水平 构建 经营 分析 数据仓库 管理层 实时 查看 核心 经营 指标 计算机视觉 技术 生产线 应用 关键 工序 自动检测 下半年 年度 经营 做好 市场 开拓 成本 控制 人才 梯队 建设 引入 边缘计算 设备 车间 数据 处理 实时 回传 现金流 状况良好 经营 活动 现金流量 净额 资产负债 结构 稳健 客户 结构 优化 五大 客户 收入 客户 集中度 处于 合理 区间 行业 周期 影响 产品价格 有所 回落 及时 调整 销售策略 库存 水平 合理 范围 构建 智慧物流 体系 仓储 分拣 自动化 水平,186
DEMO008,演示DEMO008股份有限公司,批发零售,2023,年度报告,公司持续加大研发投入，研发费用占营业收入比例为4.4%，围绕精细化工产品开展技术攻关。公司建立健全内部控制系统，治理结构规范，三会运作正常。公司引入人工智能技术优化{prod}质检环节，缺陷识别准确率显著提升。原材料价格波动对成本端形成一定压力，公司通过集中采购和套期保值部分对冲了成本上行风险。公司持续加大研发投入，研发费用占营业收入比例为5.1%，围绕高端装备开展技术攻关。公司推进经营管理信息化，上线新一代ERP系统实现业财一体。报告期内公司客户结构进一步优化，前五大客户收入占比为41.8%，客户集中度处于合理区间。报告期内人民币汇率波动加大，公司通过远期结售汇业务降低了汇兑损失。公司采购云服务替代传统服务器部署，系统上线周期大幅缩短。报告期内，公司获得高新技术企业资质认定，享受相应税收优惠政策。公司制定数字化转型规划，成立数字化管理委员会统筹推进。报告期内，公司实现营业收入63.7亿元，同比增长5.6%，主要得益于主营业务产销规模扩大。公司推进智能制造升级，数字化车间已通过省级认定。公司建立健全内部控制系统，治理结构规范，三会运作正常。公司高度重视安全生产与环境保护，报告期内未发生重大安全事故。报告期内公司客户结构进一步优化，前五大客户收入占比为41.8%，客户集中度处于合理区间。报告期内，公司实现营业收入28.4亿元，同比增长-1.8%，主要得益于主营业务产销规模扩大。,脚本生成演示语料(step0_make_demo_corpus.py),公司持续加大研发投入，研发费用占营业收入比例为4.4%，围绕精细化工产品开展技术攻关。公司建立健全内部控制系统，治理结构规范，三会运作正常。公司引入人工智能技术优化{prod}质检环节，缺陷识别准确率显著提升。原材料价格波动对成本端形成一定压力，公司通过集中采购和套期保值部分对冲了成本上行风险。公司持续加大研发投入，研发费用占营业收入比例为5.1%，围绕高端装备开展技术攻关。公司推进经营管理信息化，上线新一代ERP系统实现业财一体。报告期内公司客户结构进一步优化，前五大客户收入占比为41.8%，客户集中度处于合理区间。报告期内人民币汇率波动加大，公司通过远期结售汇业务降低了汇兑损失。公司采购云服务替代传统服务器部署，系统上线周期大幅缩短。报告期内，公司获得高新技术企业资质认定，享受相应税收优惠政策。公司制定数字化转型规划，成立数字化管理委员会统筹推进。报告期内，公司实现营业收入63.7亿元，同比增长5.6%，主要得益于主营业务产销规模扩大。公司推进智能制造升级，数字化车间已通过省级认定。公司建立健全内部控制系统，治理结构规范，三会运作正常。公司高度重视安全生产与环境保护，报告期内未发生重大安全事故。报告期内公司客户结构进一步优化，前五大客户收入占比为41.8%，客户集中度处于合理区间。报告期内，公司实现营业收入28.4亿元，同比增长-1.8%，主要得益于主营业务产销规模扩大。,持续 加大 研发 投入 研发 费用 营业 收入 比例 精细化工 产品 技术 攻关 建立健全 内部 控制系统 治理 结构 规范 三会 运作 引入 人工智能 技术 优化 prod 质检 环节 缺陷 识别 准确率 原材料 价格 波动 成本 形成 一定 压力 集中 采购 套期 保值 对冲 成本 上行 风险 持续 加大 研发 投入 研发 费用 营业 收入 比例 高端 装备 技术 攻关 经营 管理 信息化 上线 新一代 ERP 系统 业财一体 客户 结构 优化 五大 客户 收入 客户 集中度 处于 合理 区间 人民币 汇率 波动 加大 远期 结售汇 业务 降低 汇兑 损失 采购 服务 替代 传统 服务器 部署 系统 上线 周期 大幅 缩短 获得 高新技术 企业资质 认定 享受 相应 税收 优惠政策 制定 数字化转型 规划 成立 数字化 管理 委员会 统筹 营业 收入 得益于 主营业务 产销 规模 扩大 智能制造 升级 数字化 车间 省级 认定 建立健全 内部 控制系统 治理 结构 规范 三会 运作 高度重视 安全 生产 环境保护 发生 重大 安全事故 客户 结构 优化 五大 客户 收入 客户 集中度 处于 合理 区间 营业 收入 得益于 主营业务 产销 规模 扩大,161
DEMO008,演示DEMO008股份有限公司,批发零售,2024,年度报告,面对市场竞争加剧，公司加大渠道建设力度，经销商数量增加120家，覆盖区域进一步扩大。公司现金流状况良好，经营活动现金流量净额为5.8亿元，资产负债结构稳健。公司研究基于分布式账本的对账机制，降低交易核对成本。公司继续推进产能建设，纺织服装项目一期已投产，预计达产后年新增产能5万吨。公司探索区块链技术在产品溯源中的应用，实现全流程信息上链。公司运用数据挖掘技术分析客户行为，实现精准营销。公司数据中心一期建成投用，具备 PB 级数据存储与计算能力。公司高度重视安全生产与环境保护，报告期内未发生重大安全事故。公司引入人工智能技术优化{prod}质检环节，缺陷识别准确率显著提升。公司建设大数据平台，整合生产、销售与供应链数据，支撑经营决策。公司评估公有云与私有云方案，逐步构建统一算力资源池。公司持续优化产品结构，精细化工产品业务占比稳步提升，毛利率较上年持平个百分点。面对市场竞争加剧，公司加大渠道建设力度，经销商数量增加36家，覆盖区域进一步扩大。公司运用数据挖掘技术分析客户行为，实现精准营销。公司试点数字人民币结算场景，丰富收款渠道。公司上线智能排产系统，通过智能算法优化生产计划排程。公司应用数字孪生技术对重点产线进行虚拟建模与仿真优化。公司现金流状况良好，经营活动现金流量净额为3.2亿元，资产负债结构稳健。公司深耕华南市场，区域市场份额稳中有升，品牌影响力持续增强。公司核心业务系统迁移上云，采用混合云架构降低IT运维成本。报告期内公司客户结构进一步优化，前五大客户收入占比为55.1%，客户集中度处于合理区间。公司现金流状况良好，经营活动现金流量净额为3.2亿元，资产负债结构稳健。公司深耕西南市场，区域市场份额稳中有升，品牌影响力持续增强。公司参与行业区块链联盟，推动供应链单证电子化与可信流转。公司建设智能客服系统，应用自然语言处理技术实现工单自动分类。公司采购云服务替代传统服务器部署，系统上线周期大幅缩短。报告期内公司无重大诉讼仲裁事项，各项经营活动正常开展。公司与高校联合开展深度学习算法研究，赋能产品智能设计。,脚本生成演示语料(step0_make_demo_corpus.py),面对市场竞争加剧，公司加大渠道建设力度，经销商数量增加120家，覆盖区域进一步扩大。公司现金流状况良好，经营活动现金流量净额为5.8亿元，资产负债结构稳健。公司研究基于分布式账本的对账机制，降低交易核对成本。公司继续推进产能建设，纺织服装项目一期已投产，预计达产后年新增产能5万吨。公司探索区块链技术在产品溯源中的应用，实现全流程信息上链。公司运用数据挖掘技术分析客户行为，实现精准营销。公司数据中心一期建成投用，具备 PB 级数据存储与计算能力。公司高度重视安全生产与环境保护，报告期内未发生重大安全事故。公司引入人工智能技术优化{prod}质检环节，缺陷识别准确率显著提升。公司建设大数据平台，整合生产、销售与供应链数据，支撑经营决策。公司评估公有云与私有云方案，逐步构建统一算力资源池。公司持续优化产品结构，精细化工产品业务占比稳步提升，毛利率较上年持平个百分点。面对市场竞争加剧，公司加大渠道建设力度，经销商数量增加36家，覆盖区域进一步扩大。公司运用数据挖掘技术分析客户行为，实现精准营销。公司试点数字人民币结算场景，丰富收款渠道。公司上线智能排产系统，通过智能算法优化生产计划排程。公司应用数字孪生技术对重点产线进行虚拟建模与仿真优化。公司现金流状况良好，经营活动现金流量净额为3.2亿元，资产负债结构稳健。公司深耕华南市场，区域市场份额稳中有升，品牌影响力持续增强。公司核心业务系统迁移上云，采用混合云架构降低IT运维成本。报告期内公司客户结构进一步优化，前五大客户收入占比为55.1%，客户集中度处于合理区间。公司现金流状况良好，经营活动现金流量净额为3.2亿元，资产负债结构稳健。公司深耕西南市场，区域市场份额稳中有升，品牌影响力持续增强。公司参与行业区块链联盟，推动供应链单证电子化与可信流转。公司建设智能客服系统，应用自然语言处理技术实现工单自动分类。公司采购云服务替代传统服务器部署，系统上线周期大幅缩短。报告期内公司无重大诉讼仲裁事项，各项经营活动正常开展。公司与高校联合开展深度学习算法研究，赋能产品智能设计。,面对 市场竞争 加剧 加大 渠道 建设 力度 经销商 数量 覆盖 区域 扩大 现金流 状况良好 经营 活动 现金流量 净额 资产负债 结构 稳健 研究 基于 分布式账本 对账 机制 降低 交易 核对 成本 产能 建设 纺织 服装 项目 一期 投产 预计 达产 新增 产能 万吨 探索 区块链 技术 产品 溯源 应用 流程 信息 运用 数据挖掘 技术 分析 客户 行为 精准 营销 数据中心 一期 建成 投用 具备 PB 数据 存储 计算能力 高度重视 安全 生产 环境保护 发生 重大 安全事故 引入 人工智能 技术 优化 prod 质检 环节 缺陷 识别 准确率 建设 大数据 平台 整合 生产 销售 供应链 数据 支撑 经营 决策 评估 公有 私有 方案 逐步 构建 统一 算力 资源 持续 优化 产品 结构 精细化工 产品 业务 毛利率 持平 百分点 面对 市场竞争 加剧 加大 渠道 建设 力度 经销商 数量 覆盖 区域 扩大 运用 数据挖掘 技术 分析 客户 行为 精准 营销 试点 数字人民币 结算 场景 丰富 收款 渠道 上线 智能 排产 系统 智能算法 优化 生产 排程 应用 数字孪生 技术 产线 虚拟 建模 仿真 优化 现金流 状况良好 经营 活动 现金流量 净额 资产负债 结构 稳健 深耕 华南 市场 区域 市场份额 稳中有升 品牌 影响力 持续 增强 核心 业务 系统 迁移 上云 采用 混合 架构 降低 IT 运维 成本 客户 结构 优化 五大 客户 收入 客户 集中度 处于 合理 区间 现金流 状况良好 经营 活动 现金流量 净额 资产负债 结构 稳健 深耕 西南 市场 区域 市场份额 稳中有升 品牌 影响力 持续 增强 参与 行业 区块链 联盟 供应链 单证 电子化 可信 流转 建设 智能 客服 系统 应用 自然语言处理 技术 工单 自动 分类 采购 服务 替代 传统 服务器 部署 系统 上线 周期 大幅 缩短 重大 诉讼 仲裁 事项 经营 活动 高校 联合 深度学习 算法 研究 赋能 产品 智能 设计,263
DEMO009,演示DEMO009股份有限公司,房地产,2020,年度报告,报告期内人民币汇率波动加大，公司通过远期结售汇业务降低了汇兑损失。面对市场竞争加剧，公司加大渠道建设力度，经销商数量增加88家，覆盖区域进一步扩大。报告期内公司客户结构进一步优化，前五大客户收入占比为36.9%，客户集中度处于合理区间。公司深耕华南市场，区域市场份额稳中有升，品牌影响力持续增强。公司主要客户为行业龙头企业，合作关系稳定，应收账款回款情况良好。原材料价格波动对成本端形成一定压力，公司通过集中采购和套期保值部分对冲了成本上行风险。公司成立数据中台团队，推动业务数据化、数据业务化。报告期内公司客户结构进一步优化，前五大客户收入占比为55.1%，客户集中度处于合理区间。原材料价格波动对成本端形成一定压力，公司通过集中采购和套期保值部分对冲了成本上行风险。公司深耕华南市场，区域市场份额稳中有升，品牌影响力持续增强。公司应用数字孪生技术对重点产线进行虚拟建模与仿真优化。公司建立健全内部控制系统，治理结构规范，三会运作正常。原材料价格波动对成本端形成一定压力，公司通过集中采购和套期保值部分对冲了成本上行风险。,脚本生成演示语料(step0_make_demo_corpus.py),报告期内人民币汇率波动加大，公司通过远期结售汇业务降低了汇兑损失。面对市场竞争加剧，公司加大渠道建设力度，经销商数量增加88家，覆盖区域进一步扩大。报告期内公司客户结构进一步优化，前五大客户收入占比为36.9%，客户集中度处于合理区间。公司深耕华南市场，区域市场份额稳中有升，品牌影响力持续增强。公司主要客户为行业龙头企业，合作关系稳定，应收账款回款情况良好。原材料价格波动对成本端形成一定压力，公司通过集中采购和套期保值部分对冲了成本上行风险。公司成立数据中台团队，推动业务数据化、数据业务化。报告期内公司客户结构进一步优化，前五大客户收入占比为55.1%，客户集中度处于合理区间。原材料价格波动对成本端形成一定压力，公司通过集中采购和套期保值部分对冲了成本上行风险。公司深耕华南市场，区域市场份额稳中有升，品牌影响力持续增强。公司应用数字孪生技术对重点产线进行虚拟建模与仿真优化。公司建立健全内部控制系统，治理结构规范，三会运作正常。原材料价格波动对成本端形成一定压力，公司通过集中采购和套期保值部分对冲了成本上行风险。,人民币 汇率 波动 加大 远期 结售汇 业务 降低 汇兑 损失 面对 市场竞争 加剧 加大 渠道 建设 力度 经销商 数量 覆盖 区域 扩大 客户 结构 优化 五大 客户 收入 客户 集中度 处于 合理 区间 深耕 华南 市场 区域 市场份额 稳中有升 品牌 影响力 持续 增强 客户 行业龙头 企业 合作 关系 应收 账款 回款 原材料 价格 波动 成本 形成 一定 压力 集中 采购 套期 保值 对冲 成本 上行 风险 成立 数据中台 团队 业务 数据 数据业务 客户 结构 优化 五大 客户 收入 客户 集中度 处于 合理 区间 原材料 价格 波动 成本 形成 一定 压力 集中 采购 套期 保值 对冲 成本 上行 风险 深耕 华南 市场 区域 市场份额 稳中有升 品牌 影响力 持续 增强 应用 数字孪生 技术 产线 虚拟 建模 仿真 优化 建立健全 内部 控制系统 治理 结构 规范 三会 运作 原材料 价格 波动 成本 形成 一定 压力 集中 采购 套期 保值 对冲 成本 上行 风险,139
DEMO009,演示DEMO009股份有限公司,房地产,2021,年度报告,报告期内，公司获得高新技术企业资质认定，享受相应税收优惠政策。公司积极拓展海外市场，出口业务收入同比增长30.5%，国际化布局初见成效。公司发展电子商务业务，线上渠道收入占比持续提升。报告期内，公司实现营业收入19.3亿元，同比增长8.5%，主要得益于主营业务产销规模扩大。报告期内人民币汇率波动加大，公司通过远期结售汇业务降低了汇兑损失。公司积极拓展海外市场，出口业务收入同比增长9.4%，国际化布局初见成效。公司建设智能客服系统，应用自然语言处理技术实现工单自动分类。公司持续优化产品结构，食品饮料业务占比稳步提升，毛利率较上年下降0.8个百分点。公司建立健全内部控制系统，治理结构规范，三会运作正常。公司建立健全内部控制系统，治理结构规范，三会运作正常。公司本期新增专利授权15项，累计有效专利85项，技术储备进一步夯实。,脚本生成演示语料(step0_make_demo_corpus.py),报告期内，公司获得高新技术企业资质认定，享受相应税收优惠政策。公司积极拓展海外市场，出口业务收入同比增长30.5%，国际化布局初见成效。公司发展电子商务业务，线上渠道收入占比持续提升。报告期内，公司实现营业收入19.3亿元，同比增长8.5%，主要得益于主营业务产销规模扩大。报告期内人民币汇率波动加大，公司通过远期结售汇业务降低了汇兑损失。公司积极拓展海外市场，出口业务收入同比增长9.4%，国际化布局初见成效。公司建设智能客服系统，应用自然语言处理技术实现工单自动分类。公司持续优化产品结构，食品饮料业务占比稳步提升，毛利率较上年下降0.8个百分点。公司建立健全内部控制系统，治理结构规范，三会运作正常。公司建立健全内部控制系统，治理结构规范，三会运作正常。公司本期新增专利授权15项，累计有效专利85项，技术储备进一步夯实。,获得 高新技术 企业资质 认定 享受 相应 税收 优惠政策 拓展 海外 市场 出口 业务收入 国际化 布局 初见成效 发展 电子商务 业务 线上 渠道 收入 持续 营业 收入 得益于 主营业务 产销 规模 扩大 人民币 汇率 波动 加大 远期 结售汇 业务 降低 汇兑 损失 拓展 海外 市场 出口 业务收入 国际化 布局 初见成效 建设 智能 客服 系统 应用 自然语言处理 技术 工单 自动 分类 持续 优化 产品 结构 食品饮料 业务 毛利率 百分点 建立健全 内部 控制系统 治理 结构 规范 三会 运作 建立健全 内部 控制系统 治理 结构 规范 三会 运作 本期 新增 专利 授权 专利 技术储备 夯实,89
DEMO009,演示DEMO009股份有限公司,房地产,2022,年度报告,公司建立健全内部控制系统，治理结构规范，三会运作正常。报告期内人民币汇率波动加大，公司通过远期结售汇业务降低了汇兑损失。报告期内公司客户结构进一步优化，前五大客户收入占比为55.1%，客户集中度处于合理区间。公司深耕华东市场，区域市场份额稳中有升，品牌影响力持续增强。公司应用数字孪生技术对重点产线进行虚拟建模与仿真优化。报告期内公司客户结构进一步优化，前五大客户收入占比为41.8%，客户集中度处于合理区间。受行业周期影响，部分产品价格有所回落，公司及时调整销售策略，库存水平保持在合理范围。公司参与行业区块链联盟，推动供应链单证电子化与可信流转。下半年公司将围绕年度经营计划，重点做好市场开拓、成本控制与人才梯队建设等工作。公司试点数字人民币结算场景，丰富收款渠道。报告期内公司客户结构进一步优化，前五大客户收入占比为55.1%，客户集中度处于合理区间。公司制定数字化转型规划，成立数字化管理委员会统筹推进。报告期内公司无重大诉讼仲裁事项，各项经营活动正常开展。公司运用数据挖掘技术分析客户行为，实现精准营销。公司现金流状况良好，经营活动现金流量净额为12.4亿元，资产负债结构稳健。,脚本生成演示语料(step0_make_demo_corpus.py),公司建立健全内部控制系统，治理结构规范，三会运作正常。报告期内人民币汇率波动加大，公司通过远期结售汇业务降低了汇兑损失。报告期内公司客户结构进一步优化，前五大客户收入占比为55.1%，客户集中度处于合理区间。公司深耕华东市场，区域市场份额稳中有升，品牌影响力持续增强。公司应用数字孪生技术对重点产线进行虚拟建模与仿真优化。报告期内公司客户结构进一步优化，前五大客户收入占比为41.8%，客户集中度处于合理区间。受行业周期影响，部分产品价格有所回落，公司及时调整销售策略，库存水平保持在合理范围。公司参与行业区块链联盟，推动供应链单证电子化与可信流转。下半年公司将围绕年度经营计划，重点做好市场开拓、成本控制与人才梯队建设等工作。公司试点数字人民币结算场景，丰富收款渠道。报告期内公司客户结构进一步优化，前五大客户收入占比为55.1%，客户集中度处于合理区间。公司制定数字化转型规划，成立数字化管理委员会统筹推进。报告期内公司无重大诉讼仲裁事项，各项经营活动正常开展。公司运用数据挖掘技术分析客户行为，实现精准营销。公司现金流状况良好，经营活动现金流量净额为12.4亿元，资产负债结构稳健。,建立健全 内部 控制系统 治理 结构 规范 三会 运作 人民币 汇率 波动 加大 远期 结售汇 业务 降低 汇兑 损失 客户 结构 优化 五大 客户 收入 客户 集中度 处于 合理 区间 深耕 华东 市场 区域 市场份额 稳中有升 品牌 影响力 持续 增强 应用 数字孪生 技术 产线 虚拟 建模 仿真 优化 客户 结构 优化 五大 客户 收入 客户 集中度 处于 合理 区间 行业 周期 影响 产品价格 有所 回落 及时 调整 销售策略 库存 水平 合理 范围 参与 行业 区块链 联盟 供应链 单证 电子化 可信 流转 下半年 年度 经营 做好 市场 开拓 成本 控制 人才 梯队 建设 试点 数字人民币 结算 场景 丰富 收款 渠道 客户 结构 优化 五大 客户 收入 客户 集中度 处于 合理 区间 制定 数字化转型 规划 成立 数字化 管理 委员会 统筹 重大 诉讼 仲裁 事项 经营 活动 运用 数据挖掘 技术 分析 客户 行为 精准 营销 现金流 状况良好 经营 活动 现金流量 净额 资产负债 结构 稳健,140
DEMO009,演示DEMO009股份有限公司,房地产,2023,年度报告,公司评估公有云与私有云方案，逐步构建统一算力资源池。公司持续优化产品结构，建材业务占比稳步提升，毛利率较上年持平个百分点。下半年公司将围绕年度经营计划，重点做好市场开拓、成本控制与人才梯队建设等工作。公司评估公有云与私有云方案，逐步构建统一算力资源池。报告期内，公司实现营业收入28.4亿元，同比增长-3.1%，主要得益于主营业务产销规模扩大。公司继续推进产能建设，建材项目一期已投产，预计达产后年新增产能3万吨。公司开展数据治理体系建设，统一主数据标准，提升数据资产质量。报告期内公司客户结构进一步优化，前五大客户收入占比为28.3%，客户集中度处于合理区间。公司数据中心一期建成投用，具备 PB 级数据存储与计算能力。报告期内，公司实现营业收入28.4亿元，同比增长5.6%，主要得益于主营业务产销规模扩大。报告期内公司客户结构进一步优化，前五大客户收入占比为41.8%，客户集中度处于合理区间。面对市场竞争加剧，公司加大渠道建设力度，经销商数量增加210家，覆盖区域进一步扩大。受行业周期影响，部分产品价格有所回落，公司及时调整销售策略，库存水平保持在合理范围。公司积极拓展海外市场，出口业务收入同比增长9.4%，国际化布局初见成效。公司持续加大研发投入，研发费用占营业收入比例为5.1%，围绕纺织服装开展技术攻关。原材料价格波动对成本端形成一定压力，公司通过集中采购和套期保值部分对冲了成本上行风险。,脚本生成演示语料(step0_make_demo_corpus.py),公司评估公有云与私有云方案，逐步构建统一算力资源池。公司持续优化产品结构，建材业务占比稳步提升，毛利率较上年持平个百分点。下半年公司将围绕年度经营计划，重点做好市场开拓、成本控制与人才梯队建设等工作。公司评估公有云与私有云方案，逐步构建统一算力资源池。报告期内，公司实现营业收入28.4亿元，同比增长-3.1%，主要得益于主营业务产销规模扩大。公司继续推进产能建设，建材项目一期已投产，预计达产后年新增产能3万吨。公司开展数据治理体系建设，统一主数据标准，提升数据资产质量。报告期内公司客户结构进一步优化，前五大客户收入占比为28.3%，客户集中度处于合理区间。公司数据中心一期建成投用，具备 PB 级数据存储与计算能力。报告期内，公司实现营业收入28.4亿元，同比增长5.6%，主要得益于主营业务产销规模扩大。报告期内公司客户结构进一步优化，前五大客户收入占比为41.8%，客户集中度处于合理区间。面对市场竞争加剧，公司加大渠道建设力度，经销商数量增加210家，覆盖区域进一步扩大。受行业周期影响，部分产品价格有所回落，公司及时调整销售策略，库存水平保持在合理范围。公司积极拓展海外市场，出口业务收入同比增长9.4%，国际化布局初见成效。公司持续加大研发投入，研发费用占营业收入比例为5.1%，围绕纺织服装开展技术攻关。原材料价格波动对成本端形成一定压力，公司通过集中采购和套期保值部分对冲了成本上行风险。,评估 公有 私有 方案 逐步 构建 统一 算力 资源 持续 优化 产品 结构 建材 业务 毛利率 持平 百分点 下半年 年度 经营 做好 市场 开拓 成本 控制 人才 梯队 建设 评估 公有 私有 方案 逐步 构建 统一 算力 资源 营业 收入 得益于 主营业务 产销 规模 扩大 产能 建设 建材 项目 一期 投产 预计 达产 新增 产能 万吨 数据 治理 体系 建设 统一 数据 标准 数据 资产 质量 客户 结构 优化 五大 客户 收入 客户 集中度 处于 合理 区间 数据中心 一期 建成 投用 具备 PB 数据 存储 计算能力 营业 收入 得益于 主营业务 产销 规模 扩大 客户 结构 优化 五大 客户 收入 客户 集中度 处于 合理 区间 面对 市场竞争 加剧 加大 渠道 建设 力度 经销商 数量 覆盖 区域 扩大 行业 周期 影响 产品价格 有所 回落 及时 调整 销售策略 库存 水平 合理 范围 拓展 海外 市场 出口 业务收入 国际化 布局 初见成效 持续 加大 研发 投入 研发 费用 营业 收入 比例 纺织 服装 技术 攻关 原材料 价格 波动 成本 形成 一定 压力 集中 采购 套期 保值 对冲 成本 上行 风险,165
DEMO009,演示DEMO009股份有限公司,房地产,2024,年度报告,报告期内，公司实现营业收入8.9亿元，同比增长22.7%，主要得益于主营业务产销规模扩大。公司采购云服务替代传统服务器部署，系统上线周期大幅缩短。面对市场竞争加剧，公司加大渠道建设力度，经销商数量增加36家，覆盖区域进一步扩大。受行业周期影响，部分产品价格有所回落，公司及时调整销售策略，库存水平保持在合理范围。公司深耕东北市场，区域市场份额稳中有升，品牌影响力持续增强。公司上线智能排产系统，通过智能算法优化生产计划排程。原材料价格波动对成本端形成一定压力，公司通过集中采购和套期保值部分对冲了成本上行风险。公司成立数据中台团队，推动业务数据化、数据业务化。公司应用数字孪生技术对重点产线进行虚拟建模与仿真优化。面对市场竞争加剧，公司加大渠道建设力度，经销商数量增加88家，覆盖区域进一步扩大。公司建立健全内部控制系统，治理结构规范，三会运作正常。公司建设大数据平台，整合生产、销售与供应链数据，支撑经营决策。报告期内人民币汇率波动加大，公司通过远期结售汇业务降低了汇兑损失。,脚本生成演示语料(step0_make_demo_corpus.py),报告期内，公司实现营业收入8.9亿元，同比增长22.7%，主要得益于主营业务产销规模扩大。公司采购云服务替代传统服务器部署，系统上线周期大幅缩短。面对市场竞争加剧，公司加大渠道建设力度，经销商数量增加36家，覆盖区域进一步扩大。受行业周期影响，部分产品价格有所回落，公司及时调整销售策略，库存水平保持在合理范围。公司深耕东北市场，区域市场份额稳中有升，品牌影响力持续增强。公司上线智能排产系统，通过智能算法优化生产计划排程。原材料价格波动对成本端形成一定压力，公司通过集中采购和套期保值部分对冲了成本上行风险。公司成立数据中台团队，推动业务数据化、数据业务化。公司应用数字孪生技术对重点产线进行虚拟建模与仿真优化。面对市场竞争加剧，公司加大渠道建设力度，经销商数量增加88家，覆盖区域进一步扩大。公司建立健全内部控制系统，治理结构规范，三会运作正常。公司建设大数据平台，整合生产、销售与供应链数据，支撑经营决策。报告期内人民币汇率波动加大，公司通过远期结售汇业务降低了汇兑损失。,营业 收入 得益于 主营业务 产销 规模 扩大 采购 服务 替代 传统 服务器 部署 系统 上线 周期 大幅 缩短 面对 市场竞争 加剧 加大 渠道 建设 力度 经销商 数量 覆盖 区域 扩大 行业 周期 影响 产品价格 有所 回落 及时 调整 销售策略 库存 水平 合理 范围 深耕 东北 市场 区域 市场份额 稳中有升 品牌 影响力 持续 增强 上线 智能 排产 系统 智能算法 优化 生产 排程 原材料 价格 波动 成本 形成 一定 压力 集中 采购 套期 保值 对冲 成本 上行 风险 成立 数据中台 团队 业务 数据 数据业务 应用 数字孪生 技术 产线 虚拟 建模 仿真 优化 面对 市场竞争 加剧 加大 渠道 建设 力度 经销商 数量 覆盖 区域 扩大 建立健全 内部 控制系统 治理 结构 规范 三会 运作 建设 大数据 平台 整合 生产 销售 供应链 数据 支撑 经营 决策 人民币 汇率 波动 加大 远期 结售汇 业务 降低 汇兑 损失,131
DEMO010,演示DEMO010股份有限公司,农林牧渔,2020,年度报告,公司应用数字孪生技术对重点产线进行虚拟建模与仿真优化。公司建立健全内部控制系统，治理结构规范，三会运作正常。公司继续推进产能建设，纺织服装项目一期已投产，预计达产后年新增产能5万吨。公司持续优化产品结构，纺织服装业务占比稳步提升，毛利率较上年下降1.5个百分点。本年度公司人力成本略有上升，管理费用率保持稳定，费用管控成效显现。公司主要客户为行业龙头企业，合作关系稳定，应收账款回款情况良好。公司建设大数据平台，整合生产、销售与供应链数据，支撑经营决策。公司持续优化产品结构，建材业务占比稳步提升，毛利率较上年持平个百分点。报告期内，公司获得高新技术企业资质认定，享受相应税收优惠政策。报告期内人民币汇率波动加大，公司通过远期结售汇业务降低了汇兑损失。本年度公司人力成本略有上升，管理费用率保持稳定，费用管控成效显现。受行业周期影响，部分产品价格有所回落，公司及时调整销售策略，库存水平保持在合理范围。,脚本生成演示语料(step0_make_demo_corpus.py),公司应用数字孪生技术对重点产线进行虚拟建模与仿真优化。公司建立健全内部控制系统，治理结构规范，三会运作正常。公司继续推进产能建设，纺织服装项目一期已投产，预计达产后年新增产能5万吨。公司持续优化产品结构，纺织服装业务占比稳步提升，毛利率较上年下降1.5个百分点。本年度公司人力成本略有上升，管理费用率保持稳定，费用管控成效显现。公司主要客户为行业龙头企业，合作关系稳定，应收账款回款情况良好。公司建设大数据平台，整合生产、销售与供应链数据，支撑经营决策。公司持续优化产品结构，建材业务占比稳步提升，毛利率较上年持平个百分点。报告期内，公司获得高新技术企业资质认定，享受相应税收优惠政策。报告期内人民币汇率波动加大，公司通过远期结售汇业务降低了汇兑损失。本年度公司人力成本略有上升，管理费用率保持稳定，费用管控成效显现。受行业周期影响，部分产品价格有所回落，公司及时调整销售策略，库存水平保持在合理范围。,应用 数字孪生 技术 产线 虚拟 建模 仿真 优化 建立健全 内部 控制系统 治理 结构 规范 三会 运作 产能 建设 纺织 服装 项目 一期 投产 预计 达产 新增 产能 万吨 持续 优化 产品 结构 纺织 服装 业务 毛利率 百分点 本年度 人力 成本 略有 管理 费用率 保持稳定 费用 管控 成效 显现 客户 行业龙头 企业 合作 关系 应收 账款 回款 建设 大数据 平台 整合 生产 销售 供应链 数据 支撑 经营 决策 持续 优化 产品 结构 建材 业务 毛利率 持平 百分点 获得 高新技术 企业资质 认定 享受 相应 税收 优惠政策 人民币 汇率 波动 加大 远期 结售汇 业务 降低 汇兑 损失 本年度 人力 成本 略有 管理 费用率 保持稳定 费用 管控 成效 显现 行业 周期 影响 产品价格 有所 回落 及时 调整 销售策略 库存 水平 合理 范围,118
DEMO010,演示DEMO010股份有限公司,农林牧渔,2021,年度报告,公司上线智能排产系统，通过智能算法优化生产计划排程。公司现金流状况良好，经营活动现金流量净额为3.2亿元，资产负债结构稳健。公司深耕华东市场，区域市场份额稳中有升，品牌影响力持续增强。报告期内，公司实现营业收入12.6亿元，同比增长8.5%，主要得益于主营业务产销规模扩大。公司本期新增专利授权11项，累计有效专利210项，技术储备进一步夯实。报告期内人民币汇率波动加大，公司通过远期结售汇业务降低了汇兑损失。公司现金流状况良好，经营活动现金流量净额为8.7亿元，资产负债结构稳健。公司建立健全内部控制系统，治理结构规范，三会运作正常。公司继续推进产能建设，电子元器件项目一期已投产，预计达产后年新增产能20万吨。报告期内公司无重大诉讼仲裁事项，各项经营活动正常开展。公司深耕华东市场，区域市场份额稳中有升，品牌影响力持续增强。公司推动业务流程线上化，无纸化办公覆盖全部业务部门。公司积极拓展海外市场，出口业务收入同比增长12.1%，国际化布局初见成效。报告期内公司无重大诉讼仲裁事项，各项经营活动正常开展。,脚本生成演示语料(step0_make_demo_corpus.py),公司上线智能排产系统，通过智能算法优化生产计划排程。公司现金流状况良好，经营活动现金流量净额为3.2亿元，资产负债结构稳健。公司深耕华东市场，区域市场份额稳中有升，品牌影响力持续增强。报告期内，公司实现营业收入12.6亿元，同比增长8.5%，主要得益于主营业务产销规模扩大。公司本期新增专利授权11项，累计有效专利210项，技术储备进一步夯实。报告期内人民币汇率波动加大，公司通过远期结售汇业务降低了汇兑损失。公司现金流状况良好，经营活动现金流量净额为8.7亿元，资产负债结构稳健。公司建立健全内部控制系统，治理结构规范，三会运作正常。公司继续推进产能建设，电子元器件项目一期已投产，预计达产后年新增产能20万吨。报告期内公司无重大诉讼仲裁事项，各项经营活动正常开展。公司深耕华东市场，区域市场份额稳中有升，品牌影响力持续增强。公司推动业务流程线上化，无纸化办公覆盖全部业务部门。公司积极拓展海外市场，出口业务收入同比增长12.1%，国际化布局初见成效。报告期内公司无重大诉讼仲裁事项，各项经营活动正常开展。,上线 智能 排产 系统 智能算法 优化 生产 排程 现金流 状况良好 经营 活动 现金流量 净额 资产负债 结构 稳健 深耕 华东 市场 区域 市场份额 稳中有升 品牌 影响力 持续 增强 营业 收入 得益于 主营业务 产销 规模 扩大 本期 新增 专利 授权 专利 技术储备 夯实 人民币 汇率 波动 加大 远期 结售汇 业务 降低 汇兑 损失 现金流 状况良好 经营 活动 现金流量 净额 资产负债 结构 稳健 建立健全 内部 控制系统 治理 结构 规范 三会 运作 产能 建设 电子 元器件 项目 一期 投产 预计 达产 新增 产能 万吨 重大 诉讼 仲裁 事项 经营 活动 深耕 华东 市场 区域 市场份额 稳中有升 品牌 影响力 持续 增强 业务流程 上化 无纸化 办公 覆盖 全部 业务部门 拓展 海外 市场 出口 业务收入 国际化 布局 初见成效 重大 诉讼 仲裁 事项 经营 活动,117
DEMO010,演示DEMO010股份有限公司,农林牧渔,2022,年度报告,公司积极拓展海外市场，出口业务收入同比增长-6.3%，国际化布局初见成效。公司试点数字人民币结算场景，丰富收款渠道。公司高度重视安全生产与环境保护，报告期内未发生重大安全事故。报告期内公司无重大诉讼仲裁事项，各项经营活动正常开展。报告期内公司无重大诉讼仲裁事项，各项经营活动正常开展。公司本期新增专利授权15项，累计有效专利85项，技术储备进一步夯实。公司持续优化产品结构，电子元器件业务占比稳步提升，毛利率较上年上升2.5个百分点。公司持续加大研发投入，研发费用占营业收入比例为4.4%，围绕高端装备开展技术攻关。公司积极拓展海外市场，出口业务收入同比增长-6.3%，国际化布局初见成效。报告期内公司无重大诉讼仲裁事项，各项经营活动正常开展。公司本期新增专利授权15项，累计有效专利210项，技术储备进一步夯实。公司引入边缘计算设备，实现车间数据的就地处理与实时回传。公司持续优化产品结构，纺织服装业务占比稳步提升，毛利率较上年持平个百分点。,脚本生成演示语料(step0_make_demo_corpus.py),公司积极拓展海外市场，出口业务收入同比增长-6.3%，国际化布局初见成效。公司试点数字人民币结算场景，丰富收款渠道。公司高度重视安全生产与环境保护，报告期内未发生重大安全事故。报告期内公司无重大诉讼仲裁事项，各项经营活动正常开展。报告期内公司无重大诉讼仲裁事项，各项经营活动正常开展。公司本期新增专利授权15项，累计有效专利85项，技术储备进一步夯实。公司持续优化产品结构，电子元器件业务占比稳步提升，毛利率较上年上升2.5个百分点。公司持续加大研发投入，研发费用占营业收入比例为4.4%，围绕高端装备开展技术攻关。公司积极拓展海外市场，出口业务收入同比增长-6.3%，国际化布局初见成效。报告期内公司无重大诉讼仲裁事项，各项经营活动正常开展。公司本期新增专利授权15项，累计有效专利210项，技术储备进一步夯实。公司引入边缘计算设备，实现车间数据的就地处理与实时回传。公司持续优化产品结构，纺织服装业务占比稳步提升，毛利率较上年持平个百分点。,拓展 海外 市场 出口 业务收入 国际化 布局 初见成效 试点 数字人民币 结算 场景 丰富 收款 渠道 高度重视 安全 生产 环境保护 发生 重大 安全事故 重大 诉讼 仲裁 事项 经营 活动 重大 诉讼 仲裁 事项 经营 活动 本期 新增 专利 授权 专利 技术储备 夯实 持续 优化 产品 结构 电子 元器件 业务 毛利率 百分点 持续 加大 研发 投入 研发 费用 营业 收入 比例 高端 装备 技术 攻关 拓展 海外 市场 出口 业务收入 国际化 布局 初见成效 重大 诉讼 仲裁 事项 经营 活动 本期 新增 专利 授权 专利 技术储备 夯实 引入 边缘计算 设备 车间 数据 处理 实时 回传 持续 优化 产品 结构 纺织 服装 业务 毛利率 持平 百分点,102
DEMO010,演示DEMO010股份有限公司,农林牧渔,2023,年度报告,报告期内，公司获得高新技术企业资质认定，享受相应税收优惠政策。报告期内公司无重大诉讼仲裁事项，各项经营活动正常开展。报告期内，公司实现营业收入12.6亿元，同比增长22.7%，主要得益于主营业务产销规模扩大。报告期内公司客户结构进一步优化，前五大客户收入占比为36.9%，客户集中度处于合理区间。公司成立数据中台团队，推动业务数据化、数据业务化。公司引入边缘计算设备，实现车间数据的就地处理与实时回传。公司评估公有云与私有云方案，逐步构建统一算力资源池。公司成立数据中台团队，推动业务数据化、数据业务化。报告期内人民币汇率波动加大，公司通过远期结售汇业务降低了汇兑损失。公司持续优化产品结构，电子元器件业务占比稳步提升，毛利率较上年上升2.5个百分点。面对市场竞争加剧，公司加大渠道建设力度，经销商数量增加210家，覆盖区域进一步扩大。公司推进经营管理信息化，上线新一代ERP系统实现业财一体。公司持续优化产品结构，精细化工产品业务占比稳步提升，毛利率较上年下降0.8个百分点。公司深耕东北市场，区域市场份额稳中有升，品牌影响力持续增强。本年度公司人力成本略有上升，管理费用率保持稳定，费用管控成效显现。,脚本生成演示语料(step0_make_demo_corpus.py),报告期内，公司获得高新技术企业资质认定，享受相应税收优惠政策。报告期内公司无重大诉讼仲裁事项，各项经营活动正常开展。报告期内，公司实现营业收入12.6亿元，同比增长22.7%，主要得益于主营业务产销规模扩大。报告期内公司客户结构进一步优化，前五大客户收入占比为36.9%，客户集中度处于合理区间。公司成立数据中台团队，推动业务数据化、数据业务化。公司引入边缘计算设备，实现车间数据的就地处理与实时回传。公司评估公有云与私有云方案，逐步构建统一算力资源池。公司成立数据中台团队，推动业务数据化、数据业务化。报告期内人民币汇率波动加大，公司通过远期结售汇业务降低了汇兑损失。公司持续优化产品结构，电子元器件业务占比稳步提升，毛利率较上年上升2.5个百分点。面对市场竞争加剧，公司加大渠道建设力度，经销商数量增加210家，覆盖区域进一步扩大。公司推进经营管理信息化，上线新一代ERP系统实现业财一体。公司持续优化产品结构，精细化工产品业务占比稳步提升，毛利率较上年下降0.8个百分点。公司深耕东北市场，区域市场份额稳中有升，品牌影响力持续增强。本年度公司人力成本略有上升，管理费用率保持稳定，费用管控成效显现。,获得 高新技术 企业资质 认定 享受 相应 税收 优惠政策 重大 诉讼 仲裁 事项 经营 活动 营业 收入 得益于 主营业务 产销 规模 扩大 客户 结构 优化 五大 客户 收入 客户 集中度 处于 合理 区间 成立 数据中台 团队 业务 数据 数据业务 引入 边缘计算 设备 车间 数据 处理 实时 回传 评估 公有 私有 方案 逐步 构建 统一 算力 资源 成立 数据中台 团队 业务 数据 数据业务 人民币 汇率 波动 加大 远期 结售汇 业务 降低 汇兑 损失 持续 优化 产品 结构 电子 元器件 业务 毛利率 百分点 面对 市场竞争 加剧 加大 渠道 建设 力度 经销商 数量 覆盖 区域 扩大 经营 管理 信息化 上线 新一代 ERP 系统 业财一体 持续 优化 产品 结构 精细化工 产品 业务 毛利率 百分点 深耕 东北 市场 区域 市场份额 稳中有升 品牌 影响力 持续 增强 本年度 人力 成本 略有 管理 费用率 保持稳定 费用 管控 成效 显现,130
DEMO010,演示DEMO010股份有限公司,农林牧渔,2024,年度报告,公司数据中心一期建成投用，具备 PB 级数据存储与计算能力。报告期内公司无重大诉讼仲裁事项，各项经营活动正常开展。面对市场竞争加剧，公司加大渠道建设力度，经销商数量增加36家，覆盖区域进一步扩大。公司本期新增专利授权15项，累计有效专利56项，技术储备进一步夯实。公司运用数据挖掘技术分析客户行为，实现精准营销。公司探索区块链技术在产品溯源中的应用，实现全流程信息上链。报告期内人民币汇率波动加大，公司通过远期结售汇业务降低了汇兑损失。公司积极拓展海外市场，出口业务收入同比增长18.9%，国际化布局初见成效。公司建立健全内部控制系统，治理结构规范，三会运作正常。公司数据中心一期建成投用，具备 PB 级数据存储与计算能力。报告期内公司无重大诉讼仲裁事项，各项经营活动正常开展。公司主要客户为行业龙头企业，合作关系稳定，应收账款回款情况良好。公司应用数字孪生技术对重点产线进行虚拟建模与仿真优化。报告期内公司无重大诉讼仲裁事项，各项经营活动正常开展。公司建设工业互联网平台，实现设备联网与远程运维。报告期内人民币汇率波动加大，公司通过远期结售汇业务降低了汇兑损失。面对市场竞争加剧，公司加大渠道建设力度，经销商数量增加45家，覆盖区域进一步扩大。公司研究基于分布式账本的对账机制，降低交易核对成本。公司积极拓展海外市场，出口业务收入同比增长30.5%，国际化布局初见成效。,脚本生成演示语料(step0_make_demo_corpus.py),公司数据中心一期建成投用，具备 PB 级数据存储与计算能力。报告期内公司无重大诉讼仲裁事项，各项经营活动正常开展。面对市场竞争加剧，公司加大渠道建设力度，经销商数量增加36家，覆盖区域进一步扩大。公司本期新增专利授权15项，累计有效专利56项，技术储备进一步夯实。公司运用数据挖掘技术分析客户行为，实现精准营销。公司探索区块链技术在产品溯源中的应用，实现全流程信息上链。报告期内人民币汇率波动加大，公司通过远期结售汇业务降低了汇兑损失。公司积极拓展海外市场，出口业务收入同比增长18.9%，国际化布局初见成效。公司建立健全内部控制系统，治理结构规范，三会运作正常。公司数据中心一期建成投用，具备 PB 级数据存储与计算能力。报告期内公司无重大诉讼仲裁事项，各项经营活动正常开展。公司主要客户为行业龙头企业，合作关系稳定，应收账款回款情况良好。公司应用数字孪生技术对重点产线进行虚拟建模与仿真优化。报告期内公司无重大诉讼仲裁事项，各项经营活动正常开展。公司建设工业互联网平台，实现设备联网与远程运维。报告期内人民币汇率波动加大，公司通过远期结售汇业务降低了汇兑损失。面对市场竞争加剧，公司加大渠道建设力度，经销商数量增加45家，覆盖区域进一步扩大。公司研究基于分布式账本的对账机制，降低交易核对成本。公司积极拓展海外市场，出口业务收入同比增长30.5%，国际化布局初见成效。,数据中心 一期 建成 投用 具备 PB 数据 存储 计算能力 重大 诉讼 仲裁 事项 经营 活动 面对 市场竞争 加剧 加大 渠道 建设 力度 经销商 数量 覆盖 区域 扩大 本期 新增 专利 授权 专利 技术储备 夯实 运用 数据挖掘 技术 分析 客户 行为 精准 营销 探索 区块链 技术 产品 溯源 应用 流程 信息 人民币 汇率 波动 加大 远期 结售汇 业务 降低 汇兑 损失 拓展 海外 市场 出口 业务收入 国际化 布局 初见成效 建立健全 内部 控制系统 治理 结构 规范 三会 运作 数据中心 一期 建成 投用 具备 PB 数据 存储 计算能力 重大 诉讼 仲裁 事项 经营 活动 客户 行业龙头 企业 合作 关系 应收 账款 回款 应用 数字孪生 技术 产线 虚拟 建模 仿真 优化 重大 诉讼 仲裁 事项 经营 活动 建设 工业互联网 平台 设备 联网 远程 运维 人民币 汇率 波动 加大 远期 结售汇 业务 降低 汇兑 损失 面对 市场竞争 加剧 加大 渠道 建设 力度 经销商 数量 覆盖 区域 扩大 研究 基于 分布式账本 对账 机制 降低 交易 核对 成本 拓展 海外 市场 出口 业务收入 国际化 布局 初见成效,159
DEMO011,演示DEMO011股份有限公司,信息技术,2020,年度报告,公司利用智能合约技术自动执行供应商结算条款。公司研究基于分布式账本的对账机制，降低交易核对成本。公司本期新增专利授权3项，累计有效专利210项，技术储备进一步夯实。公司持续优化产品结构，建材业务占比稳步提升，毛利率较上年上升1.2个百分点。报告期内公司无重大诉讼仲裁事项，各项经营活动正常开展。公司主要客户为行业龙头企业，合作关系稳定，应收账款回款情况良好。公司深耕华北市场，区域市场份额稳中有升，品牌影响力持续增强。公司现金流状况良好，经营活动现金流量净额为3.2亿元，资产负债结构稳健。公司研究基于分布式账本的对账机制，降低交易核对成本。公司深耕东北市场，区域市场份额稳中有升，品牌影响力持续增强。公司评估公有云与私有云方案，逐步构建统一算力资源池。公司研究基于分布式账本的对账机制，降低交易核对成本。公司运用数据挖掘技术分析客户行为，实现精准营销。公司成立数据中台团队，推动业务数据化、数据业务化。下半年公司将围绕年度经营计划，重点做好市场开拓、成本控制与人才梯队建设等工作。公司与高校联合开展深度学习算法研究，赋能产品智能设计。公司推进智能制造升级，数字化车间已通过省级认定。下半年公司将围绕年度经营计划，重点做好市场开拓、成本控制与人才梯队建设等工作。公司与高校联合开展深度学习算法研究，赋能产品智能设计。公司核心业务系统迁移上云，采用混合云架构降低IT运维成本。,脚本生成演示语料(step0_make_demo_corpus.py),公司利用智能合约技术自动执行供应商结算条款。公司研究基于分布式账本的对账机制，降低交易核对成本。公司本期新增专利授权3项，累计有效专利210项，技术储备进一步夯实。公司持续优化产品结构，建材业务占比稳步提升，毛利率较上年上升1.2个百分点。报告期内公司无重大诉讼仲裁事项，各项经营活动正常开展。公司主要客户为行业龙头企业，合作关系稳定，应收账款回款情况良好。公司深耕华北市场，区域市场份额稳中有升，品牌影响力持续增强。公司现金流状况良好，经营活动现金流量净额为3.2亿元，资产负债结构稳健。公司研究基于分布式账本的对账机制，降低交易核对成本。公司深耕东北市场，区域市场份额稳中有升，品牌影响力持续增强。公司评估公有云与私有云方案，逐步构建统一算力资源池。公司研究基于分布式账本的对账机制，降低交易核对成本。公司运用数据挖掘技术分析客户行为，实现精准营销。公司成立数据中台团队，推动业务数据化、数据业务化。下半年公司将围绕年度经营计划，重点做好市场开拓、成本控制与人才梯队建设等工作。公司与高校联合开展深度学习算法研究，赋能产品智能设计。公司推进智能制造升级，数字化车间已通过省级认定。下半年公司将围绕年度经营计划，重点做好市场开拓、成本控制与人才梯队建设等工作。公司与高校联合开展深度学习算法研究，赋能产品智能设计。公司核心业务系统迁移上云，采用混合云架构降低IT运维成本。,利用 智能合约 技术 自动 供应商 结算 条款 研究 基于 分布式账本 对账 机制 降低 交易 核对 成本 本期 新增 专利 授权 专利 技术储备 夯实 持续 优化 产品 结构 建材 业务 毛利率 百分点 重大 诉讼 仲裁 事项 经营 活动 客户 行业龙头 企业 合作 关系 应收 账款 回款 深耕 华北 市场 区域 市场份额 稳中有升 品牌 影响力 持续 增强 现金流 状况良好 经营 活动 现金流量 净额 资产负债 结构 稳健 研究 基于 分布式账本 对账 机制 降低 交易 核对 成本 深耕 东北 市场 区域 市场份额 稳中有升 品牌 影响力 持续 增强 评估 公有 私有 方案 逐步 构建 统一 算力 资源 研究 基于 分布式账本 对账 机制 降低 交易 核对 成本 运用 数据挖掘 技术 分析 客户 行为 精准 营销 成立 数据中台 团队 业务 数据 数据业务 下半年 年度 经营 做好 市场 开拓 成本 控制 人才 梯队 建设 高校 联合 深度学习 算法 研究 赋能 产品 智能 设计 智能制造 升级 数字化 车间 省级 认定 下半年 年度 经营 做好 市场 开拓 成本 控制 人才 梯队 建设 高校 联合 深度学习 算法 研究 赋能 产品 智能 设计 核心 业务 系统 迁移 上云 采用 混合 架构 降低 IT 运维 成本,173
DEMO011,演示DEMO011股份有限公司,信息技术,2021,年度报告,公司继续推进产能建设，电子元器件项目一期已投产，预计达产后年新增产能3万吨。报告期内，公司实现营业收入28.4亿元，同比增长15.2%，主要得益于主营业务产销规模扩大。公司研究基于分布式账本的对账机制，降低交易核对成本。公司持续优化产品结构，电子元器件业务占比稳步提升，毛利率较上年下降0.8个百分点。公司持续加大研发投入，研发费用占营业收入比例为2.6%，围绕建材开展技术攻关。公司建设大数据平台，整合生产、销售与供应链数据，支撑经营决策。公司开展数据治理体系建设，统一主数据标准，提升数据资产质量。公司深耕西南市场，区域市场份额稳中有升，品牌影响力持续增强。公司制定数字化转型规划，成立数字化管理委员会统筹推进。公司运用数据挖掘技术分析客户行为，实现精准营销。公司利用智能合约技术自动执行供应商结算条款。本年度公司人力成本略有上升，管理费用率保持稳定，费用管控成效显现。公司持续优化产品结构，精细化工产品业务占比稳步提升，毛利率较上年上升2.5个百分点。受行业周期影响，部分产品价格有所回落，公司及时调整销售策略，库存水平保持在合理范围。公司引入边缘计算设备，实现车间数据的就地处理与实时回传。公司探索区块链技术在产品溯源中的应用，实现全流程信息上链。公司部署机器学习算法对销售数据进行需求预测，库存周转效率明显改善。原材料价格波动对成本端形成一定压力，公司通过集中采购和套期保值部分对冲了成本上行风险。公司主要客户为行业龙头企业，合作关系稳定，应收账款回款情况良好。下半年公司将围绕年度经营计划，重点做好市场开拓、成本控制与人才梯队建设等工作。公司与高校联合开展深度学习算法研究，赋能产品智能设计。公司主要客户为行业龙头企业，合作关系稳定，应收账款回款情况良好。,脚本生成演示语料(step0_make_demo_corpus.py),公司继续推进产能建设，电子元器件项目一期已投产，预计达产后年新增产能3万吨。报告期内，公司实现营业收入28.4亿元，同比增长15.2%，主要得益于主营业务产销规模扩大。公司研究基于分布式账本的对账机制，降低交易核对成本。公司持续优化产品结构，电子元器件业务占比稳步提升，毛利率较上年下降0.8个百分点。公司持续加大研发投入，研发费用占营业收入比例为2.6%，围绕建材开展技术攻关。公司建设大数据平台，整合生产、销售与供应链数据，支撑经营决策。公司开展数据治理体系建设，统一主数据标准，提升数据资产质量。公司深耕西南市场，区域市场份额稳中有升，品牌影响力持续增强。公司制定数字化转型规划，成立数字化管理委员会统筹推进。公司运用数据挖掘技术分析客户行为，实现精准营销。公司利用智能合约技术自动执行供应商结算条款。本年度公司人力成本略有上升，管理费用率保持稳定，费用管控成效显现。公司持续优化产品结构，精细化工产品业务占比稳步提升，毛利率较上年上升2.5个百分点。受行业周期影响，部分产品价格有所回落，公司及时调整销售策略，库存水平保持在合理范围。公司引入边缘计算设备，实现车间数据的就地处理与实时回传。公司探索区块链技术在产品溯源中的应用，实现全流程信息上链。公司部署机器学习算法对销售数据进行需求预测，库存周转效率明显改善。原材料价格波动对成本端形成一定压力，公司通过集中采购和套期保值部分对冲了成本上行风险。公司主要客户为行业龙头企业，合作关系稳定，应收账款回款情况良好。下半年公司将围绕年度经营计划，重点做好市场开拓、成本控制与人才梯队建设等工作。公司与高校联合开展深度学习算法研究，赋能产品智能设计。公司主要客户为行业龙头企业，合作关系稳定，应收账款回款情况良好。,产能 建设 电子 元器件 项目 一期 投产 预计 达产 新增 产能 万吨 营业 收入 得益于 主营业务 产销 规模 扩大 研究 基于 分布式账本 对账 机制 降低 交易 核对 成本 持续 优化 产品 结构 电子 元器件 业务 毛利率 百分点 持续 加大 研发 投入 研发 费用 营业 收入 比例 建材 技术 攻关 建设 大数据 平台 整合 生产 销售 供应链 数据 支撑 经营 决策 数据 治理 体系 建设 统一 数据 标准 数据 资产 质量 深耕 西南 市场 区域 市场份额 稳中有升 品牌 影响力 持续 增强 制定 数字化转型 规划 成立 数字化 管理 委员会 统筹 运用 数据挖掘 技术 分析 客户 行为 精准 营销 利用 智能合约 技术 自动 供应商 结算 条款 本年度 人力 成本 略有 管理 费用率 保持稳定 费用 管控 成效 显现 持续 优化 产品 结构 精细化工 产品 业务 毛利率 百分点 行业 周期 影响 产品价格 有所 回落 及时 调整 销售策略 库存 水平 合理 范围 引入 边缘计算 设备 车间 数据 处理 实时 回传 探索 区块链 技术 产品 溯源 应用 流程 信息 部署 机器学习 算法 销售 数据 需求预测 库存 周转 效率 明显改善 原材料 价格 波动 成本 形成 一定 压力 集中 采购 套期 保值 对冲 成本 上行 风险 客户 行业龙头 企业 合作 关系 应收 账款 回款 下半年 年度 经营 做好 市场 开拓 成本 控制 人才 梯队 建设 高校 联合 深度学习 算法 研究 赋能 产品 智能 设计 客户 行业龙头 企业 合作 关系 应收 账款 回款,213
DEMO011,演示DEMO011股份有限公司,信息技术,2022,年度报告,公司构建经营分析数据仓库，管理层可实时查看核心经营指标。报告期内，公司实现营业收入12.6亿元，同比增长-1.8%，主要得益于主营业务产销规模扩大。公司推进经营管理信息化，上线新一代ERP系统实现业财一体。报告期内，公司获得高新技术企业资质认定，享受相应税收优惠政策。公司上线智能排产系统，通过智能算法优化生产计划排程。本年度公司人力成本略有上升，管理费用率保持稳定，费用管控成效显现。公司持续优化产品结构，精细化工产品业务占比稳步提升，毛利率较上年上升1.2个百分点。公司开展数据治理体系建设，统一主数据标准，提升数据资产质量。公司高度重视安全生产与环境保护，报告期内未发生重大安全事故。公司核心业务系统迁移上云，采用混合云架构降低IT运维成本。公司高度重视安全生产与环境保护，报告期内未发生重大安全事故。公司与高校联合开展深度学习算法研究，赋能产品智能设计。原材料价格波动对成本端形成一定压力，公司通过集中采购和套期保值部分对冲了成本上行风险。公司建设大数据平台，整合生产、销售与供应链数据，支撑经营决策。公司推进经营管理信息化，上线新一代ERP系统实现业财一体。公司继续推进产能建设，食品饮料项目一期已投产，预计达产后年新增产能8万吨。本年度公司人力成本略有上升，管理费用率保持稳定，费用管控成效显现。公司利用智能合约技术自动执行供应商结算条款。公司制定数字化转型规划，成立数字化管理委员会统筹推进。公司上线智能排产系统，通过智能算法优化生产计划排程。公司主要客户为行业龙头企业，合作关系稳定，应收账款回款情况良好。公司推动业务流程线上化，无纸化办公覆盖全部业务部门。公司制定数字化转型规划，成立数字化管理委员会统筹推进。公司发展电子商务业务，线上渠道收入占比持续提升。公司构建经营分析数据仓库，管理层可实时查看核心经营指标。,脚本生成演示语料(step0_make_demo_corpus.py),公司构建经营分析数据仓库，管理层可实时查看核心经营指标。报告期内，公司实现营业收入12.6亿元，同比增长-1.8%，主要得益于主营业务产销规模扩大。公司推进经营管理信息化，上线新一代ERP系统实现业财一体。报告期内，公司获得高新技术企业资质认定，享受相应税收优惠政策。公司上线智能排产系统，通过智能算法优化生产计划排程。本年度公司人力成本略有上升，管理费用率保持稳定，费用管控成效显现。公司持续优化产品结构，精细化工产品业务占比稳步提升，毛利率较上年上升1.2个百分点。公司开展数据治理体系建设，统一主数据标准，提升数据资产质量。公司高度重视安全生产与环境保护，报告期内未发生重大安全事故。公司核心业务系统迁移上云，采用混合云架构降低IT运维成本。公司高度重视安全生产与环境保护，报告期内未发生重大安全事故。公司与高校联合开展深度学习算法研究，赋能产品智能设计。原材料价格波动对成本端形成一定压力，公司通过集中采购和套期保值部分对冲了成本上行风险。公司建设大数据平台，整合生产、销售与供应链数据，支撑经营决策。公司推进经营管理信息化，上线新一代ERP系统实现业财一体。公司继续推进产能建设，食品饮料项目一期已投产，预计达产后年新增产能8万吨。本年度公司人力成本略有上升，管理费用率保持稳定，费用管控成效显现。公司利用智能合约技术自动执行供应商结算条款。公司制定数字化转型规划，成立数字化管理委员会统筹推进。公司上线智能排产系统，通过智能算法优化生产计划排程。公司主要客户为行业龙头企业，合作关系稳定，应收账款回款情况良好。公司推动业务流程线上化，无纸化办公覆盖全部业务部门。公司制定数字化转型规划，成立数字化管理委员会统筹推进。公司发展电子商务业务，线上渠道收入占比持续提升。公司构建经营分析数据仓库，管理层可实时查看核心经营指标。,构建 经营 分析 数据仓库 管理层 实时 查看 核心 经营 指标 营业 收入 得益于 主营业务 产销 规模 扩大 经营 管理 信息化 上线 新一代 ERP 系统 业财一体 获得 高新技术 企业资质 认定 享受 相应 税收 优惠政策 上线 智能 排产 系统 智能算法 优化 生产 排程 本年度 人力 成本 略有 管理 费用率 保持稳定 费用 管控 成效 显现 持续 优化 产品 结构 精细化工 产品 业务 毛利率 百分点 数据 治理 体系 建设 统一 数据 标准 数据 资产 质量 高度重视 安全 生产 环境保护 发生 重大 安全事故 核心 业务 系统 迁移 上云 采用 混合 架构 降低 IT 运维 成本 高度重视 安全 生产 环境保护 发生 重大 安全事故 高校 联合 深度学习 算法 研究 赋能 产品 智能 设计 原材料 价格 波动 成本 形成 一定 压力 集中 采购 套期 保值 对冲 成本 上行 风险 建设 大数据 平台 整合 生产 销售 供应链 数据 支撑 经营 决策 经营 管理 信息化 上线 新一代 ERP 系统 业财一体 产能 建设 食品饮料 项目 一期 投产 预计 达产 新增 产能 万吨 本年度 人力 成本 略有 管理 费用率 保持稳定 费用 管控 成效 显现 利用 智能合约 技术 自动 供应商 结算 条款 制定 数字化转型 规划 成立 数字化 管理 委员会 统筹 上线 智能 排产 系统 智能算法 优化 生产 排程 客户 行业龙头 企业 合作 关系 应收 账款 回款 业务流程 上化 无纸化 办公 覆盖 全部 业务部门 制定 数字化转型 规划 成立 数字化 管理 委员会 统筹 发展 电子商务 业务 线上 渠道 收入 持续 构建 经营 分析 数据仓库 管理层 实时 查看 核心 经营 指标,225
DEMO011,演示DEMO011股份有限公司,信息技术,2023,年度报告,公司采购云服务替代传统服务器部署，系统上线周期大幅缩短。公司上线智能排产系统，通过智能算法优化生产计划排程。公司高度重视安全生产与环境保护，报告期内未发生重大安全事故。报告期内，公司实现营业收入63.7亿元，同比增长-1.8%，主要得益于主营业务产销规模扩大。公司研究基于分布式账本的对账机制，降低交易核对成本。原材料价格波动对成本端形成一定压力，公司通过集中采购和套期保值部分对冲了成本上行风险。公司现金流状况良好，经营活动现金流量净额为5.8亿元，资产负债结构稳健。公司主要客户为行业龙头企业，合作关系稳定，应收账款回款情况良好。公司构建经营分析数据仓库，管理层可实时查看核心经营指标。公司部署机器学习算法对销售数据进行需求预测，库存周转效率明显改善。公司探索区块链技术在产品溯源中的应用，实现全流程信息上链。公司高度重视安全生产与环境保护，报告期内未发生重大安全事故。公司开展数据治理体系建设，统一主数据标准，提升数据资产质量。公司本期新增专利授权22项，累计有效专利56项，技术储备进一步夯实。公司引入边缘计算设备，实现车间数据的就地处理与实时回传。公司上线智能排产系统，通过智能算法优化生产计划排程。本年度公司人力成本略有上升，管理费用率保持稳定，费用管控成效显现。公司主要客户为行业龙头企业，合作关系稳定，应收账款回款情况良好。公司持续加大研发投入，研发费用占营业收入比例为4.4%，围绕精细化工产品开展技术攻关。公司基于云平台搭建协同办公体系，跨区域协作效率提升。公司积极拓展海外市场，出口业务收入同比增长9.4%，国际化布局初见成效。公司引入人工智能技术优化{prod}质检环节，缺陷识别准确率显著提升。,脚本生成演示语料(step0_make_demo_corpus.py),公司采购云服务替代传统服务器部署，系统上线周期大幅缩短。公司上线智能排产系统，通过智能算法优化生产计划排程。公司高度重视安全生产与环境保护，报告期内未发生重大安全事故。报告期内，公司实现营业收入63.7亿元，同比增长-1.8%，主要得益于主营业务产销规模扩大。公司研究基于分布式账本的对账机制，降低交易核对成本。原材料价格波动对成本端形成一定压力，公司通过集中采购和套期保值部分对冲了成本上行风险。公司现金流状况良好，经营活动现金流量净额为5.8亿元，资产负债结构稳健。公司主要客户为行业龙头企业，合作关系稳定，应收账款回款情况良好。公司构建经营分析数据仓库，管理层可实时查看核心经营指标。公司部署机器学习算法对销售数据进行需求预测，库存周转效率明显改善。公司探索区块链技术在产品溯源中的应用，实现全流程信息上链。公司高度重视安全生产与环境保护，报告期内未发生重大安全事故。公司开展数据治理体系建设，统一主数据标准，提升数据资产质量。公司本期新增专利授权22项，累计有效专利56项，技术储备进一步夯实。公司引入边缘计算设备，实现车间数据的就地处理与实时回传。公司上线智能排产系统，通过智能算法优化生产计划排程。本年度公司人力成本略有上升，管理费用率保持稳定，费用管控成效显现。公司主要客户为行业龙头企业，合作关系稳定，应收账款回款情况良好。公司持续加大研发投入，研发费用占营业收入比例为4.4%，围绕精细化工产品开展技术攻关。公司基于云平台搭建协同办公体系，跨区域协作效率提升。公司积极拓展海外市场，出口业务收入同比增长9.4%，国际化布局初见成效。公司引入人工智能技术优化{prod}质检环节，缺陷识别准确率显著提升。,采购 服务 替代 传统 服务器 部署 系统 上线 周期 大幅 缩短 上线 智能 排产 系统 智能算法 优化 生产 排程 高度重视 安全 生产 环境保护 发生 重大 安全事故 营业 收入 得益于 主营业务 产销 规模 扩大 研究 基于 分布式账本 对账 机制 降低 交易 核对 成本 原材料 价格 波动 成本 形成 一定 压力 集中 采购 套期 保值 对冲 成本 上行 风险 现金流 状况良好 经营 活动 现金流量 净额 资产负债 结构 稳健 客户 行业龙头 企业 合作 关系 应收 账款 回款 构建 经营 分析 数据仓库 管理层 实时 查看 核心 经营 指标 部署 机器学习 算法 销售 数据 需求预测 库存 周转 效率 明显改善 探索 区块链 技术 产品 溯源 应用 流程 信息 高度重视 安全 生产 环境保护 发生 重大 安全事故 数据 治理 体系 建设 统一 数据 标准 数据 资产 质量 本期 新增 专利 授权 专利 技术储备 夯实 引入 边缘计算 设备 车间 数据 处理 实时 回传 上线 智能 排产 系统 智能算法 优化 生产 排程 本年度 人力 成本 略有 管理 费用率 保持稳定 费用 管控 成效 显现 客户 行业龙头 企业 合作 关系 应收 账款 回款 持续 加大 研发 投入 研发 费用 营业 收入 比例 精细化工 产品 技术 攻关 基于 平台 搭建 协同 办公 体系 区域 协作 效率 拓展 海外 市场 出口 业务收入 国际化 布局 初见成效 引入 人工智能 技术 优化 prod 质检 环节 缺陷 识别 准确率,201
DEMO011,演示DEMO011股份有限公司,信息技术,2024,年度报告,公司采购云服务替代传统服务器部署，系统上线周期大幅缩短。公司基于云平台搭建协同办公体系，跨区域协作效率提升。报告期内，公司获得高新技术企业资质认定，享受相应税收优惠政策。公司基于云平台搭建协同办公体系，跨区域协作效率提升。公司积极拓展海外市场，出口业务收入同比增长-6.3%，国际化布局初见成效。报告期内公司无重大诉讼仲裁事项，各项经营活动正常开展。公司建立健全内部控制系统，治理结构规范，三会运作正常。报告期内，公司获得高新技术企业资质认定，享受相应税收优惠政策。公司部署机器学习算法对销售数据进行需求预测，库存周转效率明显改善。公司高度重视安全生产与环境保护，报告期内未发生重大安全事故。公司上线智能排产系统，通过智能算法优化生产计划排程。公司研究基于分布式账本的对账机制，降低交易核对成本。公司深耕东北市场，区域市场份额稳中有升，品牌影响力持续增强。公司持续加大研发投入，研发费用占营业收入比例为3.2%，围绕电子元器件开展技术攻关。公司成立数据中台团队，推动业务数据化、数据业务化。面对市场竞争加剧，公司加大渠道建设力度，经销商数量增加210家，覆盖区域进一步扩大。公司评估公有云与私有云方案，逐步构建统一算力资源池。公司采购云服务替代传统服务器部署，系统上线周期大幅缩短。公司主要客户为行业龙头企业，合作关系稳定，应收账款回款情况良好。公司评估公有云与私有云方案，逐步构建统一算力资源池。公司应用数字孪生技术对重点产线进行虚拟建模与仿真优化。公司运用数据挖掘技术分析客户行为，实现精准营销。,脚本生成演示语料(step0_make_demo_corpus.py),公司采购云服务替代传统服务器部署，系统上线周期大幅缩短。公司基于云平台搭建协同办公体系，跨区域协作效率提升。报告期内，公司获得高新技术企业资质认定，享受相应税收优惠政策。公司基于云平台搭建协同办公体系，跨区域协作效率提升。公司积极拓展海外市场，出口业务收入同比增长-6.3%，国际化布局初见成效。报告期内公司无重大诉讼仲裁事项，各项经营活动正常开展。公司建立健全内部控制系统，治理结构规范，三会运作正常。报告期内，公司获得高新技术企业资质认定，享受相应税收优惠政策。公司部署机器学习算法对销售数据进行需求预测，库存周转效率明显改善。公司高度重视安全生产与环境保护，报告期内未发生重大安全事故。公司上线智能排产系统，通过智能算法优化生产计划排程。公司研究基于分布式账本的对账机制，降低交易核对成本。公司深耕东北市场，区域市场份额稳中有升，品牌影响力持续增强。公司持续加大研发投入，研发费用占营业收入比例为3.2%，围绕电子元器件开展技术攻关。公司成立数据中台团队，推动业务数据化、数据业务化。面对市场竞争加剧，公司加大渠道建设力度，经销商数量增加210家，覆盖区域进一步扩大。公司评估公有云与私有云方案，逐步构建统一算力资源池。公司采购云服务替代传统服务器部署，系统上线周期大幅缩短。公司主要客户为行业龙头企业，合作关系稳定，应收账款回款情况良好。公司评估公有云与私有云方案，逐步构建统一算力资源池。公司应用数字孪生技术对重点产线进行虚拟建模与仿真优化。公司运用数据挖掘技术分析客户行为，实现精准营销。,采购 服务 替代 传统 服务器 部署 系统 上线 周期 大幅 缩短 基于 平台 搭建 协同 办公 体系 区域 协作 效率 获得 高新技术 企业资质 认定 享受 相应 税收 优惠政策 基于 平台 搭建 协同 办公 体系 区域 协作 效率 拓展 海外 市场 出口 业务收入 国际化 布局 初见成效 重大 诉讼 仲裁 事项 经营 活动 建立健全 内部 控制系统 治理 结构 规范 三会 运作 获得 高新技术 企业资质 认定 享受 相应 税收 优惠政策 部署 机器学习 算法 销售 数据 需求预测 库存 周转 效率 明显改善 高度重视 安全 生产 环境保护 发生 重大 安全事故 上线 智能 排产 系统 智能算法 优化 生产 排程 研究 基于 分布式账本 对账 机制 降低 交易 核对 成本 深耕 东北 市场 区域 市场份额 稳中有升 品牌 影响力 持续 增强 持续 加大 研发 投入 研发 费用 营业 收入 比例 电子 元器件 技术 攻关 成立 数据中台 团队 业务 数据 数据业务 面对 市场竞争 加剧 加大 渠道 建设 力度 经销商 数量 覆盖 区域 扩大 评估 公有 私有 方案 逐步 构建 统一 算力 资源 采购 服务 替代 传统 服务器 部署 系统 上线 周期 大幅 缩短 客户 行业龙头 企业 合作 关系 应收 账款 回款 评估 公有 私有 方案 逐步 构建 统一 算力 资源 应用 数字孪生 技术 产线 虚拟 建模 仿真 优化 运用 数据挖掘 技术 分析 客户 行为 精准 营销,195
DEMO012,演示DEMO012股份有限公司,制造业,2020,年度报告,公司本期新增专利授权3项，累计有效专利85项，技术储备进一步夯实。公司高度重视安全生产与环境保护，报告期内未发生重大安全事故。公司引入边缘计算设备，实现车间数据的就地处理与实时回传。公司试点数字人民币结算场景，丰富收款渠道。公司深耕华北市场，区域市场份额稳中有升，品牌影响力持续增强。公司继续推进产能建设，电子元器件项目一期已投产，预计达产后年新增产能8万吨。下半年公司将围绕年度经营计划，重点做好市场开拓、成本控制与人才梯队建设等工作。公司现金流状况良好，经营活动现金流量净额为5.8亿元，资产负债结构稳健。报告期内，公司实现营业收入28.4亿元，同比增长15.2%，主要得益于主营业务产销规模扩大。报告期内，公司获得高新技术企业资质认定，享受相应税收优惠政策。报告期内公司无重大诉讼仲裁事项，各项经营活动正常开展。公司试点数字人民币结算场景，丰富收款渠道。公司建立健全内部控制系统，治理结构规范，三会运作正常。公司积极拓展海外市场，出口业务收入同比增长-6.3%，国际化布局初见成效。,脚本生成演示语料(step0_make_demo_corpus.py),公司本期新增专利授权3项，累计有效专利85项，技术储备进一步夯实。公司高度重视安全生产与环境保护，报告期内未发生重大安全事故。公司引入边缘计算设备，实现车间数据的就地处理与实时回传。公司试点数字人民币结算场景，丰富收款渠道。公司深耕华北市场，区域市场份额稳中有升，品牌影响力持续增强。公司继续推进产能建设，电子元器件项目一期已投产，预计达产后年新增产能8万吨。下半年公司将围绕年度经营计划，重点做好市场开拓、成本控制与人才梯队建设等工作。公司现金流状况良好，经营活动现金流量净额为5.8亿元，资产负债结构稳健。报告期内，公司实现营业收入28.4亿元，同比增长15.2%，主要得益于主营业务产销规模扩大。报告期内，公司获得高新技术企业资质认定，享受相应税收优惠政策。报告期内公司无重大诉讼仲裁事项，各项经营活动正常开展。公司试点数字人民币结算场景，丰富收款渠道。公司建立健全内部控制系统，治理结构规范，三会运作正常。公司积极拓展海外市场，出口业务收入同比增长-6.3%，国际化布局初见成效。,本期 新增 专利 授权 专利 技术储备 夯实 高度重视 安全 生产 环境保护 发生 重大 安全事故 引入 边缘计算 设备 车间 数据 处理 实时 回传 试点 数字人民币 结算 场景 丰富 收款 渠道 深耕 华北 市场 区域 市场份额 稳中有升 品牌 影响力 持续 增强 产能 建设 电子 元器件 项目 一期 投产 预计 达产 新增 产能 万吨 下半年 年度 经营 做好 市场 开拓 成本 控制 人才 梯队 建设 现金流 状况良好 经营 活动 现金流量 净额 资产负债 结构 稳健 营业 收入 得益于 主营业务 产销 规模 扩大 获得 高新技术 企业资质 认定 享受 相应 税收 优惠政策 重大 诉讼 仲裁 事项 经营 活动 试点 数字人民币 结算 场景 丰富 收款 渠道 建立健全 内部 控制系统 治理 结构 规范 三会 运作 拓展 海外 市场 出口 业务收入 国际化 布局 初见成效,115
DEMO012,演示DEMO012股份有限公司,制造业,2021,年度报告,公司积极拓展海外市场，出口业务收入同比增长12.1%，国际化布局初见成效。公司主要客户为行业龙头企业，合作关系稳定，应收账款回款情况良好。公司上线智能排产系统，通过智能算法优化生产计划排程。公司成立数据中台团队，推动业务数据化、数据业务化。公司基于云平台搭建协同办公体系，跨区域协作效率提升。公司试点数字人民币结算场景，丰富收款渠道。公司制定数字化转型规划，成立数字化管理委员会统筹推进。公司积极拓展海外市场，出口业务收入同比增长9.4%，国际化布局初见成效。公司发展电子商务业务，线上渠道收入占比持续提升。报告期内公司客户结构进一步优化，前五大客户收入占比为32.5%，客户集中度处于合理区间。公司推动业务流程线上化，无纸化办公覆盖全部业务部门。公司探索区块链技术在产品溯源中的应用，实现全流程信息上链。报告期内公司客户结构进一步优化，前五大客户收入占比为41.8%，客户集中度处于合理区间。公司开展数据治理体系建设，统一主数据标准，提升数据资产质量。公司构建智慧物流体系，仓储分拣自动化水平显著提高。公司推进计算机视觉技术在生产线上的应用，实现关键工序自动检测。报告期内，公司实现营业收入12.6亿元，同比增长22.7%，主要得益于主营业务产销规模扩大。面对市场竞争加剧，公司加大渠道建设力度，经销商数量增加45家，覆盖区域进一步扩大。面对市场竞争加剧，公司加大渠道建设力度，经销商数量增加120家，覆盖区域进一步扩大。,脚本生成演示语料(step0_make_demo_corpus.py),公司积极拓展海外市场，出口业务收入同比增长12.1%，国际化布局初见成效。公司主要客户为行业龙头企业，合作关系稳定，应收账款回款情况良好。公司上线智能排产系统，通过智能算法优化生产计划排程。公司成立数据中台团队，推动业务数据化、数据业务化。公司基于云平台搭建协同办公体系，跨区域协作效率提升。公司试点数字人民币结算场景，丰富收款渠道。公司制定数字化转型规划，成立数字化管理委员会统筹推进。公司积极拓展海外市场，出口业务收入同比增长9.4%，国际化布局初见成效。公司发展电子商务业务，线上渠道收入占比持续提升。报告期内公司客户结构进一步优化，前五大客户收入占比为32.5%，客户集中度处于合理区间。公司推动业务流程线上化，无纸化办公覆盖全部业务部门。公司探索区块链技术在产品溯源中的应用，实现全流程信息上链。报告期内公司客户结构进一步优化，前五大客户收入占比为41.8%，客户集中度处于合理区间。公司开展数据治理体系建设，统一主数据标准，提升数据资产质量。公司构建智慧物流体系，仓储分拣自动化水平显著提高。公司推进计算机视觉技术在生产线上的应用，实现关键工序自动检测。报告期内，公司实现营业收入12.6亿元，同比增长22.7%，主要得益于主营业务产销规模扩大。面对市场竞争加剧，公司加大渠道建设力度，经销商数量增加45家，覆盖区域进一步扩大。面对市场竞争加剧，公司加大渠道建设力度，经销商数量增加120家，覆盖区域进一步扩大。,拓展 海外 市场 出口 业务收入 国际化 布局 初见成效 客户 行业龙头 企业 合作 关系 应收 账款 回款 上线 智能 排产 系统 智能算法 优化 生产 排程 成立 数据中台 团队 业务 数据 数据业务 基于 平台 搭建 协同 办公 体系 区域 协作 效率 试点 数字人民币 结算 场景 丰富 收款 渠道 制定 数字化转型 规划 成立 数字化 管理 委员会 统筹 拓展 海外 市场 出口 业务收入 国际化 布局 初见成效 发展 电子商务 业务 线上 渠道 收入 持续 客户 结构 优化 五大 客户 收入 客户 集中度 处于 合理 区间 业务流程 上化 无纸化 办公 覆盖 全部 业务部门 探索 区块链 技术 产品 溯源 应用 流程 信息 客户 结构 优化 五大 客户 收入 客户 集中度 处于 合理 区间 数据 治理 体系 建设 统一 数据 标准 数据 资产 质量 构建 智慧物流 体系 仓储 分拣 自动化 水平 计算机视觉 技术 生产线 应用 关键 工序 自动检测 营业 收入 得益于 主营业务 产销 规模 扩大 面对 市场竞争 加剧 加大 渠道 建设 力度 经销商 数量 覆盖 区域 扩大 面对 市场竞争 加剧 加大 渠道 建设 力度 经销商 数量 覆盖 区域 扩大,161
DEMO012,演示DEMO012股份有限公司,制造业,2022,年度报告,公司主要客户为行业龙头企业，合作关系稳定，应收账款回款情况良好。公司研究基于分布式账本的对账机制，降低交易核对成本。公司运用数据挖掘技术分析客户行为，实现精准营销。公司持续加大研发投入，研发费用占营业收入比例为3.2%，围绕电子元器件开展技术攻关。本年度公司人力成本略有上升，管理费用率保持稳定，费用管控成效显现。报告期内人民币汇率波动加大，公司通过远期结售汇业务降低了汇兑损失。公司试点数字人民币结算场景，丰富收款渠道。公司本期新增专利授权22项，累计有效专利120项，技术储备进一步夯实。报告期内公司客户结构进一步优化，前五大客户收入占比为32.5%，客户集中度处于合理区间。公司探索区块链技术在产品溯源中的应用，实现全流程信息上链。公司评估公有云与私有云方案，逐步构建统一算力资源池。公司基于云平台搭建协同办公体系，跨区域协作效率提升。公司建立健全内部控制系统，治理结构规范，三会运作正常。公司持续优化产品结构，电子元器件业务占比稳步提升，毛利率较上年持平个百分点。公司发展电子商务业务，线上渠道收入占比持续提升。面对市场竞争加剧，公司加大渠道建设力度，经销商数量增加45家，覆盖区域进一步扩大。,脚本生成演示语料(step0_make_demo_corpus.py),公司主要客户为行业龙头企业，合作关系稳定，应收账款回款情况良好。公司研究基于分布式账本的对账机制，降低交易核对成本。公司运用数据挖掘技术分析客户行为，实现精准营销。公司持续加大研发投入，研发费用占营业收入比例为3.2%，围绕电子元器件开展技术攻关。本年度公司人力成本略有上升，管理费用率保持稳定，费用管控成效显现。报告期内人民币汇率波动加大，公司通过远期结售汇业务降低了汇兑损失。公司试点数字人民币结算场景，丰富收款渠道。公司本期新增专利授权22项，累计有效专利120项，技术储备进一步夯实。报告期内公司客户结构进一步优化，前五大客户收入占比为32.5%，客户集中度处于合理区间。公司探索区块链技术在产品溯源中的应用，实现全流程信息上链。公司评估公有云与私有云方案，逐步构建统一算力资源池。公司基于云平台搭建协同办公体系，跨区域协作效率提升。公司建立健全内部控制系统，治理结构规范，三会运作正常。公司持续优化产品结构，电子元器件业务占比稳步提升，毛利率较上年持平个百分点。公司发展电子商务业务，线上渠道收入占比持续提升。面对市场竞争加剧，公司加大渠道建设力度，经销商数量增加45家，覆盖区域进一步扩大。,客户 行业龙头 企业 合作 关系 应收 账款 回款 研究 基于 分布式账本 对账 机制 降低 交易 核对 成本 运用 数据挖掘 技术 分析 客户 行为 精准 营销 持续 加大 研发 投入 研发 费用 营业 收入 比例 电子 元器件 技术 攻关 本年度 人力 成本 略有 管理 费用率 保持稳定 费用 管控 成效 显现 人民币 汇率 波动 加大 远期 结售汇 业务 降低 汇兑 损失 试点 数字人民币 结算 场景 丰富 收款 渠道 本期 新增 专利 授权 专利 技术储备 夯实 客户 结构 优化 五大 客户 收入 客户 集中度 处于 合理 区间 探索 区块链 技术 产品 溯源 应用 流程 信息 评估 公有 私有 方案 逐步 构建 统一 算力 资源 基于 平台 搭建 协同 办公 体系 区域 协作 效率 建立健全 内部 控制系统 治理 结构 规范 三会 运作 持续 优化 产品 结构 电子 元器件 业务 毛利率 持平 百分点 发展 电子商务 业务 线上 渠道 收入 持续 面对 市场竞争 加剧 加大 渠道 建设 力度 经销商 数量 覆盖 区域 扩大,147
DEMO012,演示DEMO012股份有限公司,制造业,2023,年度报告,公司核心业务系统迁移上云，采用混合云架构降低IT运维成本。下半年公司将围绕年度经营计划，重点做好市场开拓、成本控制与人才梯队建设等工作。报告期内公司客户结构进一步优化，前五大客户收入占比为36.9%，客户集中度处于合理区间。公司应用数字孪生技术对重点产线进行虚拟建模与仿真优化。公司采购云服务替代传统服务器部署，系统上线周期大幅缩短。公司持续加大研发投入，研发费用占营业收入比例为2.6%，围绕精细化工产品开展技术攻关。公司持续加大研发投入，研发费用占营业收入比例为3.2%，围绕食品饮料开展技术攻关。原材料价格波动对成本端形成一定压力，公司通过集中采购和套期保值部分对冲了成本上行风险。报告期内公司客户结构进一步优化，前五大客户收入占比为41.8%，客户集中度处于合理区间。报告期内，公司实现营业收入19.3亿元，同比增长5.6%，主要得益于主营业务产销规模扩大。公司引入人工智能技术优化{prod}质检环节，缺陷识别准确率显著提升。公司现金流状况良好，经营活动现金流量净额为12.4亿元，资产负债结构稳健。公司推进经营管理信息化，上线新一代ERP系统实现业财一体。公司成立数据中台团队，推动业务数据化、数据业务化。公司引入人工智能技术优化{prod}质检环节，缺陷识别准确率显著提升。公司发展电子商务业务，线上渠道收入占比持续提升。,脚本生成演示语料(step0_make_demo_corpus.py),公司核心业务系统迁移上云，采用混合云架构降低IT运维成本。下半年公司将围绕年度经营计划，重点做好市场开拓、成本控制与人才梯队建设等工作。报告期内公司客户结构进一步优化，前五大客户收入占比为36.9%，客户集中度处于合理区间。公司应用数字孪生技术对重点产线进行虚拟建模与仿真优化。公司采购云服务替代传统服务器部署，系统上线周期大幅缩短。公司持续加大研发投入，研发费用占营业收入比例为2.6%，围绕精细化工产品开展技术攻关。公司持续加大研发投入，研发费用占营业收入比例为3.2%，围绕食品饮料开展技术攻关。原材料价格波动对成本端形成一定压力，公司通过集中采购和套期保值部分对冲了成本上行风险。报告期内公司客户结构进一步优化，前五大客户收入占比为41.8%，客户集中度处于合理区间。报告期内，公司实现营业收入19.3亿元，同比增长5.6%，主要得益于主营业务产销规模扩大。公司引入人工智能技术优化{prod}质检环节，缺陷识别准确率显著提升。公司现金流状况良好，经营活动现金流量净额为12.4亿元，资产负债结构稳健。公司推进经营管理信息化，上线新一代ERP系统实现业财一体。公司成立数据中台团队，推动业务数据化、数据业务化。公司引入人工智能技术优化{prod}质检环节，缺陷识别准确率显著提升。公司发展电子商务业务，线上渠道收入占比持续提升。,核心 业务 系统 迁移 上云 采用 混合 架构 降低 IT 运维 成本 下半年 年度 经营 做好 市场 开拓 成本 控制 人才 梯队 建设 客户 结构 优化 五大 客户 收入 客户 集中度 处于 合理 区间 应用 数字孪生 技术 产线 虚拟 建模 仿真 优化 采购 服务 替代 传统 服务器 部署 系统 上线 周期 大幅 缩短 持续 加大 研发 投入 研发 费用 营业 收入 比例 精细化工 产品 技术 攻关 持续 加大 研发 投入 研发 费用 营业 收入 比例 食品饮料 技术 攻关 原材料 价格 波动 成本 形成 一定 压力 集中 采购 套期 保值 对冲 成本 上行 风险 客户 结构 优化 五大 客户 收入 客户 集中度 处于 合理 区间 营业 收入 得益于 主营业务 产销 规模 扩大 引入 人工智能 技术 优化 prod 质检 环节 缺陷 识别 准确率 现金流 状况良好 经营 活动 现金流量 净额 资产负债 结构 稳健 经营 管理 信息化 上线 新一代 ERP 系统 业财一体 成立 数据中台 团队 业务 数据 数据业务 引入 人工智能 技术 优化 prod 质检 环节 缺陷 识别 准确率 发展 电子商务 业务 线上 渠道 收入 持续,161
DEMO012,演示DEMO012股份有限公司,制造业,2024,年度报告,公司成立数据中台团队，推动业务数据化、数据业务化。公司本期新增专利授权3项，累计有效专利56项，技术储备进一步夯实。原材料价格波动对成本端形成一定压力，公司通过集中采购和套期保值部分对冲了成本上行风险。公司持续优化产品结构，纺织服装业务占比稳步提升，毛利率较上年上升1.2个百分点。公司持续加大研发投入，研发费用占营业收入比例为5.1%，围绕食品饮料开展技术攻关。公司运用数据挖掘技术分析客户行为，实现精准营销。公司现金流状况良好，经营活动现金流量净额为12.4亿元，资产负债结构稳健。公司积极拓展海外市场，出口业务收入同比增长9.4%，国际化布局初见成效。公司评估公有云与私有云方案，逐步构建统一算力资源池。公司建设大数据平台，整合生产、销售与供应链数据，支撑经营决策。公司数据中心一期建成投用，具备 PB 级数据存储与计算能力。公司采购云服务替代传统服务器部署，系统上线周期大幅缩短。公司高度重视安全生产与环境保护，报告期内未发生重大安全事故。公司与高校联合开展深度学习算法研究，赋能产品智能设计。公司持续加大研发投入，研发费用占营业收入比例为1.8%，围绕食品饮料开展技术攻关。公司持续加大研发投入，研发费用占营业收入比例为3.2%，围绕建材开展技术攻关。公司建设智能客服系统，应用自然语言处理技术实现工单自动分类。本年度公司人力成本略有上升，管理费用率保持稳定，费用管控成效显现。公司试点数字人民币结算场景，丰富收款渠道。公司建设工业互联网平台，实现设备联网与远程运维。公司持续优化产品结构，电子元器件业务占比稳步提升，毛利率较上年上升2.5个百分点。,脚本生成演示语料(step0_make_demo_corpus.py),公司成立数据中台团队，推动业务数据化、数据业务化。公司本期新增专利授权3项，累计有效专利56项，技术储备进一步夯实。原材料价格波动对成本端形成一定压力，公司通过集中采购和套期保值部分对冲了成本上行风险。公司持续优化产品结构，纺织服装业务占比稳步提升，毛利率较上年上升1.2个百分点。公司持续加大研发投入，研发费用占营业收入比例为5.1%，围绕食品饮料开展技术攻关。公司运用数据挖掘技术分析客户行为，实现精准营销。公司现金流状况良好，经营活动现金流量净额为12.4亿元，资产负债结构稳健。公司积极拓展海外市场，出口业务收入同比增长9.4%，国际化布局初见成效。公司评估公有云与私有云方案，逐步构建统一算力资源池。公司建设大数据平台，整合生产、销售与供应链数据，支撑经营决策。公司数据中心一期建成投用，具备 PB 级数据存储与计算能力。公司采购云服务替代传统服务器部署，系统上线周期大幅缩短。公司高度重视安全生产与环境保护，报告期内未发生重大安全事故。公司与高校联合开展深度学习算法研究，赋能产品智能设计。公司持续加大研发投入，研发费用占营业收入比例为1.8%，围绕食品饮料开展技术攻关。公司持续加大研发投入，研发费用占营业收入比例为3.2%，围绕建材开展技术攻关。公司建设智能客服系统，应用自然语言处理技术实现工单自动分类。本年度公司人力成本略有上升，管理费用率保持稳定，费用管控成效显现。公司试点数字人民币结算场景，丰富收款渠道。公司建设工业互联网平台，实现设备联网与远程运维。公司持续优化产品结构，电子元器件业务占比稳步提升，毛利率较上年上升2.5个百分点。,成立 数据中台 团队 业务 数据 数据业务 本期 新增 专利 授权 专利 技术储备 夯实 原材料 价格 波动 成本 形成 一定 压力 集中 采购 套期 保值 对冲 成本 上行 风险 持续 优化 产品 结构 纺织 服装 业务 毛利率 百分点 持续 加大 研发 投入 研发 费用 营业 收入 比例 食品饮料 技术 攻关 运用 数据挖掘 技术 分析 客户 行为 精准 营销 现金流 状况良好 经营 活动 现金流量 净额 资产负债 结构 稳健 拓展 海外 市场 出口 业务收入 国际化 布局 初见成效 评估 公有 私有 方案 逐步 构建 统一 算力 资源 建设 大数据 平台 整合 生产 销售 供应链 数据 支撑 经营 决策 数据中心 一期 建成 投用 具备 PB 数据 存储 计算能力 采购 服务 替代 传统 服务器 部署 系统 上线 周期 大幅 缩短 高度重视 安全 生产 环境保护 发生 重大 安全事故 高校 联合 深度学习 算法 研究 赋能 产品 智能 设计 持续 加大 研发 投入 研发 费用 营业 收入 比例 食品饮料 技术 攻关 持续 加大 研发 投入 研发 费用 营业 收入 比例 建材 技术 攻关 建设 智能 客服 系统 应用 自然语言处理 技术 工单 自动 分类 本年度 人力 成本 略有 管理 费用率 保持稳定 费用 管控 成效 显现 试点 数字人民币 结算 场景 丰富 收款 渠道 建设 工业互联网 平台 设备 联网 远程 运维 持续 优化 产品 结构 电子 元器件 业务 毛利率 百分点,198
DEMO013,演示DEMO013股份有限公司,批发零售,2020,年度报告,报告期内公司无重大诉讼仲裁事项，各项经营活动正常开展。面对市场竞争加剧，公司加大渠道建设力度，经销商数量增加210家，覆盖区域进一步扩大。报告期内人民币汇率波动加大，公司通过远期结售汇业务降低了汇兑损失。公司现金流状况良好，经营活动现金流量净额为1.5亿元，资产负债结构稳健。报告期内，公司获得高新技术企业资质认定，享受相应税收优惠政策。报告期内公司无重大诉讼仲裁事项，各项经营活动正常开展。面对市场竞争加剧，公司加大渠道建设力度，经销商数量增加36家，覆盖区域进一步扩大。公司运用数据挖掘技术分析客户行为，实现精准营销。公司探索区块链技术在产品溯源中的应用，实现全流程信息上链。面对市场竞争加剧，公司加大渠道建设力度，经销商数量增加45家，覆盖区域进一步扩大。公司积极拓展海外市场，出口业务收入同比增长30.5%，国际化布局初见成效。本年度公司人力成本略有上升，管理费用率保持稳定，费用管控成效显现。公司研究基于分布式账本的对账机制，降低交易核对成本。公司探索区块链技术在产品溯源中的应用，实现全流程信息上链。面对市场竞争加剧，公司加大渠道建设力度，经销商数量增加210家，覆盖区域进一步扩大。公司建设智能客服系统，应用自然语言处理技术实现工单自动分类。报告期内人民币汇率波动加大，公司通过远期结售汇业务降低了汇兑损失。,脚本生成演示语料(step0_make_demo_corpus.py),报告期内公司无重大诉讼仲裁事项，各项经营活动正常开展。面对市场竞争加剧，公司加大渠道建设力度，经销商数量增加210家，覆盖区域进一步扩大。报告期内人民币汇率波动加大，公司通过远期结售汇业务降低了汇兑损失。公司现金流状况良好，经营活动现金流量净额为1.5亿元，资产负债结构稳健。报告期内，公司获得高新技术企业资质认定，享受相应税收优惠政策。报告期内公司无重大诉讼仲裁事项，各项经营活动正常开展。面对市场竞争加剧，公司加大渠道建设力度，经销商数量增加36家，覆盖区域进一步扩大。公司运用数据挖掘技术分析客户行为，实现精准营销。公司探索区块链技术在产品溯源中的应用，实现全流程信息上链。面对市场竞争加剧，公司加大渠道建设力度，经销商数量增加45家，覆盖区域进一步扩大。公司积极拓展海外市场，出口业务收入同比增长30.5%，国际化布局初见成效。本年度公司人力成本略有上升，管理费用率保持稳定，费用管控成效显现。公司研究基于分布式账本的对账机制，降低交易核对成本。公司探索区块链技术在产品溯源中的应用，实现全流程信息上链。面对市场竞争加剧，公司加大渠道建设力度，经销商数量增加210家，覆盖区域进一步扩大。公司建设智能客服系统，应用自然语言处理技术实现工单自动分类。报告期内人民币汇率波动加大，公司通过远期结售汇业务降低了汇兑损失。,重大 诉讼 仲裁 事项 经营 活动 面对 市场竞争 加剧 加大 渠道 建设 力度 经销商 数量 覆盖 区域 扩大 人民币 汇率 波动 加大 远期 结售汇 业务 降低 汇兑 损失 现金流 状况良好 经营 活动 现金流量 净额 资产负债 结构 稳健 获得 高新技术 企业资质 认定 享受 相应 税收 优惠政策 重大 诉讼 仲裁 事项 经营 活动 面对 市场竞争 加剧 加大 渠道 建设 力度 经销商 数量 覆盖 区域 扩大 运用 数据挖掘 技术 分析 客户 行为 精准 营销 探索 区块链 技术 产品 溯源 应用 流程 信息 面对 市场竞争 加剧 加大 渠道 建设 力度 经销商 数量 覆盖 区域 扩大 拓展 海外 市场 出口 业务收入 国际化 布局 初见成效 本年度 人力 成本 略有 管理 费用率 保持稳定 费用 管控 成效 显现 研究 基于 分布式账本 对账 机制 降低 交易 核对 成本 探索 区块链 技术 产品 溯源 应用 流程 信息 面对 市场竞争 加剧 加大 渠道 建设 力度 经销商 数量 覆盖 区域 扩大 建设 智能 客服 系统 应用 自然语言处理 技术 工单 自动 分类 人民币 汇率 波动 加大 远期 结售汇 业务 降低 汇兑 损失,159
DEMO013,演示DEMO013股份有限公司,批发零售,2021,年度报告,公司继续推进产能建设，建材项目一期已投产，预计达产后年新增产能5万吨。公司高度重视安全生产与环境保护，报告期内未发生重大安全事故。公司核心业务系统迁移上云，采用混合云架构降低IT运维成本。报告期内，公司实现营业收入19.3亿元，同比增长-1.8%，主要得益于主营业务产销规模扩大。公司探索区块链技术在产品溯源中的应用，实现全流程信息上链。报告期内，公司实现营业收入63.7亿元，同比增长22.7%，主要得益于主营业务产销规模扩大。公司运用数据挖掘技术分析客户行为，实现精准营销。面对市场竞争加剧，公司加大渠道建设力度，经销商数量增加36家，覆盖区域进一步扩大。公司持续加大研发投入，研发费用占营业收入比例为4.4%，围绕食品饮料开展技术攻关。报告期内，公司获得高新技术企业资质认定，享受相应税收优惠政策。报告期内公司无重大诉讼仲裁事项，各项经营活动正常开展。公司本期新增专利授权11项，累计有效专利120项，技术储备进一步夯实。原材料价格波动对成本端形成一定压力，公司通过集中采购和套期保值部分对冲了成本上行风险。公司持续加大研发投入，研发费用占营业收入比例为2.6%，围绕建材开展技术攻关。公司建立健全内部控制系统，治理结构规范，三会运作正常。公司采购云服务替代传统服务器部署，系统上线周期大幅缩短。,脚本生成演示语料(step0_make_demo_corpus.py),公司继续推进产能建设，建材项目一期已投产，预计达产后年新增产能5万吨。公司高度重视安全生产与环境保护，报告期内未发生重大安全事故。公司核心业务系统迁移上云，采用混合云架构降低IT运维成本。报告期内，公司实现营业收入19.3亿元，同比增长-1.8%，主要得益于主营业务产销规模扩大。公司探索区块链技术在产品溯源中的应用，实现全流程信息上链。报告期内，公司实现营业收入63.7亿元，同比增长22.7%，主要得益于主营业务产销规模扩大。公司运用数据挖掘技术分析客户行为，实现精准营销。面对市场竞争加剧，公司加大渠道建设力度，经销商数量增加36家，覆盖区域进一步扩大。公司持续加大研发投入，研发费用占营业收入比例为4.4%，围绕食品饮料开展技术攻关。报告期内，公司获得高新技术企业资质认定，享受相应税收优惠政策。报告期内公司无重大诉讼仲裁事项，各项经营活动正常开展。公司本期新增专利授权11项，累计有效专利120项，技术储备进一步夯实。原材料价格波动对成本端形成一定压力，公司通过集中采购和套期保值部分对冲了成本上行风险。公司持续加大研发投入，研发费用占营业收入比例为2.6%，围绕建材开展技术攻关。公司建立健全内部控制系统，治理结构规范，三会运作正常。公司采购云服务替代传统服务器部署，系统上线周期大幅缩短。,产能 建设 建材 项目 一期 投产 预计 达产 新增 产能 万吨 高度重视 安全 生产 环境保护 发生 重大 安全事故 核心 业务 系统 迁移 上云 采用 混合 架构 降低 IT 运维 成本 营业 收入 得益于 主营业务 产销 规模 扩大 探索 区块链 技术 产品 溯源 应用 流程 信息 营业 收入 得益于 主营业务 产销 规模 扩大 运用 数据挖掘 技术 分析 客户 行为 精准 营销 面对 市场竞争 加剧 加大 渠道 建设 力度 经销商 数量 覆盖 区域 扩大 持续 加大 研发 投入 研发 费用 营业 收入 比例 食品饮料 技术 攻关 获得 高新技术 企业资质 认定 享受 相应 税收 优惠政策 重大 诉讼 仲裁 事项 经营 活动 本期 新增 专利 授权 专利 技术储备 夯实 原材料 价格 波动 成本 形成 一定 压力 集中 采购 套期 保值 对冲 成本 上行 风险 持续 加大 研发 投入 研发 费用 营业 收入 比例 建材 技术 攻关 建立健全 内部 控制系统 治理 结构 规范 三会 运作 采购 服务 替代 传统 服务器 部署 系统 上线 周期 大幅 缩短,151
DEMO013,演示DEMO013股份有限公司,批发零售,2022,年度报告,公司部署机器学习算法对销售数据进行需求预测，库存周转效率明显改善。报告期内公司客户结构进一步优化，前五大客户收入占比为32.5%，客户集中度处于合理区间。公司探索区块链技术在产品溯源中的应用，实现全流程信息上链。下半年公司将围绕年度经营计划，重点做好市场开拓、成本控制与人才梯队建设等工作。公司持续优化产品结构，纺织服装业务占比稳步提升，毛利率较上年上升1.2个百分点。公司建立健全内部控制系统，治理结构规范，三会运作正常。公司现金流状况良好，经营活动现金流量净额为12.4亿元，资产负债结构稳健。报告期内人民币汇率波动加大，公司通过远期结售汇业务降低了汇兑损失。公司推进智能制造升级，数字化车间已通过省级认定。公司部署机器学习算法对销售数据进行需求预测，库存周转效率明显改善。公司评估公有云与私有云方案，逐步构建统一算力资源池。公司引入人工智能技术优化{prod}质检环节，缺陷识别准确率显著提升。报告期内公司无重大诉讼仲裁事项，各项经营活动正常开展。公司持续优化产品结构，精细化工产品业务占比稳步提升，毛利率较上年上升2.5个百分点。公司本期新增专利授权22项，累计有效专利56项，技术储备进一步夯实。公司持续加大研发投入，研发费用占营业收入比例为1.8%，围绕精细化工产品开展技术攻关。公司试点数字人民币结算场景，丰富收款渠道。公司基于云平台搭建协同办公体系，跨区域协作效率提升。公司基于云平台搭建协同办公体系，跨区域协作效率提升。,脚本生成演示语料(step0_make_demo_corpus.py),公司部署机器学习算法对销售数据进行需求预测，库存周转效率明显改善。报告期内公司客户结构进一步优化，前五大客户收入占比为32.5%，客户集中度处于合理区间。公司探索区块链技术在产品溯源中的应用，实现全流程信息上链。下半年公司将围绕年度经营计划，重点做好市场开拓、成本控制与人才梯队建设等工作。公司持续优化产品结构，纺织服装业务占比稳步提升，毛利率较上年上升1.2个百分点。公司建立健全内部控制系统，治理结构规范，三会运作正常。公司现金流状况良好，经营活动现金流量净额为12.4亿元，资产负债结构稳健。报告期内人民币汇率波动加大，公司通过远期结售汇业务降低了汇兑损失。公司推进智能制造升级，数字化车间已通过省级认定。公司部署机器学习算法对销售数据进行需求预测，库存周转效率明显改善。公司评估公有云与私有云方案，逐步构建统一算力资源池。公司引入人工智能技术优化{prod}质检环节，缺陷识别准确率显著提升。报告期内公司无重大诉讼仲裁事项，各项经营活动正常开展。公司持续优化产品结构，精细化工产品业务占比稳步提升，毛利率较上年上升2.5个百分点。公司本期新增专利授权22项，累计有效专利56项，技术储备进一步夯实。公司持续加大研发投入，研发费用占营业收入比例为1.8%，围绕精细化工产品开展技术攻关。公司试点数字人民币结算场景，丰富收款渠道。公司基于云平台搭建协同办公体系，跨区域协作效率提升。公司基于云平台搭建协同办公体系，跨区域协作效率提升。,部署 机器学习 算法 销售 数据 需求预测 库存 周转 效率 明显改善 客户 结构 优化 五大 客户 收入 客户 集中度 处于 合理 区间 探索 区块链 技术 产品 溯源 应用 流程 信息 下半年 年度 经营 做好 市场 开拓 成本 控制 人才 梯队 建设 持续 优化 产品 结构 纺织 服装 业务 毛利率 百分点 建立健全 内部 控制系统 治理 结构 规范 三会 运作 现金流 状况良好 经营 活动 现金流量 净额 资产负债 结构 稳健 人民币 汇率 波动 加大 远期 结售汇 业务 降低 汇兑 损失 智能制造 升级 数字化 车间 省级 认定 部署 机器学习 算法 销售 数据 需求预测 库存 周转 效率 明显改善 评估 公有 私有 方案 逐步 构建 统一 算力 资源 引入 人工智能 技术 优化 prod 质检 环节 缺陷 识别 准确率 重大 诉讼 仲裁 事项 经营 活动 持续 优化 产品 结构 精细化工 产品 业务 毛利率 百分点 本期 新增 专利 授权 专利 技术储备 夯实 持续 加大 研发 投入 研发 费用 营业 收入 比例 精细化工 产品 技术 攻关 试点 数字人民币 结算 场景 丰富 收款 渠道 基于 平台 搭建 协同 办公 体系 区域 协作 效率 基于 平台 搭建 协同 办公 体系 区域 协作 效率,171
DEMO013,演示DEMO013股份有限公司,批发零售,2023,年度报告,报告期内人民币汇率波动加大，公司通过远期结售汇业务降低了汇兑损失。公司推进智能制造升级，数字化车间已通过省级认定。公司深耕东北市场，区域市场份额稳中有升，品牌影响力持续增强。公司成立数据中台团队，推动业务数据化、数据业务化。公司引入人工智能技术优化{prod}质检环节，缺陷识别准确率显著提升。公司采购云服务替代传统服务器部署，系统上线周期大幅缩短。公司采购云服务替代传统服务器部署，系统上线周期大幅缩短。公司高度重视安全生产与环境保护，报告期内未发生重大安全事故。公司主要客户为行业龙头企业，合作关系稳定，应收账款回款情况良好。公司评估公有云与私有云方案，逐步构建统一算力资源池。报告期内人民币汇率波动加大，公司通过远期结售汇业务降低了汇兑损失。公司继续推进产能建设，纺织服装项目一期已投产，预计达产后年新增产能8万吨。公司探索区块链技术在产品溯源中的应用，实现全流程信息上链。公司应用数字孪生技术对重点产线进行虚拟建模与仿真优化。公司核心业务系统迁移上云，采用混合云架构降低IT运维成本。公司基于云平台搭建协同办公体系，跨区域协作效率提升。公司采购云服务替代传统服务器部署，系统上线周期大幅缩短。报告期内，公司获得高新技术企业资质认定，享受相应税收优惠政策。公司高度重视安全生产与环境保护，报告期内未发生重大安全事故。报告期内公司客户结构进一步优化，前五大客户收入占比为28.3%，客户集中度处于合理区间。,脚本生成演示语料(step0_make_demo_corpus.py),报告期内人民币汇率波动加大，公司通过远期结售汇业务降低了汇兑损失。公司推进智能制造升级，数字化车间已通过省级认定。公司深耕东北市场，区域市场份额稳中有升，品牌影响力持续增强。公司成立数据中台团队，推动业务数据化、数据业务化。公司引入人工智能技术优化{prod}质检环节，缺陷识别准确率显著提升。公司采购云服务替代传统服务器部署，系统上线周期大幅缩短。公司采购云服务替代传统服务器部署，系统上线周期大幅缩短。公司高度重视安全生产与环境保护，报告期内未发生重大安全事故。公司主要客户为行业龙头企业，合作关系稳定，应收账款回款情况良好。公司评估公有云与私有云方案，逐步构建统一算力资源池。报告期内人民币汇率波动加大，公司通过远期结售汇业务降低了汇兑损失。公司继续推进产能建设，纺织服装项目一期已投产，预计达产后年新增产能8万吨。公司探索区块链技术在产品溯源中的应用，实现全流程信息上链。公司应用数字孪生技术对重点产线进行虚拟建模与仿真优化。公司核心业务系统迁移上云，采用混合云架构降低IT运维成本。公司基于云平台搭建协同办公体系，跨区域协作效率提升。公司采购云服务替代传统服务器部署，系统上线周期大幅缩短。报告期内，公司获得高新技术企业资质认定，享受相应税收优惠政策。公司高度重视安全生产与环境保护，报告期内未发生重大安全事故。报告期内公司客户结构进一步优化，前五大客户收入占比为28.3%，客户集中度处于合理区间。,人民币 汇率 波动 加大 远期 结售汇 业务 降低 汇兑 损失 智能制造 升级 数字化 车间 省级 认定 深耕 东北 市场 区域 市场份额 稳中有升 品牌 影响力 持续 增强 成立 数据中台 团队 业务 数据 数据业务 引入 人工智能 技术 优化 prod 质检 环节 缺陷 识别 准确率 采购 服务 替代 传统 服务器 部署 系统 上线 周期 大幅 缩短 采购 服务 替代 传统 服务器 部署 系统 上线 周期 大幅 缩短 高度重视 安全 生产 环境保护 发生 重大 安全事故 客户 行业龙头 企业 合作 关系 应收 账款 回款 评估 公有 私有 方案 逐步 构建 统一 算力 资源 人民币 汇率 波动 加大 远期 结售汇 业务 降低 汇兑 损失 产能 建设 纺织 服装 项目 一期 投产 预计 达产 新增 产能 万吨 探索 区块链 技术 产品 溯源 应用 流程 信息 应用 数字孪生 技术 产线 虚拟 建模 仿真 优化 核心 业务 系统 迁移 上云 采用 混合 架构 降低 IT 运维 成本 基于 平台 搭建 协同 办公 体系 区域 协作 效率 采购 服务 替代 传统 服务器 部署 系统 上线 周期 大幅 缩短 获得 高新技术 企业资质 认定 享受 相应 税收 优惠政策 高度重视 安全 生产 环境保护 发生 重大 安全事故 客户 结构 优化 五大 客户 收入 客户 集中度 处于 合理 区间,184
DEMO013,演示DEMO013股份有限公司,批发零售,2024,年度报告,报告期内公司无重大诉讼仲裁事项，各项经营活动正常开展。公司推进智能制造升级，数字化车间已通过省级认定。本年度公司人力成本略有上升，管理费用率保持稳定，费用管控成效显现。面对市场竞争加剧，公司加大渠道建设力度，经销商数量增加210家，覆盖区域进一步扩大。公司引入人工智能技术优化{prod}质检环节，缺陷识别准确率显著提升。公司参与行业区块链联盟，推动供应链单证电子化与可信流转。公司试点数字人民币结算场景，丰富收款渠道。公司本期新增专利授权11项，累计有效专利120项，技术储备进一步夯实。报告期内公司无重大诉讼仲裁事项，各项经营活动正常开展。公司探索区块链技术在产品溯源中的应用，实现全流程信息上链。公司引入人工智能技术优化{prod}质检环节，缺陷识别准确率显著提升。公司建设智能客服系统，应用自然语言处理技术实现工单自动分类。报告期内，公司获得高新技术企业资质认定，享受相应税收优惠政策。公司参与行业区块链联盟，推动供应链单证电子化与可信流转。公司参与行业区块链联盟，推动供应链单证电子化与可信流转。公司开展数据治理体系建设，统一主数据标准，提升数据资产质量。公司利用智能合约技术自动执行供应商结算条款。公司主要客户为行业龙头企业，合作关系稳定，应收账款回款情况良好。公司采购云服务替代传统服务器部署，系统上线周期大幅缩短。公司深耕华北市场，区域市场份额稳中有升，品牌影响力持续增强。,脚本生成演示语料(step0_make_demo_corpus.py),报告期内公司无重大诉讼仲裁事项，各项经营活动正常开展。公司推进智能制造升级，数字化车间已通过省级认定。本年度公司人力成本略有上升，管理费用率保持稳定，费用管控成效显现。面对市场竞争加剧，公司加大渠道建设力度，经销商数量增加210家，覆盖区域进一步扩大。公司引入人工智能技术优化{prod}质检环节，缺陷识别准确率显著提升。公司参与行业区块链联盟，推动供应链单证电子化与可信流转。公司试点数字人民币结算场景，丰富收款渠道。公司本期新增专利授权11项，累计有效专利120项，技术储备进一步夯实。报告期内公司无重大诉讼仲裁事项，各项经营活动正常开展。公司探索区块链技术在产品溯源中的应用，实现全流程信息上链。公司引入人工智能技术优化{prod}质检环节，缺陷识别准确率显著提升。公司建设智能客服系统，应用自然语言处理技术实现工单自动分类。报告期内，公司获得高新技术企业资质认定，享受相应税收优惠政策。公司参与行业区块链联盟，推动供应链单证电子化与可信流转。公司参与行业区块链联盟，推动供应链单证电子化与可信流转。公司开展数据治理体系建设，统一主数据标准，提升数据资产质量。公司利用智能合约技术自动执行供应商结算条款。公司主要客户为行业龙头企业，合作关系稳定，应收账款回款情况良好。公司采购云服务替代传统服务器部署，系统上线周期大幅缩短。公司深耕华北市场，区域市场份额稳中有升，品牌影响力持续增强。,重大 诉讼 仲裁 事项 经营 活动 智能制造 升级 数字化 车间 省级 认定 本年度 人力 成本 略有 管理 费用率 保持稳定 费用 管控 成效 显现 面对 市场竞争 加剧 加大 渠道 建设 力度 经销商 数量 覆盖 区域 扩大 引入 人工智能 技术 优化 prod 质检 环节 缺陷 识别 准确率 参与 行业 区块链 联盟 供应链 单证 电子化 可信 流转 试点 数字人民币 结算 场景 丰富 收款 渠道 本期 新增 专利 授权 专利 技术储备 夯实 重大 诉讼 仲裁 事项 经营 活动 探索 区块链 技术 产品 溯源 应用 流程 信息 引入 人工智能 技术 优化 prod 质检 环节 缺陷 识别 准确率 建设 智能 客服 系统 应用 自然语言处理 技术 工单 自动 分类 获得 高新技术 企业资质 认定 享受 相应 税收 优惠政策 参与 行业 区块链 联盟 供应链 单证 电子化 可信 流转 参与 行业 区块链 联盟 供应链 单证 电子化 可信 流转 数据 治理 体系 建设 统一 数据 标准 数据 资产 质量 利用 智能合约 技术 自动 供应商 结算 条款 客户 行业龙头 企业 合作 关系 应收 账款 回款 采购 服务 替代 传统 服务器 部署 系统 上线 周期 大幅 缩短 深耕 华北 市场 区域 市场份额 稳中有升 品牌 影响力 持续 增强,174
DEMO014,演示DEMO014股份有限公司,房地产,2020,年度报告,公司持续加大研发投入，研发费用占营业收入比例为3.2%，围绕建材开展技术攻关。公司持续优化产品结构，纺织服装业务占比稳步提升，毛利率较上年下降1.5个百分点。报告期内，公司实现营业收入45.2亿元，同比增长-3.1%，主要得益于主营业务产销规模扩大。公司积极拓展海外市场，出口业务收入同比增长12.1%，国际化布局初见成效。报告期内，公司实现营业收入28.4亿元，同比增长-3.1%，主要得益于主营业务产销规模扩大。报告期内，公司获得高新技术企业资质认定，享受相应税收优惠政策。公司主要客户为行业龙头企业，合作关系稳定，应收账款回款情况良好。报告期内，公司实现营业收入63.7亿元，同比增长22.7%，主要得益于主营业务产销规模扩大。,脚本生成演示语料(step0_make_demo_corpus.py),公司持续加大研发投入，研发费用占营业收入比例为3.2%，围绕建材开展技术攻关。公司持续优化产品结构，纺织服装业务占比稳步提升，毛利率较上年下降1.5个百分点。报告期内，公司实现营业收入45.2亿元，同比增长-3.1%，主要得益于主营业务产销规模扩大。公司积极拓展海外市场，出口业务收入同比增长12.1%，国际化布局初见成效。报告期内，公司实现营业收入28.4亿元，同比增长-3.1%，主要得益于主营业务产销规模扩大。报告期内，公司获得高新技术企业资质认定，享受相应税收优惠政策。公司主要客户为行业龙头企业，合作关系稳定，应收账款回款情况良好。报告期内，公司实现营业收入63.7亿元，同比增长22.7%，主要得益于主营业务产销规模扩大。,持续 加大 研发 投入 研发 费用 营业 收入 比例 建材 技术 攻关 持续 优化 产品 结构 纺织 服装 业务 毛利率 百分点 营业 收入 得益于 主营业务 产销 规模 扩大 拓展 海外 市场 出口 业务收入 国际化 布局 初见成效 营业 收入 得益于 主营业务 产销 规模 扩大 获得 高新技术 企业资质 认定 享受 相应 税收 优惠政策 客户 行业龙头 企业 合作 关系 应收 账款 回款 营业 收入 得益于 主营业务 产销 规模 扩大,66
DEMO014,演示DEMO014股份有限公司,房地产,2021,年度报告,报告期内人民币汇率波动加大，公司通过远期结售汇业务降低了汇兑损失。公司主要客户为行业龙头企业，合作关系稳定，应收账款回款情况良好。报告期内，公司获得高新技术企业资质认定，享受相应税收优惠政策。原材料价格波动对成本端形成一定压力，公司通过集中采购和套期保值部分对冲了成本上行风险。公司本期新增专利授权15项，累计有效专利38项，技术储备进一步夯实。受行业周期影响，部分产品价格有所回落，公司及时调整销售策略，库存水平保持在合理范围。原材料价格波动对成本端形成一定压力，公司通过集中采购和套期保值部分对冲了成本上行风险。公司数据中心一期建成投用，具备 PB 级数据存储与计算能力。公司推动业务流程线上化，无纸化办公覆盖全部业务部门。公司积极拓展海外市场，出口业务收入同比增长30.5%，国际化布局初见成效。公司继续推进产能建设，高端装备项目一期已投产，预计达产后年新增产能3万吨。,脚本生成演示语料(step0_make_demo_corpus.py),报告期内人民币汇率波动加大，公司通过远期结售汇业务降低了汇兑损失。公司主要客户为行业龙头企业，合作关系稳定，应收账款回款情况良好。报告期内，公司获得高新技术企业资质认定，享受相应税收优惠政策。原材料价格波动对成本端形成一定压力，公司通过集中采购和套期保值部分对冲了成本上行风险。公司本期新增专利授权15项，累计有效专利38项，技术储备进一步夯实。受行业周期影响，部分产品价格有所回落，公司及时调整销售策略，库存水平保持在合理范围。原材料价格波动对成本端形成一定压力，公司通过集中采购和套期保值部分对冲了成本上行风险。公司数据中心一期建成投用，具备 PB 级数据存储与计算能力。公司推动业务流程线上化，无纸化办公覆盖全部业务部门。公司积极拓展海外市场，出口业务收入同比增长30.5%，国际化布局初见成效。公司继续推进产能建设，高端装备项目一期已投产，预计达产后年新增产能3万吨。,人民币 汇率 波动 加大 远期 结售汇 业务 降低 汇兑 损失 客户 行业龙头 企业 合作 关系 应收 账款 回款 获得 高新技术 企业资质 认定 享受 相应 税收 优惠政策 原材料 价格 波动 成本 形成 一定 压力 集中 采购 套期 保值 对冲 成本 上行 风险 本期 新增 专利 授权 专利 技术储备 夯实 行业 周期 影响 产品价格 有所 回落 及时 调整 销售策略 库存 水平 合理 范围 原材料 价格 波动 成本 形成 一定 压力 集中 采购 套期 保值 对冲 成本 上行 风险 数据中心 一期 建成 投用 具备 PB 数据 存储 计算能力 业务流程 上化 无纸化 办公 覆盖 全部 业务部门 拓展 海外 市场 出口 业务收入 国际化 布局 初见成效 产能 建设 高端 装备 项目 一期 投产 预计 达产 新增 产能 万吨,112
DEMO014,演示DEMO014股份有限公司,房地产,2022,年度报告,公司构建经营分析数据仓库，管理层可实时查看核心经营指标。公司持续加大研发投入，研发费用占营业收入比例为1.8%，围绕精细化工产品开展技术攻关。公司深耕华北市场，区域市场份额稳中有升，品牌影响力持续增强。报告期内，公司实现营业收入45.2亿元，同比增长-3.1%，主要得益于主营业务产销规模扩大。公司制定数字化转型规划，成立数字化管理委员会统筹推进。报告期内公司无重大诉讼仲裁事项，各项经营活动正常开展。报告期内公司无重大诉讼仲裁事项，各项经营活动正常开展。公司深耕东北市场，区域市场份额稳中有升，品牌影响力持续增强。公司主要客户为行业龙头企业，合作关系稳定，应收账款回款情况良好。公司持续优化产品结构，电子元器件业务占比稳步提升，毛利率较上年下降1.5个百分点。,脚本生成演示语料(step0_make_demo_corpus.py),公司构建经营分析数据仓库，管理层可实时查看核心经营指标。公司持续加大研发投入，研发费用占营业收入比例为1.8%，围绕精细化工产品开展技术攻关。公司深耕华北市场，区域市场份额稳中有升，品牌影响力持续增强。报告期内，公司实现营业收入45.2亿元，同比增长-3.1%，主要得益于主营业务产销规模扩大。公司制定数字化转型规划，成立数字化管理委员会统筹推进。报告期内公司无重大诉讼仲裁事项，各项经营活动正常开展。报告期内公司无重大诉讼仲裁事项，各项经营活动正常开展。公司深耕东北市场，区域市场份额稳中有升，品牌影响力持续增强。公司主要客户为行业龙头企业，合作关系稳定，应收账款回款情况良好。公司持续优化产品结构，电子元器件业务占比稳步提升，毛利率较上年下降1.5个百分点。,构建 经营 分析 数据仓库 管理层 实时 查看 核心 经营 指标 持续 加大 研发 投入 研发 费用 营业 收入 比例 精细化工 产品 技术 攻关 深耕 华北 市场 区域 市场份额 稳中有升 品牌 影响力 持续 增强 营业 收入 得益于 主营业务 产销 规模 扩大 制定 数字化转型 规划 成立 数字化 管理 委员会 统筹 重大 诉讼 仲裁 事项 经营 活动 重大 诉讼 仲裁 事项 经营 活动 深耕 东北 市场 区域 市场份额 稳中有升 品牌 影响力 持续 增强 客户 行业龙头 企业 合作 关系 应收 账款 回款 持续 优化 产品 结构 电子 元器件 业务 毛利率 百分点,87
DEMO014,演示DEMO014股份有限公司,房地产,2023,年度报告,公司建设大数据平台，整合生产、销售与供应链数据，支撑经营决策。公司开展数据治理体系建设，统一主数据标准，提升数据资产质量。原材料价格波动对成本端形成一定压力，公司通过集中采购和套期保值部分对冲了成本上行风险。公司采购云服务替代传统服务器部署，系统上线周期大幅缩短。报告期内公司无重大诉讼仲裁事项，各项经营活动正常开展。报告期内公司客户结构进一步优化，前五大客户收入占比为41.8%，客户集中度处于合理区间。公司运用数据挖掘技术分析客户行为，实现精准营销。本年度公司人力成本略有上升，管理费用率保持稳定，费用管控成效显现。报告期内，公司实现营业收入28.4亿元，同比增长-1.8%，主要得益于主营业务产销规模扩大。公司本期新增专利授权22项，累计有效专利56项，技术储备进一步夯实。公司主要客户为行业龙头企业，合作关系稳定，应收账款回款情况良好。报告期内，公司实现营业收入28.4亿元，同比增长5.6%，主要得益于主营业务产销规模扩大。公司建立健全内部控制系统，治理结构规范，三会运作正常。公司引入人工智能技术优化{prod}质检环节，缺陷识别准确率显著提升。面对市场竞争加剧，公司加大渠道建设力度，经销商数量增加36家，覆盖区域进一步扩大。报告期内公司客户结构进一步优化，前五大客户收入占比为55.1%，客户集中度处于合理区间。,脚本生成演示语料(step0_make_demo_corpus.py),公司建设大数据平台，整合生产、销售与供应链数据，支撑经营决策。公司开展数据治理体系建设，统一主数据标准，提升数据资产质量。原材料价格波动对成本端形成一定压力，公司通过集中采购和套期保值部分对冲了成本上行风险。公司采购云服务替代传统服务器部署，系统上线周期大幅缩短。报告期内公司无重大诉讼仲裁事项，各项经营活动正常开展。报告期内公司客户结构进一步优化，前五大客户收入占比为41.8%，客户集中度处于合理区间。公司运用数据挖掘技术分析客户行为，实现精准营销。本年度公司人力成本略有上升，管理费用率保持稳定，费用管控成效显现。报告期内，公司实现营业收入28.4亿元，同比增长-1.8%，主要得益于主营业务产销规模扩大。公司本期新增专利授权22项，累计有效专利56项，技术储备进一步夯实。公司主要客户为行业龙头企业，合作关系稳定，应收账款回款情况良好。报告期内，公司实现营业收入28.4亿元，同比增长5.6%，主要得益于主营业务产销规模扩大。公司建立健全内部控制系统，治理结构规范，三会运作正常。公司引入人工智能技术优化{prod}质检环节，缺陷识别准确率显著提升。面对市场竞争加剧，公司加大渠道建设力度，经销商数量增加36家，覆盖区域进一步扩大。报告期内公司客户结构进一步优化，前五大客户收入占比为55.1%，客户集中度处于合理区间。,建设 大数据 平台 整合 生产 销售 供应链 数据 支撑 经营 决策 数据 治理 体系 建设 统一 数据 标准 数据 资产 质量 原材料 价格 波动 成本 形成 一定 压力 集中 采购 套期 保值 对冲 成本 上行 风险 采购 服务 替代 传统 服务器 部署 系统 上线 周期 大幅 缩短 重大 诉讼 仲裁 事项 经营 活动 客户 结构 优化 五大 客户 收入 客户 集中度 处于 合理 区间 运用 数据挖掘 技术 分析 客户 行为 精准 营销 本年度 人力 成本 略有 管理 费用率 保持稳定 费用 管控 成效 显现 营业 收入 得益于 主营业务 产销 规模 扩大 本期 新增 专利 授权 专利 技术储备 夯实 客户 行业龙头 企业 合作 关系 应收 账款 回款 营业 收入 得益于 主营业务 产销 规模 扩大 建立健全 内部 控制系统 治理 结构 规范 三会 运作 引入 人工智能 技术 优化 prod 质检 环节 缺陷 识别 准确率 面对 市场竞争 加剧 加大 渠道 建设 力度 经销商 数量 覆盖 区域 扩大 客户 结构 优化 五大 客户 收入 客户 集中度 处于 合理 区间,153
DEMO014,演示DEMO014股份有限公司,房地产,2024,年度报告,公司建立健全内部控制系统，治理结构规范，三会运作正常。公司部署机器学习算法对销售数据进行需求预测，库存周转效率明显改善。公司试点数字人民币结算场景，丰富收款渠道。公司积极拓展海外市场，出口业务收入同比增长-6.3%，国际化布局初见成效。公司引入人工智能技术优化{prod}质检环节，缺陷识别准确率显著提升。报告期内人民币汇率波动加大，公司通过远期结售汇业务降低了汇兑损失。公司继续推进产能建设，纺织服装项目一期已投产，预计达产后年新增产能20万吨。公司主要客户为行业龙头企业，合作关系稳定，应收账款回款情况良好。公司持续加大研发投入，研发费用占营业收入比例为4.4%，围绕食品饮料开展技术攻关。公司持续优化产品结构，高端装备业务占比稳步提升，毛利率较上年上升2.5个百分点。公司主要客户为行业龙头企业，合作关系稳定，应收账款回款情况良好。受行业周期影响，部分产品价格有所回落，公司及时调整销售策略，库存水平保持在合理范围。公司本期新增专利授权8项，累计有效专利85项，技术储备进一步夯实。,脚本生成演示语料(step0_make_demo_corpus.py),公司建立健全内部控制系统，治理结构规范，三会运作正常。公司部署机器学习算法对销售数据进行需求预测，库存周转效率明显改善。公司试点数字人民币结算场景，丰富收款渠道。公司积极拓展海外市场，出口业务收入同比增长-6.3%，国际化布局初见成效。公司引入人工智能技术优化{prod}质检环节，缺陷识别准确率显著提升。报告期内人民币汇率波动加大，公司通过远期结售汇业务降低了汇兑损失。公司继续推进产能建设，纺织服装项目一期已投产，预计达产后年新增产能20万吨。公司主要客户为行业龙头企业，合作关系稳定，应收账款回款情况良好。公司持续加大研发投入，研发费用占营业收入比例为4.4%，围绕食品饮料开展技术攻关。公司持续优化产品结构，高端装备业务占比稳步提升，毛利率较上年上升2.5个百分点。公司主要客户为行业龙头企业，合作关系稳定，应收账款回款情况良好。受行业周期影响，部分产品价格有所回落，公司及时调整销售策略，库存水平保持在合理范围。公司本期新增专利授权8项，累计有效专利85项，技术储备进一步夯实。,建立健全 内部 控制系统 治理 结构 规范 三会 运作 部署 机器学习 算法 销售 数据 需求预测 库存 周转 效率 明显改善 试点 数字人民币 结算 场景 丰富 收款 渠道 拓展 海外 市场 出口 业务收入 国际化 布局 初见成效 引入 人工智能 技术 优化 prod 质检 环节 缺陷 识别 准确率 人民币 汇率 波动 加大 远期 结售汇 业务 降低 汇兑 损失 产能 建设 纺织 服装 项目 一期 投产 预计 达产 新增 产能 万吨 客户 行业龙头 企业 合作 关系 应收 账款 回款 持续 加大 研发 投入 研发 费用 营业 收入 比例 食品饮料 技术 攻关 持续 优化 产品 结构 高端 装备 业务 毛利率 百分点 客户 行业龙头 企业 合作 关系 应收 账款 回款 行业 周期 影响 产品价格 有所 回落 及时 调整 销售策略 库存 水平 合理 范围 本期 新增 专利 授权 专利 技术储备 夯实,122
DEMO015,演示DEMO015股份有限公司,农林牧渔,2020,年度报告,公司现金流状况良好，经营活动现金流量净额为3.2亿元，资产负债结构稳健。公司继续推进产能建设，纺织服装项目一期已投产，预计达产后年新增产能5万吨。报告期内，公司获得高新技术企业资质认定，享受相应税收优惠政策。原材料价格波动对成本端形成一定压力，公司通过集中采购和套期保值部分对冲了成本上行风险。面对市场竞争加剧，公司加大渠道建设力度，经销商数量增加45家，覆盖区域进一步扩大。公司继续推进产能建设，电子元器件项目一期已投产，预计达产后年新增产能3万吨。报告期内公司无重大诉讼仲裁事项，各项经营活动正常开展。公司积极拓展海外市场，出口业务收入同比增长30.5%，国际化布局初见成效。公司持续加大研发投入，研发费用占营业收入比例为3.2%，围绕食品饮料开展技术攻关。公司深耕华北市场，区域市场份额稳中有升，品牌影响力持续增强。,脚本生成演示语料(step0_make_demo_corpus.py),公司现金流状况良好，经营活动现金流量净额为3.2亿元，资产负债结构稳健。公司继续推进产能建设，纺织服装项目一期已投产，预计达产后年新增产能5万吨。报告期内，公司获得高新技术企业资质认定，享受相应税收优惠政策。原材料价格波动对成本端形成一定压力，公司通过集中采购和套期保值部分对冲了成本上行风险。面对市场竞争加剧，公司加大渠道建设力度，经销商数量增加45家，覆盖区域进一步扩大。公司继续推进产能建设，电子元器件项目一期已投产，预计达产后年新增产能3万吨。报告期内公司无重大诉讼仲裁事项，各项经营活动正常开展。公司积极拓展海外市场，出口业务收入同比增长30.5%，国际化布局初见成效。公司持续加大研发投入，研发费用占营业收入比例为3.2%，围绕食品饮料开展技术攻关。公司深耕华北市场，区域市场份额稳中有升，品牌影响力持续增强。,现金流 状况良好 经营 活动 现金流量 净额 资产负债 结构 稳健 产能 建设 纺织 服装 项目 一期 投产 预计 达产 新增 产能 万吨 获得 高新技术 企业资质 认定 享受 相应 税收 优惠政策 原材料 价格 波动 成本 形成 一定 压力 集中 采购 套期 保值 对冲 成本 上行 风险 面对 市场竞争 加剧 加大 渠道 建设 力度 经销商 数量 覆盖 区域 扩大 产能 建设 电子 元器件 项目 一期 投产 预计 达产 新增 产能 万吨 重大 诉讼 仲裁 事项 经营 活动 拓展 海外 市场 出口 业务收入 国际化 布局 初见成效 持续 加大 研发 投入 研发 费用 营业 收入 比例 食品饮料 技术 攻关 深耕 华北 市场 区域 市场份额 稳中有升 品牌 影响力 持续 增强,104
DEMO015,演示DEMO015股份有限公司,农林牧渔,2021,年度报告,原材料价格波动对成本端形成一定压力，公司通过集中采购和套期保值部分对冲了成本上行风险。报告期内公司客户结构进一步优化，前五大客户收入占比为28.3%，客户集中度处于合理区间。报告期内公司无重大诉讼仲裁事项，各项经营活动正常开展。公司建立健全内部控制系统，治理结构规范，三会运作正常。公司深耕华南市场，区域市场份额稳中有升，品牌影响力持续增强。公司持续加大研发投入，研发费用占营业收入比例为1.8%，围绕建材开展技术攻关。报告期内公司无重大诉讼仲裁事项，各项经营活动正常开展。公司高度重视安全生产与环境保护，报告期内未发生重大安全事故。公司数据中心一期建成投用，具备 PB 级数据存储与计算能力。,脚本生成演示语料(step0_make_demo_corpus.py),原材料价格波动对成本端形成一定压力，公司通过集中采购和套期保值部分对冲了成本上行风险。报告期内公司客户结构进一步优化，前五大客户收入占比为28.3%，客户集中度处于合理区间。报告期内公司无重大诉讼仲裁事项，各项经营活动正常开展。公司建立健全内部控制系统，治理结构规范，三会运作正常。公司深耕华南市场，区域市场份额稳中有升，品牌影响力持续增强。公司持续加大研发投入，研发费用占营业收入比例为1.8%，围绕建材开展技术攻关。报告期内公司无重大诉讼仲裁事项，各项经营活动正常开展。公司高度重视安全生产与环境保护，报告期内未发生重大安全事故。公司数据中心一期建成投用，具备 PB 级数据存储与计算能力。,原材料 价格 波动 成本 形成 一定 压力 集中 采购 套期 保值 对冲 成本 上行 风险 客户 结构 优化 五大 客户 收入 客户 集中度 处于 合理 区间 重大 诉讼 仲裁 事项 经营 活动 建立健全 内部 控制系统 治理 结构 规范 三会 运作 深耕 华南 市场 区域 市场份额 稳中有升 品牌 影响力 持续 增强 持续 加大 研发 投入 研发 费用 营业 收入 比例 建材 技术 攻关 重大 诉讼 仲裁 事项 经营 活动 高度重视 安全 生产 环境保护 发生 重大 安全事故 数据中心 一期 建成 投用 具备 PB 数据 存储 计算能力,84
DEMO015,演示DEMO015股份有限公司,农林牧渔,2022,年度报告,公司现金流状况良好，经营活动现金流量净额为12.4亿元，资产负债结构稳健。报告期内人民币汇率波动加大，公司通过远期结售汇业务降低了汇兑损失。公司探索区块链技术在产品溯源中的应用，实现全流程信息上链。公司持续优化产品结构，建材业务占比稳步提升，毛利率较上年上升1.2个百分点。报告期内公司无重大诉讼仲裁事项，各项经营活动正常开展。报告期内，公司实现营业收入12.6亿元，同比增长-3.1%，主要得益于主营业务产销规模扩大。报告期内，公司获得高新技术企业资质认定，享受相应税收优惠政策。公司本期新增专利授权11项，累计有效专利120项，技术储备进一步夯实。报告期内，公司获得高新技术企业资质认定，享受相应税收优惠政策。公司引入人工智能技术优化{prod}质检环节，缺陷识别准确率显著提升。公司探索区块链技术在产品溯源中的应用，实现全流程信息上链。,脚本生成演示语料(step0_make_demo_corpus.py),公司现金流状况良好，经营活动现金流量净额为12.4亿元，资产负债结构稳健。报告期内人民币汇率波动加大，公司通过远期结售汇业务降低了汇兑损失。公司探索区块链技术在产品溯源中的应用，实现全流程信息上链。公司持续优化产品结构，建材业务占比稳步提升，毛利率较上年上升1.2个百分点。报告期内公司无重大诉讼仲裁事项，各项经营活动正常开展。报告期内，公司实现营业收入12.6亿元，同比增长-3.1%，主要得益于主营业务产销规模扩大。报告期内，公司获得高新技术企业资质认定，享受相应税收优惠政策。公司本期新增专利授权11项，累计有效专利120项，技术储备进一步夯实。报告期内，公司获得高新技术企业资质认定，享受相应税收优惠政策。公司引入人工智能技术优化{prod}质检环节，缺陷识别准确率显著提升。公司探索区块链技术在产品溯源中的应用，实现全流程信息上链。,现金流 状况良好 经营 活动 现金流量 净额 资产负债 结构 稳健 人民币 汇率 波动 加大 远期 结售汇 业务 降低 汇兑 损失 探索 区块链 技术 产品 溯源 应用 流程 信息 持续 优化 产品 结构 建材 业务 毛利率 百分点 重大 诉讼 仲裁 事项 经营 活动 营业 收入 得益于 主营业务 产销 规模 扩大 获得 高新技术 企业资质 认定 享受 相应 税收 优惠政策 本期 新增 专利 授权 专利 技术储备 夯实 获得 高新技术 企业资质 认定 享受 相应 税收 优惠政策 引入 人工智能 技术 优化 prod 质检 环节 缺陷 识别 准确率 探索 区块链 技术 产品 溯源 应用 流程 信息,89
DEMO015,演示DEMO015股份有限公司,农林牧渔,2023,年度报告,报告期内公司客户结构进一步优化，前五大客户收入占比为36.9%，客户集中度处于合理区间。报告期内公司客户结构进一步优化，前五大客户收入占比为55.1%，客户集中度处于合理区间。报告期内，公司获得高新技术企业资质认定，享受相应税收优惠政策。公司持续加大研发投入，研发费用占营业收入比例为4.4%，围绕电子元器件开展技术攻关。下半年公司将围绕年度经营计划，重点做好市场开拓、成本控制与人才梯队建设等工作。公司核心业务系统迁移上云，采用混合云架构降低IT运维成本。公司现金流状况良好，经营活动现金流量净额为12.4亿元，资产负债结构稳健。原材料价格波动对成本端形成一定压力，公司通过集中采购和套期保值部分对冲了成本上行风险。公司开展数据治理体系建设，统一主数据标准，提升数据资产质量。报告期内公司客户结构进一步优化，前五大客户收入占比为28.3%，客户集中度处于合理区间。报告期内，公司实现营业收入63.7亿元，同比增长-3.1%，主要得益于主营业务产销规模扩大。,脚本生成演示语料(step0_make_demo_corpus.py),报告期内公司客户结构进一步优化，前五大客户收入占比为36.9%，客户集中度处于合理区间。报告期内公司客户结构进一步优化，前五大客户收入占比为55.1%，客户集中度处于合理区间。报告期内，公司获得高新技术企业资质认定，享受相应税收优惠政策。公司持续加大研发投入，研发费用占营业收入比例为4.4%，围绕电子元器件开展技术攻关。下半年公司将围绕年度经营计划，重点做好市场开拓、成本控制与人才梯队建设等工作。公司核心业务系统迁移上云，采用混合云架构降低IT运维成本。公司现金流状况良好，经营活动现金流量净额为12.4亿元，资产负债结构稳健。原材料价格波动对成本端形成一定压力，公司通过集中采购和套期保值部分对冲了成本上行风险。公司开展数据治理体系建设，统一主数据标准，提升数据资产质量。报告期内公司客户结构进一步优化，前五大客户收入占比为28.3%，客户集中度处于合理区间。报告期内，公司实现营业收入63.7亿元，同比增长-3.1%，主要得益于主营业务产销规模扩大。,客户 结构 优化 五大 客户 收入 客户 集中度 处于 合理 区间 客户 结构 优化 五大 客户 收入 客户 集中度 处于 合理 区间 获得 高新技术 企业资质 认定 享受 相应 税收 优惠政策 持续 加大 研发 投入 研发 费用 营业 收入 比例 电子 元器件 技术 攻关 下半年 年度 经营 做好 市场 开拓 成本 控制 人才 梯队 建设 核心 业务 系统 迁移 上云 采用 混合 架构 降低 IT 运维 成本 现金流 状况良好 经营 活动 现金流量 净额 资产负债 结构 稳健 原材料 价格 波动 成本 形成 一定 压力 集中 采购 套期 保值 对冲 成本 上行 风险 数据 治理 体系 建设 统一 数据 标准 数据 资产 质量 客户 结构 优化 五大 客户 收入 客户 集中度 处于 合理 区间 营业 收入 得益于 主营业务 产销 规模 扩大,118
DEMO015,演示DEMO015股份有限公司,农林牧渔,2024,年度报告,公司深耕东北市场，区域市场份额稳中有升，品牌影响力持续增强。面对市场竞争加剧，公司加大渠道建设力度，经销商数量增加45家，覆盖区域进一步扩大。报告期内公司客户结构进一步优化，前五大客户收入占比为55.1%，客户集中度处于合理区间。报告期内人民币汇率波动加大，公司通过远期结售汇业务降低了汇兑损失。报告期内人民币汇率波动加大，公司通过远期结售汇业务降低了汇兑损失。公司建立健全内部控制系统，治理结构规范，三会运作正常。公司发展电子商务业务，线上渠道收入占比持续提升。报告期内，公司获得高新技术企业资质认定，享受相应税收优惠政策。公司继续推进产能建设，电子元器件项目一期已投产，预计达产后年新增产能3万吨。面对市场竞争加剧，公司加大渠道建设力度，经销商数量增加120家，覆盖区域进一步扩大。公司现金流状况良好，经营活动现金流量净额为1.5亿元，资产负债结构稳健。公司持续加大研发投入，研发费用占营业收入比例为3.2%，围绕建材开展技术攻关。报告期内，公司获得高新技术企业资质认定，享受相应税收优惠政策。,脚本生成演示语料(step0_make_demo_corpus.py),公司深耕东北市场，区域市场份额稳中有升，品牌影响力持续增强。面对市场竞争加剧，公司加大渠道建设力度，经销商数量增加45家，覆盖区域进一步扩大。报告期内公司客户结构进一步优化，前五大客户收入占比为55.1%，客户集中度处于合理区间。报告期内人民币汇率波动加大，公司通过远期结售汇业务降低了汇兑损失。报告期内人民币汇率波动加大，公司通过远期结售汇业务降低了汇兑损失。公司建立健全内部控制系统，治理结构规范，三会运作正常。公司发展电子商务业务，线上渠道收入占比持续提升。报告期内，公司获得高新技术企业资质认定，享受相应税收优惠政策。公司继续推进产能建设，电子元器件项目一期已投产，预计达产后年新增产能3万吨。面对市场竞争加剧，公司加大渠道建设力度，经销商数量增加120家，覆盖区域进一步扩大。公司现金流状况良好，经营活动现金流量净额为1.5亿元，资产负债结构稳健。公司持续加大研发投入，研发费用占营业收入比例为3.2%，围绕建材开展技术攻关。报告期内，公司获得高新技术企业资质认定，享受相应税收优惠政策。,深耕 东北 市场 区域 市场份额 稳中有升 品牌 影响力 持续 增强 面对 市场竞争 加剧 加大 渠道 建设 力度 经销商 数量 覆盖 区域 扩大 客户 结构 优化 五大 客户 收入 客户 集中度 处于 合理 区间 人民币 汇率 波动 加大 远期 结售汇 业务 降低 汇兑 损失 人民币 汇率 波动 加大 远期 结售汇 业务 降低 汇兑 损失 建立健全 内部 控制系统 治理 结构 规范 三会 运作 发展 电子商务 业务 线上 渠道 收入 持续 获得 高新技术 企业资质 认定 享受 相应 税收 优惠政策 产能 建设 电子 元器件 项目 一期 投产 预计 达产 新增 产能 万吨 面对 市场竞争 加剧 加大 渠道 建设 力度 经销商 数量 覆盖 区域 扩大 现金流 状况良好 经营 活动 现金流量 净额 资产负债 结构 稳健 持续 加大 研发 投入 研发 费用 营业 收入 比例 建材 技术 攻关 获得 高新技术 企业资质 认定 享受 相应 税收 优惠政策,129
DEMO016,演示DEMO016股份有限公司,信息技术,2020,年度报告,公司推动业务流程线上化，无纸化办公覆盖全部业务部门。公司核心业务系统迁移上云，采用混合云架构降低IT运维成本。公司运用数据挖掘技术分析客户行为，实现精准营销。公司研究基于分布式账本的对账机制，降低交易核对成本。下半年公司将围绕年度经营计划，重点做好市场开拓、成本控制与人才梯队建设等工作。公司持续优化产品结构，建材业务占比稳步提升，毛利率较上年持平个百分点。公司深耕华东市场，区域市场份额稳中有升，品牌影响力持续增强。公司运用数据挖掘技术分析客户行为，实现精准营销。公司建立健全内部控制系统，治理结构规范，三会运作正常。公司持续加大研发投入，研发费用占营业收入比例为2.6%，围绕精细化工产品开展技术攻关。公司基于云平台搭建协同办公体系，跨区域协作效率提升。原材料价格波动对成本端形成一定压力，公司通过集中采购和套期保值部分对冲了成本上行风险。公司研究基于分布式账本的对账机制，降低交易核对成本。公司运用数据挖掘技术分析客户行为，实现精准营销。公司推动业务流程线上化，无纸化办公覆盖全部业务部门。公司成立数据中台团队，推动业务数据化、数据业务化。公司持续优化产品结构，纺织服装业务占比稳步提升，毛利率较上年持平个百分点。公司核心业务系统迁移上云，采用混合云架构降低IT运维成本。公司成立数据中台团队，推动业务数据化、数据业务化。面对市场竞争加剧，公司加大渠道建设力度，经销商数量增加210家，覆盖区域进一步扩大。公司制定数字化转型规划，成立数字化管理委员会统筹推进。公司高度重视安全生产与环境保护，报告期内未发生重大安全事故。公司评估公有云与私有云方案，逐步构建统一算力资源池。,脚本生成演示语料(step0_make_demo_corpus.py),公司推动业务流程线上化，无纸化办公覆盖全部业务部门。公司核心业务系统迁移上云，采用混合云架构降低IT运维成本。公司运用数据挖掘技术分析客户行为，实现精准营销。公司研究基于分布式账本的对账机制，降低交易核对成本。下半年公司将围绕年度经营计划，重点做好市场开拓、成本控制与人才梯队建设等工作。公司持续优化产品结构，建材业务占比稳步提升，毛利率较上年持平个百分点。公司深耕华东市场，区域市场份额稳中有升，品牌影响力持续增强。公司运用数据挖掘技术分析客户行为，实现精准营销。公司建立健全内部控制系统，治理结构规范，三会运作正常。公司持续加大研发投入，研发费用占营业收入比例为2.6%，围绕精细化工产品开展技术攻关。公司基于云平台搭建协同办公体系，跨区域协作效率提升。原材料价格波动对成本端形成一定压力，公司通过集中采购和套期保值部分对冲了成本上行风险。公司研究基于分布式账本的对账机制，降低交易核对成本。公司运用数据挖掘技术分析客户行为，实现精准营销。公司推动业务流程线上化，无纸化办公覆盖全部业务部门。公司成立数据中台团队，推动业务数据化、数据业务化。公司持续优化产品结构，纺织服装业务占比稳步提升，毛利率较上年持平个百分点。公司核心业务系统迁移上云，采用混合云架构降低IT运维成本。公司成立数据中台团队，推动业务数据化、数据业务化。面对市场竞争加剧，公司加大渠道建设力度，经销商数量增加210家，覆盖区域进一步扩大。公司制定数字化转型规划，成立数字化管理委员会统筹推进。公司高度重视安全生产与环境保护，报告期内未发生重大安全事故。公司评估公有云与私有云方案，逐步构建统一算力资源池。,业务流程 上化 无纸化 办公 覆盖 全部 业务部门 核心 业务 系统 迁移 上云 采用 混合 架构 降低 IT 运维 成本 运用 数据挖掘 技术 分析 客户 行为 精准 营销 研究 基于 分布式账本 对账 机制 降低 交易 核对 成本 下半年 年度 经营 做好 市场 开拓 成本 控制 人才 梯队 建设 持续 优化 产品 结构 建材 业务 毛利率 持平 百分点 深耕 华东 市场 区域 市场份额 稳中有升 品牌 影响力 持续 增强 运用 数据挖掘 技术 分析 客户 行为 精准 营销 建立健全 内部 控制系统 治理 结构 规范 三会 运作 持续 加大 研发 投入 研发 费用 营业 收入 比例 精细化工 产品 技术 攻关 基于 平台 搭建 协同 办公 体系 区域 协作 效率 原材料 价格 波动 成本 形成 一定 压力 集中 采购 套期 保值 对冲 成本 上行 风险 研究 基于 分布式账本 对账 机制 降低 交易 核对 成本 运用 数据挖掘 技术 分析 客户 行为 精准 营销 业务流程 上化 无纸化 办公 覆盖 全部 业务部门 成立 数据中台 团队 业务 数据 数据业务 持续 优化 产品 结构 纺织 服装 业务 毛利率 持平 百分点 核心 业务 系统 迁移 上云 采用 混合 架构 降低 IT 运维 成本 成立 数据中台 团队 业务 数据 数据业务 面对 市场竞争 加剧 加大 渠道 建设 力度 经销商 数量 覆盖 区域 扩大 制定 数字化转型 规划 成立 数字化 管理 委员会 统筹 高度重视 安全 生产 环境保护 发生 重大 安全事故 评估 公有 私有 方案 逐步 构建 统一 算力 资源,213
DEMO016,演示DEMO016股份有限公司,信息技术,2021,年度报告,公司运用数据挖掘技术分析客户行为，实现精准营销。公司部署机器学习算法对销售数据进行需求预测，库存周转效率明显改善。报告期内人民币汇率波动加大，公司通过远期结售汇业务降低了汇兑损失。公司部署机器学习算法对销售数据进行需求预测，库存周转效率明显改善。公司参与行业区块链联盟，推动供应链单证电子化与可信流转。公司上线智能排产系统，通过智能算法优化生产计划排程。公司利用智能合约技术自动执行供应商结算条款。公司建设工业互联网平台，实现设备联网与远程运维。公司发展电子商务业务，线上渠道收入占比持续提升。公司推进计算机视觉技术在生产线上的应用，实现关键工序自动检测。报告期内公司无重大诉讼仲裁事项，各项经营活动正常开展。公司与高校联合开展深度学习算法研究，赋能产品智能设计。公司推动业务流程线上化，无纸化办公覆盖全部业务部门。原材料价格波动对成本端形成一定压力，公司通过集中采购和套期保值部分对冲了成本上行风险。公司引入边缘计算设备，实现车间数据的就地处理与实时回传。受行业周期影响，部分产品价格有所回落，公司及时调整销售策略，库存水平保持在合理范围。本年度公司人力成本略有上升，管理费用率保持稳定，费用管控成效显现。公司制定数字化转型规划，成立数字化管理委员会统筹推进。公司持续优化产品结构，高端装备业务占比稳步提升，毛利率较上年持平个百分点。报告期内公司客户结构进一步优化，前五大客户收入占比为36.9%，客户集中度处于合理区间。公司建设工业互联网平台，实现设备联网与远程运维。公司运用数据挖掘技术分析客户行为，实现精准营销。公司核心业务系统迁移上云，采用混合云架构降低IT运维成本。面对市场竞争加剧，公司加大渠道建设力度，经销商数量增加36家，覆盖区域进一步扩大。公司上线智能排产系统，通过智能算法优化生产计划排程。报告期内公司无重大诉讼仲裁事项，各项经营活动正常开展。,脚本生成演示语料(step0_make_demo_corpus.py),公司运用数据挖掘技术分析客户行为，实现精准营销。公司部署机器学习算法对销售数据进行需求预测，库存周转效率明显改善。报告期内人民币汇率波动加大，公司通过远期结售汇业务降低了汇兑损失。公司部署机器学习算法对销售数据进行需求预测，库存周转效率明显改善。公司参与行业区块链联盟，推动供应链单证电子化与可信流转。公司上线智能排产系统，通过智能算法优化生产计划排程。公司利用智能合约技术自动执行供应商结算条款。公司建设工业互联网平台，实现设备联网与远程运维。公司发展电子商务业务，线上渠道收入占比持续提升。公司推进计算机视觉技术在生产线上的应用，实现关键工序自动检测。报告期内公司无重大诉讼仲裁事项，各项经营活动正常开展。公司与高校联合开展深度学习算法研究，赋能产品智能设计。公司推动业务流程线上化，无纸化办公覆盖全部业务部门。原材料价格波动对成本端形成一定压力，公司通过集中采购和套期保值部分对冲了成本上行风险。公司引入边缘计算设备，实现车间数据的就地处理与实时回传。受行业周期影响，部分产品价格有所回落，公司及时调整销售策略，库存水平保持在合理范围。本年度公司人力成本略有上升，管理费用率保持稳定，费用管控成效显现。公司制定数字化转型规划，成立数字化管理委员会统筹推进。公司持续优化产品结构，高端装备业务占比稳步提升，毛利率较上年持平个百分点。报告期内公司客户结构进一步优化，前五大客户收入占比为36.9%，客户集中度处于合理区间。公司建设工业互联网平台，实现设备联网与远程运维。公司运用数据挖掘技术分析客户行为，实现精准营销。公司核心业务系统迁移上云，采用混合云架构降低IT运维成本。面对市场竞争加剧，公司加大渠道建设力度，经销商数量增加36家，覆盖区域进一步扩大。公司上线智能排产系统，通过智能算法优化生产计划排程。报告期内公司无重大诉讼仲裁事项，各项经营活动正常开展。,运用 数据挖掘 技术 分析 客户 行为 精准 营销 部署 机器学习 算法 销售 数据 需求预测 库存 周转 效率 明显改善 人民币 汇率 波动 加大 远期 结售汇 业务 降低 汇兑 损失 部署 机器学习 算法 销售 数据 需求预测 库存 周转 效率 明显改善 参与 行业 区块链 联盟 供应链 单证 电子化 可信 流转 上线 智能 排产 系统 智能算法 优化 生产 排程 利用 智能合约 技术 自动 供应商 结算 条款 建设 工业互联网 平台 设备 联网 远程 运维 发展 电子商务 业务 线上 渠道 收入 持续 计算机视觉 技术 生产线 应用 关键 工序 自动检测 重大 诉讼 仲裁 事项 经营 活动 高校 联合 深度学习 算法 研究 赋能 产品 智能 设计 业务流程 上化 无纸化 办公 覆盖 全部 业务部门 原材料 价格 波动 成本 形成 一定 压力 集中 采购 套期 保值 对冲 成本 上行 风险 引入 边缘计算 设备 车间 数据 处理 实时 回传 行业 周期 影响 产品价格 有所 回落 及时 调整 销售策略 库存 水平 合理 范围 本年度 人力 成本 略有 管理 费用率 保持稳定 费用 管控 成效 显现 制定 数字化转型 规划 成立 数字化 管理 委员会 统筹 持续 优化 产品 结构 高端 装备 业务 毛利率 持平 百分点 客户 结构 优化 五大 客户 收入 客户 集中度 处于 合理 区间 建设 工业互联网 平台 设备 联网 远程 运维 运用 数据挖掘 技术 分析 客户 行为 精准 营销 核心 业务 系统 迁移 上云 采用 混合 架构 降低 IT 运维 成本 面对 市场竞争 加剧 加大 渠道 建设 力度 经销商 数量 覆盖 区域 扩大 上线 智能 排产 系统 智能算法 优化 生产 排程 重大 诉讼 仲裁 事项 经营 活动,234
DEMO016,演示DEMO016股份有限公司,信息技术,2022,年度报告,公司运用数据挖掘技术分析客户行为，实现精准营销。公司引入人工智能技术优化{prod}质检环节，缺陷识别准确率显著提升。公司探索区块链技术在产品溯源中的应用，实现全流程信息上链。公司建立健全内部控制系统，治理结构规范，三会运作正常。公司建设智能客服系统，应用自然语言处理技术实现工单自动分类。公司应用数字孪生技术对重点产线进行虚拟建模与仿真优化。本年度公司人力成本略有上升，管理费用率保持稳定，费用管控成效显现。下半年公司将围绕年度经营计划，重点做好市场开拓、成本控制与人才梯队建设等工作。公司发展电子商务业务，线上渠道收入占比持续提升。公司运用数据挖掘技术分析客户行为，实现精准营销。公司开展数据治理体系建设，统一主数据标准，提升数据资产质量。公司上线智能排产系统，通过智能算法优化生产计划排程。公司持续加大研发投入，研发费用占营业收入比例为4.4%，围绕纺织服装开展技术攻关。公司上线智能排产系统，通过智能算法优化生产计划排程。公司核心业务系统迁移上云，采用混合云架构降低IT运维成本。公司试点数字人民币结算场景，丰富收款渠道。公司构建经营分析数据仓库，管理层可实时查看核心经营指标。公司引入人工智能技术优化{prod}质检环节，缺陷识别准确率显著提升。报告期内，公司实现营业收入63.7亿元，同比增长8.5%，主要得益于主营业务产销规模扩大。公司探索区块链技术在产品溯源中的应用，实现全流程信息上链。公司部署机器学习算法对销售数据进行需求预测，库存周转效率明显改善。公司评估公有云与私有云方案，逐步构建统一算力资源池。下半年公司将围绕年度经营计划，重点做好市场开拓、成本控制与人才梯队建设等工作。公司高度重视安全生产与环境保护，报告期内未发生重大安全事故。公司现金流状况良好，经营活动现金流量净额为12.4亿元，资产负债结构稳健。公司制定数字化转型规划，成立数字化管理委员会统筹推进。公司研究基于分布式账本的对账机制，降低交易核对成本。,脚本生成演示语料(step0_make_demo_corpus.py),公司运用数据挖掘技术分析客户行为，实现精准营销。公司引入人工智能技术优化{prod}质检环节，缺陷识别准确率显著提升。公司探索区块链技术在产品溯源中的应用，实现全流程信息上链。公司建立健全内部控制系统，治理结构规范，三会运作正常。公司建设智能客服系统，应用自然语言处理技术实现工单自动分类。公司应用数字孪生技术对重点产线进行虚拟建模与仿真优化。本年度公司人力成本略有上升，管理费用率保持稳定，费用管控成效显现。下半年公司将围绕年度经营计划，重点做好市场开拓、成本控制与人才梯队建设等工作。公司发展电子商务业务，线上渠道收入占比持续提升。公司运用数据挖掘技术分析客户行为，实现精准营销。公司开展数据治理体系建设，统一主数据标准，提升数据资产质量。公司上线智能排产系统，通过智能算法优化生产计划排程。公司持续加大研发投入，研发费用占营业收入比例为4.4%，围绕纺织服装开展技术攻关。公司上线智能排产系统，通过智能算法优化生产计划排程。公司核心业务系统迁移上云，采用混合云架构降低IT运维成本。公司试点数字人民币结算场景，丰富收款渠道。公司构建经营分析数据仓库，管理层可实时查看核心经营指标。公司引入人工智能技术优化{prod}质检环节，缺陷识别准确率显著提升。报告期内，公司实现营业收入63.7亿元，同比增长8.5%，主要得益于主营业务产销规模扩大。公司探索区块链技术在产品溯源中的应用，实现全流程信息上链。公司部署机器学习算法对销售数据进行需求预测，库存周转效率明显改善。公司评估公有云与私有云方案，逐步构建统一算力资源池。下半年公司将围绕年度经营计划，重点做好市场开拓、成本控制与人才梯队建设等工作。公司高度重视安全生产与环境保护，报告期内未发生重大安全事故。公司现金流状况良好，经营活动现金流量净额为12.4亿元，资产负债结构稳健。公司制定数字化转型规划，成立数字化管理委员会统筹推进。公司研究基于分布式账本的对账机制，降低交易核对成本。,运用 数据挖掘 技术 分析 客户 行为 精准 营销 引入 人工智能 技术 优化 prod 质检 环节 缺陷 识别 准确率 探索 区块链 技术 产品 溯源 应用 流程 信息 建立健全 内部 控制系统 治理 结构 规范 三会 运作 建设 智能 客服 系统 应用 自然语言处理 技术 工单 自动 分类 应用 数字孪生 技术 产线 虚拟 建模 仿真 优化 本年度 人力 成本 略有 管理 费用率 保持稳定 费用 管控 成效 显现 下半年 年度 经营 做好 市场 开拓 成本 控制 人才 梯队 建设 发展 电子商务 业务 线上 渠道 收入 持续 运用 数据挖掘 技术 分析 客户 行为 精准 营销 数据 治理 体系 建设 统一 数据 标准 数据 资产 质量 上线 智能 排产 系统 智能算法 优化 生产 排程 持续 加大 研发 投入 研发 费用 营业 收入 比例 纺织 服装 技术 攻关 上线 智能 排产 系统 智能算法 优化 生产 排程 核心 业务 系统 迁移 上云 采用 混合 架构 降低 IT 运维 成本 试点 数字人民币 结算 场景 丰富 收款 渠道 构建 经营 分析 数据仓库 管理层 实时 查看 核心 经营 指标 引入 人工智能 技术 优化 prod 质检 环节 缺陷 识别 准确率 营业 收入 得益于 主营业务 产销 规模 扩大 探索 区块链 技术 产品 溯源 应用 流程 信息 部署 机器学习 算法 销售 数据 需求预测 库存 周转 效率 明显改善 评估 公有 私有 方案 逐步 构建 统一 算力 资源 下半年 年度 经营 做好 市场 开拓 成本 控制 人才 梯队 建设 高度重视 安全 生产 环境保护 发生 重大 安全事故 现金流 状况良好 经营 活动 现金流量 净额 资产负债 结构 稳健 制定 数字化转型 规划 成立 数字化 管理 委员会 统筹 研究 基于 分布式账本 对账 机制 降低 交易 核对 成本,245
DEMO016,演示DEMO016股份有限公司,信息技术,2023,年度报告,公司与高校联合开展深度学习算法研究，赋能产品智能设计。公司部署机器学习算法对销售数据进行需求预测，库存周转效率明显改善。面对市场竞争加剧，公司加大渠道建设力度，经销商数量增加88家，覆盖区域进一步扩大。公司建设大数据平台，整合生产、销售与供应链数据，支撑经营决策。公司建立健全内部控制系统，治理结构规范，三会运作正常。公司数据中心一期建成投用，具备 PB 级数据存储与计算能力。公司推进经营管理信息化，上线新一代ERP系统实现业财一体。公司推进智能制造升级，数字化车间已通过省级认定。公司核心业务系统迁移上云，采用混合云架构降低IT运维成本。公司建设智能客服系统，应用自然语言处理技术实现工单自动分类。公司建设大数据平台，整合生产、销售与供应链数据，支撑经营决策。公司持续优化产品结构，食品饮料业务占比稳步提升，毛利率较上年上升1.2个百分点。公司构建经营分析数据仓库，管理层可实时查看核心经营指标。公司推进计算机视觉技术在生产线上的应用，实现关键工序自动检测。公司参与行业区块链联盟，推动供应链单证电子化与可信流转。原材料价格波动对成本端形成一定压力，公司通过集中采购和套期保值部分对冲了成本上行风险。公司上线智能排产系统，通过智能算法优化生产计划排程。原材料价格波动对成本端形成一定压力，公司通过集中采购和套期保值部分对冲了成本上行风险。下半年公司将围绕年度经营计划，重点做好市场开拓、成本控制与人才梯队建设等工作。公司建设大数据平台，整合生产、销售与供应链数据，支撑经营决策。公司采购云服务替代传统服务器部署，系统上线周期大幅缩短。公司建立健全内部控制系统，治理结构规范，三会运作正常。公司部署机器学习算法对销售数据进行需求预测，库存周转效率明显改善。公司探索区块链技术在产品溯源中的应用，实现全流程信息上链。公司基于云平台搭建协同办公体系，跨区域协作效率提升。公司参与行业区块链联盟，推动供应链单证电子化与可信流转。公司构建经营分析数据仓库，管理层可实时查看核心经营指标。公司构建智慧物流体系，仓储分拣自动化水平显著提高。公司建设工业互联网平台，实现设备联网与远程运维。报告期内，公司获得高新技术企业资质认定，享受相应税收优惠政策。公司构建智慧物流体系，仓储分拣自动化水平显著提高。,脚本生成演示语料(step0_make_demo_corpus.py),公司与高校联合开展深度学习算法研究，赋能产品智能设计。公司部署机器学习算法对销售数据进行需求预测，库存周转效率明显改善。面对市场竞争加剧，公司加大渠道建设力度，经销商数量增加88家，覆盖区域进一步扩大。公司建设大数据平台，整合生产、销售与供应链数据，支撑经营决策。公司建立健全内部控制系统，治理结构规范，三会运作正常。公司数据中心一期建成投用，具备 PB 级数据存储与计算能力。公司推进经营管理信息化，上线新一代ERP系统实现业财一体。公司推进智能制造升级，数字化车间已通过省级认定。公司核心业务系统迁移上云，采用混合云架构降低IT运维成本。公司建设智能客服系统，应用自然语言处理技术实现工单自动分类。公司建设大数据平台，整合生产、销售与供应链数据，支撑经营决策。公司持续优化产品结构，食品饮料业务占比稳步提升，毛利率较上年上升1.2个百分点。公司构建经营分析数据仓库，管理层可实时查看核心经营指标。公司推进计算机视觉技术在生产线上的应用，实现关键工序自动检测。公司参与行业区块链联盟，推动供应链单证电子化与可信流转。原材料价格波动对成本端形成一定压力，公司通过集中采购和套期保值部分对冲了成本上行风险。公司上线智能排产系统，通过智能算法优化生产计划排程。原材料价格波动对成本端形成一定压力，公司通过集中采购和套期保值部分对冲了成本上行风险。下半年公司将围绕年度经营计划，重点做好市场开拓、成本控制与人才梯队建设等工作。公司建设大数据平台，整合生产、销售与供应链数据，支撑经营决策。公司采购云服务替代传统服务器部署，系统上线周期大幅缩短。公司建立健全内部控制系统，治理结构规范，三会运作正常。公司部署机器学习算法对销售数据进行需求预测，库存周转效率明显改善。公司探索区块链技术在产品溯源中的应用，实现全流程信息上链。公司基于云平台搭建协同办公体系，跨区域协作效率提升。公司参与行业区块链联盟，推动供应链单证电子化与可信流转。公司构建经营分析数据仓库，管理层可实时查看核心经营指标。公司构建智慧物流体系，仓储分拣自动化水平显著提高。公司建设工业互联网平台，实现设备联网与远程运维。报告期内，公司获得高新技术企业资质认定，享受相应税收优惠政策。公司构建智慧物流体系，仓储分拣自动化水平显著提高。,高校 联合 深度学习 算法 研究 赋能 产品 智能 设计 部署 机器学习 算法 销售 数据 需求预测 库存 周转 效率 明显改善 面对 市场竞争 加剧 加大 渠道 建设 力度 经销商 数量 覆盖 区域 扩大 建设 大数据 平台 整合 生产 销售 供应链 数据 支撑 经营 决策 建立健全 内部 控制系统 治理 结构 规范 三会 运作 数据中心 一期 建成 投用 具备 PB 数据 存储 计算能力 经营 管理 信息化 上线 新一代 ERP 系统 业财一体 智能制造 升级 数字化 车间 省级 认定 核心 业务 系统 迁移 上云 采用 混合 架构 降低 IT 运维 成本 建设 智能 客服 系统 应用 自然语言处理 技术 工单 自动 分类 建设 大数据 平台 整合 生产 销售 供应链 数据 支撑 经营 决策 持续 优化 产品 结构 食品饮料 业务 毛利率 百分点 构建 经营 分析 数据仓库 管理层 实时 查看 核心 经营 指标 计算机视觉 技术 生产线 应用 关键 工序 自动检测 参与 行业 区块链 联盟 供应链 单证 电子化 可信 流转 原材料 价格 波动 成本 形成 一定 压力 集中 采购 套期 保值 对冲 成本 上行 风险 上线 智能 排产 系统 智能算法 优化 生产 排程 原材料 价格 波动 成本 形成 一定 压力 集中 采购 套期 保值 对冲 成本 上行 风险 下半年 年度 经营 做好 市场 开拓 成本 控制 人才 梯队 建设 建设 大数据 平台 整合 生产 销售 供应链 数据 支撑 经营 决策 采购 服务 替代 传统 服务器 部署 系统 上线 周期 大幅 缩短 建立健全 内部 控制系统 治理 结构 规范 三会 运作 部署 机器学习 算法 销售 数据 需求预测 库存 周转 效率 明显改善 探索 区块链 技术 产品 溯源 应用 流程 信息 基于 平台 搭建 协同 办公 体系 区域 协作 效率 参与 行业 区块链 联盟 供应链 单证 电子化 可信 流转 构建 经营 分析 数据仓库 管理层 实时 查看 核心 经营 指标 构建 智慧物流 体系 仓储 分拣 自动化 水平 建设 工业互联网 平台 设备 联网 远程 运维 获得 高新技术 企业资质 认定 享受 相应 税收 优惠政策 构建 智慧物流 体系 仓储 分拣 自动化 水平,294
DEMO016,演示DEMO016股份有限公司,信息技术,2024,年度报告,报告期内，公司获得高新技术企业资质认定，享受相应税收优惠政策。公司基于云平台搭建协同办公体系，跨区域协作效率提升。公司推进经营管理信息化，上线新一代ERP系统实现业财一体。公司采购云服务替代传统服务器部署，系统上线周期大幅缩短。公司主要客户为行业龙头企业，合作关系稳定，应收账款回款情况良好。报告期内，公司实现营业收入45.2亿元，同比增长-1.8%，主要得益于主营业务产销规模扩大。公司采购云服务替代传统服务器部署，系统上线周期大幅缩短。公司基于云平台搭建协同办公体系，跨区域协作效率提升。公司利用智能合约技术自动执行供应商结算条款。公司核心业务系统迁移上云，采用混合云架构降低IT运维成本。公司试点数字人民币结算场景，丰富收款渠道。公司发展电子商务业务，线上渠道收入占比持续提升。公司建立健全内部控制系统，治理结构规范，三会运作正常。公司现金流状况良好，经营活动现金流量净额为12.4亿元，资产负债结构稳健。公司构建智慧物流体系，仓储分拣自动化水平显著提高。本年度公司人力成本略有上升，管理费用率保持稳定，费用管控成效显现。报告期内公司客户结构进一步优化，前五大客户收入占比为36.9%，客户集中度处于合理区间。下半年公司将围绕年度经营计划，重点做好市场开拓、成本控制与人才梯队建设等工作。面对市场竞争加剧，公司加大渠道建设力度，经销商数量增加88家，覆盖区域进一步扩大。公司深耕西南市场，区域市场份额稳中有升，品牌影响力持续增强。公司研究基于分布式账本的对账机制，降低交易核对成本。公司建立健全内部控制系统，治理结构规范，三会运作正常。,脚本生成演示语料(step0_make_demo_corpus.py),报告期内，公司获得高新技术企业资质认定，享受相应税收优惠政策。公司基于云平台搭建协同办公体系，跨区域协作效率提升。公司推进经营管理信息化，上线新一代ERP系统实现业财一体。公司采购云服务替代传统服务器部署，系统上线周期大幅缩短。公司主要客户为行业龙头企业，合作关系稳定，应收账款回款情况良好。报告期内，公司实现营业收入45.2亿元，同比增长-1.8%，主要得益于主营业务产销规模扩大。公司采购云服务替代传统服务器部署，系统上线周期大幅缩短。公司基于云平台搭建协同办公体系，跨区域协作效率提升。公司利用智能合约技术自动执行供应商结算条款。公司核心业务系统迁移上云，采用混合云架构降低IT运维成本。公司试点数字人民币结算场景，丰富收款渠道。公司发展电子商务业务，线上渠道收入占比持续提升。公司建立健全内部控制系统，治理结构规范，三会运作正常。公司现金流状况良好，经营活动现金流量净额为12.4亿元，资产负债结构稳健。公司构建智慧物流体系，仓储分拣自动化水平显著提高。本年度公司人力成本略有上升，管理费用率保持稳定，费用管控成效显现。报告期内公司客户结构进一步优化，前五大客户收入占比为36.9%，客户集中度处于合理区间。下半年公司将围绕年度经营计划，重点做好市场开拓、成本控制与人才梯队建设等工作。面对市场竞争加剧，公司加大渠道建设力度，经销商数量增加88家，覆盖区域进一步扩大。公司深耕西南市场，区域市场份额稳中有升，品牌影响力持续增强。公司研究基于分布式账本的对账机制，降低交易核对成本。公司建立健全内部控制系统，治理结构规范，三会运作正常。,获得 高新技术 企业资质 认定 享受 相应 税收 优惠政策 基于 平台 搭建 协同 办公 体系 区域 协作 效率 经营 管理 信息化 上线 新一代 ERP 系统 业财一体 采购 服务 替代 传统 服务器 部署 系统 上线 周期 大幅 缩短 客户 行业龙头 企业 合作 关系 应收 账款 回款 营业 收入 得益于 主营业务 产销 规模 扩大 采购 服务 替代 传统 服务器 部署 系统 上线 周期 大幅 缩短 基于 平台 搭建 协同 办公 体系 区域 协作 效率 利用 智能合约 技术 自动 供应商 结算 条款 核心 业务 系统 迁移 上云 采用 混合 架构 降低 IT 运维 成本 试点 数字人民币 结算 场景 丰富 收款 渠道 发展 电子商务 业务 线上 渠道 收入 持续 建立健全 内部 控制系统 治理 结构 规范 三会 运作 现金流 状况良好 经营 活动 现金流量 净额 资产负债 结构 稳健 构建 智慧物流 体系 仓储 分拣 自动化 水平 本年度 人力 成本 略有 管理 费用率 保持稳定 费用 管控 成效 显现 客户 结构 优化 五大 客户 收入 客户 集中度 处于 合理 区间 下半年 年度 经营 做好 市场 开拓 成本 控制 人才 梯队 建设 面对 市场竞争 加剧 加大 渠道 建设 力度 经销商 数量 覆盖 区域 扩大 深耕 西南 市场 区域 市场份额 稳中有升 品牌 影响力 持续 增强 研究 基于 分布式账本 对账 机制 降低 交易 核对 成本 建立健全 内部 控制系统 治理 结构 规范 三会 运作,200
DEMO017,演示DEMO017股份有限公司,制造业,2020,年度报告,下半年公司将围绕年度经营计划，重点做好市场开拓、成本控制与人才梯队建设等工作。公司继续推进产能建设，高端装备项目一期已投产，预计达产后年新增产能8万吨。公司与高校联合开展深度学习算法研究，赋能产品智能设计。公司构建经营分析数据仓库，管理层可实时查看核心经营指标。报告期内公司客户结构进一步优化，前五大客户收入占比为36.9%，客户集中度处于合理区间。报告期内公司客户结构进一步优化，前五大客户收入占比为41.8%，客户集中度处于合理区间。报告期内公司无重大诉讼仲裁事项，各项经营活动正常开展。公司上线智能排产系统，通过智能算法优化生产计划排程。公司深耕西南市场，区域市场份额稳中有升，品牌影响力持续增强。受行业周期影响，部分产品价格有所回落，公司及时调整销售策略，库存水平保持在合理范围。公司持续加大研发投入，研发费用占营业收入比例为5.1%，围绕食品饮料开展技术攻关。原材料价格波动对成本端形成一定压力，公司通过集中采购和套期保值部分对冲了成本上行风险。公司试点数字人民币结算场景，丰富收款渠道。公司探索区块链技术在产品溯源中的应用，实现全流程信息上链。,脚本生成演示语料(step0_make_demo_corpus.py),下半年公司将围绕年度经营计划，重点做好市场开拓、成本控制与人才梯队建设等工作。公司继续推进产能建设，高端装备项目一期已投产，预计达产后年新增产能8万吨。公司与高校联合开展深度学习算法研究，赋能产品智能设计。公司构建经营分析数据仓库，管理层可实时查看核心经营指标。报告期内公司客户结构进一步优化，前五大客户收入占比为36.9%，客户集中度处于合理区间。报告期内公司客户结构进一步优化，前五大客户收入占比为41.8%，客户集中度处于合理区间。报告期内公司无重大诉讼仲裁事项，各项经营活动正常开展。公司上线智能排产系统，通过智能算法优化生产计划排程。公司深耕西南市场，区域市场份额稳中有升，品牌影响力持续增强。受行业周期影响，部分产品价格有所回落，公司及时调整销售策略，库存水平保持在合理范围。公司持续加大研发投入，研发费用占营业收入比例为5.1%，围绕食品饮料开展技术攻关。原材料价格波动对成本端形成一定压力，公司通过集中采购和套期保值部分对冲了成本上行风险。公司试点数字人民币结算场景，丰富收款渠道。公司探索区块链技术在产品溯源中的应用，实现全流程信息上链。,下半年 年度 经营 做好 市场 开拓 成本 控制 人才 梯队 建设 产能 建设 高端 装备 项目 一期 投产 预计 达产 新增 产能 万吨 高校 联合 深度学习 算法 研究 赋能 产品 智能 设计 构建 经营 分析 数据仓库 管理层 实时 查看 核心 经营 指标 客户 结构 优化 五大 客户 收入 客户 集中度 处于 合理 区间 客户 结构 优化 五大 客户 收入 客户 集中度 处于 合理 区间 重大 诉讼 仲裁 事项 经营 活动 上线 智能 排产 系统 智能算法 优化 生产 排程 深耕 西南 市场 区域 市场份额 稳中有升 品牌 影响力 持续 增强 行业 周期 影响 产品价格 有所 回落 及时 调整 销售策略 库存 水平 合理 范围 持续 加大 研发 投入 研发 费用 营业 收入 比例 食品饮料 技术 攻关 原材料 价格 波动 成本 形成 一定 压力 集中 采购 套期 保值 对冲 成本 上行 风险 试点 数字人民币 结算 场景 丰富 收款 渠道 探索 区块链 技术 产品 溯源 应用 流程 信息,143
DEMO017,演示DEMO017股份有限公司,制造业,2021,年度报告,报告期内人民币汇率波动加大，公司通过远期结售汇业务降低了汇兑损失。公司基于云平台搭建协同办公体系，跨区域协作效率提升。报告期内人民币汇率波动加大，公司通过远期结售汇业务降低了汇兑损失。受行业周期影响，部分产品价格有所回落，公司及时调整销售策略，库存水平保持在合理范围。本年度公司人力成本略有上升，管理费用率保持稳定，费用管控成效显现。公司高度重视安全生产与环境保护，报告期内未发生重大安全事故。公司成立数据中台团队，推动业务数据化、数据业务化。面对市场竞争加剧，公司加大渠道建设力度，经销商数量增加88家，覆盖区域进一步扩大。受行业周期影响，部分产品价格有所回落，公司及时调整销售策略，库存水平保持在合理范围。公司现金流状况良好，经营活动现金流量净额为12.4亿元，资产负债结构稳健。报告期内，公司实现营业收入45.2亿元，同比增长-3.1%，主要得益于主营业务产销规模扩大。,脚本生成演示语料(step0_make_demo_corpus.py),报告期内人民币汇率波动加大，公司通过远期结售汇业务降低了汇兑损失。公司基于云平台搭建协同办公体系，跨区域协作效率提升。报告期内人民币汇率波动加大，公司通过远期结售汇业务降低了汇兑损失。受行业周期影响，部分产品价格有所回落，公司及时调整销售策略，库存水平保持在合理范围。本年度公司人力成本略有上升，管理费用率保持稳定，费用管控成效显现。公司高度重视安全生产与环境保护，报告期内未发生重大安全事故。公司成立数据中台团队，推动业务数据化、数据业务化。面对市场竞争加剧，公司加大渠道建设力度，经销商数量增加88家，覆盖区域进一步扩大。受行业周期影响，部分产品价格有所回落，公司及时调整销售策略，库存水平保持在合理范围。公司现金流状况良好，经营活动现金流量净额为12.4亿元，资产负债结构稳健。报告期内，公司实现营业收入45.2亿元，同比增长-3.1%，主要得益于主营业务产销规模扩大。,人民币 汇率 波动 加大 远期 结售汇 业务 降低 汇兑 损失 基于 平台 搭建 协同 办公 体系 区域 协作 效率 人民币 汇率 波动 加大 远期 结售汇 业务 降低 汇兑 损失 行业 周期 影响 产品价格 有所 回落 及时 调整 销售策略 库存 水平 合理 范围 本年度 人力 成本 略有 管理 费用率 保持稳定 费用 管控 成效 显现 高度重视 安全 生产 环境保护 发生 重大 安全事故 成立 数据中台 团队 业务 数据 数据业务 面对 市场竞争 加剧 加大 渠道 建设 力度 经销商 数量 覆盖 区域 扩大 行业 周期 影响 产品价格 有所 回落 及时 调整 销售策略 库存 水平 合理 范围 现金流 状况良好 经营 活动 现金流量 净额 资产负债 结构 稳健 营业 收入 得益于 主营业务 产销 规模 扩大,107
DEMO017,演示DEMO017股份有限公司,制造业,2022,年度报告,公司评估公有云与私有云方案，逐步构建统一算力资源池。公司上线智能排产系统，通过智能算法优化生产计划排程。报告期内，公司获得高新技术企业资质认定，享受相应税收优惠政策。公司数据中心一期建成投用，具备 PB 级数据存储与计算能力。公司深耕华北市场，区域市场份额稳中有升，品牌影响力持续增强。本年度公司人力成本略有上升，管理费用率保持稳定，费用管控成效显现。公司引入边缘计算设备，实现车间数据的就地处理与实时回传。下半年公司将围绕年度经营计划，重点做好市场开拓、成本控制与人才梯队建设等工作。公司基于云平台搭建协同办公体系，跨区域协作效率提升。公司深耕华南市场，区域市场份额稳中有升，品牌影响力持续增强。公司核心业务系统迁移上云，采用混合云架构降低IT运维成本。受行业周期影响，部分产品价格有所回落，公司及时调整销售策略，库存水平保持在合理范围。公司深耕华东市场，区域市场份额稳中有升，品牌影响力持续增强。本年度公司人力成本略有上升，管理费用率保持稳定，费用管控成效显现。公司建设大数据平台，整合生产、销售与供应链数据，支撑经营决策。公司建立健全内部控制系统，治理结构规范，三会运作正常。公司数据中心一期建成投用，具备 PB 级数据存储与计算能力。公司试点数字人民币结算场景，丰富收款渠道。,脚本生成演示语料(step0_make_demo_corpus.py),公司评估公有云与私有云方案，逐步构建统一算力资源池。公司上线智能排产系统，通过智能算法优化生产计划排程。报告期内，公司获得高新技术企业资质认定，享受相应税收优惠政策。公司数据中心一期建成投用，具备 PB 级数据存储与计算能力。公司深耕华北市场，区域市场份额稳中有升，品牌影响力持续增强。本年度公司人力成本略有上升，管理费用率保持稳定，费用管控成效显现。公司引入边缘计算设备，实现车间数据的就地处理与实时回传。下半年公司将围绕年度经营计划，重点做好市场开拓、成本控制与人才梯队建设等工作。公司基于云平台搭建协同办公体系，跨区域协作效率提升。公司深耕华南市场，区域市场份额稳中有升，品牌影响力持续增强。公司核心业务系统迁移上云，采用混合云架构降低IT运维成本。受行业周期影响，部分产品价格有所回落，公司及时调整销售策略，库存水平保持在合理范围。公司深耕华东市场，区域市场份额稳中有升，品牌影响力持续增强。本年度公司人力成本略有上升，管理费用率保持稳定，费用管控成效显现。公司建设大数据平台，整合生产、销售与供应链数据，支撑经营决策。公司建立健全内部控制系统，治理结构规范，三会运作正常。公司数据中心一期建成投用，具备 PB 级数据存储与计算能力。公司试点数字人民币结算场景，丰富收款渠道。,评估 公有 私有 方案 逐步 构建 统一 算力 资源 上线 智能 排产 系统 智能算法 优化 生产 排程 获得 高新技术 企业资质 认定 享受 相应 税收 优惠政策 数据中心 一期 建成 投用 具备 PB 数据 存储 计算能力 深耕 华北 市场 区域 市场份额 稳中有升 品牌 影响力 持续 增强 本年度 人力 成本 略有 管理 费用率 保持稳定 费用 管控 成效 显现 引入 边缘计算 设备 车间 数据 处理 实时 回传 下半年 年度 经营 做好 市场 开拓 成本 控制 人才 梯队 建设 基于 平台 搭建 协同 办公 体系 区域 协作 效率 深耕 华南 市场 区域 市场份额 稳中有升 品牌 影响力 持续 增强 核心 业务 系统 迁移 上云 采用 混合 架构 降低 IT 运维 成本 行业 周期 影响 产品价格 有所 回落 及时 调整 销售策略 库存 水平 合理 范围 深耕 华东 市场 区域 市场份额 稳中有升 品牌 影响力 持续 增强 本年度 人力 成本 略有 管理 费用率 保持稳定 费用 管控 成效 显现 建设 大数据 平台 整合 生产 销售 供应链 数据 支撑 经营 决策 建立健全 内部 控制系统 治理 结构 规范 三会 运作 数据中心 一期 建成 投用 具备 PB 数据 存储 计算能力 试点 数字人民币 结算 场景 丰富 收款 渠道,174
DEMO017,演示DEMO017股份有限公司,制造业,2023,年度报告,报告期内公司客户结构进一步优化，前五大客户收入占比为55.1%，客户集中度处于合理区间。公司参与行业区块链联盟，推动供应链单证电子化与可信流转。报告期内，公司获得高新技术企业资质认定，享受相应税收优惠政策。面对市场竞争加剧，公司加大渠道建设力度，经销商数量增加210家，覆盖区域进一步扩大。公司利用智能合约技术自动执行供应商结算条款。公司构建智慧物流体系，仓储分拣自动化水平显著提高。公司持续加大研发投入，研发费用占营业收入比例为4.4%，围绕食品饮料开展技术攻关。原材料价格波动对成本端形成一定压力，公司通过集中采购和套期保值部分对冲了成本上行风险。公司建立健全内部控制系统，治理结构规范，三会运作正常。报告期内公司无重大诉讼仲裁事项，各项经营活动正常开展。报告期内，公司实现营业收入8.9亿元，同比增长15.2%，主要得益于主营业务产销规模扩大。公司建设智能客服系统，应用自然语言处理技术实现工单自动分类。报告期内，公司实现营业收入19.3亿元，同比增长-3.1%，主要得益于主营业务产销规模扩大。公司持续优化产品结构，电子元器件业务占比稳步提升，毛利率较上年下降1.5个百分点。公司建设智能客服系统，应用自然语言处理技术实现工单自动分类。公司持续优化产品结构，高端装备业务占比稳步提升，毛利率较上年上升2.5个百分点。公司推进计算机视觉技术在生产线上的应用，实现关键工序自动检测。,脚本生成演示语料(step0_make_demo_corpus.py),报告期内公司客户结构进一步优化，前五大客户收入占比为55.1%，客户集中度处于合理区间。公司参与行业区块链联盟，推动供应链单证电子化与可信流转。报告期内，公司获得高新技术企业资质认定，享受相应税收优惠政策。面对市场竞争加剧，公司加大渠道建设力度，经销商数量增加210家，覆盖区域进一步扩大。公司利用智能合约技术自动执行供应商结算条款。公司构建智慧物流体系，仓储分拣自动化水平显著提高。公司持续加大研发投入，研发费用占营业收入比例为4.4%，围绕食品饮料开展技术攻关。原材料价格波动对成本端形成一定压力，公司通过集中采购和套期保值部分对冲了成本上行风险。公司建立健全内部控制系统，治理结构规范，三会运作正常。报告期内公司无重大诉讼仲裁事项，各项经营活动正常开展。报告期内，公司实现营业收入8.9亿元，同比增长15.2%，主要得益于主营业务产销规模扩大。公司建设智能客服系统，应用自然语言处理技术实现工单自动分类。报告期内，公司实现营业收入19.3亿元，同比增长-3.1%，主要得益于主营业务产销规模扩大。公司持续优化产品结构，电子元器件业务占比稳步提升，毛利率较上年下降1.5个百分点。公司建设智能客服系统，应用自然语言处理技术实现工单自动分类。公司持续优化产品结构，高端装备业务占比稳步提升，毛利率较上年上升2.5个百分点。公司推进计算机视觉技术在生产线上的应用，实现关键工序自动检测。,客户 结构 优化 五大 客户 收入 客户 集中度 处于 合理 区间 参与 行业 区块链 联盟 供应链 单证 电子化 可信 流转 获得 高新技术 企业资质 认定 享受 相应 税收 优惠政策 面对 市场竞争 加剧 加大 渠道 建设 力度 经销商 数量 覆盖 区域 扩大 利用 智能合约 技术 自动 供应商 结算 条款 构建 智慧物流 体系 仓储 分拣 自动化 水平 持续 加大 研发 投入 研发 费用 营业 收入 比例 食品饮料 技术 攻关 原材料 价格 波动 成本 形成 一定 压力 集中 采购 套期 保值 对冲 成本 上行 风险 建立健全 内部 控制系统 治理 结构 规范 三会 运作 重大 诉讼 仲裁 事项 经营 活动 营业 收入 得益于 主营业务 产销 规模 扩大 建设 智能 客服 系统 应用 自然语言处理 技术 工单 自动 分类 营业 收入 得益于 主营业务 产销 规模 扩大 持续 优化 产品 结构 电子 元器件 业务 毛利率 百分点 建设 智能 客服 系统 应用 自然语言处理 技术 工单 自动 分类 持续 优化 产品 结构 高端 装备 业务 毛利率 百分点 计算机视觉 技术 生产线 应用 关键 工序 自动检测,154
DEMO017,演示DEMO017股份有限公司,制造业,2024,年度报告,公司推进智能制造升级，数字化车间已通过省级认定。报告期内，公司实现营业收入45.2亿元，同比增长5.6%，主要得益于主营业务产销规模扩大。原材料价格波动对成本端形成一定压力，公司通过集中采购和套期保值部分对冲了成本上行风险。公司数据中心一期建成投用，具备 PB 级数据存储与计算能力。原材料价格波动对成本端形成一定压力，公司通过集中采购和套期保值部分对冲了成本上行风险。公司与高校联合开展深度学习算法研究，赋能产品智能设计。受行业周期影响，部分产品价格有所回落，公司及时调整销售策略，库存水平保持在合理范围。报告期内公司客户结构进一步优化，前五大客户收入占比为55.1%，客户集中度处于合理区间。报告期内公司无重大诉讼仲裁事项，各项经营活动正常开展。报告期内公司客户结构进一步优化，前五大客户收入占比为41.8%，客户集中度处于合理区间。公司建设工业互联网平台，实现设备联网与远程运维。公司上线智能排产系统，通过智能算法优化生产计划排程。公司积极拓展海外市场，出口业务收入同比增长18.9%，国际化布局初见成效。公司积极拓展海外市场，出口业务收入同比增长-6.3%，国际化布局初见成效。,脚本生成演示语料(step0_make_demo_corpus.py),公司推进智能制造升级，数字化车间已通过省级认定。报告期内，公司实现营业收入45.2亿元，同比增长5.6%，主要得益于主营业务产销规模扩大。原材料价格波动对成本端形成一定压力，公司通过集中采购和套期保值部分对冲了成本上行风险。公司数据中心一期建成投用，具备 PB 级数据存储与计算能力。原材料价格波动对成本端形成一定压力，公司通过集中采购和套期保值部分对冲了成本上行风险。公司与高校联合开展深度学习算法研究，赋能产品智能设计。受行业周期影响，部分产品价格有所回落，公司及时调整销售策略，库存水平保持在合理范围。报告期内公司客户结构进一步优化，前五大客户收入占比为55.1%，客户集中度处于合理区间。报告期内公司无重大诉讼仲裁事项，各项经营活动正常开展。报告期内公司客户结构进一步优化，前五大客户收入占比为41.8%，客户集中度处于合理区间。公司建设工业互联网平台，实现设备联网与远程运维。公司上线智能排产系统，通过智能算法优化生产计划排程。公司积极拓展海外市场，出口业务收入同比增长18.9%，国际化布局初见成效。公司积极拓展海外市场，出口业务收入同比增长-6.3%，国际化布局初见成效。,智能制造 升级 数字化 车间 省级 认定 营业 收入 得益于 主营业务 产销 规模 扩大 原材料 价格 波动 成本 形成 一定 压力 集中 采购 套期 保值 对冲 成本 上行 风险 数据中心 一期 建成 投用 具备 PB 数据 存储 计算能力 原材料 价格 波动 成本 形成 一定 压力 集中 采购 套期 保值 对冲 成本 上行 风险 高校 联合 深度学习 算法 研究 赋能 产品 智能 设计 行业 周期 影响 产品价格 有所 回落 及时 调整 销售策略 库存 水平 合理 范围 客户 结构 优化 五大 客户 收入 客户 集中度 处于 合理 区间 重大 诉讼 仲裁 事项 经营 活动 客户 结构 优化 五大 客户 收入 客户 集中度 处于 合理 区间 建设 工业互联网 平台 设备 联网 远程 运维 上线 智能 排产 系统 智能算法 优化 生产 排程 拓展 海外 市场 出口 业务收入 国际化 布局 初见成效 拓展 海外 市场 出口 业务收入 国际化 布局 初见成效,133
DEMO018,演示DEMO018股份有限公司,批发零售,2020,年度报告,公司发展电子商务业务，线上渠道收入占比持续提升。公司深耕西南市场，区域市场份额稳中有升，品牌影响力持续增强。报告期内，公司实现营业收入19.3亿元，同比增长8.5%，主要得益于主营业务产销规模扩大。公司构建经营分析数据仓库，管理层可实时查看核心经营指标。报告期内人民币汇率波动加大，公司通过远期结售汇业务降低了汇兑损失。公司持续优化产品结构，精细化工产品业务占比稳步提升，毛利率较上年上升2.5个百分点。报告期内公司客户结构进一步优化，前五大客户收入占比为36.9%，客户集中度处于合理区间。公司高度重视安全生产与环境保护，报告期内未发生重大安全事故。面对市场竞争加剧，公司加大渠道建设力度，经销商数量增加120家，覆盖区域进一步扩大。公司构建经营分析数据仓库，管理层可实时查看核心经营指标。面对市场竞争加剧，公司加大渠道建设力度，经销商数量增加45家，覆盖区域进一步扩大。公司建立健全内部控制系统，治理结构规范，三会运作正常。公司建设大数据平台，整合生产、销售与供应链数据，支撑经营决策。公司深耕华北市场，区域市场份额稳中有升，品牌影响力持续增强。公司建立健全内部控制系统，治理结构规范，三会运作正常。公司核心业务系统迁移上云，采用混合云架构降低IT运维成本。,脚本生成演示语料(step0_make_demo_corpus.py),公司发展电子商务业务，线上渠道收入占比持续提升。公司深耕西南市场，区域市场份额稳中有升，品牌影响力持续增强。报告期内，公司实现营业收入19.3亿元，同比增长8.5%，主要得益于主营业务产销规模扩大。公司构建经营分析数据仓库，管理层可实时查看核心经营指标。报告期内人民币汇率波动加大，公司通过远期结售汇业务降低了汇兑损失。公司持续优化产品结构，精细化工产品业务占比稳步提升，毛利率较上年上升2.5个百分点。报告期内公司客户结构进一步优化，前五大客户收入占比为36.9%，客户集中度处于合理区间。公司高度重视安全生产与环境保护，报告期内未发生重大安全事故。面对市场竞争加剧，公司加大渠道建设力度，经销商数量增加120家，覆盖区域进一步扩大。公司构建经营分析数据仓库，管理层可实时查看核心经营指标。面对市场竞争加剧，公司加大渠道建设力度，经销商数量增加45家，覆盖区域进一步扩大。公司建立健全内部控制系统，治理结构规范，三会运作正常。公司建设大数据平台，整合生产、销售与供应链数据，支撑经营决策。公司深耕华北市场，区域市场份额稳中有升，品牌影响力持续增强。公司建立健全内部控制系统，治理结构规范，三会运作正常。公司核心业务系统迁移上云，采用混合云架构降低IT运维成本。,发展 电子商务 业务 线上 渠道 收入 持续 深耕 西南 市场 区域 市场份额 稳中有升 品牌 影响力 持续 增强 营业 收入 得益于 主营业务 产销 规模 扩大 构建 经营 分析 数据仓库 管理层 实时 查看 核心 经营 指标 人民币 汇率 波动 加大 远期 结售汇 业务 降低 汇兑 损失 持续 优化 产品 结构 精细化工 产品 业务 毛利率 百分点 客户 结构 优化 五大 客户 收入 客户 集中度 处于 合理 区间 高度重视 安全 生产 环境保护 发生 重大 安全事故 面对 市场竞争 加剧 加大 渠道 建设 力度 经销商 数量 覆盖 区域 扩大 构建 经营 分析 数据仓库 管理层 实时 查看 核心 经营 指标 面对 市场竞争 加剧 加大 渠道 建设 力度 经销商 数量 覆盖 区域 扩大 建立健全 内部 控制系统 治理 结构 规范 三会 运作 建设 大数据 平台 整合 生产 销售 供应链 数据 支撑 经营 决策 深耕 华北 市场 区域 市场份额 稳中有升 品牌 影响力 持续 增强 建立健全 内部 控制系统 治理 结构 规范 三会 运作 核心 业务 系统 迁移 上云 采用 混合 架构 降低 IT 运维 成本,154
DEMO018,演示DEMO018股份有限公司,批发零售,2021,年度报告,公司主要客户为行业龙头企业，合作关系稳定，应收账款回款情况良好。公司建立健全内部控制系统，治理结构规范，三会运作正常。公司继续推进产能建设，食品饮料项目一期已投产，预计达产后年新增产能3万吨。公司继续推进产能建设，食品饮料项目一期已投产，预计达产后年新增产能12万吨。公司继续推进产能建设，高端装备项目一期已投产，预计达产后年新增产能3万吨。原材料价格波动对成本端形成一定压力，公司通过集中采购和套期保值部分对冲了成本上行风险。公司研究基于分布式账本的对账机制，降低交易核对成本。公司深耕东北市场，区域市场份额稳中有升，品牌影响力持续增强。公司高度重视安全生产与环境保护，报告期内未发生重大安全事故。公司建设智能客服系统，应用自然语言处理技术实现工单自动分类。报告期内人民币汇率波动加大，公司通过远期结售汇业务降低了汇兑损失。公司与高校联合开展深度学习算法研究，赋能产品智能设计。下半年公司将围绕年度经营计划，重点做好市场开拓、成本控制与人才梯队建设等工作。公司建设工业互联网平台，实现设备联网与远程运维。公司成立数据中台团队，推动业务数据化、数据业务化。,脚本生成演示语料(step0_make_demo_corpus.py),公司主要客户为行业龙头企业，合作关系稳定，应收账款回款情况良好。公司建立健全内部控制系统，治理结构规范，三会运作正常。公司继续推进产能建设，食品饮料项目一期已投产，预计达产后年新增产能3万吨。公司继续推进产能建设，食品饮料项目一期已投产，预计达产后年新增产能12万吨。公司继续推进产能建设，高端装备项目一期已投产，预计达产后年新增产能3万吨。原材料价格波动对成本端形成一定压力，公司通过集中采购和套期保值部分对冲了成本上行风险。公司研究基于分布式账本的对账机制，降低交易核对成本。公司深耕东北市场，区域市场份额稳中有升，品牌影响力持续增强。公司高度重视安全生产与环境保护，报告期内未发生重大安全事故。公司建设智能客服系统，应用自然语言处理技术实现工单自动分类。报告期内人民币汇率波动加大，公司通过远期结售汇业务降低了汇兑损失。公司与高校联合开展深度学习算法研究，赋能产品智能设计。下半年公司将围绕年度经营计划，重点做好市场开拓、成本控制与人才梯队建设等工作。公司建设工业互联网平台，实现设备联网与远程运维。公司成立数据中台团队，推动业务数据化、数据业务化。,客户 行业龙头 企业 合作 关系 应收 账款 回款 建立健全 内部 控制系统 治理 结构 规范 三会 运作 产能 建设 食品饮料 项目 一期 投产 预计 达产 新增 产能 万吨 产能 建设 食品饮料 项目 一期 投产 预计 达产 新增 产能 万吨 产能 建设 高端 装备 项目 一期 投产 预计 达产 新增 产能 万吨 原材料 价格 波动 成本 形成 一定 压力 集中 采购 套期 保值 对冲 成本 上行 风险 研究 基于 分布式账本 对账 机制 降低 交易 核对 成本 深耕 东北 市场 区域 市场份额 稳中有升 品牌 影响力 持续 增强 高度重视 安全 生产 环境保护 发生 重大 安全事故 建设 智能 客服 系统 应用 自然语言处理 技术 工单 自动 分类 人民币 汇率 波动 加大 远期 结售汇 业务 降低 汇兑 损失 高校 联合 深度学习 算法 研究 赋能 产品 智能 设计 下半年 年度 经营 做好 市场 开拓 成本 控制 人才 梯队 建设 建设 工业互联网 平台 设备 联网 远程 运维 成立 数据中台 团队 业务 数据 数据业务,144
DEMO018,演示DEMO018股份有限公司,批发零售,2022,年度报告,公司核心业务系统迁移上云，采用混合云架构降低IT运维成本。公司现金流状况良好，经营活动现金流量净额为8.7亿元，资产负债结构稳健。公司评估公有云与私有云方案，逐步构建统一算力资源池。公司现金流状况良好，经营活动现金流量净额为5.8亿元，资产负债结构稳健。公司现金流状况良好，经营活动现金流量净额为8.7亿元，资产负债结构稳健。报告期内人民币汇率波动加大，公司通过远期结售汇业务降低了汇兑损失。公司本期新增专利授权15项，累计有效专利85项，技术储备进一步夯实。公司高度重视安全生产与环境保护，报告期内未发生重大安全事故。公司积极拓展海外市场，出口业务收入同比增长-6.3%，国际化布局初见成效。公司开展数据治理体系建设，统一主数据标准，提升数据资产质量。公司积极拓展海外市场，出口业务收入同比增长-6.3%，国际化布局初见成效。公司现金流状况良好，经营活动现金流量净额为8.7亿元，资产负债结构稳健。下半年公司将围绕年度经营计划，重点做好市场开拓、成本控制与人才梯队建设等工作。,脚本生成演示语料(step0_make_demo_corpus.py),公司核心业务系统迁移上云，采用混合云架构降低IT运维成本。公司现金流状况良好，经营活动现金流量净额为8.7亿元，资产负债结构稳健。公司评估公有云与私有云方案，逐步构建统一算力资源池。公司现金流状况良好，经营活动现金流量净额为5.8亿元，资产负债结构稳健。公司现金流状况良好，经营活动现金流量净额为8.7亿元，资产负债结构稳健。报告期内人民币汇率波动加大，公司通过远期结售汇业务降低了汇兑损失。公司本期新增专利授权15项，累计有效专利85项，技术储备进一步夯实。公司高度重视安全生产与环境保护，报告期内未发生重大安全事故。公司积极拓展海外市场，出口业务收入同比增长-6.3%，国际化布局初见成效。公司开展数据治理体系建设，统一主数据标准，提升数据资产质量。公司积极拓展海外市场，出口业务收入同比增长-6.3%，国际化布局初见成效。公司现金流状况良好，经营活动现金流量净额为8.7亿元，资产负债结构稳健。下半年公司将围绕年度经营计划，重点做好市场开拓、成本控制与人才梯队建设等工作。,核心 业务 系统 迁移 上云 采用 混合 架构 降低 IT 运维 成本 现金流 状况良好 经营 活动 现金流量 净额 资产负债 结构 稳健 评估 公有 私有 方案 逐步 构建 统一 算力 资源 现金流 状况良好 经营 活动 现金流量 净额 资产负债 结构 稳健 现金流 状况良好 经营 活动 现金流量 净额 资产负债 结构 稳健 人民币 汇率 波动 加大 远期 结售汇 业务 降低 汇兑 损失 本期 新增 专利 授权 专利 技术储备 夯实 高度重视 安全 生产 环境保护 发生 重大 安全事故 拓展 海外 市场 出口 业务收入 国际化 布局 初见成效 数据 治理 体系 建设 统一 数据 标准 数据 资产 质量 拓展 海外 市场 出口 业务收入 国际化 布局 初见成效 现金流 状况良好 经营 活动 现金流量 净额 资产负债 结构 稳健 下半年 年度 经营 做好 市场 开拓 成本 控制 人才 梯队 建设,118
DEMO018,演示DEMO018股份有限公司,批发零售,2023,年度报告,公司评估公有云与私有云方案，逐步构建统一算力资源池。公司研究基于分布式账本的对账机制，降低交易核对成本。公司深耕华南市场，区域市场份额稳中有升，品牌影响力持续增强。报告期内公司无重大诉讼仲裁事项，各项经营活动正常开展。公司成立数据中台团队，推动业务数据化、数据业务化。公司推动业务流程线上化，无纸化办公覆盖全部业务部门。公司深耕西南市场，区域市场份额稳中有升，品牌影响力持续增强。报告期内人民币汇率波动加大，公司通过远期结售汇业务降低了汇兑损失。公司参与行业区块链联盟，推动供应链单证电子化与可信流转。公司研究基于分布式账本的对账机制，降低交易核对成本。报告期内，公司获得高新技术企业资质认定，享受相应税收优惠政策。公司试点数字人民币结算场景，丰富收款渠道。公司深耕华北市场，区域市场份额稳中有升，品牌影响力持续增强。面对市场竞争加剧，公司加大渠道建设力度，经销商数量增加36家，覆盖区域进一步扩大。公司运用数据挖掘技术分析客户行为，实现精准营销。报告期内公司无重大诉讼仲裁事项，各项经营活动正常开展。报告期内，公司获得高新技术企业资质认定，享受相应税收优惠政策。公司研究基于分布式账本的对账机制，降低交易核对成本。公司持续加大研发投入，研发费用占营业收入比例为4.4%，围绕电子元器件开展技术攻关。报告期内，公司获得高新技术企业资质认定，享受相应税收优惠政策。,脚本生成演示语料(step0_make_demo_corpus.py),公司评估公有云与私有云方案，逐步构建统一算力资源池。公司研究基于分布式账本的对账机制，降低交易核对成本。公司深耕华南市场，区域市场份额稳中有升，品牌影响力持续增强。报告期内公司无重大诉讼仲裁事项，各项经营活动正常开展。公司成立数据中台团队，推动业务数据化、数据业务化。公司推动业务流程线上化，无纸化办公覆盖全部业务部门。公司深耕西南市场，区域市场份额稳中有升，品牌影响力持续增强。报告期内人民币汇率波动加大，公司通过远期结售汇业务降低了汇兑损失。公司参与行业区块链联盟，推动供应链单证电子化与可信流转。公司研究基于分布式账本的对账机制，降低交易核对成本。报告期内，公司获得高新技术企业资质认定，享受相应税收优惠政策。公司试点数字人民币结算场景，丰富收款渠道。公司深耕华北市场，区域市场份额稳中有升，品牌影响力持续增强。面对市场竞争加剧，公司加大渠道建设力度，经销商数量增加36家，覆盖区域进一步扩大。公司运用数据挖掘技术分析客户行为，实现精准营销。报告期内公司无重大诉讼仲裁事项，各项经营活动正常开展。报告期内，公司获得高新技术企业资质认定，享受相应税收优惠政策。公司研究基于分布式账本的对账机制，降低交易核对成本。公司持续加大研发投入，研发费用占营业收入比例为4.4%，围绕电子元器件开展技术攻关。报告期内，公司获得高新技术企业资质认定，享受相应税收优惠政策。,评估 公有 私有 方案 逐步 构建 统一 算力 资源 研究 基于 分布式账本 对账 机制 降低 交易 核对 成本 深耕 华南 市场 区域 市场份额 稳中有升 品牌 影响力 持续 增强 重大 诉讼 仲裁 事项 经营 活动 成立 数据中台 团队 业务 数据 数据业务 业务流程 上化 无纸化 办公 覆盖 全部 业务部门 深耕 西南 市场 区域 市场份额 稳中有升 品牌 影响力 持续 增强 人民币 汇率 波动 加大 远期 结售汇 业务 降低 汇兑 损失 参与 行业 区块链 联盟 供应链 单证 电子化 可信 流转 研究 基于 分布式账本 对账 机制 降低 交易 核对 成本 获得 高新技术 企业资质 认定 享受 相应 税收 优惠政策 试点 数字人民币 结算 场景 丰富 收款 渠道 深耕 华北 市场 区域 市场份额 稳中有升 品牌 影响力 持续 增强 面对 市场竞争 加剧 加大 渠道 建设 力度 经销商 数量 覆盖 区域 扩大 运用 数据挖掘 技术 分析 客户 行为 精准 营销 重大 诉讼 仲裁 事项 经营 活动 获得 高新技术 企业资质 认定 享受 相应 税收 优惠政策 研究 基于 分布式账本 对账 机制 降低 交易 核对 成本 持续 加大 研发 投入 研发 费用 营业 收入 比例 电子 元器件 技术 攻关 获得 高新技术 企业资质 认定 享受 相应 税收 优惠政策,174
DEMO018,演示DEMO018股份有限公司,批发零售,2024,年度报告,本年度公司人力成本略有上升，管理费用率保持稳定，费用管控成效显现。公司积极拓展海外市场，出口业务收入同比增长-6.3%，国际化布局初见成效。公司与高校联合开展深度学习算法研究，赋能产品智能设计。公司积极拓展海外市场，出口业务收入同比增长18.9%，国际化布局初见成效。报告期内，公司获得高新技术企业资质认定，享受相应税收优惠政策。公司上线智能排产系统，通过智能算法优化生产计划排程。受行业周期影响，部分产品价格有所回落，公司及时调整销售策略，库存水平保持在合理范围。公司开展数据治理体系建设，统一主数据标准，提升数据资产质量。公司成立数据中台团队，推动业务数据化、数据业务化。公司深耕华北市场，区域市场份额稳中有升，品牌影响力持续增强。公司建立健全内部控制系统，治理结构规范，三会运作正常。公司试点数字人民币结算场景，丰富收款渠道。公司与高校联合开展深度学习算法研究，赋能产品智能设计。面对市场竞争加剧，公司加大渠道建设力度，经销商数量增加45家，覆盖区域进一步扩大。公司数据中心一期建成投用，具备 PB 级数据存储与计算能力。公司推进智能制造升级，数字化车间已通过省级认定。公司现金流状况良好，经营活动现金流量净额为8.7亿元，资产负债结构稳健。,脚本生成演示语料(step0_make_demo_corpus.py),本年度公司人力成本略有上升，管理费用率保持稳定，费用管控成效显现。公司积极拓展海外市场，出口业务收入同比增长-6.3%，国际化布局初见成效。公司与高校联合开展深度学习算法研究，赋能产品智能设计。公司积极拓展海外市场，出口业务收入同比增长18.9%，国际化布局初见成效。报告期内，公司获得高新技术企业资质认定，享受相应税收优惠政策。公司上线智能排产系统，通过智能算法优化生产计划排程。受行业周期影响，部分产品价格有所回落，公司及时调整销售策略，库存水平保持在合理范围。公司开展数据治理体系建设，统一主数据标准，提升数据资产质量。公司成立数据中台团队，推动业务数据化、数据业务化。公司深耕华北市场，区域市场份额稳中有升，品牌影响力持续增强。公司建立健全内部控制系统，治理结构规范，三会运作正常。公司试点数字人民币结算场景，丰富收款渠道。公司与高校联合开展深度学习算法研究，赋能产品智能设计。面对市场竞争加剧，公司加大渠道建设力度，经销商数量增加45家，覆盖区域进一步扩大。公司数据中心一期建成投用，具备 PB 级数据存储与计算能力。公司推进智能制造升级，数字化车间已通过省级认定。公司现金流状况良好，经营活动现金流量净额为8.7亿元，资产负债结构稳健。,本年度 人力 成本 略有 管理 费用率 保持稳定 费用 管控 成效 显现 拓展 海外 市场 出口 业务收入 国际化 布局 初见成效 高校 联合 深度学习 算法 研究 赋能 产品 智能 设计 拓展 海外 市场 出口 业务收入 国际化 布局 初见成效 获得 高新技术 企业资质 认定 享受 相应 税收 优惠政策 上线 智能 排产 系统 智能算法 优化 生产 排程 行业 周期 影响 产品价格 有所 回落 及时 调整 销售策略 库存 水平 合理 范围 数据 治理 体系 建设 统一 数据 标准 数据 资产 质量 成立 数据中台 团队 业务 数据 数据业务 深耕 华北 市场 区域 市场份额 稳中有升 品牌 影响力 持续 增强 建立健全 内部 控制系统 治理 结构 规范 三会 运作 试点 数字人民币 结算 场景 丰富 收款 渠道 高校 联合 深度学习 算法 研究 赋能 产品 智能 设计 面对 市场竞争 加剧 加大 渠道 建设 力度 经销商 数量 覆盖 区域 扩大 数据中心 一期 建成 投用 具备 PB 数据 存储 计算能力 智能制造 升级 数字化 车间 省级 认定 现金流 状况良好 经营 活动 现金流量 净额 资产负债 结构 稳健,151
DEMO019,演示DEMO019股份有限公司,房地产,2020,年度报告,公司本期新增专利授权22项，累计有效专利56项，技术储备进一步夯实。报告期内公司客户结构进一步优化，前五大客户收入占比为55.1%，客户集中度处于合理区间。公司现金流状况良好，经营活动现金流量净额为12.4亿元，资产负债结构稳健。面对市场竞争加剧，公司加大渠道建设力度，经销商数量增加210家，覆盖区域进一步扩大。公司上线智能排产系统，通过智能算法优化生产计划排程。公司基于云平台搭建协同办公体系，跨区域协作效率提升。公司现金流状况良好，经营活动现金流量净额为3.2亿元，资产负债结构稳健。受行业周期影响，部分产品价格有所回落，公司及时调整销售策略，库存水平保持在合理范围。公司应用数字孪生技术对重点产线进行虚拟建模与仿真优化。报告期内人民币汇率波动加大，公司通过远期结售汇业务降低了汇兑损失。原材料价格波动对成本端形成一定压力，公司通过集中采购和套期保值部分对冲了成本上行风险。公司现金流状况良好，经营活动现金流量净额为1.5亿元，资产负债结构稳健。,脚本生成演示语料(step0_make_demo_corpus.py),公司本期新增专利授权22项，累计有效专利56项，技术储备进一步夯实。报告期内公司客户结构进一步优化，前五大客户收入占比为55.1%，客户集中度处于合理区间。公司现金流状况良好，经营活动现金流量净额为12.4亿元，资产负债结构稳健。面对市场竞争加剧，公司加大渠道建设力度，经销商数量增加210家，覆盖区域进一步扩大。公司上线智能排产系统，通过智能算法优化生产计划排程。公司基于云平台搭建协同办公体系，跨区域协作效率提升。公司现金流状况良好，经营活动现金流量净额为3.2亿元，资产负债结构稳健。受行业周期影响，部分产品价格有所回落，公司及时调整销售策略，库存水平保持在合理范围。公司应用数字孪生技术对重点产线进行虚拟建模与仿真优化。报告期内人民币汇率波动加大，公司通过远期结售汇业务降低了汇兑损失。原材料价格波动对成本端形成一定压力，公司通过集中采购和套期保值部分对冲了成本上行风险。公司现金流状况良好，经营活动现金流量净额为1.5亿元，资产负债结构稳健。,本期 新增 专利 授权 专利 技术储备 夯实 客户 结构 优化 五大 客户 收入 客户 集中度 处于 合理 区间 现金流 状况良好 经营 活动 现金流量 净额 资产负债 结构 稳健 面对 市场竞争 加剧 加大 渠道 建设 力度 经销商 数量 覆盖 区域 扩大 上线 智能 排产 系统 智能算法 优化 生产 排程 基于 平台 搭建 协同 办公 体系 区域 协作 效率 现金流 状况良好 经营 活动 现金流量 净额 资产负债 结构 稳健 行业 周期 影响 产品价格 有所 回落 及时 调整 销售策略 库存 水平 合理 范围 应用 数字孪生 技术 产线 虚拟 建模 仿真 优化 人民币 汇率 波动 加大 远期 结售汇 业务 降低 汇兑 损失 原材料 价格 波动 成本 形成 一定 压力 集中 采购 套期 保值 对冲 成本 上行 风险 现金流 状况良好 经营 活动 现金流量 净额 资产负债 结构 稳健,120
DEMO019,演示DEMO019股份有限公司,房地产,2021,年度报告,受行业周期影响，部分产品价格有所回落，公司及时调整销售策略，库存水平保持在合理范围。公司积极拓展海外市场，出口业务收入同比增长30.5%，国际化布局初见成效。公司数据中心一期建成投用，具备 PB 级数据存储与计算能力。下半年公司将围绕年度经营计划，重点做好市场开拓、成本控制与人才梯队建设等工作。公司开展数据治理体系建设，统一主数据标准，提升数据资产质量。公司主要客户为行业龙头企业，合作关系稳定，应收账款回款情况良好。本年度公司人力成本略有上升，管理费用率保持稳定，费用管控成效显现。报告期内人民币汇率波动加大，公司通过远期结售汇业务降低了汇兑损失。公司持续优化产品结构，电子元器件业务占比稳步提升，毛利率较上年下降1.5个百分点。公司深耕西南市场，区域市场份额稳中有升，品牌影响力持续增强。受行业周期影响，部分产品价格有所回落，公司及时调整销售策略，库存水平保持在合理范围。,脚本生成演示语料(step0_make_demo_corpus.py),受行业周期影响，部分产品价格有所回落，公司及时调整销售策略，库存水平保持在合理范围。公司积极拓展海外市场，出口业务收入同比增长30.5%，国际化布局初见成效。公司数据中心一期建成投用，具备 PB 级数据存储与计算能力。下半年公司将围绕年度经营计划，重点做好市场开拓、成本控制与人才梯队建设等工作。公司开展数据治理体系建设，统一主数据标准，提升数据资产质量。公司主要客户为行业龙头企业，合作关系稳定，应收账款回款情况良好。本年度公司人力成本略有上升，管理费用率保持稳定，费用管控成效显现。报告期内人民币汇率波动加大，公司通过远期结售汇业务降低了汇兑损失。公司持续优化产品结构，电子元器件业务占比稳步提升，毛利率较上年下降1.5个百分点。公司深耕西南市场，区域市场份额稳中有升，品牌影响力持续增强。受行业周期影响，部分产品价格有所回落，公司及时调整销售策略，库存水平保持在合理范围。,行业 周期 影响 产品价格 有所 回落 及时 调整 销售策略 库存 水平 合理 范围 拓展 海外 市场 出口 业务收入 国际化 布局 初见成效 数据中心 一期 建成 投用 具备 PB 数据 存储 计算能力 下半年 年度 经营 做好 市场 开拓 成本 控制 人才 梯队 建设 数据 治理 体系 建设 统一 数据 标准 数据 资产 质量 客户 行业龙头 企业 合作 关系 应收 账款 回款 本年度 人力 成本 略有 管理 费用率 保持稳定 费用 管控 成效 显现 人民币 汇率 波动 加大 远期 结售汇 业务 降低 汇兑 损失 持续 优化 产品 结构 电子 元器件 业务 毛利率 百分点 深耕 西南 市场 区域 市场份额 稳中有升 品牌 影响力 持续 增强 行业 周期 影响 产品价格 有所 回落 及时 调整 销售策略 库存 水平 合理 范围,112
DEMO019,演示DEMO019股份有限公司,房地产,2022,年度报告,报告期内人民币汇率波动加大，公司通过远期结售汇业务降低了汇兑损失。报告期内，公司获得高新技术企业资质认定，享受相应税收优惠政策。公司利用智能合约技术自动执行供应商结算条款。下半年公司将围绕年度经营计划，重点做好市场开拓、成本控制与人才梯队建设等工作。报告期内，公司实现营业收入63.7亿元，同比增长8.5%，主要得益于主营业务产销规模扩大。报告期内，公司获得高新技术企业资质认定，享受相应税收优惠政策。公司试点数字人民币结算场景，丰富收款渠道。下半年公司将围绕年度经营计划，重点做好市场开拓、成本控制与人才梯队建设等工作。面对市场竞争加剧，公司加大渠道建设力度，经销商数量增加120家，覆盖区域进一步扩大。公司主要客户为行业龙头企业，合作关系稳定，应收账款回款情况良好。原材料价格波动对成本端形成一定压力，公司通过集中采购和套期保值部分对冲了成本上行风险。公司本期新增专利授权22项，累计有效专利120项，技术储备进一步夯实。,脚本生成演示语料(step0_make_demo_corpus.py),报告期内人民币汇率波动加大，公司通过远期结售汇业务降低了汇兑损失。报告期内，公司获得高新技术企业资质认定，享受相应税收优惠政策。公司利用智能合约技术自动执行供应商结算条款。下半年公司将围绕年度经营计划，重点做好市场开拓、成本控制与人才梯队建设等工作。报告期内，公司实现营业收入63.7亿元，同比增长8.5%，主要得益于主营业务产销规模扩大。报告期内，公司获得高新技术企业资质认定，享受相应税收优惠政策。公司试点数字人民币结算场景，丰富收款渠道。下半年公司将围绕年度经营计划，重点做好市场开拓、成本控制与人才梯队建设等工作。面对市场竞争加剧，公司加大渠道建设力度，经销商数量增加120家，覆盖区域进一步扩大。公司主要客户为行业龙头企业，合作关系稳定，应收账款回款情况良好。原材料价格波动对成本端形成一定压力，公司通过集中采购和套期保值部分对冲了成本上行风险。公司本期新增专利授权22项，累计有效专利120项，技术储备进一步夯实。,人民币 汇率 波动 加大 远期 结售汇 业务 降低 汇兑 损失 获得 高新技术 企业资质 认定 享受 相应 税收 优惠政策 利用 智能合约 技术 自动 供应商 结算 条款 下半年 年度 经营 做好 市场 开拓 成本 控制 人才 梯队 建设 营业 收入 得益于 主营业务 产销 规模 扩大 获得 高新技术 企业资质 认定 享受 相应 税收 优惠政策 试点 数字人民币 结算 场景 丰富 收款 渠道 下半年 年度 经营 做好 市场 开拓 成本 控制 人才 梯队 建设 面对 市场竞争 加剧 加大 渠道 建设 力度 经销商 数量 覆盖 区域 扩大 客户 行业龙头 企业 合作 关系 应收 账款 回款 原材料 价格 波动 成本 形成 一定 压力 集中 采购 套期 保值 对冲 成本 上行 风险 本期 新增 专利 授权 专利 技术储备 夯实,111
DEMO019,演示DEMO019股份有限公司,房地产,2023,年度报告,本年度公司人力成本略有上升，管理费用率保持稳定，费用管控成效显现。报告期内公司客户结构进一步优化，前五大客户收入占比为36.9%，客户集中度处于合理区间。公司现金流状况良好，经营活动现金流量净额为5.8亿元，资产负债结构稳健。公司积极拓展海外市场，出口业务收入同比增长9.4%，国际化布局初见成效。公司持续优化产品结构，精细化工产品业务占比稳步提升，毛利率较上年持平个百分点。原材料价格波动对成本端形成一定压力，公司通过集中采购和套期保值部分对冲了成本上行风险。公司引入边缘计算设备，实现车间数据的就地处理与实时回传。公司研究基于分布式账本的对账机制，降低交易核对成本。报告期内人民币汇率波动加大，公司通过远期结售汇业务降低了汇兑损失。公司继续推进产能建设，高端装备项目一期已投产，预计达产后年新增产能12万吨。,脚本生成演示语料(step0_make_demo_corpus.py),本年度公司人力成本略有上升，管理费用率保持稳定，费用管控成效显现。报告期内公司客户结构进一步优化，前五大客户收入占比为36.9%，客户集中度处于合理区间。公司现金流状况良好，经营活动现金流量净额为5.8亿元，资产负债结构稳健。公司积极拓展海外市场，出口业务收入同比增长9.4%，国际化布局初见成效。公司持续优化产品结构，精细化工产品业务占比稳步提升，毛利率较上年持平个百分点。原材料价格波动对成本端形成一定压力，公司通过集中采购和套期保值部分对冲了成本上行风险。公司引入边缘计算设备，实现车间数据的就地处理与实时回传。公司研究基于分布式账本的对账机制，降低交易核对成本。报告期内人民币汇率波动加大，公司通过远期结售汇业务降低了汇兑损失。公司继续推进产能建设，高端装备项目一期已投产，预计达产后年新增产能12万吨。,本年度 人力 成本 略有 管理 费用率 保持稳定 费用 管控 成效 显现 客户 结构 优化 五大 客户 收入 客户 集中度 处于 合理 区间 现金流 状况良好 经营 活动 现金流量 净额 资产负债 结构 稳健 拓展 海外 市场 出口 业务收入 国际化 布局 初见成效 持续 优化 产品 结构 精细化工 产品 业务 毛利率 持平 百分点 原材料 价格 波动 成本 形成 一定 压力 集中 采购 套期 保值 对冲 成本 上行 风险 引入 边缘计算 设备 车间 数据 处理 实时 回传 研究 基于 分布式账本 对账 机制 降低 交易 核对 成本 人民币 汇率 波动 加大 远期 结售汇 业务 降低 汇兑 损失 产能 建设 高端 装备 项目 一期 投产 预计 达产 新增 产能 万吨,103
DEMO019,演示DEMO019股份有限公司,房地产,2024,年度报告,原材料价格波动对成本端形成一定压力，公司通过集中采购和套期保值部分对冲了成本上行风险。公司主要客户为行业龙头企业，合作关系稳定，应收账款回款情况良好。公司本期新增专利授权11项，累计有效专利85项，技术储备进一步夯实。公司持续优化产品结构，精细化工产品业务占比稳步提升，毛利率较上年上升2.5个百分点。公司参与行业区块链联盟，推动供应链单证电子化与可信流转。公司积极拓展海外市场，出口业务收入同比增长9.4%，国际化布局初见成效。报告期内，公司实现营业收入63.7亿元，同比增长-1.8%，主要得益于主营业务产销规模扩大。报告期内，公司获得高新技术企业资质认定，享受相应税收优惠政策。公司高度重视安全生产与环境保护，报告期内未发生重大安全事故。报告期内人民币汇率波动加大，公司通过远期结售汇业务降低了汇兑损失。公司推进计算机视觉技术在生产线上的应用，实现关键工序自动检测。公司数据中心一期建成投用，具备 PB 级数据存储与计算能力。公司建设大数据平台，整合生产、销售与供应链数据，支撑经营决策。,脚本生成演示语料(step0_make_demo_corpus.py),原材料价格波动对成本端形成一定压力，公司通过集中采购和套期保值部分对冲了成本上行风险。公司主要客户为行业龙头企业，合作关系稳定，应收账款回款情况良好。公司本期新增专利授权11项，累计有效专利85项，技术储备进一步夯实。公司持续优化产品结构，精细化工产品业务占比稳步提升，毛利率较上年上升2.5个百分点。公司参与行业区块链联盟，推动供应链单证电子化与可信流转。公司积极拓展海外市场，出口业务收入同比增长9.4%，国际化布局初见成效。报告期内，公司实现营业收入63.7亿元，同比增长-1.8%，主要得益于主营业务产销规模扩大。报告期内，公司获得高新技术企业资质认定，享受相应税收优惠政策。公司高度重视安全生产与环境保护，报告期内未发生重大安全事故。报告期内人民币汇率波动加大，公司通过远期结售汇业务降低了汇兑损失。公司推进计算机视觉技术在生产线上的应用，实现关键工序自动检测。公司数据中心一期建成投用，具备 PB 级数据存储与计算能力。公司建设大数据平台，整合生产、销售与供应链数据，支撑经营决策。,原材料 价格 波动 成本 形成 一定 压力 集中 采购 套期 保值 对冲 成本 上行 风险 客户 行业龙头 企业 合作 关系 应收 账款 回款 本期 新增 专利 授权 专利 技术储备 夯实 持续 优化 产品 结构 精细化工 产品 业务 毛利率 百分点 参与 行业 区块链 联盟 供应链 单证 电子化 可信 流转 拓展 海外 市场 出口 业务收入 国际化 布局 初见成效 营业 收入 得益于 主营业务 产销 规模 扩大 获得 高新技术 企业资质 认定 享受 相应 税收 优惠政策 高度重视 安全 生产 环境保护 发生 重大 安全事故 人民币 汇率 波动 加大 远期 结售汇 业务 降低 汇兑 损失 计算机视觉 技术 生产线 应用 关键 工序 自动检测 数据中心 一期 建成 投用 具备 PB 数据 存储 计算能力 建设 大数据 平台 整合 生产 销售 供应链 数据 支撑 经营 决策,115
DEMO020,演示DEMO020股份有限公司,农林牧渔,2020,年度报告,报告期内，公司获得高新技术企业资质认定，享受相应税收优惠政策。公司积极拓展海外市场，出口业务收入同比增长9.4%，国际化布局初见成效。公司主要客户为行业龙头企业，合作关系稳定，应收账款回款情况良好。公司现金流状况良好，经营活动现金流量净额为5.8亿元，资产负债结构稳健。公司现金流状况良好，经营活动现金流量净额为3.2亿元，资产负债结构稳健。公司现金流状况良好，经营活动现金流量净额为8.7亿元，资产负债结构稳健。公司建立健全内部控制系统，治理结构规范，三会运作正常。公司现金流状况良好，经营活动现金流量净额为3.2亿元，资产负债结构稳健。公司现金流状况良好，经营活动现金流量净额为1.5亿元，资产负债结构稳健。报告期内人民币汇率波动加大，公司通过远期结售汇业务降低了汇兑损失。报告期内公司客户结构进一步优化，前五大客户收入占比为55.1%，客户集中度处于合理区间。,脚本生成演示语料(step0_make_demo_corpus.py),报告期内，公司获得高新技术企业资质认定，享受相应税收优惠政策。公司积极拓展海外市场，出口业务收入同比增长9.4%，国际化布局初见成效。公司主要客户为行业龙头企业，合作关系稳定，应收账款回款情况良好。公司现金流状况良好，经营活动现金流量净额为5.8亿元，资产负债结构稳健。公司现金流状况良好，经营活动现金流量净额为3.2亿元，资产负债结构稳健。公司现金流状况良好，经营活动现金流量净额为8.7亿元，资产负债结构稳健。公司建立健全内部控制系统，治理结构规范，三会运作正常。公司现金流状况良好，经营活动现金流量净额为3.2亿元，资产负债结构稳健。公司现金流状况良好，经营活动现金流量净额为1.5亿元，资产负债结构稳健。报告期内人民币汇率波动加大，公司通过远期结售汇业务降低了汇兑损失。报告期内公司客户结构进一步优化，前五大客户收入占比为55.1%，客户集中度处于合理区间。,获得 高新技术 企业资质 认定 享受 相应 税收 优惠政策 拓展 海外 市场 出口 业务收入 国际化 布局 初见成效 客户 行业龙头 企业 合作 关系 应收 账款 回款 现金流 状况良好 经营 活动 现金流量 净额 资产负债 结构 稳健 现金流 状况良好 经营 活动 现金流量 净额 资产负债 结构 稳健 现金流 状况良好 经营 活动 现金流量 净额 资产负债 结构 稳健 建立健全 内部 控制系统 治理 结构 规范 三会 运作 现金流 状况良好 经营 活动 现金流量 净额 资产负债 结构 稳健 现金流 状况良好 经营 活动 现金流量 净额 资产负债 结构 稳健 人民币 汇率 波动 加大 远期 结售汇 业务 降低 汇兑 损失 客户 结构 优化 五大 客户 收入 客户 集中度 处于 合理 区间,98
DEMO020,演示DEMO020股份有限公司,农林牧渔,2021,年度报告,公司本期新增专利授权15项，累计有效专利56项，技术储备进一步夯实。公司基于云平台搭建协同办公体系，跨区域协作效率提升。面对市场竞争加剧，公司加大渠道建设力度，经销商数量增加210家，覆盖区域进一步扩大。下半年公司将围绕年度经营计划，重点做好市场开拓、成本控制与人才梯队建设等工作。报告期内公司无重大诉讼仲裁事项，各项经营活动正常开展。公司高度重视安全生产与环境保护，报告期内未发生重大安全事故。报告期内公司客户结构进一步优化，前五大客户收入占比为32.5%，客户集中度处于合理区间。面对市场竞争加剧，公司加大渠道建设力度，经销商数量增加88家，覆盖区域进一步扩大。公司引入人工智能技术优化{prod}质检环节，缺陷识别准确率显著提升。公司持续优化产品结构，电子元器件业务占比稳步提升，毛利率较上年上升2.5个百分点。报告期内公司客户结构进一步优化，前五大客户收入占比为28.3%，客户集中度处于合理区间。公司建立健全内部控制系统，治理结构规范，三会运作正常。,脚本生成演示语料(step0_make_demo_corpus.py),公司本期新增专利授权15项，累计有效专利56项，技术储备进一步夯实。公司基于云平台搭建协同办公体系，跨区域协作效率提升。面对市场竞争加剧，公司加大渠道建设力度，经销商数量增加210家，覆盖区域进一步扩大。下半年公司将围绕年度经营计划，重点做好市场开拓、成本控制与人才梯队建设等工作。报告期内公司无重大诉讼仲裁事项，各项经营活动正常开展。公司高度重视安全生产与环境保护，报告期内未发生重大安全事故。报告期内公司客户结构进一步优化，前五大客户收入占比为32.5%，客户集中度处于合理区间。面对市场竞争加剧，公司加大渠道建设力度，经销商数量增加88家，覆盖区域进一步扩大。公司引入人工智能技术优化{prod}质检环节，缺陷识别准确率显著提升。公司持续优化产品结构，电子元器件业务占比稳步提升，毛利率较上年上升2.5个百分点。报告期内公司客户结构进一步优化，前五大客户收入占比为28.3%，客户集中度处于合理区间。公司建立健全内部控制系统，治理结构规范，三会运作正常。,本期 新增 专利 授权 专利 技术储备 夯实 基于 平台 搭建 协同 办公 体系 区域 协作 效率 面对 市场竞争 加剧 加大 渠道 建设 力度 经销商 数量 覆盖 区域 扩大 下半年 年度 经营 做好 市场 开拓 成本 控制 人才 梯队 建设 重大 诉讼 仲裁 事项 经营 活动 高度重视 安全 生产 环境保护 发生 重大 安全事故 客户 结构 优化 五大 客户 收入 客户 集中度 处于 合理 区间 面对 市场竞争 加剧 加大 渠道 建设 力度 经销商 数量 覆盖 区域 扩大 引入 人工智能 技术 优化 prod 质检 环节 缺陷 识别 准确率 持续 优化 产品 结构 电子 元器件 业务 毛利率 百分点 客户 结构 优化 五大 客户 收入 客户 集中度 处于 合理 区间 建立健全 内部 控制系统 治理 结构 规范 三会 运作,113
DEMO020,演示DEMO020股份有限公司,农林牧渔,2022,年度报告,公司数据中心一期建成投用，具备 PB 级数据存储与计算能力。公司建立健全内部控制系统，治理结构规范，三会运作正常。公司持续加大研发投入，研发费用占营业收入比例为3.2%，围绕高端装备开展技术攻关。本年度公司人力成本略有上升，管理费用率保持稳定，费用管控成效显现。公司积极拓展海外市场，出口业务收入同比增长-6.3%，国际化布局初见成效。公司积极拓展海外市场，出口业务收入同比增长12.1%，国际化布局初见成效。报告期内人民币汇率波动加大，公司通过远期结售汇业务降低了汇兑损失。公司继续推进产能建设，高端装备项目一期已投产，预计达产后年新增产能8万吨。公司深耕华南市场，区域市场份额稳中有升，品牌影响力持续增强。下半年公司将围绕年度经营计划，重点做好市场开拓、成本控制与人才梯队建设等工作。,脚本生成演示语料(step0_make_demo_corpus.py),公司数据中心一期建成投用，具备 PB 级数据存储与计算能力。公司建立健全内部控制系统，治理结构规范，三会运作正常。公司持续加大研发投入，研发费用占营业收入比例为3.2%，围绕高端装备开展技术攻关。本年度公司人力成本略有上升，管理费用率保持稳定，费用管控成效显现。公司积极拓展海外市场，出口业务收入同比增长-6.3%，国际化布局初见成效。公司积极拓展海外市场，出口业务收入同比增长12.1%，国际化布局初见成效。报告期内人民币汇率波动加大，公司通过远期结售汇业务降低了汇兑损失。公司继续推进产能建设，高端装备项目一期已投产，预计达产后年新增产能8万吨。公司深耕华南市场，区域市场份额稳中有升，品牌影响力持续增强。下半年公司将围绕年度经营计划，重点做好市场开拓、成本控制与人才梯队建设等工作。,数据中心 一期 建成 投用 具备 PB 数据 存储 计算能力 建立健全 内部 控制系统 治理 结构 规范 三会 运作 持续 加大 研发 投入 研发 费用 营业 收入 比例 高端 装备 技术 攻关 本年度 人力 成本 略有 管理 费用率 保持稳定 费用 管控 成效 显现 拓展 海外 市场 出口 业务收入 国际化 布局 初见成效 拓展 海外 市场 出口 业务收入 国际化 布局 初见成效 人民币 汇率 波动 加大 远期 结售汇 业务 降低 汇兑 损失 产能 建设 高端 装备 项目 一期 投产 预计 达产 新增 产能 万吨 深耕 华南 市场 区域 市场份额 稳中有升 品牌 影响力 持续 增强 下半年 年度 经营 做好 市场 开拓 成本 控制 人才 梯队 建设,100
DEMO020,演示DEMO020股份有限公司,农林牧渔,2023,年度报告,公司高度重视安全生产与环境保护，报告期内未发生重大安全事故。面对市场竞争加剧，公司加大渠道建设力度，经销商数量增加45家，覆盖区域进一步扩大。公司继续推进产能建设，建材项目一期已投产，预计达产后年新增产能5万吨。报告期内公司客户结构进一步优化，前五大客户收入占比为55.1%，客户集中度处于合理区间。公司持续优化产品结构，纺织服装业务占比稳步提升，毛利率较上年下降1.5个百分点。公司建立健全内部控制系统，治理结构规范，三会运作正常。公司引入边缘计算设备，实现车间数据的就地处理与实时回传。下半年公司将围绕年度经营计划，重点做好市场开拓、成本控制与人才梯队建设等工作。公司深耕西南市场，区域市场份额稳中有升，品牌影响力持续增强。公司主要客户为行业龙头企业，合作关系稳定，应收账款回款情况良好。公司深耕华东市场，区域市场份额稳中有升，品牌影响力持续增强。,脚本生成演示语料(step0_make_demo_corpus.py),公司高度重视安全生产与环境保护，报告期内未发生重大安全事故。面对市场竞争加剧，公司加大渠道建设力度，经销商数量增加45家，覆盖区域进一步扩大。公司继续推进产能建设，建材项目一期已投产，预计达产后年新增产能5万吨。报告期内公司客户结构进一步优化，前五大客户收入占比为55.1%，客户集中度处于合理区间。公司持续优化产品结构，纺织服装业务占比稳步提升，毛利率较上年下降1.5个百分点。公司建立健全内部控制系统，治理结构规范，三会运作正常。公司引入边缘计算设备，实现车间数据的就地处理与实时回传。下半年公司将围绕年度经营计划，重点做好市场开拓、成本控制与人才梯队建设等工作。公司深耕西南市场，区域市场份额稳中有升，品牌影响力持续增强。公司主要客户为行业龙头企业，合作关系稳定，应收账款回款情况良好。公司深耕华东市场，区域市场份额稳中有升，品牌影响力持续增强。,高度重视 安全 生产 环境保护 发生 重大 安全事故 面对 市场竞争 加剧 加大 渠道 建设 力度 经销商 数量 覆盖 区域 扩大 产能 建设 建材 项目 一期 投产 预计 达产 新增 产能 万吨 客户 结构 优化 五大 客户 收入 客户 集中度 处于 合理 区间 持续 优化 产品 结构 纺织 服装 业务 毛利率 百分点 建立健全 内部 控制系统 治理 结构 规范 三会 运作 引入 边缘计算 设备 车间 数据 处理 实时 回传 下半年 年度 经营 做好 市场 开拓 成本 控制 人才 梯队 建设 深耕 西南 市场 区域 市场份额 稳中有升 品牌 影响力 持续 增强 客户 行业龙头 企业 合作 关系 应收 账款 回款 深耕 华东 市场 区域 市场份额 稳中有升 品牌 影响力 持续 增强,105
DEMO020,演示DEMO020股份有限公司,农林牧渔,2024,年度报告,报告期内公司客户结构进一步优化，前五大客户收入占比为36.9%，客户集中度处于合理区间。公司积极拓展海外市场，出口业务收入同比增长18.9%，国际化布局初见成效。报告期内公司无重大诉讼仲裁事项，各项经营活动正常开展。面对市场竞争加剧，公司加大渠道建设力度，经销商数量增加45家，覆盖区域进一步扩大。公司高度重视安全生产与环境保护，报告期内未发生重大安全事故。公司高度重视安全生产与环境保护，报告期内未发生重大安全事故。报告期内，公司获得高新技术企业资质认定，享受相应税收优惠政策。面对市场竞争加剧，公司加大渠道建设力度，经销商数量增加36家，覆盖区域进一步扩大。本年度公司人力成本略有上升，管理费用率保持稳定，费用管控成效显现。报告期内公司客户结构进一步优化，前五大客户收入占比为55.1%，客户集中度处于合理区间。公司基于云平台搭建协同办公体系，跨区域协作效率提升。,脚本生成演示语料(step0_make_demo_corpus.py),报告期内公司客户结构进一步优化，前五大客户收入占比为36.9%，客户集中度处于合理区间。公司积极拓展海外市场，出口业务收入同比增长18.9%，国际化布局初见成效。报告期内公司无重大诉讼仲裁事项，各项经营活动正常开展。面对市场竞争加剧，公司加大渠道建设力度，经销商数量增加45家，覆盖区域进一步扩大。公司高度重视安全生产与环境保护，报告期内未发生重大安全事故。公司高度重视安全生产与环境保护，报告期内未发生重大安全事故。报告期内，公司获得高新技术企业资质认定，享受相应税收优惠政策。面对市场竞争加剧，公司加大渠道建设力度，经销商数量增加36家，覆盖区域进一步扩大。本年度公司人力成本略有上升，管理费用率保持稳定，费用管控成效显现。报告期内公司客户结构进一步优化，前五大客户收入占比为55.1%，客户集中度处于合理区间。公司基于云平台搭建协同办公体系，跨区域协作效率提升。,客户 结构 优化 五大 客户 收入 客户 集中度 处于 合理 区间 拓展 海外 市场 出口 业务收入 国际化 布局 初见成效 重大 诉讼 仲裁 事项 经营 活动 面对 市场竞争 加剧 加大 渠道 建设 力度 经销商 数量 覆盖 区域 扩大 高度重视 安全 生产 环境保护 发生 重大 安全事故 高度重视 安全 生产 环境保护 发生 重大 安全事故 获得 高新技术 企业资质 认定 享受 相应 税收 优惠政策 面对 市场竞争 加剧 加大 渠道 建设 力度 经销商 数量 覆盖 区域 扩大 本年度 人力 成本 略有 管理 费用率 保持稳定 费用 管控 成效 显现 客户 结构 优化 五大 客户 收入 客户 集中度 处于 合理 区间 基于 平台 搭建 协同 办公 体系 区域 协作 效率,102
DEMO021,演示DEMO021股份有限公司,信息技术,2020,年度报告,公司数据中心一期建成投用，具备 PB 级数据存储与计算能力。公司评估公有云与私有云方案，逐步构建统一算力资源池。公司引入边缘计算设备，实现车间数据的就地处理与实时回传。受行业周期影响，部分产品价格有所回落，公司及时调整销售策略，库存水平保持在合理范围。公司推进经营管理信息化，上线新一代ERP系统实现业财一体。公司试点数字人民币结算场景，丰富收款渠道。公司利用智能合约技术自动执行供应商结算条款。公司上线智能排产系统，通过智能算法优化生产计划排程。公司评估公有云与私有云方案，逐步构建统一算力资源池。公司基于云平台搭建协同办公体系，跨区域协作效率提升。公司核心业务系统迁移上云，采用混合云架构降低IT运维成本。公司上线智能排产系统，通过智能算法优化生产计划排程。公司部署机器学习算法对销售数据进行需求预测，库存周转效率明显改善。公司构建经营分析数据仓库，管理层可实时查看核心经营指标。公司高度重视安全生产与环境保护，报告期内未发生重大安全事故。公司建立健全内部控制系统，治理结构规范，三会运作正常。公司建设大数据平台，整合生产、销售与供应链数据，支撑经营决策。公司构建经营分析数据仓库，管理层可实时查看核心经营指标。公司本期新增专利授权11项，累计有效专利56项，技术储备进一步夯实。公司主要客户为行业龙头企业，合作关系稳定，应收账款回款情况良好。公司深耕华南市场，区域市场份额稳中有升，品牌影响力持续增强。本年度公司人力成本略有上升，管理费用率保持稳定，费用管控成效显现。公司与高校联合开展深度学习算法研究，赋能产品智能设计。公司引入人工智能技术优化{prod}质检环节，缺陷识别准确率显著提升。公司基于云平台搭建协同办公体系，跨区域协作效率提升。原材料价格波动对成本端形成一定压力，公司通过集中采购和套期保值部分对冲了成本上行风险。公司积极拓展海外市场，出口业务收入同比增长12.1%，国际化布局初见成效。报告期内，公司获得高新技术企业资质认定，享受相应税收优惠政策。公司推动业务流程线上化，无纸化办公覆盖全部业务部门。,脚本生成演示语料(step0_make_demo_corpus.py),公司数据中心一期建成投用，具备 PB 级数据存储与计算能力。公司评估公有云与私有云方案，逐步构建统一算力资源池。公司引入边缘计算设备，实现车间数据的就地处理与实时回传。受行业周期影响，部分产品价格有所回落，公司及时调整销售策略，库存水平保持在合理范围。公司推进经营管理信息化，上线新一代ERP系统实现业财一体。公司试点数字人民币结算场景，丰富收款渠道。公司利用智能合约技术自动执行供应商结算条款。公司上线智能排产系统，通过智能算法优化生产计划排程。公司评估公有云与私有云方案，逐步构建统一算力资源池。公司基于云平台搭建协同办公体系，跨区域协作效率提升。公司核心业务系统迁移上云，采用混合云架构降低IT运维成本。公司上线智能排产系统，通过智能算法优化生产计划排程。公司部署机器学习算法对销售数据进行需求预测，库存周转效率明显改善。公司构建经营分析数据仓库，管理层可实时查看核心经营指标。公司高度重视安全生产与环境保护，报告期内未发生重大安全事故。公司建立健全内部控制系统，治理结构规范，三会运作正常。公司建设大数据平台，整合生产、销售与供应链数据，支撑经营决策。公司构建经营分析数据仓库，管理层可实时查看核心经营指标。公司本期新增专利授权11项，累计有效专利56项，技术储备进一步夯实。公司主要客户为行业龙头企业，合作关系稳定，应收账款回款情况良好。公司深耕华南市场，区域市场份额稳中有升，品牌影响力持续增强。本年度公司人力成本略有上升，管理费用率保持稳定，费用管控成效显现。公司与高校联合开展深度学习算法研究，赋能产品智能设计。公司引入人工智能技术优化{prod}质检环节，缺陷识别准确率显著提升。公司基于云平台搭建协同办公体系，跨区域协作效率提升。原材料价格波动对成本端形成一定压力，公司通过集中采购和套期保值部分对冲了成本上行风险。公司积极拓展海外市场，出口业务收入同比增长12.1%，国际化布局初见成效。报告期内，公司获得高新技术企业资质认定，享受相应税收优惠政策。公司推动业务流程线上化，无纸化办公覆盖全部业务部门。,数据中心 一期 建成 投用 具备 PB 数据 存储 计算能力 评估 公有 私有 方案 逐步 构建 统一 算力 资源 引入 边缘计算 设备 车间 数据 处理 实时 回传 行业 周期 影响 产品价格 有所 回落 及时 调整 销售策略 库存 水平 合理 范围 经营 管理 信息化 上线 新一代 ERP 系统 业财一体 试点 数字人民币 结算 场景 丰富 收款 渠道 利用 智能合约 技术 自动 供应商 结算 条款 上线 智能 排产 系统 智能算法 优化 生产 排程 评估 公有 私有 方案 逐步 构建 统一 算力 资源 基于 平台 搭建 协同 办公 体系 区域 协作 效率 核心 业务 系统 迁移 上云 采用 混合 架构 降低 IT 运维 成本 上线 智能 排产 系统 智能算法 优化 生产 排程 部署 机器学习 算法 销售 数据 需求预测 库存 周转 效率 明显改善 构建 经营 分析 数据仓库 管理层 实时 查看 核心 经营 指标 高度重视 安全 生产 环境保护 发生 重大 安全事故 建立健全 内部 控制系统 治理 结构 规范 三会 运作 建设 大数据 平台 整合 生产 销售 供应链 数据 支撑 经营 决策 构建 经营 分析 数据仓库 管理层 实时 查看 核心 经营 指标 本期 新增 专利 授权 专利 技术储备 夯实 客户 行业龙头 企业 合作 关系 应收 账款 回款 深耕 华南 市场 区域 市场份额 稳中有升 品牌 影响力 持续 增强 本年度 人力 成本 略有 管理 费用率 保持稳定 费用 管控 成效 显现 高校 联合 深度学习 算法 研究 赋能 产品 智能 设计 引入 人工智能 技术 优化 prod 质检 环节 缺陷 识别 准确率 基于 平台 搭建 协同 办公 体系 区域 协作 效率 原材料 价格 波动 成本 形成 一定 压力 集中 采购 套期 保值 对冲 成本 上行 风险 拓展 海外 市场 出口 业务收入 国际化 布局 初见成效 获得 高新技术 企业资质 认定 享受 相应 税收 优惠政策 业务流程 上化 无纸化 办公 覆盖 全部 业务部门,265
DEMO021,演示DEMO021股份有限公司,信息技术,2021,年度报告,公司高度重视安全生产与环境保护，报告期内未发生重大安全事故。公司部署机器学习算法对销售数据进行需求预测，库存周转效率明显改善。报告期内，公司实现营业收入19.3亿元，同比增长5.6%，主要得益于主营业务产销规模扩大。公司研究基于分布式账本的对账机制，降低交易核对成本。公司试点数字人民币结算场景，丰富收款渠道。公司试点数字人民币结算场景，丰富收款渠道。公司建立健全内部控制系统，治理结构规范，三会运作正常。公司推进经营管理信息化，上线新一代ERP系统实现业财一体。原材料价格波动对成本端形成一定压力，公司通过集中采购和套期保值部分对冲了成本上行风险。公司与高校联合开展深度学习算法研究，赋能产品智能设计。公司部署机器学习算法对销售数据进行需求预测，库存周转效率明显改善。公司核心业务系统迁移上云，采用混合云架构降低IT运维成本。面对市场竞争加剧，公司加大渠道建设力度，经销商数量增加210家，覆盖区域进一步扩大。公司推动业务流程线上化，无纸化办公覆盖全部业务部门。公司与高校联合开展深度学习算法研究，赋能产品智能设计。公司应用数字孪生技术对重点产线进行虚拟建模与仿真优化。面对市场竞争加剧，公司加大渠道建设力度，经销商数量增加45家，覆盖区域进一步扩大。公司研究基于分布式账本的对账机制，降低交易核对成本。公司上线智能排产系统，通过智能算法优化生产计划排程。公司构建智慧物流体系，仓储分拣自动化水平显著提高。公司建设工业互联网平台，实现设备联网与远程运维。公司研究基于分布式账本的对账机制，降低交易核对成本。公司持续优化产品结构，精细化工产品业务占比稳步提升，毛利率较上年持平个百分点。面对市场竞争加剧，公司加大渠道建设力度，经销商数量增加36家，覆盖区域进一步扩大。公司核心业务系统迁移上云，采用混合云架构降低IT运维成本。公司评估公有云与私有云方案，逐步构建统一算力资源池。公司数据中心一期建成投用，具备 PB 级数据存储与计算能力。公司引入边缘计算设备，实现车间数据的就地处理与实时回传。公司上线智能排产系统，通过智能算法优化生产计划排程。公司建设大数据平台，整合生产、销售与供应链数据，支撑经营决策。公司核心业务系统迁移上云，采用混合云架构降低IT运维成本。原材料价格波动对成本端形成一定压力，公司通过集中采购和套期保值部分对冲了成本上行风险。公司采购云服务替代传统服务器部署，系统上线周期大幅缩短。公司推动业务流程线上化，无纸化办公覆盖全部业务部门。,脚本生成演示语料(step0_make_demo_corpus.py),公司高度重视安全生产与环境保护，报告期内未发生重大安全事故。公司部署机器学习算法对销售数据进行需求预测，库存周转效率明显改善。报告期内，公司实现营业收入19.3亿元，同比增长5.6%，主要得益于主营业务产销规模扩大。公司研究基于分布式账本的对账机制，降低交易核对成本。公司试点数字人民币结算场景，丰富收款渠道。公司试点数字人民币结算场景，丰富收款渠道。公司建立健全内部控制系统，治理结构规范，三会运作正常。公司推进经营管理信息化，上线新一代ERP系统实现业财一体。原材料价格波动对成本端形成一定压力，公司通过集中采购和套期保值部分对冲了成本上行风险。公司与高校联合开展深度学习算法研究，赋能产品智能设计。公司部署机器学习算法对销售数据进行需求预测，库存周转效率明显改善。公司核心业务系统迁移上云，采用混合云架构降低IT运维成本。面对市场竞争加剧，公司加大渠道建设力度，经销商数量增加210家，覆盖区域进一步扩大。公司推动业务流程线上化，无纸化办公覆盖全部业务部门。公司与高校联合开展深度学习算法研究，赋能产品智能设计。公司应用数字孪生技术对重点产线进行虚拟建模与仿真优化。面对市场竞争加剧，公司加大渠道建设力度，经销商数量增加45家，覆盖区域进一步扩大。公司研究基于分布式账本的对账机制，降低交易核对成本。公司上线智能排产系统，通过智能算法优化生产计划排程。公司构建智慧物流体系，仓储分拣自动化水平显著提高。公司建设工业互联网平台，实现设备联网与远程运维。公司研究基于分布式账本的对账机制，降低交易核对成本。公司持续优化产品结构，精细化工产品业务占比稳步提升，毛利率较上年持平个百分点。面对市场竞争加剧，公司加大渠道建设力度，经销商数量增加36家，覆盖区域进一步扩大。公司核心业务系统迁移上云，采用混合云架构降低IT运维成本。公司评估公有云与私有云方案，逐步构建统一算力资源池。公司数据中心一期建成投用，具备 PB 级数据存储与计算能力。公司引入边缘计算设备，实现车间数据的就地处理与实时回传。公司上线智能排产系统，通过智能算法优化生产计划排程。公司建设大数据平台，整合生产、销售与供应链数据，支撑经营决策。公司核心业务系统迁移上云，采用混合云架构降低IT运维成本。原材料价格波动对成本端形成一定压力，公司通过集中采购和套期保值部分对冲了成本上行风险。公司采购云服务替代传统服务器部署，系统上线周期大幅缩短。公司推动业务流程线上化，无纸化办公覆盖全部业务部门。,高度重视 安全 生产 环境保护 发生 重大 安全事故 部署 机器学习 算法 销售 数据 需求预测 库存 周转 效率 明显改善 营业 收入 得益于 主营业务 产销 规模 扩大 研究 基于 分布式账本 对账 机制 降低 交易 核对 成本 试点 数字人民币 结算 场景 丰富 收款 渠道 试点 数字人民币 结算 场景 丰富 收款 渠道 建立健全 内部 控制系统 治理 结构 规范 三会 运作 经营 管理 信息化 上线 新一代 ERP 系统 业财一体 原材料 价格 波动 成本 形成 一定 压力 集中 采购 套期 保值 对冲 成本 上行 风险 高校 联合 深度学习 算法 研究 赋能 产品 智能 设计 部署 机器学习 算法 销售 数据 需求预测 库存 周转 效率 明显改善 核心 业务 系统 迁移 上云 采用 混合 架构 降低 IT 运维 成本 面对 市场竞争 加剧 加大 渠道 建设 力度 经销商 数量 覆盖 区域 扩大 业务流程 上化 无纸化 办公 覆盖 全部 业务部门 高校 联合 深度学习 算法 研究 赋能 产品 智能 设计 应用 数字孪生 技术 产线 虚拟 建模 仿真 优化 面对 市场竞争 加剧 加大 渠道 建设 力度 经销商 数量 覆盖 区域 扩大 研究 基于 分布式账本 对账 机制 降低 交易 核对 成本 上线 智能 排产 系统 智能算法 优化 生产 排程 构建 智慧物流 体系 仓储 分拣 自动化 水平 建设 工业互联网 平台 设备 联网 远程 运维 研究 基于 分布式账本 对账 机制 降低 交易 核对 成本 持续 优化 产品 结构 精细化工 产品 业务 毛利率 持平 百分点 面对 市场竞争 加剧 加大 渠道 建设 力度 经销商 数量 覆盖 区域 扩大 核心 业务 系统 迁移 上云 采用 混合 架构 降低 IT 运维 成本 评估 公有 私有 方案 逐步 构建 统一 算力 资源 数据中心 一期 建成 投用 具备 PB 数据 存储 计算能力 引入 边缘计算 设备 车间 数据 处理 实时 回传 上线 智能 排产 系统 智能算法 优化 生产 排程 建设 大数据 平台 整合 生产 销售 供应链 数据 支撑 经营 决策 核心 业务 系统 迁移 上云 采用 混合 架构 降低 IT 运维 成本 原材料 价格 波动 成本 形成 一定 压力 集中 采购 套期 保值 对冲 成本 上行 风险 采购 服务 替代 传统 服务器 部署 系统 上线 周期 大幅 缩短 业务流程 上化 无纸化 办公 覆盖 全部 业务部门,321
DEMO021,演示DEMO021股份有限公司,信息技术,2022,年度报告,公司与高校联合开展深度学习算法研究，赋能产品智能设计。公司基于云平台搭建协同办公体系，跨区域协作效率提升。本年度公司人力成本略有上升，管理费用率保持稳定，费用管控成效显现。公司开展数据治理体系建设，统一主数据标准，提升数据资产质量。报告期内公司无重大诉讼仲裁事项，各项经营活动正常开展。公司引入边缘计算设备，实现车间数据的就地处理与实时回传。报告期内公司无重大诉讼仲裁事项，各项经营活动正常开展。报告期内公司无重大诉讼仲裁事项，各项经营活动正常开展。公司试点数字人民币结算场景，丰富收款渠道。公司参与行业区块链联盟，推动供应链单证电子化与可信流转。公司持续加大研发投入，研发费用占营业收入比例为2.6%，围绕纺织服装开展技术攻关。公司制定数字化转型规划，成立数字化管理委员会统筹推进。公司应用数字孪生技术对重点产线进行虚拟建模与仿真优化。公司持续加大研发投入，研发费用占营业收入比例为2.6%，围绕高端装备开展技术攻关。公司利用智能合约技术自动执行供应商结算条款。公司基于云平台搭建协同办公体系，跨区域协作效率提升。公司本期新增专利授权22项，累计有效专利85项，技术储备进一步夯实。公司推进计算机视觉技术在生产线上的应用，实现关键工序自动检测。报告期内人民币汇率波动加大，公司通过远期结售汇业务降低了汇兑损失。公司积极拓展海外市场，出口业务收入同比增长9.4%，国际化布局初见成效。公司探索区块链技术在产品溯源中的应用，实现全流程信息上链。公司成立数据中台团队，推动业务数据化、数据业务化。公司试点数字人民币结算场景，丰富收款渠道。公司数据中心一期建成投用，具备 PB 级数据存储与计算能力。公司成立数据中台团队，推动业务数据化、数据业务化。本年度公司人力成本略有上升，管理费用率保持稳定，费用管控成效显现。公司制定数字化转型规划，成立数字化管理委员会统筹推进。公司构建智慧物流体系，仓储分拣自动化水平显著提高。公司建设智能客服系统，应用自然语言处理技术实现工单自动分类。报告期内公司客户结构进一步优化，前五大客户收入占比为36.9%，客户集中度处于合理区间。公司采购云服务替代传统服务器部署，系统上线周期大幅缩短。公司开展数据治理体系建设，统一主数据标准，提升数据资产质量。公司上线智能排产系统，通过智能算法优化生产计划排程。公司部署机器学习算法对销售数据进行需求预测，库存周转效率明显改善。公司数据中心一期建成投用，具备 PB 级数据存储与计算能力。公司部署机器学习算法对销售数据进行需求预测，库存周转效率明显改善。公司应用数字孪生技术对重点产线进行虚拟建模与仿真优化。报告期内公司客户结构进一步优化，前五大客户收入占比为36.9%，客户集中度处于合理区间。公司构建智慧物流体系，仓储分拣自动化水平显著提高。公司基于云平台搭建协同办公体系，跨区域协作效率提升。公司采购云服务替代传统服务器部署，系统上线周期大幅缩短。公司探索区块链技术在产品溯源中的应用，实现全流程信息上链。,脚本生成演示语料(step0_make_demo_corpus.py),公司与高校联合开展深度学习算法研究，赋能产品智能设计。公司基于云平台搭建协同办公体系，跨区域协作效率提升。本年度公司人力成本略有上升，管理费用率保持稳定，费用管控成效显现。公司开展数据治理体系建设，统一主数据标准，提升数据资产质量。报告期内公司无重大诉讼仲裁事项，各项经营活动正常开展。公司引入边缘计算设备，实现车间数据的就地处理与实时回传。报告期内公司无重大诉讼仲裁事项，各项经营活动正常开展。报告期内公司无重大诉讼仲裁事项，各项经营活动正常开展。公司试点数字人民币结算场景，丰富收款渠道。公司参与行业区块链联盟，推动供应链单证电子化与可信流转。公司持续加大研发投入，研发费用占营业收入比例为2.6%，围绕纺织服装开展技术攻关。公司制定数字化转型规划，成立数字化管理委员会统筹推进。公司应用数字孪生技术对重点产线进行虚拟建模与仿真优化。公司持续加大研发投入，研发费用占营业收入比例为2.6%，围绕高端装备开展技术攻关。公司利用智能合约技术自动执行供应商结算条款。公司基于云平台搭建协同办公体系，跨区域协作效率提升。公司本期新增专利授权22项，累计有效专利85项，技术储备进一步夯实。公司推进计算机视觉技术在生产线上的应用，实现关键工序自动检测。报告期内人民币汇率波动加大，公司通过远期结售汇业务降低了汇兑损失。公司积极拓展海外市场，出口业务收入同比增长9.4%，国际化布局初见成效。公司探索区块链技术在产品溯源中的应用，实现全流程信息上链。公司成立数据中台团队，推动业务数据化、数据业务化。公司试点数字人民币结算场景，丰富收款渠道。公司数据中心一期建成投用，具备 PB 级数据存储与计算能力。公司成立数据中台团队，推动业务数据化、数据业务化。本年度公司人力成本略有上升，管理费用率保持稳定，费用管控成效显现。公司制定数字化转型规划，成立数字化管理委员会统筹推进。公司构建智慧物流体系，仓储分拣自动化水平显著提高。公司建设智能客服系统，应用自然语言处理技术实现工单自动分类。报告期内公司客户结构进一步优化，前五大客户收入占比为36.9%，客户集中度处于合理区间。公司采购云服务替代传统服务器部署，系统上线周期大幅缩短。公司开展数据治理体系建设，统一主数据标准，提升数据资产质量。公司上线智能排产系统，通过智能算法优化生产计划排程。公司部署机器学习算法对销售数据进行需求预测，库存周转效率明显改善。公司数据中心一期建成投用，具备 PB 级数据存储与计算能力。公司部署机器学习算法对销售数据进行需求预测，库存周转效率明显改善。公司应用数字孪生技术对重点产线进行虚拟建模与仿真优化。报告期内公司客户结构进一步优化，前五大客户收入占比为36.9%，客户集中度处于合理区间。公司构建智慧物流体系，仓储分拣自动化水平显著提高。公司基于云平台搭建协同办公体系，跨区域协作效率提升。公司采购云服务替代传统服务器部署，系统上线周期大幅缩短。公司探索区块链技术在产品溯源中的应用，实现全流程信息上链。,高校 联合 深度学习 算法 研究 赋能 产品 智能 设计 基于 平台 搭建 协同 办公 体系 区域 协作 效率 本年度 人力 成本 略有 管理 费用率 保持稳定 费用 管控 成效 显现 数据 治理 体系 建设 统一 数据 标准 数据 资产 质量 重大 诉讼 仲裁 事项 经营 活动 引入 边缘计算 设备 车间 数据 处理 实时 回传 重大 诉讼 仲裁 事项 经营 活动 重大 诉讼 仲裁 事项 经营 活动 试点 数字人民币 结算 场景 丰富 收款 渠道 参与 行业 区块链 联盟 供应链 单证 电子化 可信 流转 持续 加大 研发 投入 研发 费用 营业 收入 比例 纺织 服装 技术 攻关 制定 数字化转型 规划 成立 数字化 管理 委员会 统筹 应用 数字孪生 技术 产线 虚拟 建模 仿真 优化 持续 加大 研发 投入 研发 费用 营业 收入 比例 高端 装备 技术 攻关 利用 智能合约 技术 自动 供应商 结算 条款 基于 平台 搭建 协同 办公 体系 区域 协作 效率 本期 新增 专利 授权 专利 技术储备 夯实 计算机视觉 技术 生产线 应用 关键 工序 自动检测 人民币 汇率 波动 加大 远期 结售汇 业务 降低 汇兑 损失 拓展 海外 市场 出口 业务收入 国际化 布局 初见成效 探索 区块链 技术 产品 溯源 应用 流程 信息 成立 数据中台 团队 业务 数据 数据业务 试点 数字人民币 结算 场景 丰富 收款 渠道 数据中心 一期 建成 投用 具备 PB 数据 存储 计算能力 成立 数据中台 团队 业务 数据 数据业务 本年度 人力 成本 略有 管理 费用率 保持稳定 费用 管控 成效 显现 制定 数字化转型 规划 成立 数字化 管理 委员会 统筹 构建 智慧物流 体系 仓储 分拣 自动化 水平 建设 智能 客服 系统 应用 自然语言处理 技术 工单 自动 分类 客户 结构 优化 五大 客户 收入 客户 集中度 处于 合理 区间 采购 服务 替代 传统 服务器 部署 系统 上线 周期 大幅 缩短 数据 治理 体系 建设 统一 数据 标准 数据 资产 质量 上线 智能 排产 系统 智能算法 优化 生产 排程 部署 机器学习 算法 销售 数据 需求预测 库存 周转 效率 明显改善 数据中心 一期 建成 投用 具备 PB 数据 存储 计算能力 部署 机器学习 算法 销售 数据 需求预测 库存 周转 效率 明显改善 应用 数字孪生 技术 产线 虚拟 建模 仿真 优化 客户 结构 优化 五大 客户 收入 客户 集中度 处于 合理 区间 构建 智慧物流 体系 仓储 分拣 自动化 水平 基于 平台 搭建 协同 办公 体系 区域 协作 效率 采购 服务 替代 传统 服务器 部署 系统 上线 周期 大幅 缩短 探索 区块链 技术 产品 溯源 应用 流程 信息,366
DEMO021,演示DEMO021股份有限公司,信息技术,2023,年度报告,公司基于云平台搭建协同办公体系，跨区域协作效率提升。公司建设智能客服系统，应用自然语言处理技术实现工单自动分类。公司深耕华北市场，区域市场份额稳中有升，品牌影响力持续增强。公司本期新增专利授权11项，累计有效专利210项，技术储备进一步夯实。面对市场竞争加剧，公司加大渠道建设力度，经销商数量增加36家，覆盖区域进一步扩大。公司数据中心一期建成投用，具备 PB 级数据存储与计算能力。公司推进经营管理信息化，上线新一代ERP系统实现业财一体。公司成立数据中台团队，推动业务数据化、数据业务化。公司建设大数据平台，整合生产、销售与供应链数据，支撑经营决策。公司评估公有云与私有云方案，逐步构建统一算力资源池。公司利用智能合约技术自动执行供应商结算条款。报告期内，公司实现营业收入45.2亿元，同比增长22.7%，主要得益于主营业务产销规模扩大。下半年公司将围绕年度经营计划，重点做好市场开拓、成本控制与人才梯队建设等工作。公司深耕华东市场，区域市场份额稳中有升，品牌影响力持续增强。公司参与行业区块链联盟，推动供应链单证电子化与可信流转。公司引入边缘计算设备，实现车间数据的就地处理与实时回传。报告期内，公司实现营业收入45.2亿元，同比增长15.2%，主要得益于主营业务产销规模扩大。公司数据中心一期建成投用，具备 PB 级数据存储与计算能力。公司制定数字化转型规划，成立数字化管理委员会统筹推进。公司推进智能制造升级，数字化车间已通过省级认定。公司深耕华北市场，区域市场份额稳中有升，品牌影响力持续增强。公司研究基于分布式账本的对账机制，降低交易核对成本。公司引入边缘计算设备，实现车间数据的就地处理与实时回传。公司部署机器学习算法对销售数据进行需求预测，库存周转效率明显改善。公司研究基于分布式账本的对账机制，降低交易核对成本。公司数据中心一期建成投用，具备 PB 级数据存储与计算能力。公司核心业务系统迁移上云，采用混合云架构降低IT运维成本。公司部署机器学习算法对销售数据进行需求预测，库存周转效率明显改善。公司上线智能排产系统，通过智能算法优化生产计划排程。公司建设智能客服系统，应用自然语言处理技术实现工单自动分类。公司深耕华南市场，区域市场份额稳中有升，品牌影响力持续增强。公司评估公有云与私有云方案，逐步构建统一算力资源池。公司引入人工智能技术优化{prod}质检环节，缺陷识别准确率显著提升。公司建设工业互联网平台，实现设备联网与远程运维。报告期内人民币汇率波动加大，公司通过远期结售汇业务降低了汇兑损失。,脚本生成演示语料(step0_make_demo_corpus.py),公司基于云平台搭建协同办公体系，跨区域协作效率提升。公司建设智能客服系统，应用自然语言处理技术实现工单自动分类。公司深耕华北市场，区域市场份额稳中有升，品牌影响力持续增强。公司本期新增专利授权11项，累计有效专利210项，技术储备进一步夯实。面对市场竞争加剧，公司加大渠道建设力度，经销商数量增加36家，覆盖区域进一步扩大。公司数据中心一期建成投用，具备 PB 级数据存储与计算能力。公司推进经营管理信息化，上线新一代ERP系统实现业财一体。公司成立数据中台团队，推动业务数据化、数据业务化。公司建设大数据平台，整合生产、销售与供应链数据，支撑经营决策。公司评估公有云与私有云方案，逐步构建统一算力资源池。公司利用智能合约技术自动执行供应商结算条款。报告期内，公司实现营业收入45.2亿元，同比增长22.7%，主要得益于主营业务产销规模扩大。下半年公司将围绕年度经营计划，重点做好市场开拓、成本控制与人才梯队建设等工作。公司深耕华东市场，区域市场份额稳中有升，品牌影响力持续增强。公司参与行业区块链联盟，推动供应链单证电子化与可信流转。公司引入边缘计算设备，实现车间数据的就地处理与实时回传。报告期内，公司实现营业收入45.2亿元，同比增长15.2%，主要得益于主营业务产销规模扩大。公司数据中心一期建成投用，具备 PB 级数据存储与计算能力。公司制定数字化转型规划，成立数字化管理委员会统筹推进。公司推进智能制造升级，数字化车间已通过省级认定。公司深耕华北市场，区域市场份额稳中有升，品牌影响力持续增强。公司研究基于分布式账本的对账机制，降低交易核对成本。公司引入边缘计算设备，实现车间数据的就地处理与实时回传。公司部署机器学习算法对销售数据进行需求预测，库存周转效率明显改善。公司研究基于分布式账本的对账机制，降低交易核对成本。公司数据中心一期建成投用，具备 PB 级数据存储与计算能力。公司核心业务系统迁移上云，采用混合云架构降低IT运维成本。公司部署机器学习算法对销售数据进行需求预测，库存周转效率明显改善。公司上线智能排产系统，通过智能算法优化生产计划排程。公司建设智能客服系统，应用自然语言处理技术实现工单自动分类。公司深耕华南市场，区域市场份额稳中有升，品牌影响力持续增强。公司评估公有云与私有云方案，逐步构建统一算力资源池。公司引入人工智能技术优化{prod}质检环节，缺陷识别准确率显著提升。公司建设工业互联网平台，实现设备联网与远程运维。报告期内人民币汇率波动加大，公司通过远期结售汇业务降低了汇兑损失。,基于 平台 搭建 协同 办公 体系 区域 协作 效率 建设 智能 客服 系统 应用 自然语言处理 技术 工单 自动 分类 深耕 华北 市场 区域 市场份额 稳中有升 品牌 影响力 持续 增强 本期 新增 专利 授权 专利 技术储备 夯实 面对 市场竞争 加剧 加大 渠道 建设 力度 经销商 数量 覆盖 区域 扩大 数据中心 一期 建成 投用 具备 PB 数据 存储 计算能力 经营 管理 信息化 上线 新一代 ERP 系统 业财一体 成立 数据中台 团队 业务 数据 数据业务 建设 大数据 平台 整合 生产 销售 供应链 数据 支撑 经营 决策 评估 公有 私有 方案 逐步 构建 统一 算力 资源 利用 智能合约 技术 自动 供应商 结算 条款 营业 收入 得益于 主营业务 产销 规模 扩大 下半年 年度 经营 做好 市场 开拓 成本 控制 人才 梯队 建设 深耕 华东 市场 区域 市场份额 稳中有升 品牌 影响力 持续 增强 参与 行业 区块链 联盟 供应链 单证 电子化 可信 流转 引入 边缘计算 设备 车间 数据 处理 实时 回传 营业 收入 得益于 主营业务 产销 规模 扩大 数据中心 一期 建成 投用 具备 PB 数据 存储 计算能力 制定 数字化转型 规划 成立 数字化 管理 委员会 统筹 智能制造 升级 数字化 车间 省级 认定 深耕 华北 市场 区域 市场份额 稳中有升 品牌 影响力 持续 增强 研究 基于 分布式账本 对账 机制 降低 交易 核对 成本 引入 边缘计算 设备 车间 数据 处理 实时 回传 部署 机器学习 算法 销售 数据 需求预测 库存 周转 效率 明显改善 研究 基于 分布式账本 对账 机制 降低 交易 核对 成本 数据中心 一期 建成 投用 具备 PB 数据 存储 计算能力 核心 业务 系统 迁移 上云 采用 混合 架构 降低 IT 运维 成本 部署 机器学习 算法 销售 数据 需求预测 库存 周转 效率 明显改善 上线 智能 排产 系统 智能算法 优化 生产 排程 建设 智能 客服 系统 应用 自然语言处理 技术 工单 自动 分类 深耕 华南 市场 区域 市场份额 稳中有升 品牌 影响力 持续 增强 评估 公有 私有 方案 逐步 构建 统一 算力 资源 引入 人工智能 技术 优化 prod 质检 环节 缺陷 识别 准确率 建设 工业互联网 平台 设备 联网 远程 运维 人民币 汇率 波动 加大 远期 结售汇 业务 降低 汇兑 损失,314
DEMO021,演示DEMO021股份有限公司,信息技术,2024,年度报告,公司引入人工智能技术优化{prod}质检环节，缺陷识别准确率显著提升。公司建设大数据平台，整合生产、销售与供应链数据，支撑经营决策。公司参与行业区块链联盟，推动供应链单证电子化与可信流转。公司制定数字化转型规划，成立数字化管理委员会统筹推进。公司制定数字化转型规划，成立数字化管理委员会统筹推进。报告期内公司无重大诉讼仲裁事项，各项经营活动正常开展。公司采购云服务替代传统服务器部署，系统上线周期大幅缩短。公司成立数据中台团队，推动业务数据化、数据业务化。公司制定数字化转型规划，成立数字化管理委员会统筹推进。公司深耕华南市场，区域市场份额稳中有升，品牌影响力持续增强。公司采购云服务替代传统服务器部署，系统上线周期大幅缩短。公司引入人工智能技术优化{prod}质检环节，缺陷识别准确率显著提升。公司数据中心一期建成投用，具备 PB 级数据存储与计算能力。公司核心业务系统迁移上云，采用混合云架构降低IT运维成本。报告期内公司无重大诉讼仲裁事项，各项经营活动正常开展。公司建立健全内部控制系统，治理结构规范，三会运作正常。公司推进智能制造升级，数字化车间已通过省级认定。原材料价格波动对成本端形成一定压力，公司通过集中采购和套期保值部分对冲了成本上行风险。公司应用数字孪生技术对重点产线进行虚拟建模与仿真优化。公司部署机器学习算法对销售数据进行需求预测，库存周转效率明显改善。公司研究基于分布式账本的对账机制，降低交易核对成本。本年度公司人力成本略有上升，管理费用率保持稳定，费用管控成效显现。公司探索区块链技术在产品溯源中的应用，实现全流程信息上链。公司探索区块链技术在产品溯源中的应用，实现全流程信息上链。公司继续推进产能建设，精细化工产品项目一期已投产，预计达产后年新增产能20万吨。公司建设大数据平台，整合生产、销售与供应链数据，支撑经营决策。公司利用智能合约技术自动执行供应商结算条款。公司开展数据治理体系建设，统一主数据标准，提升数据资产质量。公司引入人工智能技术优化{prod}质检环节，缺陷识别准确率显著提升。公司成立数据中台团队，推动业务数据化、数据业务化。公司积极拓展海外市场，出口业务收入同比增长30.5%，国际化布局初见成效。报告期内公司无重大诉讼仲裁事项，各项经营活动正常开展。公司推进智能制造升级，数字化车间已通过省级认定。公司研究基于分布式账本的对账机制，降低交易核对成本。公司引入人工智能技术优化{prod}质检环节，缺陷识别准确率显著提升。公司上线智能排产系统，通过智能算法优化生产计划排程。,脚本生成演示语料(step0_make_demo_corpus.py),公司引入人工智能技术优化{prod}质检环节，缺陷识别准确率显著提升。公司建设大数据平台，整合生产、销售与供应链数据，支撑经营决策。公司参与行业区块链联盟，推动供应链单证电子化与可信流转。公司制定数字化转型规划，成立数字化管理委员会统筹推进。公司制定数字化转型规划，成立数字化管理委员会统筹推进。报告期内公司无重大诉讼仲裁事项，各项经营活动正常开展。公司采购云服务替代传统服务器部署，系统上线周期大幅缩短。公司成立数据中台团队，推动业务数据化、数据业务化。公司制定数字化转型规划，成立数字化管理委员会统筹推进。公司深耕华南市场，区域市场份额稳中有升，品牌影响力持续增强。公司采购云服务替代传统服务器部署，系统上线周期大幅缩短。公司引入人工智能技术优化{prod}质检环节，缺陷识别准确率显著提升。公司数据中心一期建成投用，具备 PB 级数据存储与计算能力。公司核心业务系统迁移上云，采用混合云架构降低IT运维成本。报告期内公司无重大诉讼仲裁事项，各项经营活动正常开展。公司建立健全内部控制系统，治理结构规范，三会运作正常。公司推进智能制造升级，数字化车间已通过省级认定。原材料价格波动对成本端形成一定压力，公司通过集中采购和套期保值部分对冲了成本上行风险。公司应用数字孪生技术对重点产线进行虚拟建模与仿真优化。公司部署机器学习算法对销售数据进行需求预测，库存周转效率明显改善。公司研究基于分布式账本的对账机制，降低交易核对成本。本年度公司人力成本略有上升，管理费用率保持稳定，费用管控成效显现。公司探索区块链技术在产品溯源中的应用，实现全流程信息上链。公司探索区块链技术在产品溯源中的应用，实现全流程信息上链。公司继续推进产能建设，精细化工产品项目一期已投产，预计达产后年新增产能20万吨。公司建设大数据平台，整合生产、销售与供应链数据，支撑经营决策。公司利用智能合约技术自动执行供应商结算条款。公司开展数据治理体系建设，统一主数据标准，提升数据资产质量。公司引入人工智能技术优化{prod}质检环节，缺陷识别准确率显著提升。公司成立数据中台团队，推动业务数据化、数据业务化。公司积极拓展海外市场，出口业务收入同比增长30.5%，国际化布局初见成效。报告期内公司无重大诉讼仲裁事项，各项经营活动正常开展。公司推进智能制造升级，数字化车间已通过省级认定。公司研究基于分布式账本的对账机制，降低交易核对成本。公司引入人工智能技术优化{prod}质检环节，缺陷识别准确率显著提升。公司上线智能排产系统，通过智能算法优化生产计划排程。,引入 人工智能 技术 优化 prod 质检 环节 缺陷 识别 准确率 建设 大数据 平台 整合 生产 销售 供应链 数据 支撑 经营 决策 参与 行业 区块链 联盟 供应链 单证 电子化 可信 流转 制定 数字化转型 规划 成立 数字化 管理 委员会 统筹 制定 数字化转型 规划 成立 数字化 管理 委员会 统筹 重大 诉讼 仲裁 事项 经营 活动 采购 服务 替代 传统 服务器 部署 系统 上线 周期 大幅 缩短 成立 数据中台 团队 业务 数据 数据业务 制定 数字化转型 规划 成立 数字化 管理 委员会 统筹 深耕 华南 市场 区域 市场份额 稳中有升 品牌 影响力 持续 增强 采购 服务 替代 传统 服务器 部署 系统 上线 周期 大幅 缩短 引入 人工智能 技术 优化 prod 质检 环节 缺陷 识别 准确率 数据中心 一期 建成 投用 具备 PB 数据 存储 计算能力 核心 业务 系统 迁移 上云 采用 混合 架构 降低 IT 运维 成本 重大 诉讼 仲裁 事项 经营 活动 建立健全 内部 控制系统 治理 结构 规范 三会 运作 智能制造 升级 数字化 车间 省级 认定 原材料 价格 波动 成本 形成 一定 压力 集中 采购 套期 保值 对冲 成本 上行 风险 应用 数字孪生 技术 产线 虚拟 建模 仿真 优化 部署 机器学习 算法 销售 数据 需求预测 库存 周转 效率 明显改善 研究 基于 分布式账本 对账 机制 降低 交易 核对 成本 本年度 人力 成本 略有 管理 费用率 保持稳定 费用 管控 成效 显现 探索 区块链 技术 产品 溯源 应用 流程 信息 探索 区块链 技术 产品 溯源 应用 流程 信息 产能 建设 精细化工 产品 项目 一期 投产 预计 达产 新增 产能 万吨 建设 大数据 平台 整合 生产 销售 供应链 数据 支撑 经营 决策 利用 智能合约 技术 自动 供应商 结算 条款 数据 治理 体系 建设 统一 数据 标准 数据 资产 质量 引入 人工智能 技术 优化 prod 质检 环节 缺陷 识别 准确率 成立 数据中台 团队 业务 数据 数据业务 拓展 海外 市场 出口 业务收入 国际化 布局 初见成效 重大 诉讼 仲裁 事项 经营 活动 智能制造 升级 数字化 车间 省级 认定 研究 基于 分布式账本 对账 机制 降低 交易 核对 成本 引入 人工智能 技术 优化 prod 质检 环节 缺陷 识别 准确率 上线 智能 排产 系统 智能算法 优化 生产 排程,321
DEMO022,演示DEMO022股份有限公司,制造业,2020,年度报告,公司制定数字化转型规划，成立数字化管理委员会统筹推进。报告期内公司无重大诉讼仲裁事项，各项经营活动正常开展。报告期内人民币汇率波动加大，公司通过远期结售汇业务降低了汇兑损失。公司核心业务系统迁移上云，采用混合云架构降低IT运维成本。公司持续加大研发投入，研发费用占营业收入比例为2.6%，围绕纺织服装开展技术攻关。公司推进计算机视觉技术在生产线上的应用，实现关键工序自动检测。公司持续加大研发投入，研发费用占营业收入比例为5.1%，围绕建材开展技术攻关。公司利用智能合约技术自动执行供应商结算条款。公司部署机器学习算法对销售数据进行需求预测，库存周转效率明显改善。报告期内公司无重大诉讼仲裁事项，各项经营活动正常开展。公司持续优化产品结构，纺织服装业务占比稳步提升，毛利率较上年上升2.5个百分点。公司持续优化产品结构，电子元器件业务占比稳步提升，毛利率较上年下降1.5个百分点。公司推进经营管理信息化，上线新一代ERP系统实现业财一体。公司制定数字化转型规划，成立数字化管理委员会统筹推进。公司研究基于分布式账本的对账机制，降低交易核对成本。受行业周期影响，部分产品价格有所回落，公司及时调整销售策略，库存水平保持在合理范围。报告期内人民币汇率波动加大，公司通过远期结售汇业务降低了汇兑损失。公司本期新增专利授权3项，累计有效专利85项，技术储备进一步夯实。公司利用智能合约技术自动执行供应商结算条款。,脚本生成演示语料(step0_make_demo_corpus.py),公司制定数字化转型规划，成立数字化管理委员会统筹推进。报告期内公司无重大诉讼仲裁事项，各项经营活动正常开展。报告期内人民币汇率波动加大，公司通过远期结售汇业务降低了汇兑损失。公司核心业务系统迁移上云，采用混合云架构降低IT运维成本。公司持续加大研发投入，研发费用占营业收入比例为2.6%，围绕纺织服装开展技术攻关。公司推进计算机视觉技术在生产线上的应用，实现关键工序自动检测。公司持续加大研发投入，研发费用占营业收入比例为5.1%，围绕建材开展技术攻关。公司利用智能合约技术自动执行供应商结算条款。公司部署机器学习算法对销售数据进行需求预测，库存周转效率明显改善。报告期内公司无重大诉讼仲裁事项，各项经营活动正常开展。公司持续优化产品结构，纺织服装业务占比稳步提升，毛利率较上年上升2.5个百分点。公司持续优化产品结构，电子元器件业务占比稳步提升，毛利率较上年下降1.5个百分点。公司推进经营管理信息化，上线新一代ERP系统实现业财一体。公司制定数字化转型规划，成立数字化管理委员会统筹推进。公司研究基于分布式账本的对账机制，降低交易核对成本。受行业周期影响，部分产品价格有所回落，公司及时调整销售策略，库存水平保持在合理范围。报告期内人民币汇率波动加大，公司通过远期结售汇业务降低了汇兑损失。公司本期新增专利授权3项，累计有效专利85项，技术储备进一步夯实。公司利用智能合约技术自动执行供应商结算条款。,制定 数字化转型 规划 成立 数字化 管理 委员会 统筹 重大 诉讼 仲裁 事项 经营 活动 人民币 汇率 波动 加大 远期 结售汇 业务 降低 汇兑 损失 核心 业务 系统 迁移 上云 采用 混合 架构 降低 IT 运维 成本 持续 加大 研发 投入 研发 费用 营业 收入 比例 纺织 服装 技术 攻关 计算机视觉 技术 生产线 应用 关键 工序 自动检测 持续 加大 研发 投入 研发 费用 营业 收入 比例 建材 技术 攻关 利用 智能合约 技术 自动 供应商 结算 条款 部署 机器学习 算法 销售 数据 需求预测 库存 周转 效率 明显改善 重大 诉讼 仲裁 事项 经营 活动 持续 优化 产品 结构 纺织 服装 业务 毛利率 百分点 持续 优化 产品 结构 电子 元器件 业务 毛利率 百分点 经营 管理 信息化 上线 新一代 ERP 系统 业财一体 制定 数字化转型 规划 成立 数字化 管理 委员会 统筹 研究 基于 分布式账本 对账 机制 降低 交易 核对 成本 行业 周期 影响 产品价格 有所 回落 及时 调整 销售策略 库存 水平 合理 范围 人民币 汇率 波动 加大 远期 结售汇 业务 降低 汇兑 损失 本期 新增 专利 授权 专利 技术储备 夯实 利用 智能合约 技术 自动 供应商 结算 条款,171
DEMO022,演示DEMO022股份有限公司,制造业,2021,年度报告,受行业周期影响，部分产品价格有所回落，公司及时调整销售策略，库存水平保持在合理范围。面对市场竞争加剧，公司加大渠道建设力度，经销商数量增加210家，覆盖区域进一步扩大。公司持续优化产品结构，建材业务占比稳步提升，毛利率较上年持平个百分点。公司基于云平台搭建协同办公体系，跨区域协作效率提升。公司利用智能合约技术自动执行供应商结算条款。公司积极拓展海外市场，出口业务收入同比增长9.4%，国际化布局初见成效。公司参与行业区块链联盟，推动供应链单证电子化与可信流转。公司建设大数据平台，整合生产、销售与供应链数据，支撑经营决策。面对市场竞争加剧，公司加大渠道建设力度，经销商数量增加120家，覆盖区域进一步扩大。报告期内，公司获得高新技术企业资质认定，享受相应税收优惠政策。公司引入人工智能技术优化{prod}质检环节，缺陷识别准确率显著提升。公司主要客户为行业龙头企业，合作关系稳定，应收账款回款情况良好。公司运用数据挖掘技术分析客户行为，实现精准营销。报告期内公司客户结构进一步优化，前五大客户收入占比为28.3%，客户集中度处于合理区间。报告期内，公司实现营业收入12.6亿元，同比增长15.2%，主要得益于主营业务产销规模扩大。公司现金流状况良好，经营活动现金流量净额为5.8亿元，资产负债结构稳健。原材料价格波动对成本端形成一定压力，公司通过集中采购和套期保值部分对冲了成本上行风险。,脚本生成演示语料(step0_make_demo_corpus.py),受行业周期影响，部分产品价格有所回落，公司及时调整销售策略，库存水平保持在合理范围。面对市场竞争加剧，公司加大渠道建设力度，经销商数量增加210家，覆盖区域进一步扩大。公司持续优化产品结构，建材业务占比稳步提升，毛利率较上年持平个百分点。公司基于云平台搭建协同办公体系，跨区域协作效率提升。公司利用智能合约技术自动执行供应商结算条款。公司积极拓展海外市场，出口业务收入同比增长9.4%，国际化布局初见成效。公司参与行业区块链联盟，推动供应链单证电子化与可信流转。公司建设大数据平台，整合生产、销售与供应链数据，支撑经营决策。面对市场竞争加剧，公司加大渠道建设力度，经销商数量增加120家，覆盖区域进一步扩大。报告期内，公司获得高新技术企业资质认定，享受相应税收优惠政策。公司引入人工智能技术优化{prod}质检环节，缺陷识别准确率显著提升。公司主要客户为行业龙头企业，合作关系稳定，应收账款回款情况良好。公司运用数据挖掘技术分析客户行为，实现精准营销。报告期内公司客户结构进一步优化，前五大客户收入占比为28.3%，客户集中度处于合理区间。报告期内，公司实现营业收入12.6亿元，同比增长15.2%，主要得益于主营业务产销规模扩大。公司现金流状况良好，经营活动现金流量净额为5.8亿元，资产负债结构稳健。原材料价格波动对成本端形成一定压力，公司通过集中采购和套期保值部分对冲了成本上行风险。,行业 周期 影响 产品价格 有所 回落 及时 调整 销售策略 库存 水平 合理 范围 面对 市场竞争 加剧 加大 渠道 建设 力度 经销商 数量 覆盖 区域 扩大 持续 优化 产品 结构 建材 业务 毛利率 持平 百分点 基于 平台 搭建 协同 办公 体系 区域 协作 效率 利用 智能合约 技术 自动 供应商 结算 条款 拓展 海外 市场 出口 业务收入 国际化 布局 初见成效 参与 行业 区块链 联盟 供应链 单证 电子化 可信 流转 建设 大数据 平台 整合 生产 销售 供应链 数据 支撑 经营 决策 面对 市场竞争 加剧 加大 渠道 建设 力度 经销商 数量 覆盖 区域 扩大 获得 高新技术 企业资质 认定 享受 相应 税收 优惠政策 引入 人工智能 技术 优化 prod 质检 环节 缺陷 识别 准确率 客户 行业龙头 企业 合作 关系 应收 账款 回款 运用 数据挖掘 技术 分析 客户 行为 精准 营销 客户 结构 优化 五大 客户 收入 客户 集中度 处于 合理 区间 营业 收入 得益于 主营业务 产销 规模 扩大 现金流 状况良好 经营 活动 现金流量 净额 资产负债 结构 稳健 原材料 价格 波动 成本 形成 一定 压力 集中 采购 套期 保值 对冲 成本 上行 风险,166
DEMO022,演示DEMO022股份有限公司,制造业,2022,年度报告,公司引入边缘计算设备，实现车间数据的就地处理与实时回传。公司发展电子商务业务，线上渠道收入占比持续提升。公司继续推进产能建设，高端装备项目一期已投产，预计达产后年新增产能8万吨。公司建立健全内部控制系统，治理结构规范，三会运作正常。公司推动业务流程线上化，无纸化办公覆盖全部业务部门。公司建设智能客服系统，应用自然语言处理技术实现工单自动分类。公司建立健全内部控制系统，治理结构规范，三会运作正常。公司部署机器学习算法对销售数据进行需求预测，库存周转效率明显改善。报告期内公司无重大诉讼仲裁事项，各项经营活动正常开展。公司数据中心一期建成投用，具备 PB 级数据存储与计算能力。公司试点数字人民币结算场景，丰富收款渠道。报告期内人民币汇率波动加大，公司通过远期结售汇业务降低了汇兑损失。原材料价格波动对成本端形成一定压力，公司通过集中采购和套期保值部分对冲了成本上行风险。报告期内人民币汇率波动加大，公司通过远期结售汇业务降低了汇兑损失。受行业周期影响，部分产品价格有所回落，公司及时调整销售策略，库存水平保持在合理范围。公司建设智能客服系统，应用自然语言处理技术实现工单自动分类。公司评估公有云与私有云方案，逐步构建统一算力资源池。公司持续加大研发投入，研发费用占营业收入比例为5.1%，围绕电子元器件开展技术攻关。公司持续优化产品结构，建材业务占比稳步提升，毛利率较上年上升1.2个百分点。,脚本生成演示语料(step0_make_demo_corpus.py),公司引入边缘计算设备，实现车间数据的就地处理与实时回传。公司发展电子商务业务，线上渠道收入占比持续提升。公司继续推进产能建设，高端装备项目一期已投产，预计达产后年新增产能8万吨。公司建立健全内部控制系统，治理结构规范，三会运作正常。公司推动业务流程线上化，无纸化办公覆盖全部业务部门。公司建设智能客服系统，应用自然语言处理技术实现工单自动分类。公司建立健全内部控制系统，治理结构规范，三会运作正常。公司部署机器学习算法对销售数据进行需求预测，库存周转效率明显改善。报告期内公司无重大诉讼仲裁事项，各项经营活动正常开展。公司数据中心一期建成投用，具备 PB 级数据存储与计算能力。公司试点数字人民币结算场景，丰富收款渠道。报告期内人民币汇率波动加大，公司通过远期结售汇业务降低了汇兑损失。原材料价格波动对成本端形成一定压力，公司通过集中采购和套期保值部分对冲了成本上行风险。报告期内人民币汇率波动加大，公司通过远期结售汇业务降低了汇兑损失。受行业周期影响，部分产品价格有所回落，公司及时调整销售策略，库存水平保持在合理范围。公司建设智能客服系统，应用自然语言处理技术实现工单自动分类。公司评估公有云与私有云方案，逐步构建统一算力资源池。公司持续加大研发投入，研发费用占营业收入比例为5.1%，围绕电子元器件开展技术攻关。公司持续优化产品结构，建材业务占比稳步提升，毛利率较上年上升1.2个百分点。,引入 边缘计算 设备 车间 数据 处理 实时 回传 发展 电子商务 业务 线上 渠道 收入 持续 产能 建设 高端 装备 项目 一期 投产 预计 达产 新增 产能 万吨 建立健全 内部 控制系统 治理 结构 规范 三会 运作 业务流程 上化 无纸化 办公 覆盖 全部 业务部门 建设 智能 客服 系统 应用 自然语言处理 技术 工单 自动 分类 建立健全 内部 控制系统 治理 结构 规范 三会 运作 部署 机器学习 算法 销售 数据 需求预测 库存 周转 效率 明显改善 重大 诉讼 仲裁 事项 经营 活动 数据中心 一期 建成 投用 具备 PB 数据 存储 计算能力 试点 数字人民币 结算 场景 丰富 收款 渠道 人民币 汇率 波动 加大 远期 结售汇 业务 降低 汇兑 损失 原材料 价格 波动 成本 形成 一定 压力 集中 采购 套期 保值 对冲 成本 上行 风险 人民币 汇率 波动 加大 远期 结售汇 业务 降低 汇兑 损失 行业 周期 影响 产品价格 有所 回落 及时 调整 销售策略 库存 水平 合理 范围 建设 智能 客服 系统 应用 自然语言处理 技术 工单 自动 分类 评估 公有 私有 方案 逐步 构建 统一 算力 资源 持续 加大 研发 投入 研发 费用 营业 收入 比例 电子 元器件 技术 攻关 持续 优化 产品 结构 建材 业务 毛利率 百分点,180
DEMO022,演示DEMO022股份有限公司,制造业,2023,年度报告,公司试点数字人民币结算场景，丰富收款渠道。公司探索区块链技术在产品溯源中的应用，实现全流程信息上链。公司构建智慧物流体系，仓储分拣自动化水平显著提高。公司建设大数据平台，整合生产、销售与供应链数据，支撑经营决策。报告期内人民币汇率波动加大，公司通过远期结售汇业务降低了汇兑损失。报告期内，公司实现营业收入45.2亿元，同比增长-1.8%，主要得益于主营业务产销规模扩大。报告期内，公司实现营业收入19.3亿元，同比增长8.5%，主要得益于主营业务产销规模扩大。原材料价格波动对成本端形成一定压力，公司通过集中采购和套期保值部分对冲了成本上行风险。公司继续推进产能建设，食品饮料项目一期已投产，预计达产后年新增产能5万吨。公司积极拓展海外市场，出口业务收入同比增长12.1%，国际化布局初见成效。公司数据中心一期建成投用，具备 PB 级数据存储与计算能力。公司发展电子商务业务，线上渠道收入占比持续提升。公司与高校联合开展深度学习算法研究，赋能产品智能设计。公司与高校联合开展深度学习算法研究，赋能产品智能设计。本年度公司人力成本略有上升，管理费用率保持稳定，费用管控成效显现。公司继续推进产能建设，精细化工产品项目一期已投产，预计达产后年新增产能3万吨。公司开展数据治理体系建设，统一主数据标准，提升数据资产质量。,脚本生成演示语料(step0_make_demo_corpus.py),公司试点数字人民币结算场景，丰富收款渠道。公司探索区块链技术在产品溯源中的应用，实现全流程信息上链。公司构建智慧物流体系，仓储分拣自动化水平显著提高。公司建设大数据平台，整合生产、销售与供应链数据，支撑经营决策。报告期内人民币汇率波动加大，公司通过远期结售汇业务降低了汇兑损失。报告期内，公司实现营业收入45.2亿元，同比增长-1.8%，主要得益于主营业务产销规模扩大。报告期内，公司实现营业收入19.3亿元，同比增长8.5%，主要得益于主营业务产销规模扩大。原材料价格波动对成本端形成一定压力，公司通过集中采购和套期保值部分对冲了成本上行风险。公司继续推进产能建设，食品饮料项目一期已投产，预计达产后年新增产能5万吨。公司积极拓展海外市场，出口业务收入同比增长12.1%，国际化布局初见成效。公司数据中心一期建成投用，具备 PB 级数据存储与计算能力。公司发展电子商务业务，线上渠道收入占比持续提升。公司与高校联合开展深度学习算法研究，赋能产品智能设计。公司与高校联合开展深度学习算法研究，赋能产品智能设计。本年度公司人力成本略有上升，管理费用率保持稳定，费用管控成效显现。公司继续推进产能建设，精细化工产品项目一期已投产，预计达产后年新增产能3万吨。公司开展数据治理体系建设，统一主数据标准，提升数据资产质量。,试点 数字人民币 结算 场景 丰富 收款 渠道 探索 区块链 技术 产品 溯源 应用 流程 信息 构建 智慧物流 体系 仓储 分拣 自动化 水平 建设 大数据 平台 整合 生产 销售 供应链 数据 支撑 经营 决策 人民币 汇率 波动 加大 远期 结售汇 业务 降低 汇兑 损失 营业 收入 得益于 主营业务 产销 规模 扩大 营业 收入 得益于 主营业务 产销 规模 扩大 原材料 价格 波动 成本 形成 一定 压力 集中 采购 套期 保值 对冲 成本 上行 风险 产能 建设 食品饮料 项目 一期 投产 预计 达产 新增 产能 万吨 拓展 海外 市场 出口 业务收入 国际化 布局 初见成效 数据中心 一期 建成 投用 具备 PB 数据 存储 计算能力 发展 电子商务 业务 线上 渠道 收入 持续 高校 联合 深度学习 算法 研究 赋能 产品 智能 设计 高校 联合 深度学习 算法 研究 赋能 产品 智能 设计 本年度 人力 成本 略有 管理 费用率 保持稳定 费用 管控 成效 显现 产能 建设 精细化工 产品 项目 一期 投产 预计 达产 新增 产能 万吨 数据 治理 体系 建设 统一 数据 标准 数据 资产 质量,158
DEMO022,演示DEMO022股份有限公司,制造业,2024,年度报告,公司参与行业区块链联盟，推动供应链单证电子化与可信流转。公司积极拓展海外市场，出口业务收入同比增长18.9%，国际化布局初见成效。原材料价格波动对成本端形成一定压力，公司通过集中采购和套期保值部分对冲了成本上行风险。公司采购云服务替代传统服务器部署，系统上线周期大幅缩短。下半年公司将围绕年度经营计划，重点做好市场开拓、成本控制与人才梯队建设等工作。公司采购云服务替代传统服务器部署，系统上线周期大幅缩短。报告期内人民币汇率波动加大，公司通过远期结售汇业务降低了汇兑损失。公司与高校联合开展深度学习算法研究，赋能产品智能设计。公司运用数据挖掘技术分析客户行为，实现精准营销。公司推进智能制造升级，数字化车间已通过省级认定。原材料价格波动对成本端形成一定压力，公司通过集中采购和套期保值部分对冲了成本上行风险。公司高度重视安全生产与环境保护，报告期内未发生重大安全事故。下半年公司将围绕年度经营计划，重点做好市场开拓、成本控制与人才梯队建设等工作。公司参与行业区块链联盟，推动供应链单证电子化与可信流转。公司推动业务流程线上化，无纸化办公覆盖全部业务部门。公司参与行业区块链联盟，推动供应链单证电子化与可信流转。公司运用数据挖掘技术分析客户行为，实现精准营销。报告期内公司无重大诉讼仲裁事项，各项经营活动正常开展。公司探索区块链技术在产品溯源中的应用，实现全流程信息上链。公司核心业务系统迁移上云，采用混合云架构降低IT运维成本。,脚本生成演示语料(step0_make_demo_corpus.py),公司参与行业区块链联盟，推动供应链单证电子化与可信流转。公司积极拓展海外市场，出口业务收入同比增长18.9%，国际化布局初见成效。原材料价格波动对成本端形成一定压力，公司通过集中采购和套期保值部分对冲了成本上行风险。公司采购云服务替代传统服务器部署，系统上线周期大幅缩短。下半年公司将围绕年度经营计划，重点做好市场开拓、成本控制与人才梯队建设等工作。公司采购云服务替代传统服务器部署，系统上线周期大幅缩短。报告期内人民币汇率波动加大，公司通过远期结售汇业务降低了汇兑损失。公司与高校联合开展深度学习算法研究，赋能产品智能设计。公司运用数据挖掘技术分析客户行为，实现精准营销。公司推进智能制造升级，数字化车间已通过省级认定。原材料价格波动对成本端形成一定压力，公司通过集中采购和套期保值部分对冲了成本上行风险。公司高度重视安全生产与环境保护，报告期内未发生重大安全事故。下半年公司将围绕年度经营计划，重点做好市场开拓、成本控制与人才梯队建设等工作。公司参与行业区块链联盟，推动供应链单证电子化与可信流转。公司推动业务流程线上化，无纸化办公覆盖全部业务部门。公司参与行业区块链联盟，推动供应链单证电子化与可信流转。公司运用数据挖掘技术分析客户行为，实现精准营销。报告期内公司无重大诉讼仲裁事项，各项经营活动正常开展。公司探索区块链技术在产品溯源中的应用，实现全流程信息上链。公司核心业务系统迁移上云，采用混合云架构降低IT运维成本。,参与 行业 区块链 联盟 供应链 单证 电子化 可信 流转 拓展 海外 市场 出口 业务收入 国际化 布局 初见成效 原材料 价格 波动 成本 形成 一定 压力 集中 采购 套期 保值 对冲 成本 上行 风险 采购 服务 替代 传统 服务器 部署 系统 上线 周期 大幅 缩短 下半年 年度 经营 做好 市场 开拓 成本 控制 人才 梯队 建设 采购 服务 替代 传统 服务器 部署 系统 上线 周期 大幅 缩短 人民币 汇率 波动 加大 远期 结售汇 业务 降低 汇兑 损失 高校 联合 深度学习 算法 研究 赋能 产品 智能 设计 运用 数据挖掘 技术 分析 客户 行为 精准 营销 智能制造 升级 数字化 车间 省级 认定 原材料 价格 波动 成本 形成 一定 压力 集中 采购 套期 保值 对冲 成本 上行 风险 高度重视 安全 生产 环境保护 发生 重大 安全事故 下半年 年度 经营 做好 市场 开拓 成本 控制 人才 梯队 建设 参与 行业 区块链 联盟 供应链 单证 电子化 可信 流转 业务流程 上化 无纸化 办公 覆盖 全部 业务部门 参与 行业 区块链 联盟 供应链 单证 电子化 可信 流转 运用 数据挖掘 技术 分析 客户 行为 精准 营销 重大 诉讼 仲裁 事项 经营 活动 探索 区块链 技术 产品 溯源 应用 流程 信息 核心 业务 系统 迁移 上云 采用 混合 架构 降低 IT 运维 成本,190
DEMO023,演示DEMO023股份有限公司,批发零售,2020,年度报告,公司建立健全内部控制系统，治理结构规范，三会运作正常。公司推进经营管理信息化，上线新一代ERP系统实现业财一体。公司引入人工智能技术优化{prod}质检环节，缺陷识别准确率显著提升。公司现金流状况良好，经营活动现金流量净额为5.8亿元，资产负债结构稳健。公司推进计算机视觉技术在生产线上的应用，实现关键工序自动检测。公司构建智慧物流体系，仓储分拣自动化水平显著提高。公司现金流状况良好，经营活动现金流量净额为3.2亿元，资产负债结构稳健。公司利用智能合约技术自动执行供应商结算条款。报告期内，公司实现营业收入45.2亿元，同比增长-1.8%，主要得益于主营业务产销规模扩大。公司推进经营管理信息化，上线新一代ERP系统实现业财一体。公司主要客户为行业龙头企业，合作关系稳定，应收账款回款情况良好。公司开展数据治理体系建设，统一主数据标准，提升数据资产质量。公司采购云服务替代传统服务器部署，系统上线周期大幅缩短。公司建立健全内部控制系统，治理结构规范，三会运作正常。公司研究基于分布式账本的对账机制，降低交易核对成本。下半年公司将围绕年度经营计划，重点做好市场开拓、成本控制与人才梯队建设等工作。报告期内人民币汇率波动加大，公司通过远期结售汇业务降低了汇兑损失。公司继续推进产能建设，食品饮料项目一期已投产，预计达产后年新增产能5万吨。,脚本生成演示语料(step0_make_demo_corpus.py),公司建立健全内部控制系统，治理结构规范，三会运作正常。公司推进经营管理信息化，上线新一代ERP系统实现业财一体。公司引入人工智能技术优化{prod}质检环节，缺陷识别准确率显著提升。公司现金流状况良好，经营活动现金流量净额为5.8亿元，资产负债结构稳健。公司推进计算机视觉技术在生产线上的应用，实现关键工序自动检测。公司构建智慧物流体系，仓储分拣自动化水平显著提高。公司现金流状况良好，经营活动现金流量净额为3.2亿元，资产负债结构稳健。公司利用智能合约技术自动执行供应商结算条款。报告期内，公司实现营业收入45.2亿元，同比增长-1.8%，主要得益于主营业务产销规模扩大。公司推进经营管理信息化，上线新一代ERP系统实现业财一体。公司主要客户为行业龙头企业，合作关系稳定，应收账款回款情况良好。公司开展数据治理体系建设，统一主数据标准，提升数据资产质量。公司采购云服务替代传统服务器部署，系统上线周期大幅缩短。公司建立健全内部控制系统，治理结构规范，三会运作正常。公司研究基于分布式账本的对账机制，降低交易核对成本。下半年公司将围绕年度经营计划，重点做好市场开拓、成本控制与人才梯队建设等工作。报告期内人民币汇率波动加大，公司通过远期结售汇业务降低了汇兑损失。公司继续推进产能建设，食品饮料项目一期已投产，预计达产后年新增产能5万吨。,建立健全 内部 控制系统 治理 结构 规范 三会 运作 经营 管理 信息化 上线 新一代 ERP 系统 业财一体 引入 人工智能 技术 优化 prod 质检 环节 缺陷 识别 准确率 现金流 状况良好 经营 活动 现金流量 净额 资产负债 结构 稳健 计算机视觉 技术 生产线 应用 关键 工序 自动检测 构建 智慧物流 体系 仓储 分拣 自动化 水平 现金流 状况良好 经营 活动 现金流量 净额 资产负债 结构 稳健 利用 智能合约 技术 自动 供应商 结算 条款 营业 收入 得益于 主营业务 产销 规模 扩大 经营 管理 信息化 上线 新一代 ERP 系统 业财一体 客户 行业龙头 企业 合作 关系 应收 账款 回款 数据 治理 体系 建设 统一 数据 标准 数据 资产 质量 采购 服务 替代 传统 服务器 部署 系统 上线 周期 大幅 缩短 建立健全 内部 控制系统 治理 结构 规范 三会 运作 研究 基于 分布式账本 对账 机制 降低 交易 核对 成本 下半年 年度 经营 做好 市场 开拓 成本 控制 人才 梯队 建设 人民币 汇率 波动 加大 远期 结售汇 业务 降低 汇兑 损失 产能 建设 食品饮料 项目 一期 投产 预计 达产 新增 产能 万吨,158
DEMO023,演示DEMO023股份有限公司,批发零售,2021,年度报告,公司持续加大研发投入，研发费用占营业收入比例为5.1%，围绕电子元器件开展技术攻关。报告期内人民币汇率波动加大，公司通过远期结售汇业务降低了汇兑损失。公司采购云服务替代传统服务器部署，系统上线周期大幅缩短。公司深耕西南市场，区域市场份额稳中有升，品牌影响力持续增强。公司评估公有云与私有云方案，逐步构建统一算力资源池。公司高度重视安全生产与环境保护，报告期内未发生重大安全事故。公司试点数字人民币结算场景，丰富收款渠道。公司持续加大研发投入，研发费用占营业收入比例为4.4%，围绕精细化工产品开展技术攻关。公司深耕华东市场，区域市场份额稳中有升，品牌影响力持续增强。公司主要客户为行业龙头企业，合作关系稳定，应收账款回款情况良好。公司评估公有云与私有云方案，逐步构建统一算力资源池。公司推动业务流程线上化，无纸化办公覆盖全部业务部门。公司参与行业区块链联盟，推动供应链单证电子化与可信流转。受行业周期影响，部分产品价格有所回落，公司及时调整销售策略，库存水平保持在合理范围。,脚本生成演示语料(step0_make_demo_corpus.py),公司持续加大研发投入，研发费用占营业收入比例为5.1%，围绕电子元器件开展技术攻关。报告期内人民币汇率波动加大，公司通过远期结售汇业务降低了汇兑损失。公司采购云服务替代传统服务器部署，系统上线周期大幅缩短。公司深耕西南市场，区域市场份额稳中有升，品牌影响力持续增强。公司评估公有云与私有云方案，逐步构建统一算力资源池。公司高度重视安全生产与环境保护，报告期内未发生重大安全事故。公司试点数字人民币结算场景，丰富收款渠道。公司持续加大研发投入，研发费用占营业收入比例为4.4%，围绕精细化工产品开展技术攻关。公司深耕华东市场，区域市场份额稳中有升，品牌影响力持续增强。公司主要客户为行业龙头企业，合作关系稳定，应收账款回款情况良好。公司评估公有云与私有云方案，逐步构建统一算力资源池。公司推动业务流程线上化，无纸化办公覆盖全部业务部门。公司参与行业区块链联盟，推动供应链单证电子化与可信流转。受行业周期影响，部分产品价格有所回落，公司及时调整销售策略，库存水平保持在合理范围。,持续 加大 研发 投入 研发 费用 营业 收入 比例 电子 元器件 技术 攻关 人民币 汇率 波动 加大 远期 结售汇 业务 降低 汇兑 损失 采购 服务 替代 传统 服务器 部署 系统 上线 周期 大幅 缩短 深耕 西南 市场 区域 市场份额 稳中有升 品牌 影响力 持续 增强 评估 公有 私有 方案 逐步 构建 统一 算力 资源 高度重视 安全 生产 环境保护 发生 重大 安全事故 试点 数字人民币 结算 场景 丰富 收款 渠道 持续 加大 研发 投入 研发 费用 营业 收入 比例 精细化工 产品 技术 攻关 深耕 华东 市场 区域 市场份额 稳中有升 品牌 影响力 持续 增强 客户 行业龙头 企业 合作 关系 应收 账款 回款 评估 公有 私有 方案 逐步 构建 统一 算力 资源 业务流程 上化 无纸化 办公 覆盖 全部 业务部门 参与 行业 区块链 联盟 供应链 单证 电子化 可信 流转 行业 周期 影响 产品价格 有所 回落 及时 调整 销售策略 库存 水平 合理 范围,136
DEMO023,演示DEMO023股份有限公司,批发零售,2022,年度报告,公司主要客户为行业龙头企业，合作关系稳定，应收账款回款情况良好。公司制定数字化转型规划，成立数字化管理委员会统筹推进。公司继续推进产能建设，电子元器件项目一期已投产，预计达产后年新增产能3万吨。公司引入边缘计算设备，实现车间数据的就地处理与实时回传。下半年公司将围绕年度经营计划，重点做好市场开拓、成本控制与人才梯队建设等工作。公司深耕华东市场，区域市场份额稳中有升，品牌影响力持续增强。公司持续加大研发投入，研发费用占营业收入比例为5.1%，围绕高端装备开展技术攻关。公司持续优化产品结构，高端装备业务占比稳步提升，毛利率较上年上升1.2个百分点。下半年公司将围绕年度经营计划，重点做好市场开拓、成本控制与人才梯队建设等工作。公司上线智能排产系统，通过智能算法优化生产计划排程。公司持续优化产品结构，高端装备业务占比稳步提升，毛利率较上年下降0.8个百分点。公司持续加大研发投入，研发费用占营业收入比例为5.1%，围绕高端装备开展技术攻关。公司引入人工智能技术优化{prod}质检环节，缺陷识别准确率显著提升。公司应用数字孪生技术对重点产线进行虚拟建模与仿真优化。公司与高校联合开展深度学习算法研究，赋能产品智能设计。,脚本生成演示语料(step0_make_demo_corpus.py),公司主要客户为行业龙头企业，合作关系稳定，应收账款回款情况良好。公司制定数字化转型规划，成立数字化管理委员会统筹推进。公司继续推进产能建设，电子元器件项目一期已投产，预计达产后年新增产能3万吨。公司引入边缘计算设备，实现车间数据的就地处理与实时回传。下半年公司将围绕年度经营计划，重点做好市场开拓、成本控制与人才梯队建设等工作。公司深耕华东市场，区域市场份额稳中有升，品牌影响力持续增强。公司持续加大研发投入，研发费用占营业收入比例为5.1%，围绕高端装备开展技术攻关。公司持续优化产品结构，高端装备业务占比稳步提升，毛利率较上年上升1.2个百分点。下半年公司将围绕年度经营计划，重点做好市场开拓、成本控制与人才梯队建设等工作。公司上线智能排产系统，通过智能算法优化生产计划排程。公司持续优化产品结构，高端装备业务占比稳步提升，毛利率较上年下降0.8个百分点。公司持续加大研发投入，研发费用占营业收入比例为5.1%，围绕高端装备开展技术攻关。公司引入人工智能技术优化{prod}质检环节，缺陷识别准确率显著提升。公司应用数字孪生技术对重点产线进行虚拟建模与仿真优化。公司与高校联合开展深度学习算法研究，赋能产品智能设计。,客户 行业龙头 企业 合作 关系 应收 账款 回款 制定 数字化转型 规划 成立 数字化 管理 委员会 统筹 产能 建设 电子 元器件 项目 一期 投产 预计 达产 新增 产能 万吨 引入 边缘计算 设备 车间 数据 处理 实时 回传 下半年 年度 经营 做好 市场 开拓 成本 控制 人才 梯队 建设 深耕 华东 市场 区域 市场份额 稳中有升 品牌 影响力 持续 增强 持续 加大 研发 投入 研发 费用 营业 收入 比例 高端 装备 技术 攻关 持续 优化 产品 结构 高端 装备 业务 毛利率 百分点 下半年 年度 经营 做好 市场 开拓 成本 控制 人才 梯队 建设 上线 智能 排产 系统 智能算法 优化 生产 排程 持续 优化 产品 结构 高端 装备 业务 毛利率 百分点 持续 加大 研发 投入 研发 费用 营业 收入 比例 高端 装备 技术 攻关 引入 人工智能 技术 优化 prod 质检 环节 缺陷 识别 准确率 应用 数字孪生 技术 产线 虚拟 建模 仿真 优化 高校 联合 深度学习 算法 研究 赋能 产品 智能 设计,147
DEMO023,演示DEMO023股份有限公司,批发零售,2023,年度报告,公司建设大数据平台，整合生产、销售与供应链数据，支撑经营决策。报告期内公司无重大诉讼仲裁事项，各项经营活动正常开展。公司现金流状况良好，经营活动现金流量净额为5.8亿元，资产负债结构稳健。报告期内，公司实现营业收入28.4亿元，同比增长22.7%，主要得益于主营业务产销规模扩大。报告期内，公司实现营业收入45.2亿元，同比增长8.5%，主要得益于主营业务产销规模扩大。公司基于云平台搭建协同办公体系，跨区域协作效率提升。报告期内人民币汇率波动加大，公司通过远期结售汇业务降低了汇兑损失。公司采购云服务替代传统服务器部署，系统上线周期大幅缩短。公司持续加大研发投入，研发费用占营业收入比例为4.4%，围绕建材开展技术攻关。公司利用智能合约技术自动执行供应商结算条款。公司持续加大研发投入，研发费用占营业收入比例为3.2%，围绕高端装备开展技术攻关。公司参与行业区块链联盟，推动供应链单证电子化与可信流转。报告期内公司无重大诉讼仲裁事项，各项经营活动正常开展。公司试点数字人民币结算场景，丰富收款渠道。公司基于云平台搭建协同办公体系，跨区域协作效率提升。公司本期新增专利授权11项，累计有效专利56项，技术储备进一步夯实。报告期内人民币汇率波动加大，公司通过远期结售汇业务降低了汇兑损失。公司本期新增专利授权11项，累计有效专利120项，技术储备进一步夯实。公司试点数字人民币结算场景，丰富收款渠道。公司核心业务系统迁移上云，采用混合云架构降低IT运维成本。公司试点数字人民币结算场景，丰富收款渠道。公司上线智能排产系统，通过智能算法优化生产计划排程。公司推进计算机视觉技术在生产线上的应用，实现关键工序自动检测。公司研究基于分布式账本的对账机制，降低交易核对成本。公司积极拓展海外市场，出口业务收入同比增长30.5%，国际化布局初见成效。公司开展数据治理体系建设，统一主数据标准，提升数据资产质量。,脚本生成演示语料(step0_make_demo_corpus.py),公司建设大数据平台，整合生产、销售与供应链数据，支撑经营决策。报告期内公司无重大诉讼仲裁事项，各项经营活动正常开展。公司现金流状况良好，经营活动现金流量净额为5.8亿元，资产负债结构稳健。报告期内，公司实现营业收入28.4亿元，同比增长22.7%，主要得益于主营业务产销规模扩大。报告期内，公司实现营业收入45.2亿元，同比增长8.5%，主要得益于主营业务产销规模扩大。公司基于云平台搭建协同办公体系，跨区域协作效率提升。报告期内人民币汇率波动加大，公司通过远期结售汇业务降低了汇兑损失。公司采购云服务替代传统服务器部署，系统上线周期大幅缩短。公司持续加大研发投入，研发费用占营业收入比例为4.4%，围绕建材开展技术攻关。公司利用智能合约技术自动执行供应商结算条款。公司持续加大研发投入，研发费用占营业收入比例为3.2%，围绕高端装备开展技术攻关。公司参与行业区块链联盟，推动供应链单证电子化与可信流转。报告期内公司无重大诉讼仲裁事项，各项经营活动正常开展。公司试点数字人民币结算场景，丰富收款渠道。公司基于云平台搭建协同办公体系，跨区域协作效率提升。公司本期新增专利授权11项，累计有效专利56项，技术储备进一步夯实。报告期内人民币汇率波动加大，公司通过远期结售汇业务降低了汇兑损失。公司本期新增专利授权11项，累计有效专利120项，技术储备进一步夯实。公司试点数字人民币结算场景，丰富收款渠道。公司核心业务系统迁移上云，采用混合云架构降低IT运维成本。公司试点数字人民币结算场景，丰富收款渠道。公司上线智能排产系统，通过智能算法优化生产计划排程。公司推进计算机视觉技术在生产线上的应用，实现关键工序自动检测。公司研究基于分布式账本的对账机制，降低交易核对成本。公司积极拓展海外市场，出口业务收入同比增长30.5%，国际化布局初见成效。公司开展数据治理体系建设，统一主数据标准，提升数据资产质量。,建设 大数据 平台 整合 生产 销售 供应链 数据 支撑 经营 决策 重大 诉讼 仲裁 事项 经营 活动 现金流 状况良好 经营 活动 现金流量 净额 资产负债 结构 稳健 营业 收入 得益于 主营业务 产销 规模 扩大 营业 收入 得益于 主营业务 产销 规模 扩大 基于 平台 搭建 协同 办公 体系 区域 协作 效率 人民币 汇率 波动 加大 远期 结售汇 业务 降低 汇兑 损失 采购 服务 替代 传统 服务器 部署 系统 上线 周期 大幅 缩短 持续 加大 研发 投入 研发 费用 营业 收入 比例 建材 技术 攻关 利用 智能合约 技术 自动 供应商 结算 条款 持续 加大 研发 投入 研发 费用 营业 收入 比例 高端 装备 技术 攻关 参与 行业 区块链 联盟 供应链 单证 电子化 可信 流转 重大 诉讼 仲裁 事项 经营 活动 试点 数字人民币 结算 场景 丰富 收款 渠道 基于 平台 搭建 协同 办公 体系 区域 协作 效率 本期 新增 专利 授权 专利 技术储备 夯实 人民币 汇率 波动 加大 远期 结售汇 业务 降低 汇兑 损失 本期 新增 专利 授权 专利 技术储备 夯实 试点 数字人民币 结算 场景 丰富 收款 渠道 核心 业务 系统 迁移 上云 采用 混合 架构 降低 IT 运维 成本 试点 数字人民币 结算 场景 丰富 收款 渠道 上线 智能 排产 系统 智能算法 优化 生产 排程 计算机视觉 技术 生产线 应用 关键 工序 自动检测 研究 基于 分布式账本 对账 机制 降低 交易 核对 成本 拓展 海外 市场 出口 业务收入 国际化 布局 初见成效 数据 治理 体系 建设 统一 数据 标准 数据 资产 质量,225
DEMO023,演示DEMO023股份有限公司,批发零售,2024,年度报告,报告期内公司客户结构进一步优化，前五大客户收入占比为55.1%，客户集中度处于合理区间。公司基于云平台搭建协同办公体系，跨区域协作效率提升。报告期内公司客户结构进一步优化，前五大客户收入占比为36.9%，客户集中度处于合理区间。公司本期新增专利授权22项，累计有效专利85项，技术储备进一步夯实。本年度公司人力成本略有上升，管理费用率保持稳定，费用管控成效显现。公司探索区块链技术在产品溯源中的应用，实现全流程信息上链。报告期内公司无重大诉讼仲裁事项，各项经营活动正常开展。报告期内人民币汇率波动加大，公司通过远期结售汇业务降低了汇兑损失。公司参与行业区块链联盟，推动供应链单证电子化与可信流转。公司上线智能排产系统，通过智能算法优化生产计划排程。公司引入边缘计算设备，实现车间数据的就地处理与实时回传。下半年公司将围绕年度经营计划，重点做好市场开拓、成本控制与人才梯队建设等工作。下半年公司将围绕年度经营计划，重点做好市场开拓、成本控制与人才梯队建设等工作。报告期内公司无重大诉讼仲裁事项，各项经营活动正常开展。公司参与行业区块链联盟，推动供应链单证电子化与可信流转。公司核心业务系统迁移上云，采用混合云架构降低IT运维成本。公司运用数据挖掘技术分析客户行为，实现精准营销。受行业周期影响，部分产品价格有所回落，公司及时调整销售策略，库存水平保持在合理范围。报告期内公司客户结构进一步优化，前五大客户收入占比为32.5%，客户集中度处于合理区间。公司利用智能合约技术自动执行供应商结算条款。,脚本生成演示语料(step0_make_demo_corpus.py),报告期内公司客户结构进一步优化，前五大客户收入占比为55.1%，客户集中度处于合理区间。公司基于云平台搭建协同办公体系，跨区域协作效率提升。报告期内公司客户结构进一步优化，前五大客户收入占比为36.9%，客户集中度处于合理区间。公司本期新增专利授权22项，累计有效专利85项，技术储备进一步夯实。本年度公司人力成本略有上升，管理费用率保持稳定，费用管控成效显现。公司探索区块链技术在产品溯源中的应用，实现全流程信息上链。报告期内公司无重大诉讼仲裁事项，各项经营活动正常开展。报告期内人民币汇率波动加大，公司通过远期结售汇业务降低了汇兑损失。公司参与行业区块链联盟，推动供应链单证电子化与可信流转。公司上线智能排产系统，通过智能算法优化生产计划排程。公司引入边缘计算设备，实现车间数据的就地处理与实时回传。下半年公司将围绕年度经营计划，重点做好市场开拓、成本控制与人才梯队建设等工作。下半年公司将围绕年度经营计划，重点做好市场开拓、成本控制与人才梯队建设等工作。报告期内公司无重大诉讼仲裁事项，各项经营活动正常开展。公司参与行业区块链联盟，推动供应链单证电子化与可信流转。公司核心业务系统迁移上云，采用混合云架构降低IT运维成本。公司运用数据挖掘技术分析客户行为，实现精准营销。受行业周期影响，部分产品价格有所回落，公司及时调整销售策略，库存水平保持在合理范围。报告期内公司客户结构进一步优化，前五大客户收入占比为32.5%，客户集中度处于合理区间。公司利用智能合约技术自动执行供应商结算条款。,客户 结构 优化 五大 客户 收入 客户 集中度 处于 合理 区间 基于 平台 搭建 协同 办公 体系 区域 协作 效率 客户 结构 优化 五大 客户 收入 客户 集中度 处于 合理 区间 本期 新增 专利 授权 专利 技术储备 夯实 本年度 人力 成本 略有 管理 费用率 保持稳定 费用 管控 成效 显现 探索 区块链 技术 产品 溯源 应用 流程 信息 重大 诉讼 仲裁 事项 经营 活动 人民币 汇率 波动 加大 远期 结售汇 业务 降低 汇兑 损失 参与 行业 区块链 联盟 供应链 单证 电子化 可信 流转 上线 智能 排产 系统 智能算法 优化 生产 排程 引入 边缘计算 设备 车间 数据 处理 实时 回传 下半年 年度 经营 做好 市场 开拓 成本 控制 人才 梯队 建设 下半年 年度 经营 做好 市场 开拓 成本 控制 人才 梯队 建设 重大 诉讼 仲裁 事项 经营 活动 参与 行业 区块链 联盟 供应链 单证 电子化 可信 流转 核心 业务 系统 迁移 上云 采用 混合 架构 降低 IT 运维 成本 运用 数据挖掘 技术 分析 客户 行为 精准 营销 行业 周期 影响 产品价格 有所 回落 及时 调整 销售策略 库存 水平 合理 范围 客户 结构 优化 五大 客户 收入 客户 集中度 处于 合理 区间 利用 智能合约 技术 自动 供应商 结算 条款,186
DEMO024,演示DEMO024股份有限公司,房地产,2020,年度报告,公司继续推进产能建设，食品饮料项目一期已投产，预计达产后年新增产能8万吨。公司继续推进产能建设，电子元器件项目一期已投产，预计达产后年新增产能5万吨。公司深耕华北市场，区域市场份额稳中有升，品牌影响力持续增强。公司主要客户为行业龙头企业，合作关系稳定，应收账款回款情况良好。公司持续优化产品结构，高端装备业务占比稳步提升，毛利率较上年持平个百分点。公司主要客户为行业龙头企业，合作关系稳定，应收账款回款情况良好。公司深耕东北市场，区域市场份额稳中有升，品牌影响力持续增强。报告期内人民币汇率波动加大，公司通过远期结售汇业务降低了汇兑损失。公司本期新增专利授权11项，累计有效专利210项，技术储备进一步夯实。,脚本生成演示语料(step0_make_demo_corpus.py),公司继续推进产能建设，食品饮料项目一期已投产，预计达产后年新增产能8万吨。公司继续推进产能建设，电子元器件项目一期已投产，预计达产后年新增产能5万吨。公司深耕华北市场，区域市场份额稳中有升，品牌影响力持续增强。公司主要客户为行业龙头企业，合作关系稳定，应收账款回款情况良好。公司持续优化产品结构，高端装备业务占比稳步提升，毛利率较上年持平个百分点。公司主要客户为行业龙头企业，合作关系稳定，应收账款回款情况良好。公司深耕东北市场，区域市场份额稳中有升，品牌影响力持续增强。报告期内人民币汇率波动加大，公司通过远期结售汇业务降低了汇兑损失。公司本期新增专利授权11项，累计有效专利210项，技术储备进一步夯实。,产能 建设 食品饮料 项目 一期 投产 预计 达产 新增 产能 万吨 产能 建设 电子 元器件 项目 一期 投产 预计 达产 新增 产能 万吨 深耕 华北 市场 区域 市场份额 稳中有升 品牌 影响力 持续 增强 客户 行业龙头 企业 合作 关系 应收 账款 回款 持续 优化 产品 结构 高端 装备 业务 毛利率 持平 百分点 客户 行业龙头 企业 合作 关系 应收 账款 回款 深耕 东北 市场 区域 市场份额 稳中有升 品牌 影响力 持续 增强 人民币 汇率 波动 加大 远期 结售汇 业务 降低 汇兑 损失 本期 新增 专利 授权 专利 技术储备 夯实,86
DEMO024,演示DEMO024股份有限公司,房地产,2021,年度报告,报告期内人民币汇率波动加大，公司通过远期结售汇业务降低了汇兑损失。公司基于云平台搭建协同办公体系，跨区域协作效率提升。公司现金流状况良好，经营活动现金流量净额为5.8亿元，资产负债结构稳健。公司本期新增专利授权11项，累计有效专利56项，技术储备进一步夯实。报告期内公司无重大诉讼仲裁事项，各项经营活动正常开展。原材料价格波动对成本端形成一定压力，公司通过集中采购和套期保值部分对冲了成本上行风险。公司探索区块链技术在产品溯源中的应用，实现全流程信息上链。下半年公司将围绕年度经营计划，重点做好市场开拓、成本控制与人才梯队建设等工作。原材料价格波动对成本端形成一定压力，公司通过集中采购和套期保值部分对冲了成本上行风险。报告期内公司客户结构进一步优化，前五大客户收入占比为41.8%，客户集中度处于合理区间。受行业周期影响，部分产品价格有所回落，公司及时调整销售策略，库存水平保持在合理范围。公司本期新增专利授权11项，累计有效专利56项，技术储备进一步夯实。报告期内公司客户结构进一步优化，前五大客户收入占比为36.9%，客户集中度处于合理区间。,脚本生成演示语料(step0_make_demo_corpus.py),报告期内人民币汇率波动加大，公司通过远期结售汇业务降低了汇兑损失。公司基于云平台搭建协同办公体系，跨区域协作效率提升。公司现金流状况良好，经营活动现金流量净额为5.8亿元，资产负债结构稳健。公司本期新增专利授权11项，累计有效专利56项，技术储备进一步夯实。报告期内公司无重大诉讼仲裁事项，各项经营活动正常开展。原材料价格波动对成本端形成一定压力，公司通过集中采购和套期保值部分对冲了成本上行风险。公司探索区块链技术在产品溯源中的应用，实现全流程信息上链。下半年公司将围绕年度经营计划，重点做好市场开拓、成本控制与人才梯队建设等工作。原材料价格波动对成本端形成一定压力，公司通过集中采购和套期保值部分对冲了成本上行风险。报告期内公司客户结构进一步优化，前五大客户收入占比为41.8%，客户集中度处于合理区间。受行业周期影响，部分产品价格有所回落，公司及时调整销售策略，库存水平保持在合理范围。公司本期新增专利授权11项，累计有效专利56项，技术储备进一步夯实。报告期内公司客户结构进一步优化，前五大客户收入占比为36.9%，客户集中度处于合理区间。,人民币 汇率 波动 加大 远期 结售汇 业务 降低 汇兑 损失 基于 平台 搭建 协同 办公 体系 区域 协作 效率 现金流 状况良好 经营 活动 现金流量 净额 资产负债 结构 稳健 本期 新增 专利 授权 专利 技术储备 夯实 重大 诉讼 仲裁 事项 经营 活动 原材料 价格 波动 成本 形成 一定 压力 集中 采购 套期 保值 对冲 成本 上行 风险 探索 区块链 技术 产品 溯源 应用 流程 信息 下半年 年度 经营 做好 市场 开拓 成本 控制 人才 梯队 建设 原材料 价格 波动 成本 形成 一定 压力 集中 采购 套期 保值 对冲 成本 上行 风险 客户 结构 优化 五大 客户 收入 客户 集中度 处于 合理 区间 行业 周期 影响 产品价格 有所 回落 及时 调整 销售策略 库存 水平 合理 范围 本期 新增 专利 授权 专利 技术储备 夯实 客户 结构 优化 五大 客户 收入 客户 集中度 处于 合理 区间,132
DEMO024,演示DEMO024股份有限公司,房地产,2022,年度报告,公司高度重视安全生产与环境保护，报告期内未发生重大安全事故。公司主要客户为行业龙头企业，合作关系稳定，应收账款回款情况良好。公司积极拓展海外市场，出口业务收入同比增长-6.3%，国际化布局初见成效。公司本期新增专利授权15项，累计有效专利120项，技术储备进一步夯实。公司建立健全内部控制系统，治理结构规范，三会运作正常。公司现金流状况良好，经营活动现金流量净额为3.2亿元，资产负债结构稳健。报告期内，公司获得高新技术企业资质认定，享受相应税收优惠政策。下半年公司将围绕年度经营计划，重点做好市场开拓、成本控制与人才梯队建设等工作。,脚本生成演示语料(step0_make_demo_corpus.py),公司高度重视安全生产与环境保护，报告期内未发生重大安全事故。公司主要客户为行业龙头企业，合作关系稳定，应收账款回款情况良好。公司积极拓展海外市场，出口业务收入同比增长-6.3%，国际化布局初见成效。公司本期新增专利授权15项，累计有效专利120项，技术储备进一步夯实。公司建立健全内部控制系统，治理结构规范，三会运作正常。公司现金流状况良好，经营活动现金流量净额为3.2亿元，资产负债结构稳健。报告期内，公司获得高新技术企业资质认定，享受相应税收优惠政策。下半年公司将围绕年度经营计划，重点做好市场开拓、成本控制与人才梯队建设等工作。,高度重视 安全 生产 环境保护 发生 重大 安全事故 客户 行业龙头 企业 合作 关系 应收 账款 回款 拓展 海外 市场 出口 业务收入 国际化 布局 初见成效 本期 新增 专利 授权 专利 技术储备 夯实 建立健全 内部 控制系统 治理 结构 规范 三会 运作 现金流 状况良好 经营 活动 现金流量 净额 资产负债 结构 稳健 获得 高新技术 企业资质 认定 享受 相应 税收 优惠政策 下半年 年度 经营 做好 市场 开拓 成本 控制 人才 梯队 建设,66
DEMO024,演示DEMO024股份有限公司,房地产,2023,年度报告,公司利用智能合约技术自动执行供应商结算条款。公司开展数据治理体系建设，统一主数据标准，提升数据资产质量。公司现金流状况良好，经营活动现金流量净额为5.8亿元，资产负债结构稳健。下半年公司将围绕年度经营计划，重点做好市场开拓、成本控制与人才梯队建设等工作。报告期内人民币汇率波动加大，公司通过远期结售汇业务降低了汇兑损失。公司建立健全内部控制系统，治理结构规范，三会运作正常。公司持续加大研发投入，研发费用占营业收入比例为2.6%，围绕纺织服装开展技术攻关。公司持续优化产品结构，食品饮料业务占比稳步提升，毛利率较上年持平个百分点。报告期内，公司获得高新技术企业资质认定，享受相应税收优惠政策。报告期内公司客户结构进一步优化，前五大客户收入占比为32.5%，客户集中度处于合理区间。本年度公司人力成本略有上升，管理费用率保持稳定，费用管控成效显现。,脚本生成演示语料(step0_make_demo_corpus.py),公司利用智能合约技术自动执行供应商结算条款。公司开展数据治理体系建设，统一主数据标准，提升数据资产质量。公司现金流状况良好，经营活动现金流量净额为5.8亿元，资产负债结构稳健。下半年公司将围绕年度经营计划，重点做好市场开拓、成本控制与人才梯队建设等工作。报告期内人民币汇率波动加大，公司通过远期结售汇业务降低了汇兑损失。公司建立健全内部控制系统，治理结构规范，三会运作正常。公司持续加大研发投入，研发费用占营业收入比例为2.6%，围绕纺织服装开展技术攻关。公司持续优化产品结构，食品饮料业务占比稳步提升，毛利率较上年持平个百分点。报告期内，公司获得高新技术企业资质认定，享受相应税收优惠政策。报告期内公司客户结构进一步优化，前五大客户收入占比为32.5%，客户集中度处于合理区间。本年度公司人力成本略有上升，管理费用率保持稳定，费用管控成效显现。,利用 智能合约 技术 自动 供应商 结算 条款 数据 治理 体系 建设 统一 数据 标准 数据 资产 质量 现金流 状况良好 经营 活动 现金流量 净额 资产负债 结构 稳健 下半年 年度 经营 做好 市场 开拓 成本 控制 人才 梯队 建设 人民币 汇率 波动 加大 远期 结售汇 业务 降低 汇兑 损失 建立健全 内部 控制系统 治理 结构 规范 三会 运作 持续 加大 研发 投入 研发 费用 营业 收入 比例 纺织 服装 技术 攻关 持续 优化 产品 结构 食品饮料 业务 毛利率 持平 百分点 获得 高新技术 企业资质 认定 享受 相应 税收 优惠政策 客户 结构 优化 五大 客户 收入 客户 集中度 处于 合理 区间 本年度 人力 成本 略有 管理 费用率 保持稳定 费用 管控 成效 显现,107
DEMO024,演示DEMO024股份有限公司,房地产,2024,年度报告,报告期内，公司实现营业收入63.7亿元，同比增长15.2%，主要得益于主营业务产销规模扩大。公司持续加大研发投入，研发费用占营业收入比例为2.6%，围绕食品饮料开展技术攻关。报告期内，公司获得高新技术企业资质认定，享受相应税收优惠政策。公司积极拓展海外市场，出口业务收入同比增长30.5%，国际化布局初见成效。面对市场竞争加剧，公司加大渠道建设力度，经销商数量增加88家，覆盖区域进一步扩大。公司积极拓展海外市场，出口业务收入同比增长18.9%，国际化布局初见成效。公司持续加大研发投入，研发费用占营业收入比例为1.8%，围绕高端装备开展技术攻关。公司开展数据治理体系建设，统一主数据标准，提升数据资产质量。公司数据中心一期建成投用，具备 PB 级数据存储与计算能力。公司引入人工智能技术优化{prod}质检环节，缺陷识别准确率显著提升。报告期内公司客户结构进一步优化，前五大客户收入占比为41.8%，客户集中度处于合理区间。,脚本生成演示语料(step0_make_demo_corpus.py),报告期内，公司实现营业收入63.7亿元，同比增长15.2%，主要得益于主营业务产销规模扩大。公司持续加大研发投入，研发费用占营业收入比例为2.6%，围绕食品饮料开展技术攻关。报告期内，公司获得高新技术企业资质认定，享受相应税收优惠政策。公司积极拓展海外市场，出口业务收入同比增长30.5%，国际化布局初见成效。面对市场竞争加剧，公司加大渠道建设力度，经销商数量增加88家，覆盖区域进一步扩大。公司积极拓展海外市场，出口业务收入同比增长18.9%，国际化布局初见成效。公司持续加大研发投入，研发费用占营业收入比例为1.8%，围绕高端装备开展技术攻关。公司开展数据治理体系建设，统一主数据标准，提升数据资产质量。公司数据中心一期建成投用，具备 PB 级数据存储与计算能力。公司引入人工智能技术优化{prod}质检环节，缺陷识别准确率显著提升。报告期内公司客户结构进一步优化，前五大客户收入占比为41.8%，客户集中度处于合理区间。,营业 收入 得益于 主营业务 产销 规模 扩大 持续 加大 研发 投入 研发 费用 营业 收入 比例 食品饮料 技术 攻关 获得 高新技术 企业资质 认定 享受 相应 税收 优惠政策 拓展 海外 市场 出口 业务收入 国际化 布局 初见成效 面对 市场竞争 加剧 加大 渠道 建设 力度 经销商 数量 覆盖 区域 扩大 拓展 海外 市场 出口 业务收入 国际化 布局 初见成效 持续 加大 研发 投入 研发 费用 营业 收入 比例 高端 装备 技术 攻关 数据 治理 体系 建设 统一 数据 标准 数据 资产 质量 数据中心 一期 建成 投用 具备 PB 数据 存储 计算能力 引入 人工智能 技术 优化 prod 质检 环节 缺陷 识别 准确率 客户 结构 优化 五大 客户 收入 客户 集中度 处于 合理 区间,108
DEMO025,演示DEMO025股份有限公司,农林牧渔,2020,年度报告,公司持续优化产品结构，高端装备业务占比稳步提升，毛利率较上年持平个百分点。公司继续推进产能建设，纺织服装项目一期已投产，预计达产后年新增产能5万吨。公司推动业务流程线上化，无纸化办公覆盖全部业务部门。面对市场竞争加剧，公司加大渠道建设力度，经销商数量增加210家，覆盖区域进一步扩大。公司深耕西南市场，区域市场份额稳中有升，品牌影响力持续增强。报告期内，公司实现营业收入19.3亿元，同比增长22.7%，主要得益于主营业务产销规模扩大。公司深耕西南市场，区域市场份额稳中有升，品牌影响力持续增强。公司深耕东北市场，区域市场份额稳中有升，品牌影响力持续增强。本年度公司人力成本略有上升，管理费用率保持稳定，费用管控成效显现。,脚本生成演示语料(step0_make_demo_corpus.py),公司持续优化产品结构，高端装备业务占比稳步提升，毛利率较上年持平个百分点。公司继续推进产能建设，纺织服装项目一期已投产，预计达产后年新增产能5万吨。公司推动业务流程线上化，无纸化办公覆盖全部业务部门。面对市场竞争加剧，公司加大渠道建设力度，经销商数量增加210家，覆盖区域进一步扩大。公司深耕西南市场，区域市场份额稳中有升，品牌影响力持续增强。报告期内，公司实现营业收入19.3亿元，同比增长22.7%，主要得益于主营业务产销规模扩大。公司深耕西南市场，区域市场份额稳中有升，品牌影响力持续增强。公司深耕东北市场，区域市场份额稳中有升，品牌影响力持续增强。本年度公司人力成本略有上升，管理费用率保持稳定，费用管控成效显现。,持续 优化 产品 结构 高端 装备 业务 毛利率 持平 百分点 产能 建设 纺织 服装 项目 一期 投产 预计 达产 新增 产能 万吨 业务流程 上化 无纸化 办公 覆盖 全部 业务部门 面对 市场竞争 加剧 加大 渠道 建设 力度 经销商 数量 覆盖 区域 扩大 深耕 西南 市场 区域 市场份额 稳中有升 品牌 影响力 持续 增强 营业 收入 得益于 主营业务 产销 规模 扩大 深耕 西南 市场 区域 市场份额 稳中有升 品牌 影响力 持续 增强 深耕 东北 市场 区域 市场份额 稳中有升 品牌 影响力 持续 增强 本年度 人力 成本 略有 管理 费用率 保持稳定 费用 管控 成效 显现,89
DEMO025,演示DEMO025股份有限公司,农林牧渔,2021,年度报告,报告期内人民币汇率波动加大，公司通过远期结售汇业务降低了汇兑损失。公司积极拓展海外市场，出口业务收入同比增长30.5%，国际化布局初见成效。下半年公司将围绕年度经营计划，重点做好市场开拓、成本控制与人才梯队建设等工作。本年度公司人力成本略有上升，管理费用率保持稳定，费用管控成效显现。报告期内公司客户结构进一步优化，前五大客户收入占比为28.3%，客户集中度处于合理区间。报告期内公司无重大诉讼仲裁事项，各项经营活动正常开展。公司持续优化产品结构，纺织服装业务占比稳步提升，毛利率较上年上升1.2个百分点。受行业周期影响，部分产品价格有所回落，公司及时调整销售策略，库存水平保持在合理范围。报告期内人民币汇率波动加大，公司通过远期结售汇业务降低了汇兑损失。报告期内，公司获得高新技术企业资质认定，享受相应税收优惠政策。报告期内，公司实现营业收入12.6亿元，同比增长-1.8%，主要得益于主营业务产销规模扩大。,脚本生成演示语料(step0_make_demo_corpus.py),报告期内人民币汇率波动加大，公司通过远期结售汇业务降低了汇兑损失。公司积极拓展海外市场，出口业务收入同比增长30.5%，国际化布局初见成效。下半年公司将围绕年度经营计划，重点做好市场开拓、成本控制与人才梯队建设等工作。本年度公司人力成本略有上升，管理费用率保持稳定，费用管控成效显现。报告期内公司客户结构进一步优化，前五大客户收入占比为28.3%，客户集中度处于合理区间。报告期内公司无重大诉讼仲裁事项，各项经营活动正常开展。公司持续优化产品结构，纺织服装业务占比稳步提升，毛利率较上年上升1.2个百分点。受行业周期影响，部分产品价格有所回落，公司及时调整销售策略，库存水平保持在合理范围。报告期内人民币汇率波动加大，公司通过远期结售汇业务降低了汇兑损失。报告期内，公司获得高新技术企业资质认定，享受相应税收优惠政策。报告期内，公司实现营业收入12.6亿元，同比增长-1.8%，主要得益于主营业务产销规模扩大。,人民币 汇率 波动 加大 远期 结售汇 业务 降低 汇兑 损失 拓展 海外 市场 出口 业务收入 国际化 布局 初见成效 下半年 年度 经营 做好 市场 开拓 成本 控制 人才 梯队 建设 本年度 人力 成本 略有 管理 费用率 保持稳定 费用 管控 成效 显现 客户 结构 优化 五大 客户 收入 客户 集中度 处于 合理 区间 重大 诉讼 仲裁 事项 经营 活动 持续 优化 产品 结构 纺织 服装 业务 毛利率 百分点 行业 周期 影响 产品价格 有所 回落 及时 调整 销售策略 库存 水平 合理 范围 人民币 汇率 波动 加大 远期 结售汇 业务 降低 汇兑 损失 获得 高新技术 企业资质 认定 享受 相应 税收 优惠政策 营业 收入 得益于 主营业务 产销 规模 扩大,104
DEMO025,演示DEMO025股份有限公司,农林牧渔,2022,年度报告,公司继续推进产能建设，精细化工产品项目一期已投产，预计达产后年新增产能20万吨。公司数据中心一期建成投用，具备 PB 级数据存储与计算能力。受行业周期影响，部分产品价格有所回落，公司及时调整销售策略，库存水平保持在合理范围。原材料价格波动对成本端形成一定压力，公司通过集中采购和套期保值部分对冲了成本上行风险。公司继续推进产能建设，精细化工产品项目一期已投产，预计达产后年新增产能8万吨。本年度公司人力成本略有上升，管理费用率保持稳定，费用管控成效显现。公司高度重视安全生产与环境保护，报告期内未发生重大安全事故。报告期内人民币汇率波动加大，公司通过远期结售汇业务降低了汇兑损失。公司建立健全内部控制系统，治理结构规范，三会运作正常。面对市场竞争加剧，公司加大渠道建设力度，经销商数量增加210家，覆盖区域进一步扩大。,脚本生成演示语料(step0_make_demo_corpus.py),公司继续推进产能建设，精细化工产品项目一期已投产，预计达产后年新增产能20万吨。公司数据中心一期建成投用，具备 PB 级数据存储与计算能力。受行业周期影响，部分产品价格有所回落，公司及时调整销售策略，库存水平保持在合理范围。原材料价格波动对成本端形成一定压力，公司通过集中采购和套期保值部分对冲了成本上行风险。公司继续推进产能建设，精细化工产品项目一期已投产，预计达产后年新增产能8万吨。本年度公司人力成本略有上升，管理费用率保持稳定，费用管控成效显现。公司高度重视安全生产与环境保护，报告期内未发生重大安全事故。报告期内人民币汇率波动加大，公司通过远期结售汇业务降低了汇兑损失。公司建立健全内部控制系统，治理结构规范，三会运作正常。面对市场竞争加剧，公司加大渠道建设力度，经销商数量增加210家，覆盖区域进一步扩大。,产能 建设 精细化工 产品 项目 一期 投产 预计 达产 新增 产能 万吨 数据中心 一期 建成 投用 具备 PB 数据 存储 计算能力 行业 周期 影响 产品价格 有所 回落 及时 调整 销售策略 库存 水平 合理 范围 原材料 价格 波动 成本 形成 一定 压力 集中 采购 套期 保值 对冲 成本 上行 风险 产能 建设 精细化工 产品 项目 一期 投产 预计 达产 新增 产能 万吨 本年度 人力 成本 略有 管理 费用率 保持稳定 费用 管控 成效 显现 高度重视 安全 生产 环境保护 发生 重大 安全事故 人民币 汇率 波动 加大 远期 结售汇 业务 降低 汇兑 损失 建立健全 内部 控制系统 治理 结构 规范 三会 运作 面对 市场竞争 加剧 加大 渠道 建设 力度 经销商 数量 覆盖 区域 扩大,109
DEMO025,演示DEMO025股份有限公司,农林牧渔,2023,年度报告,本年度公司人力成本略有上升，管理费用率保持稳定，费用管控成效显现。公司部署机器学习算法对销售数据进行需求预测，库存周转效率明显改善。公司主要客户为行业龙头企业，合作关系稳定，应收账款回款情况良好。公司上线智能排产系统，通过智能算法优化生产计划排程。报告期内，公司实现营业收入63.7亿元，同比增长22.7%，主要得益于主营业务产销规模扩大。公司继续推进产能建设，食品饮料项目一期已投产，预计达产后年新增产能12万吨。公司现金流状况良好，经营活动现金流量净额为8.7亿元，资产负债结构稳健。公司现金流状况良好，经营活动现金流量净额为12.4亿元，资产负债结构稳健。公司主要客户为行业龙头企业，合作关系稳定，应收账款回款情况良好。公司主要客户为行业龙头企业，合作关系稳定，应收账款回款情况良好。公司高度重视安全生产与环境保护，报告期内未发生重大安全事故。公司继续推进产能建设，精细化工产品项目一期已投产，预计达产后年新增产能8万吨。,脚本生成演示语料(step0_make_demo_corpus.py),本年度公司人力成本略有上升，管理费用率保持稳定，费用管控成效显现。公司部署机器学习算法对销售数据进行需求预测，库存周转效率明显改善。公司主要客户为行业龙头企业，合作关系稳定，应收账款回款情况良好。公司上线智能排产系统，通过智能算法优化生产计划排程。报告期内，公司实现营业收入63.7亿元，同比增长22.7%，主要得益于主营业务产销规模扩大。公司继续推进产能建设，食品饮料项目一期已投产，预计达产后年新增产能12万吨。公司现金流状况良好，经营活动现金流量净额为8.7亿元，资产负债结构稳健。公司现金流状况良好，经营活动现金流量净额为12.4亿元，资产负债结构稳健。公司主要客户为行业龙头企业，合作关系稳定，应收账款回款情况良好。公司主要客户为行业龙头企业，合作关系稳定，应收账款回款情况良好。公司高度重视安全生产与环境保护，报告期内未发生重大安全事故。公司继续推进产能建设，精细化工产品项目一期已投产，预计达产后年新增产能8万吨。,本年度 人力 成本 略有 管理 费用率 保持稳定 费用 管控 成效 显现 部署 机器学习 算法 销售 数据 需求预测 库存 周转 效率 明显改善 客户 行业龙头 企业 合作 关系 应收 账款 回款 上线 智能 排产 系统 智能算法 优化 生产 排程 营业 收入 得益于 主营业务 产销 规模 扩大 产能 建设 食品饮料 项目 一期 投产 预计 达产 新增 产能 万吨 现金流 状况良好 经营 活动 现金流量 净额 资产负债 结构 稳健 现金流 状况良好 经营 活动 现金流量 净额 资产负债 结构 稳健 客户 行业龙头 企业 合作 关系 应收 账款 回款 客户 行业龙头 企业 合作 关系 应收 账款 回款 高度重视 安全 生产 环境保护 发生 重大 安全事故 产能 建设 精细化工 产品 项目 一期 投产 预计 达产 新增 产能 万吨,108
DEMO025,演示DEMO025股份有限公司,农林牧渔,2024,年度报告,公司建立健全内部控制系统，治理结构规范，三会运作正常。报告期内，公司获得高新技术企业资质认定，享受相应税收优惠政策。公司继续推进产能建设，食品饮料项目一期已投产，预计达产后年新增产能5万吨。下半年公司将围绕年度经营计划，重点做好市场开拓、成本控制与人才梯队建设等工作。面对市场竞争加剧，公司加大渠道建设力度，经销商数量增加36家，覆盖区域进一步扩大。本年度公司人力成本略有上升，管理费用率保持稳定，费用管控成效显现。公司深耕华东市场，区域市场份额稳中有升，品牌影响力持续增强。公司开展数据治理体系建设，统一主数据标准，提升数据资产质量。报告期内，公司实现营业收入12.6亿元，同比增长8.5%，主要得益于主营业务产销规模扩大。公司持续优化产品结构，精细化工产品业务占比稳步提升，毛利率较上年下降0.8个百分点。报告期内，公司获得高新技术企业资质认定，享受相应税收优惠政策。,脚本生成演示语料(step0_make_demo_corpus.py),公司建立健全内部控制系统，治理结构规范，三会运作正常。报告期内，公司获得高新技术企业资质认定，享受相应税收优惠政策。公司继续推进产能建设，食品饮料项目一期已投产，预计达产后年新增产能5万吨。下半年公司将围绕年度经营计划，重点做好市场开拓、成本控制与人才梯队建设等工作。面对市场竞争加剧，公司加大渠道建设力度，经销商数量增加36家，覆盖区域进一步扩大。本年度公司人力成本略有上升，管理费用率保持稳定，费用管控成效显现。公司深耕华东市场，区域市场份额稳中有升，品牌影响力持续增强。公司开展数据治理体系建设，统一主数据标准，提升数据资产质量。报告期内，公司实现营业收入12.6亿元，同比增长8.5%，主要得益于主营业务产销规模扩大。公司持续优化产品结构，精细化工产品业务占比稳步提升，毛利率较上年下降0.8个百分点。报告期内，公司获得高新技术企业资质认定，享受相应税收优惠政策。,建立健全 内部 控制系统 治理 结构 规范 三会 运作 获得 高新技术 企业资质 认定 享受 相应 税收 优惠政策 产能 建设 食品饮料 项目 一期 投产 预计 达产 新增 产能 万吨 下半年 年度 经营 做好 市场 开拓 成本 控制 人才 梯队 建设 面对 市场竞争 加剧 加大 渠道 建设 力度 经销商 数量 覆盖 区域 扩大 本年度 人力 成本 略有 管理 费用率 保持稳定 费用 管控 成效 显现 深耕 华东 市场 区域 市场份额 稳中有升 品牌 影响力 持续 增强 数据 治理 体系 建设 统一 数据 标准 数据 资产 质量 营业 收入 得益于 主营业务 产销 规模 扩大 持续 优化 产品 结构 精细化工 产品 业务 毛利率 百分点 获得 高新技术 企业资质 认定 享受 相应 税收 优惠政策,105
DEMO026,演示DEMO026股份有限公司,信息技术,2020,年度报告,公司建立健全内部控制系统，治理结构规范，三会运作正常。公司构建智慧物流体系，仓储分拣自动化水平显著提高。公司参与行业区块链联盟，推动供应链单证电子化与可信流转。公司推进经营管理信息化，上线新一代ERP系统实现业财一体。受行业周期影响，部分产品价格有所回落，公司及时调整销售策略，库存水平保持在合理范围。公司推进计算机视觉技术在生产线上的应用，实现关键工序自动检测。公司建设大数据平台，整合生产、销售与供应链数据，支撑经营决策。公司持续优化产品结构，食品饮料业务占比稳步提升，毛利率较上年持平个百分点。公司探索区块链技术在产品溯源中的应用，实现全流程信息上链。公司持续加大研发投入，研发费用占营业收入比例为5.1%，围绕建材开展技术攻关。公司建设工业互联网平台，实现设备联网与远程运维。公司推进计算机视觉技术在生产线上的应用，实现关键工序自动检测。公司与高校联合开展深度学习算法研究，赋能产品智能设计。公司推进经营管理信息化，上线新一代ERP系统实现业财一体。公司基于云平台搭建协同办公体系，跨区域协作效率提升。公司继续推进产能建设，精细化工产品项目一期已投产，预计达产后年新增产能20万吨。报告期内，公司实现营业收入12.6亿元，同比增长-1.8%，主要得益于主营业务产销规模扩大。公司部署机器学习算法对销售数据进行需求预测，库存周转效率明显改善。公司利用智能合约技术自动执行供应商结算条款。公司构建智慧物流体系，仓储分拣自动化水平显著提高。公司构建经营分析数据仓库，管理层可实时查看核心经营指标。受行业周期影响，部分产品价格有所回落，公司及时调整销售策略，库存水平保持在合理范围。公司积极拓展海外市场，出口业务收入同比增长18.9%，国际化布局初见成效。公司制定数字化转型规划，成立数字化管理委员会统筹推进。本年度公司人力成本略有上升，管理费用率保持稳定，费用管控成效显现。公司试点数字人民币结算场景，丰富收款渠道。公司采购云服务替代传统服务器部署，系统上线周期大幅缩短。公司建设大数据平台，整合生产、销售与供应链数据，支撑经营决策。公司与高校联合开展深度学习算法研究，赋能产品智能设计。,脚本生成演示语料(step0_make_demo_corpus.py),公司建立健全内部控制系统，治理结构规范，三会运作正常。公司构建智慧物流体系，仓储分拣自动化水平显著提高。公司参与行业区块链联盟，推动供应链单证电子化与可信流转。公司推进经营管理信息化，上线新一代ERP系统实现业财一体。受行业周期影响，部分产品价格有所回落，公司及时调整销售策略，库存水平保持在合理范围。公司推进计算机视觉技术在生产线上的应用，实现关键工序自动检测。公司建设大数据平台，整合生产、销售与供应链数据，支撑经营决策。公司持续优化产品结构，食品饮料业务占比稳步提升，毛利率较上年持平个百分点。公司探索区块链技术在产品溯源中的应用，实现全流程信息上链。公司持续加大研发投入，研发费用占营业收入比例为5.1%，围绕建材开展技术攻关。公司建设工业互联网平台，实现设备联网与远程运维。公司推进计算机视觉技术在生产线上的应用，实现关键工序自动检测。公司与高校联合开展深度学习算法研究，赋能产品智能设计。公司推进经营管理信息化，上线新一代ERP系统实现业财一体。公司基于云平台搭建协同办公体系，跨区域协作效率提升。公司继续推进产能建设，精细化工产品项目一期已投产，预计达产后年新增产能20万吨。报告期内，公司实现营业收入12.6亿元，同比增长-1.8%，主要得益于主营业务产销规模扩大。公司部署机器学习算法对销售数据进行需求预测，库存周转效率明显改善。公司利用智能合约技术自动执行供应商结算条款。公司构建智慧物流体系，仓储分拣自动化水平显著提高。公司构建经营分析数据仓库，管理层可实时查看核心经营指标。受行业周期影响，部分产品价格有所回落，公司及时调整销售策略，库存水平保持在合理范围。公司积极拓展海外市场，出口业务收入同比增长18.9%，国际化布局初见成效。公司制定数字化转型规划，成立数字化管理委员会统筹推进。本年度公司人力成本略有上升，管理费用率保持稳定，费用管控成效显现。公司试点数字人民币结算场景，丰富收款渠道。公司采购云服务替代传统服务器部署，系统上线周期大幅缩短。公司建设大数据平台，整合生产、销售与供应链数据，支撑经营决策。公司与高校联合开展深度学习算法研究，赋能产品智能设计。,建立健全 内部 控制系统 治理 结构 规范 三会 运作 构建 智慧物流 体系 仓储 分拣 自动化 水平 参与 行业 区块链 联盟 供应链 单证 电子化 可信 流转 经营 管理 信息化 上线 新一代 ERP 系统 业财一体 行业 周期 影响 产品价格 有所 回落 及时 调整 销售策略 库存 水平 合理 范围 计算机视觉 技术 生产线 应用 关键 工序 自动检测 建设 大数据 平台 整合 生产 销售 供应链 数据 支撑 经营 决策 持续 优化 产品 结构 食品饮料 业务 毛利率 持平 百分点 探索 区块链 技术 产品 溯源 应用 流程 信息 持续 加大 研发 投入 研发 费用 营业 收入 比例 建材 技术 攻关 建设 工业互联网 平台 设备 联网 远程 运维 计算机视觉 技术 生产线 应用 关键 工序 自动检测 高校 联合 深度学习 算法 研究 赋能 产品 智能 设计 经营 管理 信息化 上线 新一代 ERP 系统 业财一体 基于 平台 搭建 协同 办公 体系 区域 协作 效率 产能 建设 精细化工 产品 项目 一期 投产 预计 达产 新增 产能 万吨 营业 收入 得益于 主营业务 产销 规模 扩大 部署 机器学习 算法 销售 数据 需求预测 库存 周转 效率 明显改善 利用 智能合约 技术 自动 供应商 结算 条款 构建 智慧物流 体系 仓储 分拣 自动化 水平 构建 经营 分析 数据仓库 管理层 实时 查看 核心 经营 指标 行业 周期 影响 产品价格 有所 回落 及时 调整 销售策略 库存 水平 合理 范围 拓展 海外 市场 出口 业务收入 国际化 布局 初见成效 制定 数字化转型 规划 成立 数字化 管理 委员会 统筹 本年度 人力 成本 略有 管理 费用率 保持稳定 费用 管控 成效 显现 试点 数字人民币 结算 场景 丰富 收款 渠道 采购 服务 替代 传统 服务器 部署 系统 上线 周期 大幅 缩短 建设 大数据 平台 整合 生产 销售 供应链 数据 支撑 经营 决策 高校 联合 深度学习 算法 研究 赋能 产品 智能 设计,263
DEMO026,演示DEMO026股份有限公司,信息技术,2021,年度报告,报告期内公司客户结构进一步优化，前五大客户收入占比为55.1%，客户集中度处于合理区间。公司开展数据治理体系建设，统一主数据标准，提升数据资产质量。面对市场竞争加剧，公司加大渠道建设力度，经销商数量增加36家，覆盖区域进一步扩大。公司引入人工智能技术优化{prod}质检环节，缺陷识别准确率显著提升。公司与高校联合开展深度学习算法研究，赋能产品智能设计。公司持续加大研发投入，研发费用占营业收入比例为3.2%，围绕建材开展技术攻关。公司与高校联合开展深度学习算法研究，赋能产品智能设计。报告期内公司客户结构进一步优化，前五大客户收入占比为41.8%，客户集中度处于合理区间。公司建设智能客服系统，应用自然语言处理技术实现工单自动分类。报告期内，公司实现营业收入28.4亿元，同比增长-1.8%，主要得益于主营业务产销规模扩大。公司运用数据挖掘技术分析客户行为，实现精准营销。下半年公司将围绕年度经营计划，重点做好市场开拓、成本控制与人才梯队建设等工作。报告期内，公司获得高新技术企业资质认定，享受相应税收优惠政策。下半年公司将围绕年度经营计划，重点做好市场开拓、成本控制与人才梯队建设等工作。公司构建经营分析数据仓库，管理层可实时查看核心经营指标。公司与高校联合开展深度学习算法研究，赋能产品智能设计。公司基于云平台搭建协同办公体系，跨区域协作效率提升。公司建立健全内部控制系统，治理结构规范，三会运作正常。公司推进计算机视觉技术在生产线上的应用，实现关键工序自动检测。公司数据中心一期建成投用，具备 PB 级数据存储与计算能力。公司评估公有云与私有云方案，逐步构建统一算力资源池。公司数据中心一期建成投用，具备 PB 级数据存储与计算能力。,脚本生成演示语料(step0_make_demo_corpus.py),报告期内公司客户结构进一步优化，前五大客户收入占比为55.1%，客户集中度处于合理区间。公司开展数据治理体系建设，统一主数据标准，提升数据资产质量。面对市场竞争加剧，公司加大渠道建设力度，经销商数量增加36家，覆盖区域进一步扩大。公司引入人工智能技术优化{prod}质检环节，缺陷识别准确率显著提升。公司与高校联合开展深度学习算法研究，赋能产品智能设计。公司持续加大研发投入，研发费用占营业收入比例为3.2%，围绕建材开展技术攻关。公司与高校联合开展深度学习算法研究，赋能产品智能设计。报告期内公司客户结构进一步优化，前五大客户收入占比为41.8%，客户集中度处于合理区间。公司建设智能客服系统，应用自然语言处理技术实现工单自动分类。报告期内，公司实现营业收入28.4亿元，同比增长-1.8%，主要得益于主营业务产销规模扩大。公司运用数据挖掘技术分析客户行为，实现精准营销。下半年公司将围绕年度经营计划，重点做好市场开拓、成本控制与人才梯队建设等工作。报告期内，公司获得高新技术企业资质认定，享受相应税收优惠政策。下半年公司将围绕年度经营计划，重点做好市场开拓、成本控制与人才梯队建设等工作。公司构建经营分析数据仓库，管理层可实时查看核心经营指标。公司与高校联合开展深度学习算法研究，赋能产品智能设计。公司基于云平台搭建协同办公体系，跨区域协作效率提升。公司建立健全内部控制系统，治理结构规范，三会运作正常。公司推进计算机视觉技术在生产线上的应用，实现关键工序自动检测。公司数据中心一期建成投用，具备 PB 级数据存储与计算能力。公司评估公有云与私有云方案，逐步构建统一算力资源池。公司数据中心一期建成投用，具备 PB 级数据存储与计算能力。,客户 结构 优化 五大 客户 收入 客户 集中度 处于 合理 区间 数据 治理 体系 建设 统一 数据 标准 数据 资产 质量 面对 市场竞争 加剧 加大 渠道 建设 力度 经销商 数量 覆盖 区域 扩大 引入 人工智能 技术 优化 prod 质检 环节 缺陷 识别 准确率 高校 联合 深度学习 算法 研究 赋能 产品 智能 设计 持续 加大 研发 投入 研发 费用 营业 收入 比例 建材 技术 攻关 高校 联合 深度学习 算法 研究 赋能 产品 智能 设计 客户 结构 优化 五大 客户 收入 客户 集中度 处于 合理 区间 建设 智能 客服 系统 应用 自然语言处理 技术 工单 自动 分类 营业 收入 得益于 主营业务 产销 规模 扩大 运用 数据挖掘 技术 分析 客户 行为 精准 营销 下半年 年度 经营 做好 市场 开拓 成本 控制 人才 梯队 建设 获得 高新技术 企业资质 认定 享受 相应 税收 优惠政策 下半年 年度 经营 做好 市场 开拓 成本 控制 人才 梯队 建设 构建 经营 分析 数据仓库 管理层 实时 查看 核心 经营 指标 高校 联合 深度学习 算法 研究 赋能 产品 智能 设计 基于 平台 搭建 协同 办公 体系 区域 协作 效率 建立健全 内部 控制系统 治理 结构 规范 三会 运作 计算机视觉 技术 生产线 应用 关键 工序 自动检测 数据中心 一期 建成 投用 具备 PB 数据 存储 计算能力 评估 公有 私有 方案 逐步 构建 统一 算力 资源 数据中心 一期 建成 投用 具备 PB 数据 存储 计算能力,209
DEMO026,演示DEMO026股份有限公司,信息技术,2022,年度报告,公司深耕东北市场，区域市场份额稳中有升，品牌影响力持续增强。公司推进智能制造升级，数字化车间已通过省级认定。公司建设智能客服系统，应用自然语言处理技术实现工单自动分类。下半年公司将围绕年度经营计划，重点做好市场开拓、成本控制与人才梯队建设等工作。公司利用智能合约技术自动执行供应商结算条款。公司成立数据中台团队，推动业务数据化、数据业务化。公司建设大数据平台，整合生产、销售与供应链数据，支撑经营决策。公司推进计算机视觉技术在生产线上的应用，实现关键工序自动检测。公司推进智能制造升级，数字化车间已通过省级认定。公司建立健全内部控制系统，治理结构规范，三会运作正常。公司成立数据中台团队，推动业务数据化、数据业务化。公司建设大数据平台，整合生产、销售与供应链数据，支撑经营决策。公司推动业务流程线上化，无纸化办公覆盖全部业务部门。报告期内人民币汇率波动加大，公司通过远期结售汇业务降低了汇兑损失。报告期内，公司获得高新技术企业资质认定，享受相应税收优惠政策。公司继续推进产能建设，电子元器件项目一期已投产，预计达产后年新增产能8万吨。公司探索区块链技术在产品溯源中的应用，实现全流程信息上链。公司引入人工智能技术优化{prod}质检环节，缺陷识别准确率显著提升。报告期内，公司实现营业收入19.3亿元，同比增长8.5%，主要得益于主营业务产销规模扩大。公司引入人工智能技术优化{prod}质检环节，缺陷识别准确率显著提升。面对市场竞争加剧，公司加大渠道建设力度，经销商数量增加88家，覆盖区域进一步扩大。报告期内，公司实现营业收入63.7亿元，同比增长-3.1%，主要得益于主营业务产销规模扩大。公司引入人工智能技术优化{prod}质检环节，缺陷识别准确率显著提升。下半年公司将围绕年度经营计划，重点做好市场开拓、成本控制与人才梯队建设等工作。公司建设智能客服系统，应用自然语言处理技术实现工单自动分类。,脚本生成演示语料(step0_make_demo_corpus.py),公司深耕东北市场，区域市场份额稳中有升，品牌影响力持续增强。公司推进智能制造升级，数字化车间已通过省级认定。公司建设智能客服系统，应用自然语言处理技术实现工单自动分类。下半年公司将围绕年度经营计划，重点做好市场开拓、成本控制与人才梯队建设等工作。公司利用智能合约技术自动执行供应商结算条款。公司成立数据中台团队，推动业务数据化、数据业务化。公司建设大数据平台，整合生产、销售与供应链数据，支撑经营决策。公司推进计算机视觉技术在生产线上的应用，实现关键工序自动检测。公司推进智能制造升级，数字化车间已通过省级认定。公司建立健全内部控制系统，治理结构规范，三会运作正常。公司成立数据中台团队，推动业务数据化、数据业务化。公司建设大数据平台，整合生产、销售与供应链数据，支撑经营决策。公司推动业务流程线上化，无纸化办公覆盖全部业务部门。报告期内人民币汇率波动加大，公司通过远期结售汇业务降低了汇兑损失。报告期内，公司获得高新技术企业资质认定，享受相应税收优惠政策。公司继续推进产能建设，电子元器件项目一期已投产，预计达产后年新增产能8万吨。公司探索区块链技术在产品溯源中的应用，实现全流程信息上链。公司引入人工智能技术优化{prod}质检环节，缺陷识别准确率显著提升。报告期内，公司实现营业收入19.3亿元，同比增长8.5%，主要得益于主营业务产销规模扩大。公司引入人工智能技术优化{prod}质检环节，缺陷识别准确率显著提升。面对市场竞争加剧，公司加大渠道建设力度，经销商数量增加88家，覆盖区域进一步扩大。报告期内，公司实现营业收入63.7亿元，同比增长-3.1%，主要得益于主营业务产销规模扩大。公司引入人工智能技术优化{prod}质检环节，缺陷识别准确率显著提升。下半年公司将围绕年度经营计划，重点做好市场开拓、成本控制与人才梯队建设等工作。公司建设智能客服系统，应用自然语言处理技术实现工单自动分类。,深耕 东北 市场 区域 市场份额 稳中有升 品牌 影响力 持续 增强 智能制造 升级 数字化 车间 省级 认定 建设 智能 客服 系统 应用 自然语言处理 技术 工单 自动 分类 下半年 年度 经营 做好 市场 开拓 成本 控制 人才 梯队 建设 利用 智能合约 技术 自动 供应商 结算 条款 成立 数据中台 团队 业务 数据 数据业务 建设 大数据 平台 整合 生产 销售 供应链 数据 支撑 经营 决策 计算机视觉 技术 生产线 应用 关键 工序 自动检测 智能制造 升级 数字化 车间 省级 认定 建立健全 内部 控制系统 治理 结构 规范 三会 运作 成立 数据中台 团队 业务 数据 数据业务 建设 大数据 平台 整合 生产 销售 供应链 数据 支撑 经营 决策 业务流程 上化 无纸化 办公 覆盖 全部 业务部门 人民币 汇率 波动 加大 远期 结售汇 业务 降低 汇兑 损失 获得 高新技术 企业资质 认定 享受 相应 税收 优惠政策 产能 建设 电子 元器件 项目 一期 投产 预计 达产 新增 产能 万吨 探索 区块链 技术 产品 溯源 应用 流程 信息 引入 人工智能 技术 优化 prod 质检 环节 缺陷 识别 准确率 营业 收入 得益于 主营业务 产销 规模 扩大 引入 人工智能 技术 优化 prod 质检 环节 缺陷 识别 准确率 面对 市场竞争 加剧 加大 渠道 建设 力度 经销商 数量 覆盖 区域 扩大 营业 收入 得益于 主营业务 产销 规模 扩大 引入 人工智能 技术 优化 prod 质检 环节 缺陷 识别 准确率 下半年 年度 经营 做好 市场 开拓 成本 控制 人才 梯队 建设 建设 智能 客服 系统 应用 自然语言处理 技术 工单 自动 分类,221
DEMO026,演示DEMO026股份有限公司,信息技术,2023,年度报告,公司参与行业区块链联盟，推动供应链单证电子化与可信流转。公司建设大数据平台，整合生产、销售与供应链数据，支撑经营决策。公司核心业务系统迁移上云，采用混合云架构降低IT运维成本。公司部署机器学习算法对销售数据进行需求预测，库存周转效率明显改善。公司上线智能排产系统，通过智能算法优化生产计划排程。公司本期新增专利授权8项，累计有效专利85项，技术储备进一步夯实。公司运用数据挖掘技术分析客户行为，实现精准营销。公司上线智能排产系统，通过智能算法优化生产计划排程。本年度公司人力成本略有上升，管理费用率保持稳定，费用管控成效显现。公司试点数字人民币结算场景，丰富收款渠道。公司发展电子商务业务，线上渠道收入占比持续提升。公司数据中心一期建成投用，具备 PB 级数据存储与计算能力。报告期内，公司实现营业收入8.9亿元，同比增长-1.8%，主要得益于主营业务产销规模扩大。公司引入边缘计算设备，实现车间数据的就地处理与实时回传。公司制定数字化转型规划，成立数字化管理委员会统筹推进。公司利用智能合约技术自动执行供应商结算条款。公司积极拓展海外市场，出口业务收入同比增长12.1%，国际化布局初见成效。下半年公司将围绕年度经营计划，重点做好市场开拓、成本控制与人才梯队建设等工作。公司上线智能排产系统，通过智能算法优化生产计划排程。公司探索区块链技术在产品溯源中的应用，实现全流程信息上链。公司应用数字孪生技术对重点产线进行虚拟建模与仿真优化。公司持续加大研发投入，研发费用占营业收入比例为3.2%，围绕食品饮料开展技术攻关。报告期内公司无重大诉讼仲裁事项，各项经营活动正常开展。公司深耕华北市场，区域市场份额稳中有升，品牌影响力持续增强。公司高度重视安全生产与环境保护，报告期内未发生重大安全事故。公司现金流状况良好，经营活动现金流量净额为8.7亿元，资产负债结构稳健。公司制定数字化转型规划，成立数字化管理委员会统筹推进。公司持续加大研发投入，研发费用占营业收入比例为1.8%，围绕高端装备开展技术攻关。公司制定数字化转型规划，成立数字化管理委员会统筹推进。公司利用智能合约技术自动执行供应商结算条款。公司数据中心一期建成投用，具备 PB 级数据存储与计算能力。公司推进智能制造升级，数字化车间已通过省级认定。公司现金流状况良好，经营活动现金流量净额为12.4亿元，资产负债结构稳健。公司构建经营分析数据仓库，管理层可实时查看核心经营指标。公司建设智能客服系统，应用自然语言处理技术实现工单自动分类。公司成立数据中台团队，推动业务数据化、数据业务化。公司引入边缘计算设备，实现车间数据的就地处理与实时回传。,脚本生成演示语料(step0_make_demo_corpus.py),公司参与行业区块链联盟，推动供应链单证电子化与可信流转。公司建设大数据平台，整合生产、销售与供应链数据，支撑经营决策。公司核心业务系统迁移上云，采用混合云架构降低IT运维成本。公司部署机器学习算法对销售数据进行需求预测，库存周转效率明显改善。公司上线智能排产系统，通过智能算法优化生产计划排程。公司本期新增专利授权8项，累计有效专利85项，技术储备进一步夯实。公司运用数据挖掘技术分析客户行为，实现精准营销。公司上线智能排产系统，通过智能算法优化生产计划排程。本年度公司人力成本略有上升，管理费用率保持稳定，费用管控成效显现。公司试点数字人民币结算场景，丰富收款渠道。公司发展电子商务业务，线上渠道收入占比持续提升。公司数据中心一期建成投用，具备 PB 级数据存储与计算能力。报告期内，公司实现营业收入8.9亿元，同比增长-1.8%，主要得益于主营业务产销规模扩大。公司引入边缘计算设备，实现车间数据的就地处理与实时回传。公司制定数字化转型规划，成立数字化管理委员会统筹推进。公司利用智能合约技术自动执行供应商结算条款。公司积极拓展海外市场，出口业务收入同比增长12.1%，国际化布局初见成效。下半年公司将围绕年度经营计划，重点做好市场开拓、成本控制与人才梯队建设等工作。公司上线智能排产系统，通过智能算法优化生产计划排程。公司探索区块链技术在产品溯源中的应用，实现全流程信息上链。公司应用数字孪生技术对重点产线进行虚拟建模与仿真优化。公司持续加大研发投入，研发费用占营业收入比例为3.2%，围绕食品饮料开展技术攻关。报告期内公司无重大诉讼仲裁事项，各项经营活动正常开展。公司深耕华北市场，区域市场份额稳中有升，品牌影响力持续增强。公司高度重视安全生产与环境保护，报告期内未发生重大安全事故。公司现金流状况良好，经营活动现金流量净额为8.7亿元，资产负债结构稳健。公司制定数字化转型规划，成立数字化管理委员会统筹推进。公司持续加大研发投入，研发费用占营业收入比例为1.8%，围绕高端装备开展技术攻关。公司制定数字化转型规划，成立数字化管理委员会统筹推进。公司利用智能合约技术自动执行供应商结算条款。公司数据中心一期建成投用，具备 PB 级数据存储与计算能力。公司推进智能制造升级，数字化车间已通过省级认定。公司现金流状况良好，经营活动现金流量净额为12.4亿元，资产负债结构稳健。公司构建经营分析数据仓库，管理层可实时查看核心经营指标。公司建设智能客服系统，应用自然语言处理技术实现工单自动分类。公司成立数据中台团队，推动业务数据化、数据业务化。公司引入边缘计算设备，实现车间数据的就地处理与实时回传。,参与 行业 区块链 联盟 供应链 单证 电子化 可信 流转 建设 大数据 平台 整合 生产 销售 供应链 数据 支撑 经营 决策 核心 业务 系统 迁移 上云 采用 混合 架构 降低 IT 运维 成本 部署 机器学习 算法 销售 数据 需求预测 库存 周转 效率 明显改善 上线 智能 排产 系统 智能算法 优化 生产 排程 本期 新增 专利 授权 专利 技术储备 夯实 运用 数据挖掘 技术 分析 客户 行为 精准 营销 上线 智能 排产 系统 智能算法 优化 生产 排程 本年度 人力 成本 略有 管理 费用率 保持稳定 费用 管控 成效 显现 试点 数字人民币 结算 场景 丰富 收款 渠道 发展 电子商务 业务 线上 渠道 收入 持续 数据中心 一期 建成 投用 具备 PB 数据 存储 计算能力 营业 收入 得益于 主营业务 产销 规模 扩大 引入 边缘计算 设备 车间 数据 处理 实时 回传 制定 数字化转型 规划 成立 数字化 管理 委员会 统筹 利用 智能合约 技术 自动 供应商 结算 条款 拓展 海外 市场 出口 业务收入 国际化 布局 初见成效 下半年 年度 经营 做好 市场 开拓 成本 控制 人才 梯队 建设 上线 智能 排产 系统 智能算法 优化 生产 排程 探索 区块链 技术 产品 溯源 应用 流程 信息 应用 数字孪生 技术 产线 虚拟 建模 仿真 优化 持续 加大 研发 投入 研发 费用 营业 收入 比例 食品饮料 技术 攻关 重大 诉讼 仲裁 事项 经营 活动 深耕 华北 市场 区域 市场份额 稳中有升 品牌 影响力 持续 增强 高度重视 安全 生产 环境保护 发生 重大 安全事故 现金流 状况良好 经营 活动 现金流量 净额 资产负债 结构 稳健 制定 数字化转型 规划 成立 数字化 管理 委员会 统筹 持续 加大 研发 投入 研发 费用 营业 收入 比例 高端 装备 技术 攻关 制定 数字化转型 规划 成立 数字化 管理 委员会 统筹 利用 智能合约 技术 自动 供应商 结算 条款 数据中心 一期 建成 投用 具备 PB 数据 存储 计算能力 智能制造 升级 数字化 车间 省级 认定 现金流 状况良好 经营 活动 现金流量 净额 资产负债 结构 稳健 构建 经营 分析 数据仓库 管理层 实时 查看 核心 经营 指标 建设 智能 客服 系统 应用 自然语言处理 技术 工单 自动 分类 成立 数据中台 团队 业务 数据 数据业务 引入 边缘计算 设备 车间 数据 处理 实时 回传,318
DEMO026,演示DEMO026股份有限公司,信息技术,2024,年度报告,面对市场竞争加剧，公司加大渠道建设力度，经销商数量增加88家，覆盖区域进一步扩大。公司核心业务系统迁移上云，采用混合云架构降低IT运维成本。公司基于云平台搭建协同办公体系，跨区域协作效率提升。公司引入人工智能技术优化{prod}质检环节，缺陷识别准确率显著提升。公司试点数字人民币结算场景，丰富收款渠道。公司现金流状况良好，经营活动现金流量净额为1.5亿元，资产负债结构稳健。公司主要客户为行业龙头企业，合作关系稳定，应收账款回款情况良好。公司上线智能排产系统，通过智能算法优化生产计划排程。公司部署机器学习算法对销售数据进行需求预测，库存周转效率明显改善。公司发展电子商务业务，线上渠道收入占比持续提升。公司持续优化产品结构，建材业务占比稳步提升，毛利率较上年下降1.5个百分点。报告期内公司无重大诉讼仲裁事项，各项经营活动正常开展。公司部署机器学习算法对销售数据进行需求预测，库存周转效率明显改善。公司建设工业互联网平台，实现设备联网与远程运维。公司推进计算机视觉技术在生产线上的应用，实现关键工序自动检测。公司持续优化产品结构，高端装备业务占比稳步提升，毛利率较上年上升1.2个百分点。公司运用数据挖掘技术分析客户行为，实现精准营销。公司探索区块链技术在产品溯源中的应用，实现全流程信息上链。公司发展电子商务业务，线上渠道收入占比持续提升。公司采购云服务替代传统服务器部署，系统上线周期大幅缩短。公司上线智能排产系统，通过智能算法优化生产计划排程。公司深耕东北市场，区域市场份额稳中有升，品牌影响力持续增强。公司制定数字化转型规划，成立数字化管理委员会统筹推进。公司核心业务系统迁移上云，采用混合云架构降低IT运维成本。公司探索区块链技术在产品溯源中的应用，实现全流程信息上链。公司引入边缘计算设备，实现车间数据的就地处理与实时回传。公司探索区块链技术在产品溯源中的应用，实现全流程信息上链。公司引入边缘计算设备，实现车间数据的就地处理与实时回传。公司高度重视安全生产与环境保护，报告期内未发生重大安全事故。报告期内人民币汇率波动加大，公司通过远期结售汇业务降低了汇兑损失。公司参与行业区块链联盟，推动供应链单证电子化与可信流转。公司研究基于分布式账本的对账机制，降低交易核对成本。,脚本生成演示语料(step0_make_demo_corpus.py),面对市场竞争加剧，公司加大渠道建设力度，经销商数量增加88家，覆盖区域进一步扩大。公司核心业务系统迁移上云，采用混合云架构降低IT运维成本。公司基于云平台搭建协同办公体系，跨区域协作效率提升。公司引入人工智能技术优化{prod}质检环节，缺陷识别准确率显著提升。公司试点数字人民币结算场景，丰富收款渠道。公司现金流状况良好，经营活动现金流量净额为1.5亿元，资产负债结构稳健。公司主要客户为行业龙头企业，合作关系稳定，应收账款回款情况良好。公司上线智能排产系统，通过智能算法优化生产计划排程。公司部署机器学习算法对销售数据进行需求预测，库存周转效率明显改善。公司发展电子商务业务，线上渠道收入占比持续提升。公司持续优化产品结构，建材业务占比稳步提升，毛利率较上年下降1.5个百分点。报告期内公司无重大诉讼仲裁事项，各项经营活动正常开展。公司部署机器学习算法对销售数据进行需求预测，库存周转效率明显改善。公司建设工业互联网平台，实现设备联网与远程运维。公司推进计算机视觉技术在生产线上的应用，实现关键工序自动检测。公司持续优化产品结构，高端装备业务占比稳步提升，毛利率较上年上升1.2个百分点。公司运用数据挖掘技术分析客户行为，实现精准营销。公司探索区块链技术在产品溯源中的应用，实现全流程信息上链。公司发展电子商务业务，线上渠道收入占比持续提升。公司采购云服务替代传统服务器部署，系统上线周期大幅缩短。公司上线智能排产系统，通过智能算法优化生产计划排程。公司深耕东北市场，区域市场份额稳中有升，品牌影响力持续增强。公司制定数字化转型规划，成立数字化管理委员会统筹推进。公司核心业务系统迁移上云，采用混合云架构降低IT运维成本。公司探索区块链技术在产品溯源中的应用，实现全流程信息上链。公司引入边缘计算设备，实现车间数据的就地处理与实时回传。公司探索区块链技术在产品溯源中的应用，实现全流程信息上链。公司引入边缘计算设备，实现车间数据的就地处理与实时回传。公司高度重视安全生产与环境保护，报告期内未发生重大安全事故。报告期内人民币汇率波动加大，公司通过远期结售汇业务降低了汇兑损失。公司参与行业区块链联盟，推动供应链单证电子化与可信流转。公司研究基于分布式账本的对账机制，降低交易核对成本。,面对 市场竞争 加剧 加大 渠道 建设 力度 经销商 数量 覆盖 区域 扩大 核心 业务 系统 迁移 上云 采用 混合 架构 降低 IT 运维 成本 基于 平台 搭建 协同 办公 体系 区域 协作 效率 引入 人工智能 技术 优化 prod 质检 环节 缺陷 识别 准确率 试点 数字人民币 结算 场景 丰富 收款 渠道 现金流 状况良好 经营 活动 现金流量 净额 资产负债 结构 稳健 客户 行业龙头 企业 合作 关系 应收 账款 回款 上线 智能 排产 系统 智能算法 优化 生产 排程 部署 机器学习 算法 销售 数据 需求预测 库存 周转 效率 明显改善 发展 电子商务 业务 线上 渠道 收入 持续 持续 优化 产品 结构 建材 业务 毛利率 百分点 重大 诉讼 仲裁 事项 经营 活动 部署 机器学习 算法 销售 数据 需求预测 库存 周转 效率 明显改善 建设 工业互联网 平台 设备 联网 远程 运维 计算机视觉 技术 生产线 应用 关键 工序 自动检测 持续 优化 产品 结构 高端 装备 业务 毛利率 百分点 运用 数据挖掘 技术 分析 客户 行为 精准 营销 探索 区块链 技术 产品 溯源 应用 流程 信息 发展 电子商务 业务 线上 渠道 收入 持续 采购 服务 替代 传统 服务器 部署 系统 上线 周期 大幅 缩短 上线 智能 排产 系统 智能算法 优化 生产 排程 深耕 东北 市场 区域 市场份额 稳中有升 品牌 影响力 持续 增强 制定 数字化转型 规划 成立 数字化 管理 委员会 统筹 核心 业务 系统 迁移 上云 采用 混合 架构 降低 IT 运维 成本 探索 区块链 技术 产品 溯源 应用 流程 信息 引入 边缘计算 设备 车间 数据 处理 实时 回传 探索 区块链 技术 产品 溯源 应用 流程 信息 引入 边缘计算 设备 车间 数据 处理 实时 回传 高度重视 安全 生产 环境保护 发生 重大 安全事故 人民币 汇率 波动 加大 远期 结售汇 业务 降低 汇兑 损失 参与 行业 区块链 联盟 供应链 单证 电子化 可信 流转 研究 基于 分布式账本 对账 机制 降低 交易 核对 成本,278
DEMO027,演示DEMO027股份有限公司,制造业,2020,年度报告,公司持续优化产品结构，食品饮料业务占比稳步提升，毛利率较上年上升2.5个百分点。本年度公司人力成本略有上升，管理费用率保持稳定，费用管控成效显现。报告期内，公司实现营业收入19.3亿元，同比增长15.2%，主要得益于主营业务产销规模扩大。报告期内人民币汇率波动加大，公司通过远期结售汇业务降低了汇兑损失。报告期内公司无重大诉讼仲裁事项，各项经营活动正常开展。公司现金流状况良好，经营活动现金流量净额为5.8亿元，资产负债结构稳健。下半年公司将围绕年度经营计划，重点做好市场开拓、成本控制与人才梯队建设等工作。公司研究基于分布式账本的对账机制，降低交易核对成本。公司推进计算机视觉技术在生产线上的应用，实现关键工序自动检测。公司推动业务流程线上化，无纸化办公覆盖全部业务部门。报告期内，公司获得高新技术企业资质认定，享受相应税收优惠政策。公司建立健全内部控制系统，治理结构规范，三会运作正常。面对市场竞争加剧，公司加大渠道建设力度，经销商数量增加88家，覆盖区域进一步扩大。公司主要客户为行业龙头企业，合作关系稳定，应收账款回款情况良好。公司建立健全内部控制系统，治理结构规范，三会运作正常。公司研究基于分布式账本的对账机制，降低交易核对成本。,脚本生成演示语料(step0_make_demo_corpus.py),公司持续优化产品结构，食品饮料业务占比稳步提升，毛利率较上年上升2.5个百分点。本年度公司人力成本略有上升，管理费用率保持稳定，费用管控成效显现。报告期内，公司实现营业收入19.3亿元，同比增长15.2%，主要得益于主营业务产销规模扩大。报告期内人民币汇率波动加大，公司通过远期结售汇业务降低了汇兑损失。报告期内公司无重大诉讼仲裁事项，各项经营活动正常开展。公司现金流状况良好，经营活动现金流量净额为5.8亿元，资产负债结构稳健。下半年公司将围绕年度经营计划，重点做好市场开拓、成本控制与人才梯队建设等工作。公司研究基于分布式账本的对账机制，降低交易核对成本。公司推进计算机视觉技术在生产线上的应用，实现关键工序自动检测。公司推动业务流程线上化，无纸化办公覆盖全部业务部门。报告期内，公司获得高新技术企业资质认定，享受相应税收优惠政策。公司建立健全内部控制系统，治理结构规范，三会运作正常。面对市场竞争加剧，公司加大渠道建设力度，经销商数量增加88家，覆盖区域进一步扩大。公司主要客户为行业龙头企业，合作关系稳定，应收账款回款情况良好。公司建立健全内部控制系统，治理结构规范，三会运作正常。公司研究基于分布式账本的对账机制，降低交易核对成本。,持续 优化 产品 结构 食品饮料 业务 毛利率 百分点 本年度 人力 成本 略有 管理 费用率 保持稳定 费用 管控 成效 显现 营业 收入 得益于 主营业务 产销 规模 扩大 人民币 汇率 波动 加大 远期 结售汇 业务 降低 汇兑 损失 重大 诉讼 仲裁 事项 经营 活动 现金流 状况良好 经营 活动 现金流量 净额 资产负债 结构 稳健 下半年 年度 经营 做好 市场 开拓 成本 控制 人才 梯队 建设 研究 基于 分布式账本 对账 机制 降低 交易 核对 成本 计算机视觉 技术 生产线 应用 关键 工序 自动检测 业务流程 上化 无纸化 办公 覆盖 全部 业务部门 获得 高新技术 企业资质 认定 享受 相应 税收 优惠政策 建立健全 内部 控制系统 治理 结构 规范 三会 运作 面对 市场竞争 加剧 加大 渠道 建设 力度 经销商 数量 覆盖 区域 扩大 客户 行业龙头 企业 合作 关系 应收 账款 回款 建立健全 内部 控制系统 治理 结构 规范 三会 运作 研究 基于 分布式账本 对账 机制 降低 交易 核对 成本,138
DEMO027,演示DEMO027股份有限公司,制造业,2021,年度报告,公司主要客户为行业龙头企业，合作关系稳定，应收账款回款情况良好。公司研究基于分布式账本的对账机制，降低交易核对成本。公司本期新增专利授权22项，累计有效专利210项，技术储备进一步夯实。公司开展数据治理体系建设，统一主数据标准，提升数据资产质量。公司基于云平台搭建协同办公体系，跨区域协作效率提升。报告期内公司无重大诉讼仲裁事项，各项经营活动正常开展。公司继续推进产能建设，建材项目一期已投产，预计达产后年新增产能8万吨。公司推进计算机视觉技术在生产线上的应用，实现关键工序自动检测。公司深耕西南市场，区域市场份额稳中有升，品牌影响力持续增强。公司推进智能制造升级，数字化车间已通过省级认定。公司主要客户为行业龙头企业，合作关系稳定，应收账款回款情况良好。公司积极拓展海外市场，出口业务收入同比增长18.9%，国际化布局初见成效。原材料价格波动对成本端形成一定压力，公司通过集中采购和套期保值部分对冲了成本上行风险。本年度公司人力成本略有上升，管理费用率保持稳定，费用管控成效显现。,脚本生成演示语料(step0_make_demo_corpus.py),公司主要客户为行业龙头企业，合作关系稳定，应收账款回款情况良好。公司研究基于分布式账本的对账机制，降低交易核对成本。公司本期新增专利授权22项，累计有效专利210项，技术储备进一步夯实。公司开展数据治理体系建设，统一主数据标准，提升数据资产质量。公司基于云平台搭建协同办公体系，跨区域协作效率提升。报告期内公司无重大诉讼仲裁事项，各项经营活动正常开展。公司继续推进产能建设，建材项目一期已投产，预计达产后年新增产能8万吨。公司推进计算机视觉技术在生产线上的应用，实现关键工序自动检测。公司深耕西南市场，区域市场份额稳中有升，品牌影响力持续增强。公司推进智能制造升级，数字化车间已通过省级认定。公司主要客户为行业龙头企业，合作关系稳定，应收账款回款情况良好。公司积极拓展海外市场，出口业务收入同比增长18.9%，国际化布局初见成效。原材料价格波动对成本端形成一定压力，公司通过集中采购和套期保值部分对冲了成本上行风险。本年度公司人力成本略有上升，管理费用率保持稳定，费用管控成效显现。,客户 行业龙头 企业 合作 关系 应收 账款 回款 研究 基于 分布式账本 对账 机制 降低 交易 核对 成本 本期 新增 专利 授权 专利 技术储备 夯实 数据 治理 体系 建设 统一 数据 标准 数据 资产 质量 基于 平台 搭建 协同 办公 体系 区域 协作 效率 重大 诉讼 仲裁 事项 经营 活动 产能 建设 建材 项目 一期 投产 预计 达产 新增 产能 万吨 计算机视觉 技术 生产线 应用 关键 工序 自动检测 深耕 西南 市场 区域 市场份额 稳中有升 品牌 影响力 持续 增强 智能制造 升级 数字化 车间 省级 认定 客户 行业龙头 企业 合作 关系 应收 账款 回款 拓展 海外 市场 出口 业务收入 国际化 布局 初见成效 原材料 价格 波动 成本 形成 一定 压力 集中 采购 套期 保值 对冲 成本 上行 风险 本年度 人力 成本 略有 管理 费用率 保持稳定 费用 管控 成效 显现,125
DEMO027,演示DEMO027股份有限公司,制造业,2022,年度报告,公司数据中心一期建成投用，具备 PB 级数据存储与计算能力。公司引入边缘计算设备，实现车间数据的就地处理与实时回传。公司高度重视安全生产与环境保护，报告期内未发生重大安全事故。本年度公司人力成本略有上升，管理费用率保持稳定，费用管控成效显现。公司制定数字化转型规划，成立数字化管理委员会统筹推进。公司核心业务系统迁移上云，采用混合云架构降低IT运维成本。原材料价格波动对成本端形成一定压力，公司通过集中采购和套期保值部分对冲了成本上行风险。报告期内，公司实现营业收入28.4亿元，同比增长22.7%，主要得益于主营业务产销规模扩大。公司建立健全内部控制系统，治理结构规范，三会运作正常。面对市场竞争加剧，公司加大渠道建设力度，经销商数量增加210家，覆盖区域进一步扩大。原材料价格波动对成本端形成一定压力，公司通过集中采购和套期保值部分对冲了成本上行风险。报告期内，公司实现营业收入63.7亿元，同比增长-1.8%，主要得益于主营业务产销规模扩大。公司探索区块链技术在产品溯源中的应用，实现全流程信息上链。报告期内，公司实现营业收入63.7亿元，同比增长-3.1%，主要得益于主营业务产销规模扩大。公司建立健全内部控制系统，治理结构规范，三会运作正常。公司建设大数据平台，整合生产、销售与供应链数据，支撑经营决策。公司持续优化产品结构，精细化工产品业务占比稳步提升，毛利率较上年上升2.5个百分点。公司推动业务流程线上化，无纸化办公覆盖全部业务部门。,脚本生成演示语料(step0_make_demo_corpus.py),公司数据中心一期建成投用，具备 PB 级数据存储与计算能力。公司引入边缘计算设备，实现车间数据的就地处理与实时回传。公司高度重视安全生产与环境保护，报告期内未发生重大安全事故。本年度公司人力成本略有上升，管理费用率保持稳定，费用管控成效显现。公司制定数字化转型规划，成立数字化管理委员会统筹推进。公司核心业务系统迁移上云，采用混合云架构降低IT运维成本。原材料价格波动对成本端形成一定压力，公司通过集中采购和套期保值部分对冲了成本上行风险。报告期内，公司实现营业收入28.4亿元，同比增长22.7%，主要得益于主营业务产销规模扩大。公司建立健全内部控制系统，治理结构规范，三会运作正常。面对市场竞争加剧，公司加大渠道建设力度，经销商数量增加210家，覆盖区域进一步扩大。原材料价格波动对成本端形成一定压力，公司通过集中采购和套期保值部分对冲了成本上行风险。报告期内，公司实现营业收入63.7亿元，同比增长-1.8%，主要得益于主营业务产销规模扩大。公司探索区块链技术在产品溯源中的应用，实现全流程信息上链。报告期内，公司实现营业收入63.7亿元，同比增长-3.1%，主要得益于主营业务产销规模扩大。公司建立健全内部控制系统，治理结构规范，三会运作正常。公司建设大数据平台，整合生产、销售与供应链数据，支撑经营决策。公司持续优化产品结构，精细化工产品业务占比稳步提升，毛利率较上年上升2.5个百分点。公司推动业务流程线上化，无纸化办公覆盖全部业务部门。,数据中心 一期 建成 投用 具备 PB 数据 存储 计算能力 引入 边缘计算 设备 车间 数据 处理 实时 回传 高度重视 安全 生产 环境保护 发生 重大 安全事故 本年度 人力 成本 略有 管理 费用率 保持稳定 费用 管控 成效 显现 制定 数字化转型 规划 成立 数字化 管理 委员会 统筹 核心 业务 系统 迁移 上云 采用 混合 架构 降低 IT 运维 成本 原材料 价格 波动 成本 形成 一定 压力 集中 采购 套期 保值 对冲 成本 上行 风险 营业 收入 得益于 主营业务 产销 规模 扩大 建立健全 内部 控制系统 治理 结构 规范 三会 运作 面对 市场竞争 加剧 加大 渠道 建设 力度 经销商 数量 覆盖 区域 扩大 原材料 价格 波动 成本 形成 一定 压力 集中 采购 套期 保值 对冲 成本 上行 风险 营业 收入 得益于 主营业务 产销 规模 扩大 探索 区块链 技术 产品 溯源 应用 流程 信息 营业 收入 得益于 主营业务 产销 规模 扩大 建立健全 内部 控制系统 治理 结构 规范 三会 运作 建设 大数据 平台 整合 生产 销售 供应链 数据 支撑 经营 决策 持续 优化 产品 结构 精细化工 产品 业务 毛利率 百分点 业务流程 上化 无纸化 办公 覆盖 全部 业务部门,169
DEMO027,演示DEMO027股份有限公司,制造业,2023,年度报告,原材料价格波动对成本端形成一定压力，公司通过集中采购和套期保值部分对冲了成本上行风险。公司现金流状况良好，经营活动现金流量净额为8.7亿元，资产负债结构稳健。公司与高校联合开展深度学习算法研究，赋能产品智能设计。报告期内，公司获得高新技术企业资质认定，享受相应税收优惠政策。原材料价格波动对成本端形成一定压力，公司通过集中采购和套期保值部分对冲了成本上行风险。公司数据中心一期建成投用，具备 PB 级数据存储与计算能力。报告期内，公司获得高新技术企业资质认定，享受相应税收优惠政策。公司建设工业互联网平台，实现设备联网与远程运维。公司本期新增专利授权22项，累计有效专利85项，技术储备进一步夯实。报告期内，公司实现营业收入19.3亿元，同比增长8.5%，主要得益于主营业务产销规模扩大。公司建立健全内部控制系统，治理结构规范，三会运作正常。公司持续加大研发投入，研发费用占营业收入比例为5.1%，围绕电子元器件开展技术攻关。公司持续加大研发投入，研发费用占营业收入比例为5.1%，围绕纺织服装开展技术攻关。公司试点数字人民币结算场景，丰富收款渠道。公司现金流状况良好，经营活动现金流量净额为1.5亿元，资产负债结构稳健。公司评估公有云与私有云方案，逐步构建统一算力资源池。,脚本生成演示语料(step0_make_demo_corpus.py),原材料价格波动对成本端形成一定压力，公司通过集中采购和套期保值部分对冲了成本上行风险。公司现金流状况良好，经营活动现金流量净额为8.7亿元，资产负债结构稳健。公司与高校联合开展深度学习算法研究，赋能产品智能设计。报告期内，公司获得高新技术企业资质认定，享受相应税收优惠政策。原材料价格波动对成本端形成一定压力，公司通过集中采购和套期保值部分对冲了成本上行风险。公司数据中心一期建成投用，具备 PB 级数据存储与计算能力。报告期内，公司获得高新技术企业资质认定，享受相应税收优惠政策。公司建设工业互联网平台，实现设备联网与远程运维。公司本期新增专利授权22项，累计有效专利85项，技术储备进一步夯实。报告期内，公司实现营业收入19.3亿元，同比增长8.5%，主要得益于主营业务产销规模扩大。公司建立健全内部控制系统，治理结构规范，三会运作正常。公司持续加大研发投入，研发费用占营业收入比例为5.1%，围绕电子元器件开展技术攻关。公司持续加大研发投入，研发费用占营业收入比例为5.1%，围绕纺织服装开展技术攻关。公司试点数字人民币结算场景，丰富收款渠道。公司现金流状况良好，经营活动现金流量净额为1.5亿元，资产负债结构稳健。公司评估公有云与私有云方案，逐步构建统一算力资源池。,原材料 价格 波动 成本 形成 一定 压力 集中 采购 套期 保值 对冲 成本 上行 风险 现金流 状况良好 经营 活动 现金流量 净额 资产负债 结构 稳健 高校 联合 深度学习 算法 研究 赋能 产品 智能 设计 获得 高新技术 企业资质 认定 享受 相应 税收 优惠政策 原材料 价格 波动 成本 形成 一定 压力 集中 采购 套期 保值 对冲 成本 上行 风险 数据中心 一期 建成 投用 具备 PB 数据 存储 计算能力 获得 高新技术 企业资质 认定 享受 相应 税收 优惠政策 建设 工业互联网 平台 设备 联网 远程 运维 本期 新增 专利 授权 专利 技术储备 夯实 营业 收入 得益于 主营业务 产销 规模 扩大 建立健全 内部 控制系统 治理 结构 规范 三会 运作 持续 加大 研发 投入 研发 费用 营业 收入 比例 电子 元器件 技术 攻关 持续 加大 研发 投入 研发 费用 营业 收入 比例 纺织 服装 技术 攻关 试点 数字人民币 结算 场景 丰富 收款 渠道 现金流 状况良好 经营 活动 现金流量 净额 资产负债 结构 稳健 评估 公有 私有 方案 逐步 构建 统一 算力 资源,153
DEMO027,演示DEMO027股份有限公司,制造业,2024,年度报告,公司高度重视安全生产与环境保护，报告期内未发生重大安全事故。报告期内公司无重大诉讼仲裁事项，各项经营活动正常开展。报告期内人民币汇率波动加大，公司通过远期结售汇业务降低了汇兑损失。公司推进经营管理信息化，上线新一代ERP系统实现业财一体。公司开展数据治理体系建设，统一主数据标准，提升数据资产质量。公司评估公有云与私有云方案，逐步构建统一算力资源池。公司本期新增专利授权3项，累计有效专利120项，技术储备进一步夯实。公司积极拓展海外市场，出口业务收入同比增长9.4%，国际化布局初见成效。公司继续推进产能建设，高端装备项目一期已投产，预计达产后年新增产能12万吨。公司采购云服务替代传统服务器部署，系统上线周期大幅缩短。面对市场竞争加剧，公司加大渠道建设力度，经销商数量增加210家，覆盖区域进一步扩大。公司推进智能制造升级，数字化车间已通过省级认定。公司现金流状况良好，经营活动现金流量净额为1.5亿元，资产负债结构稳健。公司建设智能客服系统，应用自然语言处理技术实现工单自动分类。公司构建经营分析数据仓库，管理层可实时查看核心经营指标。报告期内公司无重大诉讼仲裁事项，各项经营活动正常开展。报告期内，公司实现营业收入28.4亿元，同比增长22.7%，主要得益于主营业务产销规模扩大。报告期内，公司实现营业收入8.9亿元，同比增长15.2%，主要得益于主营业务产销规模扩大。公司持续优化产品结构，电子元器件业务占比稳步提升，毛利率较上年上升1.2个百分点。,脚本生成演示语料(step0_make_demo_corpus.py),公司高度重视安全生产与环境保护，报告期内未发生重大安全事故。报告期内公司无重大诉讼仲裁事项，各项经营活动正常开展。报告期内人民币汇率波动加大，公司通过远期结售汇业务降低了汇兑损失。公司推进经营管理信息化，上线新一代ERP系统实现业财一体。公司开展数据治理体系建设，统一主数据标准，提升数据资产质量。公司评估公有云与私有云方案，逐步构建统一算力资源池。公司本期新增专利授权3项，累计有效专利120项，技术储备进一步夯实。公司积极拓展海外市场，出口业务收入同比增长9.4%，国际化布局初见成效。公司继续推进产能建设，高端装备项目一期已投产，预计达产后年新增产能12万吨。公司采购云服务替代传统服务器部署，系统上线周期大幅缩短。面对市场竞争加剧，公司加大渠道建设力度，经销商数量增加210家，覆盖区域进一步扩大。公司推进智能制造升级，数字化车间已通过省级认定。公司现金流状况良好，经营活动现金流量净额为1.5亿元，资产负债结构稳健。公司建设智能客服系统，应用自然语言处理技术实现工单自动分类。公司构建经营分析数据仓库，管理层可实时查看核心经营指标。报告期内公司无重大诉讼仲裁事项，各项经营活动正常开展。报告期内，公司实现营业收入28.4亿元，同比增长22.7%，主要得益于主营业务产销规模扩大。报告期内，公司实现营业收入8.9亿元，同比增长15.2%，主要得益于主营业务产销规模扩大。公司持续优化产品结构，电子元器件业务占比稳步提升，毛利率较上年上升1.2个百分点。,高度重视 安全 生产 环境保护 发生 重大 安全事故 重大 诉讼 仲裁 事项 经营 活动 人民币 汇率 波动 加大 远期 结售汇 业务 降低 汇兑 损失 经营 管理 信息化 上线 新一代 ERP 系统 业财一体 数据 治理 体系 建设 统一 数据 标准 数据 资产 质量 评估 公有 私有 方案 逐步 构建 统一 算力 资源 本期 新增 专利 授权 专利 技术储备 夯实 拓展 海外 市场 出口 业务收入 国际化 布局 初见成效 产能 建设 高端 装备 项目 一期 投产 预计 达产 新增 产能 万吨 采购 服务 替代 传统 服务器 部署 系统 上线 周期 大幅 缩短 面对 市场竞争 加剧 加大 渠道 建设 力度 经销商 数量 覆盖 区域 扩大 智能制造 升级 数字化 车间 省级 认定 现金流 状况良好 经营 活动 现金流量 净额 资产负债 结构 稳健 建设 智能 客服 系统 应用 自然语言处理 技术 工单 自动 分类 构建 经营 分析 数据仓库 管理层 实时 查看 核心 经营 指标 重大 诉讼 仲裁 事项 经营 活动 营业 收入 得益于 主营业务 产销 规模 扩大 营业 收入 得益于 主营业务 产销 规模 扩大 持续 优化 产品 结构 电子 元器件 业务 毛利率 百分点,164
DEMO028,演示DEMO028股份有限公司,批发零售,2020,年度报告,公司主要客户为行业龙头企业，合作关系稳定，应收账款回款情况良好。公司引入人工智能技术优化{prod}质检环节，缺陷识别准确率显著提升。报告期内人民币汇率波动加大，公司通过远期结售汇业务降低了汇兑损失。公司基于云平台搭建协同办公体系，跨区域协作效率提升。受行业周期影响，部分产品价格有所回落，公司及时调整销售策略，库存水平保持在合理范围。报告期内人民币汇率波动加大，公司通过远期结售汇业务降低了汇兑损失。报告期内，公司获得高新技术企业资质认定，享受相应税收优惠政策。公司建立健全内部控制系统，治理结构规范，三会运作正常。受行业周期影响，部分产品价格有所回落，公司及时调整销售策略，库存水平保持在合理范围。报告期内公司客户结构进一步优化，前五大客户收入占比为32.5%，客户集中度处于合理区间。公司主要客户为行业龙头企业，合作关系稳定，应收账款回款情况良好。公司主要客户为行业龙头企业，合作关系稳定，应收账款回款情况良好。受行业周期影响，部分产品价格有所回落，公司及时调整销售策略，库存水平保持在合理范围。报告期内，公司获得高新技术企业资质认定，享受相应税收优惠政策。公司上线智能排产系统，通过智能算法优化生产计划排程。,脚本生成演示语料(step0_make_demo_corpus.py),公司主要客户为行业龙头企业，合作关系稳定，应收账款回款情况良好。公司引入人工智能技术优化{prod}质检环节，缺陷识别准确率显著提升。报告期内人民币汇率波动加大，公司通过远期结售汇业务降低了汇兑损失。公司基于云平台搭建协同办公体系，跨区域协作效率提升。受行业周期影响，部分产品价格有所回落，公司及时调整销售策略，库存水平保持在合理范围。报告期内人民币汇率波动加大，公司通过远期结售汇业务降低了汇兑损失。报告期内，公司获得高新技术企业资质认定，享受相应税收优惠政策。公司建立健全内部控制系统，治理结构规范，三会运作正常。受行业周期影响，部分产品价格有所回落，公司及时调整销售策略，库存水平保持在合理范围。报告期内公司客户结构进一步优化，前五大客户收入占比为32.5%，客户集中度处于合理区间。公司主要客户为行业龙头企业，合作关系稳定，应收账款回款情况良好。公司主要客户为行业龙头企业，合作关系稳定，应收账款回款情况良好。受行业周期影响，部分产品价格有所回落，公司及时调整销售策略，库存水平保持在合理范围。报告期内，公司获得高新技术企业资质认定，享受相应税收优惠政策。公司上线智能排产系统，通过智能算法优化生产计划排程。,客户 行业龙头 企业 合作 关系 应收 账款 回款 引入 人工智能 技术 优化 prod 质检 环节 缺陷 识别 准确率 人民币 汇率 波动 加大 远期 结售汇 业务 降低 汇兑 损失 基于 平台 搭建 协同 办公 体系 区域 协作 效率 行业 周期 影响 产品价格 有所 回落 及时 调整 销售策略 库存 水平 合理 范围 人民币 汇率 波动 加大 远期 结售汇 业务 降低 汇兑 损失 获得 高新技术 企业资质 认定 享受 相应 税收 优惠政策 建立健全 内部 控制系统 治理 结构 规范 三会 运作 行业 周期 影响 产品价格 有所 回落 及时 调整 销售策略 库存 水平 合理 范围 客户 结构 优化 五大 客户 收入 客户 集中度 处于 合理 区间 客户 行业龙头 企业 合作 关系 应收 账款 回款 客户 行业龙头 企业 合作 关系 应收 账款 回款 行业 周期 影响 产品价格 有所 回落 及时 调整 销售策略 库存 水平 合理 范围 获得 高新技术 企业资质 认定 享受 相应 税收 优惠政策 上线 智能 排产 系统 智能算法 优化 生产 排程,145
DEMO028,演示DEMO028股份有限公司,批发零售,2021,年度报告,报告期内，公司获得高新技术企业资质认定，享受相应税收优惠政策。公司本期新增专利授权3项，累计有效专利56项，技术储备进一步夯实。公司上线智能排产系统，通过智能算法优化生产计划排程。公司深耕东北市场，区域市场份额稳中有升，品牌影响力持续增强。公司持续优化产品结构，建材业务占比稳步提升，毛利率较上年下降1.5个百分点。公司建设工业互联网平台，实现设备联网与远程运维。公司采购云服务替代传统服务器部署，系统上线周期大幅缩短。报告期内人民币汇率波动加大，公司通过远期结售汇业务降低了汇兑损失。报告期内公司无重大诉讼仲裁事项，各项经营活动正常开展。原材料价格波动对成本端形成一定压力，公司通过集中采购和套期保值部分对冲了成本上行风险。公司推进计算机视觉技术在生产线上的应用，实现关键工序自动检测。公司建立健全内部控制系统，治理结构规范，三会运作正常。公司采购云服务替代传统服务器部署，系统上线周期大幅缩短。公司建设工业互联网平台，实现设备联网与远程运维。公司推进计算机视觉技术在生产线上的应用，实现关键工序自动检测。公司推进智能制造升级，数字化车间已通过省级认定。公司持续加大研发投入，研发费用占营业收入比例为4.4%，围绕纺织服装开展技术攻关。公司开展数据治理体系建设，统一主数据标准，提升数据资产质量。,脚本生成演示语料(step0_make_demo_corpus.py),报告期内，公司获得高新技术企业资质认定，享受相应税收优惠政策。公司本期新增专利授权3项，累计有效专利56项，技术储备进一步夯实。公司上线智能排产系统，通过智能算法优化生产计划排程。公司深耕东北市场，区域市场份额稳中有升，品牌影响力持续增强。公司持续优化产品结构，建材业务占比稳步提升，毛利率较上年下降1.5个百分点。公司建设工业互联网平台，实现设备联网与远程运维。公司采购云服务替代传统服务器部署，系统上线周期大幅缩短。报告期内人民币汇率波动加大，公司通过远期结售汇业务降低了汇兑损失。报告期内公司无重大诉讼仲裁事项，各项经营活动正常开展。原材料价格波动对成本端形成一定压力，公司通过集中采购和套期保值部分对冲了成本上行风险。公司推进计算机视觉技术在生产线上的应用，实现关键工序自动检测。公司建立健全内部控制系统，治理结构规范，三会运作正常。公司采购云服务替代传统服务器部署，系统上线周期大幅缩短。公司建设工业互联网平台，实现设备联网与远程运维。公司推进计算机视觉技术在生产线上的应用，实现关键工序自动检测。公司推进智能制造升级，数字化车间已通过省级认定。公司持续加大研发投入，研发费用占营业收入比例为4.4%，围绕纺织服装开展技术攻关。公司开展数据治理体系建设，统一主数据标准，提升数据资产质量。,获得 高新技术 企业资质 认定 享受 相应 税收 优惠政策 本期 新增 专利 授权 专利 技术储备 夯实 上线 智能 排产 系统 智能算法 优化 生产 排程 深耕 东北 市场 区域 市场份额 稳中有升 品牌 影响力 持续 增强 持续 优化 产品 结构 建材 业务 毛利率 百分点 建设 工业互联网 平台 设备 联网 远程 运维 采购 服务 替代 传统 服务器 部署 系统 上线 周期 大幅 缩短 人民币 汇率 波动 加大 远期 结售汇 业务 降低 汇兑 损失 重大 诉讼 仲裁 事项 经营 活动 原材料 价格 波动 成本 形成 一定 压力 集中 采购 套期 保值 对冲 成本 上行 风险 计算机视觉 技术 生产线 应用 关键 工序 自动检测 建立健全 内部 控制系统 治理 结构 规范 三会 运作 采购 服务 替代 传统 服务器 部署 系统 上线 周期 大幅 缩短 建设 工业互联网 平台 设备 联网 远程 运维 计算机视觉 技术 生产线 应用 关键 工序 自动检测 智能制造 升级 数字化 车间 省级 认定 持续 加大 研发 投入 研发 费用 营业 收入 比例 纺织 服装 技术 攻关 数据 治理 体系 建设 统一 数据 标准 数据 资产 质量,159
DEMO028,演示DEMO028股份有限公司,批发零售,2022,年度报告,报告期内，公司获得高新技术企业资质认定，享受相应税收优惠政策。报告期内，公司实现营业收入28.4亿元，同比增长8.5%，主要得益于主营业务产销规模扩大。公司建设工业互联网平台，实现设备联网与远程运维。公司现金流状况良好，经营活动现金流量净额为12.4亿元，资产负债结构稳健。公司主要客户为行业龙头企业，合作关系稳定，应收账款回款情况良好。公司制定数字化转型规划，成立数字化管理委员会统筹推进。公司深耕华东市场，区域市场份额稳中有升，品牌影响力持续增强。公司高度重视安全生产与环境保护，报告期内未发生重大安全事故。公司引入人工智能技术优化{prod}质检环节，缺陷识别准确率显著提升。公司制定数字化转型规划，成立数字化管理委员会统筹推进。公司运用数据挖掘技术分析客户行为，实现精准营销。下半年公司将围绕年度经营计划，重点做好市场开拓、成本控制与人才梯队建设等工作。报告期内人民币汇率波动加大，公司通过远期结售汇业务降低了汇兑损失。原材料价格波动对成本端形成一定压力，公司通过集中采购和套期保值部分对冲了成本上行风险。公司继续推进产能建设，电子元器件项目一期已投产，预计达产后年新增产能12万吨。公司研究基于分布式账本的对账机制，降低交易核对成本。,脚本生成演示语料(step0_make_demo_corpus.py),报告期内，公司获得高新技术企业资质认定，享受相应税收优惠政策。报告期内，公司实现营业收入28.4亿元，同比增长8.5%，主要得益于主营业务产销规模扩大。公司建设工业互联网平台，实现设备联网与远程运维。公司现金流状况良好，经营活动现金流量净额为12.4亿元，资产负债结构稳健。公司主要客户为行业龙头企业，合作关系稳定，应收账款回款情况良好。公司制定数字化转型规划，成立数字化管理委员会统筹推进。公司深耕华东市场，区域市场份额稳中有升，品牌影响力持续增强。公司高度重视安全生产与环境保护，报告期内未发生重大安全事故。公司引入人工智能技术优化{prod}质检环节，缺陷识别准确率显著提升。公司制定数字化转型规划，成立数字化管理委员会统筹推进。公司运用数据挖掘技术分析客户行为，实现精准营销。下半年公司将围绕年度经营计划，重点做好市场开拓、成本控制与人才梯队建设等工作。报告期内人民币汇率波动加大，公司通过远期结售汇业务降低了汇兑损失。原材料价格波动对成本端形成一定压力，公司通过集中采购和套期保值部分对冲了成本上行风险。公司继续推进产能建设，电子元器件项目一期已投产，预计达产后年新增产能12万吨。公司研究基于分布式账本的对账机制，降低交易核对成本。,获得 高新技术 企业资质 认定 享受 相应 税收 优惠政策 营业 收入 得益于 主营业务 产销 规模 扩大 建设 工业互联网 平台 设备 联网 远程 运维 现金流 状况良好 经营 活动 现金流量 净额 资产负债 结构 稳健 客户 行业龙头 企业 合作 关系 应收 账款 回款 制定 数字化转型 规划 成立 数字化 管理 委员会 统筹 深耕 华东 市场 区域 市场份额 稳中有升 品牌 影响力 持续 增强 高度重视 安全 生产 环境保护 发生 重大 安全事故 引入 人工智能 技术 优化 prod 质检 环节 缺陷 识别 准确率 制定 数字化转型 规划 成立 数字化 管理 委员会 统筹 运用 数据挖掘 技术 分析 客户 行为 精准 营销 下半年 年度 经营 做好 市场 开拓 成本 控制 人才 梯队 建设 人民币 汇率 波动 加大 远期 结售汇 业务 降低 汇兑 损失 原材料 价格 波动 成本 形成 一定 压力 集中 采购 套期 保值 对冲 成本 上行 风险 产能 建设 电子 元器件 项目 一期 投产 预计 达产 新增 产能 万吨 研究 基于 分布式账本 对账 机制 降低 交易 核对 成本,147
DEMO028,演示DEMO028股份有限公司,批发零售,2023,年度报告,报告期内公司客户结构进一步优化，前五大客户收入占比为32.5%，客户集中度处于合理区间。公司建设智能客服系统，应用自然语言处理技术实现工单自动分类。公司上线智能排产系统，通过智能算法优化生产计划排程。公司应用数字孪生技术对重点产线进行虚拟建模与仿真优化。公司主要客户为行业龙头企业，合作关系稳定，应收账款回款情况良好。公司建设工业互联网平台，实现设备联网与远程运维。报告期内，公司获得高新技术企业资质认定，享受相应税收优惠政策。本年度公司人力成本略有上升，管理费用率保持稳定，费用管控成效显现。公司积极拓展海外市场，出口业务收入同比增长9.4%，国际化布局初见成效。公司建设大数据平台，整合生产、销售与供应链数据，支撑经营决策。公司数据中心一期建成投用，具备 PB 级数据存储与计算能力。公司本期新增专利授权11项，累计有效专利210项，技术储备进一步夯实。公司持续加大研发投入，研发费用占营业收入比例为5.1%，围绕电子元器件开展技术攻关。公司深耕华南市场，区域市场份额稳中有升，品牌影响力持续增强。公司上线智能排产系统，通过智能算法优化生产计划排程。公司持续优化产品结构，纺织服装业务占比稳步提升，毛利率较上年上升2.5个百分点。下半年公司将围绕年度经营计划，重点做好市场开拓、成本控制与人才梯队建设等工作。公司深耕东北市场，区域市场份额稳中有升，品牌影响力持续增强。公司数据中心一期建成投用，具备 PB 级数据存储与计算能力。公司探索区块链技术在产品溯源中的应用，实现全流程信息上链。公司制定数字化转型规划，成立数字化管理委员会统筹推进。,脚本生成演示语料(step0_make_demo_corpus.py),报告期内公司客户结构进一步优化，前五大客户收入占比为32.5%，客户集中度处于合理区间。公司建设智能客服系统，应用自然语言处理技术实现工单自动分类。公司上线智能排产系统，通过智能算法优化生产计划排程。公司应用数字孪生技术对重点产线进行虚拟建模与仿真优化。公司主要客户为行业龙头企业，合作关系稳定，应收账款回款情况良好。公司建设工业互联网平台，实现设备联网与远程运维。报告期内，公司获得高新技术企业资质认定，享受相应税收优惠政策。本年度公司人力成本略有上升，管理费用率保持稳定，费用管控成效显现。公司积极拓展海外市场，出口业务收入同比增长9.4%，国际化布局初见成效。公司建设大数据平台，整合生产、销售与供应链数据，支撑经营决策。公司数据中心一期建成投用，具备 PB 级数据存储与计算能力。公司本期新增专利授权11项，累计有效专利210项，技术储备进一步夯实。公司持续加大研发投入，研发费用占营业收入比例为5.1%，围绕电子元器件开展技术攻关。公司深耕华南市场，区域市场份额稳中有升，品牌影响力持续增强。公司上线智能排产系统，通过智能算法优化生产计划排程。公司持续优化产品结构，纺织服装业务占比稳步提升，毛利率较上年上升2.5个百分点。下半年公司将围绕年度经营计划，重点做好市场开拓、成本控制与人才梯队建设等工作。公司深耕东北市场，区域市场份额稳中有升，品牌影响力持续增强。公司数据中心一期建成投用，具备 PB 级数据存储与计算能力。公司探索区块链技术在产品溯源中的应用，实现全流程信息上链。公司制定数字化转型规划，成立数字化管理委员会统筹推进。,客户 结构 优化 五大 客户 收入 客户 集中度 处于 合理 区间 建设 智能 客服 系统 应用 自然语言处理 技术 工单 自动 分类 上线 智能 排产 系统 智能算法 优化 生产 排程 应用 数字孪生 技术 产线 虚拟 建模 仿真 优化 客户 行业龙头 企业 合作 关系 应收 账款 回款 建设 工业互联网 平台 设备 联网 远程 运维 获得 高新技术 企业资质 认定 享受 相应 税收 优惠政策 本年度 人力 成本 略有 管理 费用率 保持稳定 费用 管控 成效 显现 拓展 海外 市场 出口 业务收入 国际化 布局 初见成效 建设 大数据 平台 整合 生产 销售 供应链 数据 支撑 经营 决策 数据中心 一期 建成 投用 具备 PB 数据 存储 计算能力 本期 新增 专利 授权 专利 技术储备 夯实 持续 加大 研发 投入 研发 费用 营业 收入 比例 电子 元器件 技术 攻关 深耕 华南 市场 区域 市场份额 稳中有升 品牌 影响力 持续 增强 上线 智能 排产 系统 智能算法 优化 生产 排程 持续 优化 产品 结构 纺织 服装 业务 毛利率 百分点 下半年 年度 经营 做好 市场 开拓 成本 控制 人才 梯队 建设 深耕 东北 市场 区域 市场份额 稳中有升 品牌 影响力 持续 增强 数据中心 一期 建成 投用 具备 PB 数据 存储 计算能力 探索 区块链 技术 产品 溯源 应用 流程 信息 制定 数字化转型 规划 成立 数字化 管理 委员会 统筹,192
DEMO028,演示DEMO028股份有限公司,批发零售,2024,年度报告,受行业周期影响，部分产品价格有所回落，公司及时调整销售策略，库存水平保持在合理范围。公司持续加大研发投入，研发费用占营业收入比例为4.4%，围绕纺织服装开展技术攻关。下半年公司将围绕年度经营计划，重点做好市场开拓、成本控制与人才梯队建设等工作。公司主要客户为行业龙头企业，合作关系稳定，应收账款回款情况良好。公司制定数字化转型规划，成立数字化管理委员会统筹推进。报告期内公司无重大诉讼仲裁事项，各项经营活动正常开展。公司主要客户为行业龙头企业，合作关系稳定，应收账款回款情况良好。公司成立数据中台团队，推动业务数据化、数据业务化。公司数据中心一期建成投用，具备 PB 级数据存储与计算能力。报告期内，公司获得高新技术企业资质认定，享受相应税收优惠政策。公司建设大数据平台，整合生产、销售与供应链数据，支撑经营决策。公司利用智能合约技术自动执行供应商结算条款。公司发展电子商务业务，线上渠道收入占比持续提升。报告期内人民币汇率波动加大，公司通过远期结售汇业务降低了汇兑损失。报告期内公司客户结构进一步优化，前五大客户收入占比为55.1%，客户集中度处于合理区间。报告期内人民币汇率波动加大，公司通过远期结售汇业务降低了汇兑损失。报告期内，公司实现营业收入63.7亿元，同比增长15.2%，主要得益于主营业务产销规模扩大。公司上线智能排产系统，通过智能算法优化生产计划排程。原材料价格波动对成本端形成一定压力，公司通过集中采购和套期保值部分对冲了成本上行风险。,脚本生成演示语料(step0_make_demo_corpus.py),受行业周期影响，部分产品价格有所回落，公司及时调整销售策略，库存水平保持在合理范围。公司持续加大研发投入，研发费用占营业收入比例为4.4%，围绕纺织服装开展技术攻关。下半年公司将围绕年度经营计划，重点做好市场开拓、成本控制与人才梯队建设等工作。公司主要客户为行业龙头企业，合作关系稳定，应收账款回款情况良好。公司制定数字化转型规划，成立数字化管理委员会统筹推进。报告期内公司无重大诉讼仲裁事项，各项经营活动正常开展。公司主要客户为行业龙头企业，合作关系稳定，应收账款回款情况良好。公司成立数据中台团队，推动业务数据化、数据业务化。公司数据中心一期建成投用，具备 PB 级数据存储与计算能力。报告期内，公司获得高新技术企业资质认定，享受相应税收优惠政策。公司建设大数据平台，整合生产、销售与供应链数据，支撑经营决策。公司利用智能合约技术自动执行供应商结算条款。公司发展电子商务业务，线上渠道收入占比持续提升。报告期内人民币汇率波动加大，公司通过远期结售汇业务降低了汇兑损失。报告期内公司客户结构进一步优化，前五大客户收入占比为55.1%，客户集中度处于合理区间。报告期内人民币汇率波动加大，公司通过远期结售汇业务降低了汇兑损失。报告期内，公司实现营业收入63.7亿元，同比增长15.2%，主要得益于主营业务产销规模扩大。公司上线智能排产系统，通过智能算法优化生产计划排程。原材料价格波动对成本端形成一定压力，公司通过集中采购和套期保值部分对冲了成本上行风险。,行业 周期 影响 产品价格 有所 回落 及时 调整 销售策略 库存 水平 合理 范围 持续 加大 研发 投入 研发 费用 营业 收入 比例 纺织 服装 技术 攻关 下半年 年度 经营 做好 市场 开拓 成本 控制 人才 梯队 建设 客户 行业龙头 企业 合作 关系 应收 账款 回款 制定 数字化转型 规划 成立 数字化 管理 委员会 统筹 重大 诉讼 仲裁 事项 经营 活动 客户 行业龙头 企业 合作 关系 应收 账款 回款 成立 数据中台 团队 业务 数据 数据业务 数据中心 一期 建成 投用 具备 PB 数据 存储 计算能力 获得 高新技术 企业资质 认定 享受 相应 税收 优惠政策 建设 大数据 平台 整合 生产 销售 供应链 数据 支撑 经营 决策 利用 智能合约 技术 自动 供应商 结算 条款 发展 电子商务 业务 线上 渠道 收入 持续 人民币 汇率 波动 加大 远期 结售汇 业务 降低 汇兑 损失 客户 结构 优化 五大 客户 收入 客户 集中度 处于 合理 区间 人民币 汇率 波动 加大 远期 结售汇 业务 降低 汇兑 损失 营业 收入 得益于 主营业务 产销 规模 扩大 上线 智能 排产 系统 智能算法 优化 生产 排程 原材料 价格 波动 成本 形成 一定 压力 集中 采购 套期 保值 对冲 成本 上行 风险,176
DEMO029,演示DEMO029股份有限公司,房地产,2020,年度报告,公司评估公有云与私有云方案，逐步构建统一算力资源池。公司建立健全内部控制系统，治理结构规范，三会运作正常。公司现金流状况良好，经营活动现金流量净额为8.7亿元，资产负债结构稳健。原材料价格波动对成本端形成一定压力，公司通过集中采购和套期保值部分对冲了成本上行风险。公司成立数据中台团队，推动业务数据化、数据业务化。面对市场竞争加剧，公司加大渠道建设力度，经销商数量增加36家，覆盖区域进一步扩大。公司继续推进产能建设，精细化工产品项目一期已投产，预计达产后年新增产能20万吨。公司本期新增专利授权15项，累计有效专利38项，技术储备进一步夯实。公司持续加大研发投入，研发费用占营业收入比例为1.8%，围绕高端装备开展技术攻关。公司高度重视安全生产与环境保护，报告期内未发生重大安全事故。,脚本生成演示语料(step0_make_demo_corpus.py),公司评估公有云与私有云方案，逐步构建统一算力资源池。公司建立健全内部控制系统，治理结构规范，三会运作正常。公司现金流状况良好，经营活动现金流量净额为8.7亿元，资产负债结构稳健。原材料价格波动对成本端形成一定压力，公司通过集中采购和套期保值部分对冲了成本上行风险。公司成立数据中台团队，推动业务数据化、数据业务化。面对市场竞争加剧，公司加大渠道建设力度，经销商数量增加36家，覆盖区域进一步扩大。公司继续推进产能建设，精细化工产品项目一期已投产，预计达产后年新增产能20万吨。公司本期新增专利授权15项，累计有效专利38项，技术储备进一步夯实。公司持续加大研发投入，研发费用占营业收入比例为1.8%，围绕高端装备开展技术攻关。公司高度重视安全生产与环境保护，报告期内未发生重大安全事故。,评估 公有 私有 方案 逐步 构建 统一 算力 资源 建立健全 内部 控制系统 治理 结构 规范 三会 运作 现金流 状况良好 经营 活动 现金流量 净额 资产负债 结构 稳健 原材料 价格 波动 成本 形成 一定 压力 集中 采购 套期 保值 对冲 成本 上行 风险 成立 数据中台 团队 业务 数据 数据业务 面对 市场竞争 加剧 加大 渠道 建设 力度 经销商 数量 覆盖 区域 扩大 产能 建设 精细化工 产品 项目 一期 投产 预计 达产 新增 产能 万吨 本期 新增 专利 授权 专利 技术储备 夯实 持续 加大 研发 投入 研发 费用 营业 收入 比例 高端 装备 技术 攻关 高度重视 安全 生产 环境保护 发生 重大 安全事故,98
DEMO029,演示DEMO029股份有限公司,房地产,2021,年度报告,公司本期新增专利授权15项，累计有效专利38项，技术储备进一步夯实。公司现金流状况良好，经营活动现金流量净额为3.2亿元，资产负债结构稳健。报告期内，公司获得高新技术企业资质认定，享受相应税收优惠政策。公司主要客户为行业龙头企业，合作关系稳定，应收账款回款情况良好。公司积极拓展海外市场，出口业务收入同比增长12.1%，国际化布局初见成效。报告期内公司无重大诉讼仲裁事项，各项经营活动正常开展。报告期内人民币汇率波动加大，公司通过远期结售汇业务降低了汇兑损失。公司推动业务流程线上化，无纸化办公覆盖全部业务部门。公司成立数据中台团队，推动业务数据化、数据业务化。公司评估公有云与私有云方案，逐步构建统一算力资源池。公司建立健全内部控制系统，治理结构规范，三会运作正常。公司高度重视安全生产与环境保护，报告期内未发生重大安全事故。公司建立健全内部控制系统，治理结构规范，三会运作正常。下半年公司将围绕年度经营计划，重点做好市场开拓、成本控制与人才梯队建设等工作。公司持续加大研发投入，研发费用占营业收入比例为3.2%，围绕纺织服装开展技术攻关。,脚本生成演示语料(step0_make_demo_corpus.py),公司本期新增专利授权15项，累计有效专利38项，技术储备进一步夯实。公司现金流状况良好，经营活动现金流量净额为3.2亿元，资产负债结构稳健。报告期内，公司获得高新技术企业资质认定，享受相应税收优惠政策。公司主要客户为行业龙头企业，合作关系稳定，应收账款回款情况良好。公司积极拓展海外市场，出口业务收入同比增长12.1%，国际化布局初见成效。报告期内公司无重大诉讼仲裁事项，各项经营活动正常开展。报告期内人民币汇率波动加大，公司通过远期结售汇业务降低了汇兑损失。公司推动业务流程线上化，无纸化办公覆盖全部业务部门。公司成立数据中台团队，推动业务数据化、数据业务化。公司评估公有云与私有云方案，逐步构建统一算力资源池。公司建立健全内部控制系统，治理结构规范，三会运作正常。公司高度重视安全生产与环境保护，报告期内未发生重大安全事故。公司建立健全内部控制系统，治理结构规范，三会运作正常。下半年公司将围绕年度经营计划，重点做好市场开拓、成本控制与人才梯队建设等工作。公司持续加大研发投入，研发费用占营业收入比例为3.2%，围绕纺织服装开展技术攻关。,本期 新增 专利 授权 专利 技术储备 夯实 现金流 状况良好 经营 活动 现金流量 净额 资产负债 结构 稳健 获得 高新技术 企业资质 认定 享受 相应 税收 优惠政策 客户 行业龙头 企业 合作 关系 应收 账款 回款 拓展 海外 市场 出口 业务收入 国际化 布局 初见成效 重大 诉讼 仲裁 事项 经营 活动 人民币 汇率 波动 加大 远期 结售汇 业务 降低 汇兑 损失 业务流程 上化 无纸化 办公 覆盖 全部 业务部门 成立 数据中台 团队 业务 数据 数据业务 评估 公有 私有 方案 逐步 构建 统一 算力 资源 建立健全 内部 控制系统 治理 结构 规范 三会 运作 高度重视 安全 生产 环境保护 发生 重大 安全事故 建立健全 内部 控制系统 治理 结构 规范 三会 运作 下半年 年度 经营 做好 市场 开拓 成本 控制 人才 梯队 建设 持续 加大 研发 投入 研发 费用 营业 收入 比例 纺织 服装 技术 攻关,125
DEMO029,演示DEMO029股份有限公司,房地产,2022,年度报告,报告期内，公司实现营业收入19.3亿元，同比增长-3.1%，主要得益于主营业务产销规模扩大。公司现金流状况良好，经营活动现金流量净额为3.2亿元，资产负债结构稳健。公司继续推进产能建设，高端装备项目一期已投产，预计达产后年新增产能8万吨。公司构建智慧物流体系，仓储分拣自动化水平显著提高。公司高度重视安全生产与环境保护，报告期内未发生重大安全事故。下半年公司将围绕年度经营计划，重点做好市场开拓、成本控制与人才梯队建设等工作。公司与高校联合开展深度学习算法研究，赋能产品智能设计。公司推进经营管理信息化，上线新一代ERP系统实现业财一体。公司积极拓展海外市场，出口业务收入同比增长-6.3%，国际化布局初见成效。报告期内人民币汇率波动加大，公司通过远期结售汇业务降低了汇兑损失。原材料价格波动对成本端形成一定压力，公司通过集中采购和套期保值部分对冲了成本上行风险。公司开展数据治理体系建设，统一主数据标准，提升数据资产质量。原材料价格波动对成本端形成一定压力，公司通过集中采购和套期保值部分对冲了成本上行风险。报告期内，公司获得高新技术企业资质认定，享受相应税收优惠政策。公司高度重视安全生产与环境保护，报告期内未发生重大安全事故。公司部署机器学习算法对销售数据进行需求预测，库存周转效率明显改善。报告期内，公司实现营业收入28.4亿元，同比增长5.6%，主要得益于主营业务产销规模扩大。,脚本生成演示语料(step0_make_demo_corpus.py),报告期内，公司实现营业收入19.3亿元，同比增长-3.1%，主要得益于主营业务产销规模扩大。公司现金流状况良好，经营活动现金流量净额为3.2亿元，资产负债结构稳健。公司继续推进产能建设，高端装备项目一期已投产，预计达产后年新增产能8万吨。公司构建智慧物流体系，仓储分拣自动化水平显著提高。公司高度重视安全生产与环境保护，报告期内未发生重大安全事故。下半年公司将围绕年度经营计划，重点做好市场开拓、成本控制与人才梯队建设等工作。公司与高校联合开展深度学习算法研究，赋能产品智能设计。公司推进经营管理信息化，上线新一代ERP系统实现业财一体。公司积极拓展海外市场，出口业务收入同比增长-6.3%，国际化布局初见成效。报告期内人民币汇率波动加大，公司通过远期结售汇业务降低了汇兑损失。原材料价格波动对成本端形成一定压力，公司通过集中采购和套期保值部分对冲了成本上行风险。公司开展数据治理体系建设，统一主数据标准，提升数据资产质量。原材料价格波动对成本端形成一定压力，公司通过集中采购和套期保值部分对冲了成本上行风险。报告期内，公司获得高新技术企业资质认定，享受相应税收优惠政策。公司高度重视安全生产与环境保护，报告期内未发生重大安全事故。公司部署机器学习算法对销售数据进行需求预测，库存周转效率明显改善。报告期内，公司实现营业收入28.4亿元，同比增长5.6%，主要得益于主营业务产销规模扩大。,营业 收入 得益于 主营业务 产销 规模 扩大 现金流 状况良好 经营 活动 现金流量 净额 资产负债 结构 稳健 产能 建设 高端 装备 项目 一期 投产 预计 达产 新增 产能 万吨 构建 智慧物流 体系 仓储 分拣 自动化 水平 高度重视 安全 生产 环境保护 发生 重大 安全事故 下半年 年度 经营 做好 市场 开拓 成本 控制 人才 梯队 建设 高校 联合 深度学习 算法 研究 赋能 产品 智能 设计 经营 管理 信息化 上线 新一代 ERP 系统 业财一体 拓展 海外 市场 出口 业务收入 国际化 布局 初见成效 人民币 汇率 波动 加大 远期 结售汇 业务 降低 汇兑 损失 原材料 价格 波动 成本 形成 一定 压力 集中 采购 套期 保值 对冲 成本 上行 风险 数据 治理 体系 建设 统一 数据 标准 数据 资产 质量 原材料 价格 波动 成本 形成 一定 压力 集中 采购 套期 保值 对冲 成本 上行 风险 获得 高新技术 企业资质 认定 享受 相应 税收 优惠政策 高度重视 安全 生产 环境保护 发生 重大 安全事故 部署 机器学习 算法 销售 数据 需求预测 库存 周转 效率 明显改善 营业 收入 得益于 主营业务 产销 规模 扩大,160
DEMO029,演示DEMO029股份有限公司,房地产,2023,年度报告,公司积极拓展海外市场，出口业务收入同比增长9.4%，国际化布局初见成效。公司研究基于分布式账本的对账机制，降低交易核对成本。公司主要客户为行业龙头企业，合作关系稳定，应收账款回款情况良好。公司持续优化产品结构，纺织服装业务占比稳步提升，毛利率较上年上升1.2个百分点。报告期内公司客户结构进一步优化，前五大客户收入占比为28.3%，客户集中度处于合理区间。公司主要客户为行业龙头企业，合作关系稳定，应收账款回款情况良好。公司主要客户为行业龙头企业，合作关系稳定，应收账款回款情况良好。公司持续优化产品结构，食品饮料业务占比稳步提升，毛利率较上年下降0.8个百分点。公司现金流状况良好，经营活动现金流量净额为12.4亿元，资产负债结构稳健。原材料价格波动对成本端形成一定压力，公司通过集中采购和套期保值部分对冲了成本上行风险。原材料价格波动对成本端形成一定压力，公司通过集中采购和套期保值部分对冲了成本上行风险。公司采购云服务替代传统服务器部署，系统上线周期大幅缩短。报告期内公司无重大诉讼仲裁事项，各项经营活动正常开展。,脚本生成演示语料(step0_make_demo_corpus.py),公司积极拓展海外市场，出口业务收入同比增长9.4%，国际化布局初见成效。公司研究基于分布式账本的对账机制，降低交易核对成本。公司主要客户为行业龙头企业，合作关系稳定，应收账款回款情况良好。公司持续优化产品结构，纺织服装业务占比稳步提升，毛利率较上年上升1.2个百分点。报告期内公司客户结构进一步优化，前五大客户收入占比为28.3%，客户集中度处于合理区间。公司主要客户为行业龙头企业，合作关系稳定，应收账款回款情况良好。公司主要客户为行业龙头企业，合作关系稳定，应收账款回款情况良好。公司持续优化产品结构，食品饮料业务占比稳步提升，毛利率较上年下降0.8个百分点。公司现金流状况良好，经营活动现金流量净额为12.4亿元，资产负债结构稳健。原材料价格波动对成本端形成一定压力，公司通过集中采购和套期保值部分对冲了成本上行风险。原材料价格波动对成本端形成一定压力，公司通过集中采购和套期保值部分对冲了成本上行风险。公司采购云服务替代传统服务器部署，系统上线周期大幅缩短。报告期内公司无重大诉讼仲裁事项，各项经营活动正常开展。,拓展 海外 市场 出口 业务收入 国际化 布局 初见成效 研究 基于 分布式账本 对账 机制 降低 交易 核对 成本 客户 行业龙头 企业 合作 关系 应收 账款 回款 持续 优化 产品 结构 纺织 服装 业务 毛利率 百分点 客户 结构 优化 五大 客户 收入 客户 集中度 处于 合理 区间 客户 行业龙头 企业 合作 关系 应收 账款 回款 客户 行业龙头 企业 合作 关系 应收 账款 回款 持续 优化 产品 结构 食品饮料 业务 毛利率 百分点 现金流 状况良好 经营 活动 现金流量 净额 资产负债 结构 稳健 原材料 价格 波动 成本 形成 一定 压力 集中 采购 套期 保值 对冲 成本 上行 风险 原材料 价格 波动 成本 形成 一定 压力 集中 采购 套期 保值 对冲 成本 上行 风险 采购 服务 替代 传统 服务器 部署 系统 上线 周期 大幅 缩短 重大 诉讼 仲裁 事项 经营 活动,125
DEMO029,演示DEMO029股份有限公司,房地产,2024,年度报告,面对市场竞争加剧，公司加大渠道建设力度，经销商数量增加120家，覆盖区域进一步扩大。报告期内人民币汇率波动加大，公司通过远期结售汇业务降低了汇兑损失。面对市场竞争加剧，公司加大渠道建设力度，经销商数量增加210家，覆盖区域进一步扩大。公司深耕华南市场，区域市场份额稳中有升，品牌影响力持续增强。公司本期新增专利授权22项，累计有效专利56项，技术储备进一步夯实。公司建设工业互联网平台，实现设备联网与远程运维。公司积极拓展海外市场，出口业务收入同比增长12.1%，国际化布局初见成效。报告期内人民币汇率波动加大，公司通过远期结售汇业务降低了汇兑损失。公司继续推进产能建设，电子元器件项目一期已投产，预计达产后年新增产能5万吨。报告期内公司无重大诉讼仲裁事项，各项经营活动正常开展。报告期内，公司实现营业收入28.4亿元，同比增长-3.1%，主要得益于主营业务产销规模扩大。报告期内，公司获得高新技术企业资质认定，享受相应税收优惠政策。公司建立健全内部控制系统，治理结构规范，三会运作正常。,脚本生成演示语料(step0_make_demo_corpus.py),面对市场竞争加剧，公司加大渠道建设力度，经销商数量增加120家，覆盖区域进一步扩大。报告期内人民币汇率波动加大，公司通过远期结售汇业务降低了汇兑损失。面对市场竞争加剧，公司加大渠道建设力度，经销商数量增加210家，覆盖区域进一步扩大。公司深耕华南市场，区域市场份额稳中有升，品牌影响力持续增强。公司本期新增专利授权22项，累计有效专利56项，技术储备进一步夯实。公司建设工业互联网平台，实现设备联网与远程运维。公司积极拓展海外市场，出口业务收入同比增长12.1%，国际化布局初见成效。报告期内人民币汇率波动加大，公司通过远期结售汇业务降低了汇兑损失。公司继续推进产能建设，电子元器件项目一期已投产，预计达产后年新增产能5万吨。报告期内公司无重大诉讼仲裁事项，各项经营活动正常开展。报告期内，公司实现营业收入28.4亿元，同比增长-3.1%，主要得益于主营业务产销规模扩大。报告期内，公司获得高新技术企业资质认定，享受相应税收优惠政策。公司建立健全内部控制系统，治理结构规范，三会运作正常。,面对 市场竞争 加剧 加大 渠道 建设 力度 经销商 数量 覆盖 区域 扩大 人民币 汇率 波动 加大 远期 结售汇 业务 降低 汇兑 损失 面对 市场竞争 加剧 加大 渠道 建设 力度 经销商 数量 覆盖 区域 扩大 深耕 华南 市场 区域 市场份额 稳中有升 品牌 影响力 持续 增强 本期 新增 专利 授权 专利 技术储备 夯实 建设 工业互联网 平台 设备 联网 远程 运维 拓展 海外 市场 出口 业务收入 国际化 布局 初见成效 人民币 汇率 波动 加大 远期 结售汇 业务 降低 汇兑 损失 产能 建设 电子 元器件 项目 一期 投产 预计 达产 新增 产能 万吨 重大 诉讼 仲裁 事项 经营 活动 营业 收入 得益于 主营业务 产销 规模 扩大 获得 高新技术 企业资质 认定 享受 相应 税收 优惠政策 建立健全 内部 控制系统 治理 结构 规范 三会 运作,117
DEMO030,演示DEMO030股份有限公司,农林牧渔,2020,年度报告,报告期内，公司实现营业收入12.6亿元，同比增长5.6%，主要得益于主营业务产销规模扩大。报告期内，公司获得高新技术企业资质认定，享受相应税收优惠政策。公司持续优化产品结构，精细化工产品业务占比稳步提升，毛利率较上年上升2.5个百分点。报告期内人民币汇率波动加大，公司通过远期结售汇业务降低了汇兑损失。公司持续优化产品结构，纺织服装业务占比稳步提升，毛利率较上年上升1.2个百分点。报告期内公司无重大诉讼仲裁事项，各项经营活动正常开展。报告期内，公司获得高新技术企业资质认定，享受相应税收优惠政策。下半年公司将围绕年度经营计划，重点做好市场开拓、成本控制与人才梯队建设等工作。公司核心业务系统迁移上云，采用混合云架构降低IT运维成本。公司持续加大研发投入，研发费用占营业收入比例为2.6%，围绕纺织服装开展技术攻关。面对市场竞争加剧，公司加大渠道建设力度，经销商数量增加210家，覆盖区域进一步扩大。公司积极拓展海外市场，出口业务收入同比增长12.1%，国际化布局初见成效。报告期内人民币汇率波动加大，公司通过远期结售汇业务降低了汇兑损失。,脚本生成演示语料(step0_make_demo_corpus.py),报告期内，公司实现营业收入12.6亿元，同比增长5.6%，主要得益于主营业务产销规模扩大。报告期内，公司获得高新技术企业资质认定，享受相应税收优惠政策。公司持续优化产品结构，精细化工产品业务占比稳步提升，毛利率较上年上升2.5个百分点。报告期内人民币汇率波动加大，公司通过远期结售汇业务降低了汇兑损失。公司持续优化产品结构，纺织服装业务占比稳步提升，毛利率较上年上升1.2个百分点。报告期内公司无重大诉讼仲裁事项，各项经营活动正常开展。报告期内，公司获得高新技术企业资质认定，享受相应税收优惠政策。下半年公司将围绕年度经营计划，重点做好市场开拓、成本控制与人才梯队建设等工作。公司核心业务系统迁移上云，采用混合云架构降低IT运维成本。公司持续加大研发投入，研发费用占营业收入比例为2.6%，围绕纺织服装开展技术攻关。面对市场竞争加剧，公司加大渠道建设力度，经销商数量增加210家，覆盖区域进一步扩大。公司积极拓展海外市场，出口业务收入同比增长12.1%，国际化布局初见成效。报告期内人民币汇率波动加大，公司通过远期结售汇业务降低了汇兑损失。,营业 收入 得益于 主营业务 产销 规模 扩大 获得 高新技术 企业资质 认定 享受 相应 税收 优惠政策 持续 优化 产品 结构 精细化工 产品 业务 毛利率 百分点 人民币 汇率 波动 加大 远期 结售汇 业务 降低 汇兑 损失 持续 优化 产品 结构 纺织 服装 业务 毛利率 百分点 重大 诉讼 仲裁 事项 经营 活动 获得 高新技术 企业资质 认定 享受 相应 税收 优惠政策 下半年 年度 经营 做好 市场 开拓 成本 控制 人才 梯队 建设 核心 业务 系统 迁移 上云 采用 混合 架构 降低 IT 运维 成本 持续 加大 研发 投入 研发 费用 营业 收入 比例 纺织 服装 技术 攻关 面对 市场竞争 加剧 加大 渠道 建设 力度 经销商 数量 覆盖 区域 扩大 拓展 海外 市场 出口 业务收入 国际化 布局 初见成效 人民币 汇率 波动 加大 远期 结售汇 业务 降低 汇兑 损失,123
DEMO030,演示DEMO030股份有限公司,农林牧渔,2021,年度报告,公司现金流状况良好，经营活动现金流量净额为8.7亿元，资产负债结构稳健。报告期内，公司获得高新技术企业资质认定，享受相应税收优惠政策。公司积极拓展海外市场，出口业务收入同比增长12.1%，国际化布局初见成效。面对市场竞争加剧，公司加大渠道建设力度，经销商数量增加210家，覆盖区域进一步扩大。公司主要客户为行业龙头企业，合作关系稳定，应收账款回款情况良好。本年度公司人力成本略有上升，管理费用率保持稳定，费用管控成效显现。面对市场竞争加剧，公司加大渠道建设力度，经销商数量增加88家，覆盖区域进一步扩大。原材料价格波动对成本端形成一定压力，公司通过集中采购和套期保值部分对冲了成本上行风险。报告期内公司客户结构进一步优化，前五大客户收入占比为32.5%，客户集中度处于合理区间。公司现金流状况良好，经营活动现金流量净额为12.4亿元，资产负债结构稳健。报告期内公司客户结构进一步优化，前五大客户收入占比为32.5%，客户集中度处于合理区间。公司高度重视安全生产与环境保护，报告期内未发生重大安全事故。,脚本生成演示语料(step0_make_demo_corpus.py),公司现金流状况良好，经营活动现金流量净额为8.7亿元，资产负债结构稳健。报告期内，公司获得高新技术企业资质认定，享受相应税收优惠政策。公司积极拓展海外市场，出口业务收入同比增长12.1%，国际化布局初见成效。面对市场竞争加剧，公司加大渠道建设力度，经销商数量增加210家，覆盖区域进一步扩大。公司主要客户为行业龙头企业，合作关系稳定，应收账款回款情况良好。本年度公司人力成本略有上升，管理费用率保持稳定，费用管控成效显现。面对市场竞争加剧，公司加大渠道建设力度，经销商数量增加88家，覆盖区域进一步扩大。原材料价格波动对成本端形成一定压力，公司通过集中采购和套期保值部分对冲了成本上行风险。报告期内公司客户结构进一步优化，前五大客户收入占比为32.5%，客户集中度处于合理区间。公司现金流状况良好，经营活动现金流量净额为12.4亿元，资产负债结构稳健。报告期内公司客户结构进一步优化，前五大客户收入占比为32.5%，客户集中度处于合理区间。公司高度重视安全生产与环境保护，报告期内未发生重大安全事故。,现金流 状况良好 经营 活动 现金流量 净额 资产负债 结构 稳健 获得 高新技术 企业资质 认定 享受 相应 税收 优惠政策 拓展 海外 市场 出口 业务收入 国际化 布局 初见成效 面对 市场竞争 加剧 加大 渠道 建设 力度 经销商 数量 覆盖 区域 扩大 客户 行业龙头 企业 合作 关系 应收 账款 回款 本年度 人力 成本 略有 管理 费用率 保持稳定 费用 管控 成效 显现 面对 市场竞争 加剧 加大 渠道 建设 力度 经销商 数量 覆盖 区域 扩大 原材料 价格 波动 成本 形成 一定 压力 集中 采购 套期 保值 对冲 成本 上行 风险 客户 结构 优化 五大 客户 收入 客户 集中度 处于 合理 区间 现金流 状况良好 经营 活动 现金流量 净额 资产负债 结构 稳健 客户 结构 优化 五大 客户 收入 客户 集中度 处于 合理 区间 高度重视 安全 生产 环境保护 发生 重大 安全事故,121
DEMO030,演示DEMO030股份有限公司,农林牧渔,2022,年度报告,公司继续推进产能建设，电子元器件项目一期已投产，预计达产后年新增产能5万吨。报告期内公司客户结构进一步优化，前五大客户收入占比为41.8%，客户集中度处于合理区间。公司持续优化产品结构，建材业务占比稳步提升，毛利率较上年上升2.5个百分点。原材料价格波动对成本端形成一定压力，公司通过集中采购和套期保值部分对冲了成本上行风险。报告期内人民币汇率波动加大，公司通过远期结售汇业务降低了汇兑损失。公司本期新增专利授权8项，累计有效专利56项，技术储备进一步夯实。报告期内公司客户结构进一步优化，前五大客户收入占比为55.1%，客户集中度处于合理区间。原材料价格波动对成本端形成一定压力，公司通过集中采购和套期保值部分对冲了成本上行风险。公司本期新增专利授权8项，累计有效专利120项，技术储备进一步夯实。公司引入人工智能技术优化{prod}质检环节，缺陷识别准确率显著提升。报告期内公司无重大诉讼仲裁事项，各项经营活动正常开展。报告期内公司客户结构进一步优化，前五大客户收入占比为36.9%，客户集中度处于合理区间。公司引入人工智能技术优化{prod}质检环节，缺陷识别准确率显著提升。公司持续加大研发投入，研发费用占营业收入比例为4.4%，围绕精细化工产品开展技术攻关。,脚本生成演示语料(step0_make_demo_corpus.py),公司继续推进产能建设，电子元器件项目一期已投产，预计达产后年新增产能5万吨。报告期内公司客户结构进一步优化，前五大客户收入占比为41.8%，客户集中度处于合理区间。公司持续优化产品结构，建材业务占比稳步提升，毛利率较上年上升2.5个百分点。原材料价格波动对成本端形成一定压力，公司通过集中采购和套期保值部分对冲了成本上行风险。报告期内人民币汇率波动加大，公司通过远期结售汇业务降低了汇兑损失。公司本期新增专利授权8项，累计有效专利56项，技术储备进一步夯实。报告期内公司客户结构进一步优化，前五大客户收入占比为55.1%，客户集中度处于合理区间。原材料价格波动对成本端形成一定压力，公司通过集中采购和套期保值部分对冲了成本上行风险。公司本期新增专利授权8项，累计有效专利120项，技术储备进一步夯实。公司引入人工智能技术优化{prod}质检环节，缺陷识别准确率显著提升。报告期内公司无重大诉讼仲裁事项，各项经营活动正常开展。报告期内公司客户结构进一步优化，前五大客户收入占比为36.9%，客户集中度处于合理区间。公司引入人工智能技术优化{prod}质检环节，缺陷识别准确率显著提升。公司持续加大研发投入，研发费用占营业收入比例为4.4%，围绕精细化工产品开展技术攻关。,产能 建设 电子 元器件 项目 一期 投产 预计 达产 新增 产能 万吨 客户 结构 优化 五大 客户 收入 客户 集中度 处于 合理 区间 持续 优化 产品 结构 建材 业务 毛利率 百分点 原材料 价格 波动 成本 形成 一定 压力 集中 采购 套期 保值 对冲 成本 上行 风险 人民币 汇率 波动 加大 远期 结售汇 业务 降低 汇兑 损失 本期 新增 专利 授权 专利 技术储备 夯实 客户 结构 优化 五大 客户 收入 客户 集中度 处于 合理 区间 原材料 价格 波动 成本 形成 一定 压力 集中 采购 套期 保值 对冲 成本 上行 风险 本期 新增 专利 授权 专利 技术储备 夯实 引入 人工智能 技术 优化 prod 质检 环节 缺陷 识别 准确率 重大 诉讼 仲裁 事项 经营 活动 客户 结构 优化 五大 客户 收入 客户 集中度 处于 合理 区间 引入 人工智能 技术 优化 prod 质检 环节 缺陷 识别 准确率 持续 加大 研发 投入 研发 费用 营业 收入 比例 精细化工 产品 技术 攻关,146
DEMO030,演示DEMO030股份有限公司,农林牧渔,2023,年度报告,公司主要客户为行业龙头企业，合作关系稳定，应收账款回款情况良好。公司采购云服务替代传统服务器部署，系统上线周期大幅缩短。公司建立健全内部控制系统，治理结构规范，三会运作正常。公司应用数字孪生技术对重点产线进行虚拟建模与仿真优化。下半年公司将围绕年度经营计划，重点做好市场开拓、成本控制与人才梯队建设等工作。报告期内，公司获得高新技术企业资质认定，享受相应税收优惠政策。公司本期新增专利授权3项，累计有效专利85项，技术储备进一步夯实。报告期内公司客户结构进一步优化，前五大客户收入占比为55.1%，客户集中度处于合理区间。公司持续优化产品结构，高端装备业务占比稳步提升，毛利率较上年下降1.5个百分点。本年度公司人力成本略有上升，管理费用率保持稳定，费用管控成效显现。公司积极拓展海外市场，出口业务收入同比增长30.5%，国际化布局初见成效。本年度公司人力成本略有上升，管理费用率保持稳定，费用管控成效显现。公司建立健全内部控制系统，治理结构规范，三会运作正常。报告期内，公司实现营业收入63.7亿元，同比增长-1.8%，主要得益于主营业务产销规模扩大。,脚本生成演示语料(step0_make_demo_corpus.py),公司主要客户为行业龙头企业，合作关系稳定，应收账款回款情况良好。公司采购云服务替代传统服务器部署，系统上线周期大幅缩短。公司建立健全内部控制系统，治理结构规范，三会运作正常。公司应用数字孪生技术对重点产线进行虚拟建模与仿真优化。下半年公司将围绕年度经营计划，重点做好市场开拓、成本控制与人才梯队建设等工作。报告期内，公司获得高新技术企业资质认定，享受相应税收优惠政策。公司本期新增专利授权3项，累计有效专利85项，技术储备进一步夯实。报告期内公司客户结构进一步优化，前五大客户收入占比为55.1%，客户集中度处于合理区间。公司持续优化产品结构，高端装备业务占比稳步提升，毛利率较上年下降1.5个百分点。本年度公司人力成本略有上升，管理费用率保持稳定，费用管控成效显现。公司积极拓展海外市场，出口业务收入同比增长30.5%，国际化布局初见成效。本年度公司人力成本略有上升，管理费用率保持稳定，费用管控成效显现。公司建立健全内部控制系统，治理结构规范，三会运作正常。报告期内，公司实现营业收入63.7亿元，同比增长-1.8%，主要得益于主营业务产销规模扩大。,客户 行业龙头 企业 合作 关系 应收 账款 回款 采购 服务 替代 传统 服务器 部署 系统 上线 周期 大幅 缩短 建立健全 内部 控制系统 治理 结构 规范 三会 运作 应用 数字孪生 技术 产线 虚拟 建模 仿真 优化 下半年 年度 经营 做好 市场 开拓 成本 控制 人才 梯队 建设 获得 高新技术 企业资质 认定 享受 相应 税收 优惠政策 本期 新增 专利 授权 专利 技术储备 夯实 客户 结构 优化 五大 客户 收入 客户 集中度 处于 合理 区间 持续 优化 产品 结构 高端 装备 业务 毛利率 百分点 本年度 人力 成本 略有 管理 费用率 保持稳定 费用 管控 成效 显现 拓展 海外 市场 出口 业务收入 国际化 布局 初见成效 本年度 人力 成本 略有 管理 费用率 保持稳定 费用 管控 成效 显现 建立健全 内部 控制系统 治理 结构 规范 三会 运作 营业 收入 得益于 主营业务 产销 规模 扩大,126
DEMO030,演示DEMO030股份有限公司,农林牧渔,2024,年度报告,报告期内，公司实现营业收入8.9亿元，同比增长-1.8%，主要得益于主营业务产销规模扩大。受行业周期影响，部分产品价格有所回落，公司及时调整销售策略，库存水平保持在合理范围。面对市场竞争加剧，公司加大渠道建设力度，经销商数量增加45家，覆盖区域进一步扩大。公司持续优化产品结构，食品饮料业务占比稳步提升，毛利率较上年持平个百分点。报告期内，公司获得高新技术企业资质认定，享受相应税收优惠政策。公司建立健全内部控制系统，治理结构规范，三会运作正常。报告期内，公司实现营业收入8.9亿元，同比增长15.2%，主要得益于主营业务产销规模扩大。下半年公司将围绕年度经营计划，重点做好市场开拓、成本控制与人才梯队建设等工作。下半年公司将围绕年度经营计划，重点做好市场开拓、成本控制与人才梯队建设等工作。,脚本生成演示语料(step0_make_demo_corpus.py),报告期内，公司实现营业收入8.9亿元，同比增长-1.8%，主要得益于主营业务产销规模扩大。受行业周期影响，部分产品价格有所回落，公司及时调整销售策略，库存水平保持在合理范围。面对市场竞争加剧，公司加大渠道建设力度，经销商数量增加45家，覆盖区域进一步扩大。公司持续优化产品结构，食品饮料业务占比稳步提升，毛利率较上年持平个百分点。报告期内，公司获得高新技术企业资质认定，享受相应税收优惠政策。公司建立健全内部控制系统，治理结构规范，三会运作正常。报告期内，公司实现营业收入8.9亿元，同比增长15.2%，主要得益于主营业务产销规模扩大。下半年公司将围绕年度经营计划，重点做好市场开拓、成本控制与人才梯队建设等工作。下半年公司将围绕年度经营计划，重点做好市场开拓、成本控制与人才梯队建设等工作。,营业 收入 得益于 主营业务 产销 规模 扩大 行业 周期 影响 产品价格 有所 回落 及时 调整 销售策略 库存 水平 合理 范围 面对 市场竞争 加剧 加大 渠道 建设 力度 经销商 数量 覆盖 区域 扩大 持续 优化 产品 结构 食品饮料 业务 毛利率 持平 百分点 获得 高新技术 企业资质 认定 享受 相应 税收 优惠政策 建立健全 内部 控制系统 治理 结构 规范 三会 运作 营业 收入 得益于 主营业务 产销 规模 扩大 下半年 年度 经营 做好 市场 开拓 成本 控制 人才 梯队 建设 下半年 年度 经营 做好 市场 开拓 成本 控制 人才 梯队 建设,86
DEMO031,演示DEMO031股份有限公司,信息技术,2020,年度报告,公司发展电子商务业务，线上渠道收入占比持续提升。公司推进智能制造升级，数字化车间已通过省级认定。本年度公司人力成本略有上升，管理费用率保持稳定，费用管控成效显现。公司继续推进产能建设，纺织服装项目一期已投产，预计达产后年新增产能8万吨。公司制定数字化转型规划，成立数字化管理委员会统筹推进。公司主要客户为行业龙头企业，合作关系稳定，应收账款回款情况良好。公司开展数据治理体系建设，统一主数据标准，提升数据资产质量。报告期内人民币汇率波动加大，公司通过远期结售汇业务降低了汇兑损失。报告期内人民币汇率波动加大，公司通过远期结售汇业务降低了汇兑损失。公司开展数据治理体系建设，统一主数据标准，提升数据资产质量。公司参与行业区块链联盟，推动供应链单证电子化与可信流转。公司数据中心一期建成投用，具备 PB 级数据存储与计算能力。公司建立健全内部控制系统，治理结构规范，三会运作正常。公司高度重视安全生产与环境保护，报告期内未发生重大安全事故。公司利用智能合约技术自动执行供应商结算条款。公司参与行业区块链联盟，推动供应链单证电子化与可信流转。公司本期新增专利授权8项，累计有效专利38项，技术储备进一步夯实。公司继续推进产能建设，高端装备项目一期已投产，预计达产后年新增产能12万吨。公司上线智能排产系统，通过智能算法优化生产计划排程。公司部署机器学习算法对销售数据进行需求预测，库存周转效率明显改善。公司探索区块链技术在产品溯源中的应用，实现全流程信息上链。公司应用数字孪生技术对重点产线进行虚拟建模与仿真优化。报告期内公司客户结构进一步优化，前五大客户收入占比为32.5%，客户集中度处于合理区间。公司积极拓展海外市场，出口业务收入同比增长12.1%，国际化布局初见成效。公司与高校联合开展深度学习算法研究，赋能产品智能设计。公司成立数据中台团队，推动业务数据化、数据业务化。公司构建智慧物流体系，仓储分拣自动化水平显著提高。公司高度重视安全生产与环境保护，报告期内未发生重大安全事故。,脚本生成演示语料(step0_make_demo_corpus.py),公司发展电子商务业务，线上渠道收入占比持续提升。公司推进智能制造升级，数字化车间已通过省级认定。本年度公司人力成本略有上升，管理费用率保持稳定，费用管控成效显现。公司继续推进产能建设，纺织服装项目一期已投产，预计达产后年新增产能8万吨。公司制定数字化转型规划，成立数字化管理委员会统筹推进。公司主要客户为行业龙头企业，合作关系稳定，应收账款回款情况良好。公司开展数据治理体系建设，统一主数据标准，提升数据资产质量。报告期内人民币汇率波动加大，公司通过远期结售汇业务降低了汇兑损失。报告期内人民币汇率波动加大，公司通过远期结售汇业务降低了汇兑损失。公司开展数据治理体系建设，统一主数据标准，提升数据资产质量。公司参与行业区块链联盟，推动供应链单证电子化与可信流转。公司数据中心一期建成投用，具备 PB 级数据存储与计算能力。公司建立健全内部控制系统，治理结构规范，三会运作正常。公司高度重视安全生产与环境保护，报告期内未发生重大安全事故。公司利用智能合约技术自动执行供应商结算条款。公司参与行业区块链联盟，推动供应链单证电子化与可信流转。公司本期新增专利授权8项，累计有效专利38项，技术储备进一步夯实。公司继续推进产能建设，高端装备项目一期已投产，预计达产后年新增产能12万吨。公司上线智能排产系统，通过智能算法优化生产计划排程。公司部署机器学习算法对销售数据进行需求预测，库存周转效率明显改善。公司探索区块链技术在产品溯源中的应用，实现全流程信息上链。公司应用数字孪生技术对重点产线进行虚拟建模与仿真优化。报告期内公司客户结构进一步优化，前五大客户收入占比为32.5%，客户集中度处于合理区间。公司积极拓展海外市场，出口业务收入同比增长12.1%，国际化布局初见成效。公司与高校联合开展深度学习算法研究，赋能产品智能设计。公司成立数据中台团队，推动业务数据化、数据业务化。公司构建智慧物流体系，仓储分拣自动化水平显著提高。公司高度重视安全生产与环境保护，报告期内未发生重大安全事故。,发展 电子商务 业务 线上 渠道 收入 持续 智能制造 升级 数字化 车间 省级 认定 本年度 人力 成本 略有 管理 费用率 保持稳定 费用 管控 成效 显现 产能 建设 纺织 服装 项目 一期 投产 预计 达产 新增 产能 万吨 制定 数字化转型 规划 成立 数字化 管理 委员会 统筹 客户 行业龙头 企业 合作 关系 应收 账款 回款 数据 治理 体系 建设 统一 数据 标准 数据 资产 质量 人民币 汇率 波动 加大 远期 结售汇 业务 降低 汇兑 损失 人民币 汇率 波动 加大 远期 结售汇 业务 降低 汇兑 损失 数据 治理 体系 建设 统一 数据 标准 数据 资产 质量 参与 行业 区块链 联盟 供应链 单证 电子化 可信 流转 数据中心 一期 建成 投用 具备 PB 数据 存储 计算能力 建立健全 内部 控制系统 治理 结构 规范 三会 运作 高度重视 安全 生产 环境保护 发生 重大 安全事故 利用 智能合约 技术 自动 供应商 结算 条款 参与 行业 区块链 联盟 供应链 单证 电子化 可信 流转 本期 新增 专利 授权 专利 技术储备 夯实 产能 建设 高端 装备 项目 一期 投产 预计 达产 新增 产能 万吨 上线 智能 排产 系统 智能算法 优化 生产 排程 部署 机器学习 算法 销售 数据 需求预测 库存 周转 效率 明显改善 探索 区块链 技术 产品 溯源 应用 流程 信息 应用 数字孪生 技术 产线 虚拟 建模 仿真 优化 客户 结构 优化 五大 客户 收入 客户 集中度 处于 合理 区间 拓展 海外 市场 出口 业务收入 国际化 布局 初见成效 高校 联合 深度学习 算法 研究 赋能 产品 智能 设计 成立 数据中台 团队 业务 数据 数据业务 构建 智慧物流 体系 仓储 分拣 自动化 水平 高度重视 安全 生产 环境保护 发生 重大 安全事故,242
DEMO031,演示DEMO031股份有限公司,信息技术,2021,年度报告,下半年公司将围绕年度经营计划，重点做好市场开拓、成本控制与人才梯队建设等工作。公司开展数据治理体系建设，统一主数据标准，提升数据资产质量。公司推进智能制造升级，数字化车间已通过省级认定。公司引入人工智能技术优化{prod}质检环节，缺陷识别准确率显著提升。原材料价格波动对成本端形成一定压力，公司通过集中采购和套期保值部分对冲了成本上行风险。公司推进计算机视觉技术在生产线上的应用，实现关键工序自动检测。公司核心业务系统迁移上云，采用混合云架构降低IT运维成本。公司研究基于分布式账本的对账机制，降低交易核对成本。公司推进计算机视觉技术在生产线上的应用，实现关键工序自动检测。公司评估公有云与私有云方案，逐步构建统一算力资源池。报告期内人民币汇率波动加大，公司通过远期结售汇业务降低了汇兑损失。公司运用数据挖掘技术分析客户行为，实现精准营销。公司引入边缘计算设备，实现车间数据的就地处理与实时回传。公司试点数字人民币结算场景，丰富收款渠道。公司采购云服务替代传统服务器部署，系统上线周期大幅缩短。报告期内公司客户结构进一步优化，前五大客户收入占比为28.3%，客户集中度处于合理区间。公司高度重视安全生产与环境保护，报告期内未发生重大安全事故。公司继续推进产能建设，纺织服装项目一期已投产，预计达产后年新增产能12万吨。公司建设大数据平台，整合生产、销售与供应链数据，支撑经营决策。公司运用数据挖掘技术分析客户行为，实现精准营销。本年度公司人力成本略有上升，管理费用率保持稳定，费用管控成效显现。报告期内，公司获得高新技术企业资质认定，享受相应税收优惠政策。公司基于云平台搭建协同办公体系，跨区域协作效率提升。,脚本生成演示语料(step0_make_demo_corpus.py),下半年公司将围绕年度经营计划，重点做好市场开拓、成本控制与人才梯队建设等工作。公司开展数据治理体系建设，统一主数据标准，提升数据资产质量。公司推进智能制造升级，数字化车间已通过省级认定。公司引入人工智能技术优化{prod}质检环节，缺陷识别准确率显著提升。原材料价格波动对成本端形成一定压力，公司通过集中采购和套期保值部分对冲了成本上行风险。公司推进计算机视觉技术在生产线上的应用，实现关键工序自动检测。公司核心业务系统迁移上云，采用混合云架构降低IT运维成本。公司研究基于分布式账本的对账机制，降低交易核对成本。公司推进计算机视觉技术在生产线上的应用，实现关键工序自动检测。公司评估公有云与私有云方案，逐步构建统一算力资源池。报告期内人民币汇率波动加大，公司通过远期结售汇业务降低了汇兑损失。公司运用数据挖掘技术分析客户行为，实现精准营销。公司引入边缘计算设备，实现车间数据的就地处理与实时回传。公司试点数字人民币结算场景，丰富收款渠道。公司采购云服务替代传统服务器部署，系统上线周期大幅缩短。报告期内公司客户结构进一步优化，前五大客户收入占比为28.3%，客户集中度处于合理区间。公司高度重视安全生产与环境保护，报告期内未发生重大安全事故。公司继续推进产能建设，纺织服装项目一期已投产，预计达产后年新增产能12万吨。公司建设大数据平台，整合生产、销售与供应链数据，支撑经营决策。公司运用数据挖掘技术分析客户行为，实现精准营销。本年度公司人力成本略有上升，管理费用率保持稳定，费用管控成效显现。报告期内，公司获得高新技术企业资质认定，享受相应税收优惠政策。公司基于云平台搭建协同办公体系，跨区域协作效率提升。,下半年 年度 经营 做好 市场 开拓 成本 控制 人才 梯队 建设 数据 治理 体系 建设 统一 数据 标准 数据 资产 质量 智能制造 升级 数字化 车间 省级 认定 引入 人工智能 技术 优化 prod 质检 环节 缺陷 识别 准确率 原材料 价格 波动 成本 形成 一定 压力 集中 采购 套期 保值 对冲 成本 上行 风险 计算机视觉 技术 生产线 应用 关键 工序 自动检测 核心 业务 系统 迁移 上云 采用 混合 架构 降低 IT 运维 成本 研究 基于 分布式账本 对账 机制 降低 交易 核对 成本 计算机视觉 技术 生产线 应用 关键 工序 自动检测 评估 公有 私有 方案 逐步 构建 统一 算力 资源 人民币 汇率 波动 加大 远期 结售汇 业务 降低 汇兑 损失 运用 数据挖掘 技术 分析 客户 行为 精准 营销 引入 边缘计算 设备 车间 数据 处理 实时 回传 试点 数字人民币 结算 场景 丰富 收款 渠道 采购 服务 替代 传统 服务器 部署 系统 上线 周期 大幅 缩短 客户 结构 优化 五大 客户 收入 客户 集中度 处于 合理 区间 高度重视 安全 生产 环境保护 发生 重大 安全事故 产能 建设 纺织 服装 项目 一期 投产 预计 达产 新增 产能 万吨 建设 大数据 平台 整合 生产 销售 供应链 数据 支撑 经营 决策 运用 数据挖掘 技术 分析 客户 行为 精准 营销 本年度 人力 成本 略有 管理 费用率 保持稳定 费用 管控 成效 显现 获得 高新技术 企业资质 认定 享受 相应 税收 优惠政策 基于 平台 搭建 协同 办公 体系 区域 协作 效率,217
DEMO031,演示DEMO031股份有限公司,信息技术,2022,年度报告,公司采购云服务替代传统服务器部署，系统上线周期大幅缩短。公司数据中心一期建成投用，具备 PB 级数据存储与计算能力。公司基于云平台搭建协同办公体系，跨区域协作效率提升。公司引入人工智能技术优化{prod}质检环节，缺陷识别准确率显著提升。下半年公司将围绕年度经营计划，重点做好市场开拓、成本控制与人才梯队建设等工作。公司继续推进产能建设，高端装备项目一期已投产，预计达产后年新增产能20万吨。公司基于云平台搭建协同办公体系，跨区域协作效率提升。公司主要客户为行业龙头企业，合作关系稳定，应收账款回款情况良好。公司评估公有云与私有云方案，逐步构建统一算力资源池。报告期内公司无重大诉讼仲裁事项，各项经营活动正常开展。公司上线智能排产系统，通过智能算法优化生产计划排程。公司利用智能合约技术自动执行供应商结算条款。公司研究基于分布式账本的对账机制，降低交易核对成本。公司现金流状况良好，经营活动现金流量净额为1.5亿元，资产负债结构稳健。公司部署机器学习算法对销售数据进行需求预测，库存周转效率明显改善。公司建立健全内部控制系统，治理结构规范，三会运作正常。公司深耕华南市场，区域市场份额稳中有升，品牌影响力持续增强。公司数据中心一期建成投用，具备 PB 级数据存储与计算能力。公司研究基于分布式账本的对账机制，降低交易核对成本。公司探索区块链技术在产品溯源中的应用，实现全流程信息上链。公司建立健全内部控制系统，治理结构规范，三会运作正常。公司采购云服务替代传统服务器部署，系统上线周期大幅缩短。,脚本生成演示语料(step0_make_demo_corpus.py),公司采购云服务替代传统服务器部署，系统上线周期大幅缩短。公司数据中心一期建成投用，具备 PB 级数据存储与计算能力。公司基于云平台搭建协同办公体系，跨区域协作效率提升。公司引入人工智能技术优化{prod}质检环节，缺陷识别准确率显著提升。下半年公司将围绕年度经营计划，重点做好市场开拓、成本控制与人才梯队建设等工作。公司继续推进产能建设，高端装备项目一期已投产，预计达产后年新增产能20万吨。公司基于云平台搭建协同办公体系，跨区域协作效率提升。公司主要客户为行业龙头企业，合作关系稳定，应收账款回款情况良好。公司评估公有云与私有云方案，逐步构建统一算力资源池。报告期内公司无重大诉讼仲裁事项，各项经营活动正常开展。公司上线智能排产系统，通过智能算法优化生产计划排程。公司利用智能合约技术自动执行供应商结算条款。公司研究基于分布式账本的对账机制，降低交易核对成本。公司现金流状况良好，经营活动现金流量净额为1.5亿元，资产负债结构稳健。公司部署机器学习算法对销售数据进行需求预测，库存周转效率明显改善。公司建立健全内部控制系统，治理结构规范，三会运作正常。公司深耕华南市场，区域市场份额稳中有升，品牌影响力持续增强。公司数据中心一期建成投用，具备 PB 级数据存储与计算能力。公司研究基于分布式账本的对账机制，降低交易核对成本。公司探索区块链技术在产品溯源中的应用，实现全流程信息上链。公司建立健全内部控制系统，治理结构规范，三会运作正常。公司采购云服务替代传统服务器部署，系统上线周期大幅缩短。,采购 服务 替代 传统 服务器 部署 系统 上线 周期 大幅 缩短 数据中心 一期 建成 投用 具备 PB 数据 存储 计算能力 基于 平台 搭建 协同 办公 体系 区域 协作 效率 引入 人工智能 技术 优化 prod 质检 环节 缺陷 识别 准确率 下半年 年度 经营 做好 市场 开拓 成本 控制 人才 梯队 建设 产能 建设 高端 装备 项目 一期 投产 预计 达产 新增 产能 万吨 基于 平台 搭建 协同 办公 体系 区域 协作 效率 客户 行业龙头 企业 合作 关系 应收 账款 回款 评估 公有 私有 方案 逐步 构建 统一 算力 资源 重大 诉讼 仲裁 事项 经营 活动 上线 智能 排产 系统 智能算法 优化 生产 排程 利用 智能合约 技术 自动 供应商 结算 条款 研究 基于 分布式账本 对账 机制 降低 交易 核对 成本 现金流 状况良好 经营 活动 现金流量 净额 资产负债 结构 稳健 部署 机器学习 算法 销售 数据 需求预测 库存 周转 效率 明显改善 建立健全 内部 控制系统 治理 结构 规范 三会 运作 深耕 华南 市场 区域 市场份额 稳中有升 品牌 影响力 持续 增强 数据中心 一期 建成 投用 具备 PB 数据 存储 计算能力 研究 基于 分布式账本 对账 机制 降低 交易 核对 成本 探索 区块链 技术 产品 溯源 应用 流程 信息 建立健全 内部 控制系统 治理 结构 规范 三会 运作 采购 服务 替代 传统 服务器 部署 系统 上线 周期 大幅 缩短,200
DEMO031,演示DEMO031股份有限公司,信息技术,2023,年度报告,公司与高校联合开展深度学习算法研究，赋能产品智能设计。公司推进计算机视觉技术在生产线上的应用，实现关键工序自动检测。报告期内，公司实现营业收入12.6亿元，同比增长15.2%，主要得益于主营业务产销规模扩大。公司核心业务系统迁移上云，采用混合云架构降低IT运维成本。公司开展数据治理体系建设，统一主数据标准，提升数据资产质量。公司引入边缘计算设备，实现车间数据的就地处理与实时回传。面对市场竞争加剧，公司加大渠道建设力度，经销商数量增加36家，覆盖区域进一步扩大。公司持续优化产品结构，精细化工产品业务占比稳步提升，毛利率较上年下降0.8个百分点。公司持续优化产品结构，精细化工产品业务占比稳步提升，毛利率较上年下降0.8个百分点。公司成立数据中台团队，推动业务数据化、数据业务化。公司研究基于分布式账本的对账机制，降低交易核对成本。公司数据中心一期建成投用，具备 PB 级数据存储与计算能力。公司建设智能客服系统，应用自然语言处理技术实现工单自动分类。公司制定数字化转型规划，成立数字化管理委员会统筹推进。公司高度重视安全生产与环境保护，报告期内未发生重大安全事故。公司建设大数据平台，整合生产、销售与供应链数据，支撑经营决策。公司高度重视安全生产与环境保护，报告期内未发生重大安全事故。公司核心业务系统迁移上云，采用混合云架构降低IT运维成本。公司评估公有云与私有云方案，逐步构建统一算力资源池。公司本期新增专利授权3项，累计有效专利38项，技术储备进一步夯实。公司基于云平台搭建协同办公体系，跨区域协作效率提升。公司上线智能排产系统，通过智能算法优化生产计划排程。公司持续优化产品结构，电子元器件业务占比稳步提升，毛利率较上年上升1.2个百分点。下半年公司将围绕年度经营计划，重点做好市场开拓、成本控制与人才梯队建设等工作。公司运用数据挖掘技术分析客户行为，实现精准营销。公司推进智能制造升级，数字化车间已通过省级认定。公司采购云服务替代传统服务器部署，系统上线周期大幅缩短。公司数据中心一期建成投用，具备 PB 级数据存储与计算能力。公司利用智能合约技术自动执行供应商结算条款。公司探索区块链技术在产品溯源中的应用，实现全流程信息上链。,脚本生成演示语料(step0_make_demo_corpus.py),公司与高校联合开展深度学习算法研究，赋能产品智能设计。公司推进计算机视觉技术在生产线上的应用，实现关键工序自动检测。报告期内，公司实现营业收入12.6亿元，同比增长15.2%，主要得益于主营业务产销规模扩大。公司核心业务系统迁移上云，采用混合云架构降低IT运维成本。公司开展数据治理体系建设，统一主数据标准，提升数据资产质量。公司引入边缘计算设备，实现车间数据的就地处理与实时回传。面对市场竞争加剧，公司加大渠道建设力度，经销商数量增加36家，覆盖区域进一步扩大。公司持续优化产品结构，精细化工产品业务占比稳步提升，毛利率较上年下降0.8个百分点。公司持续优化产品结构，精细化工产品业务占比稳步提升，毛利率较上年下降0.8个百分点。公司成立数据中台团队，推动业务数据化、数据业务化。公司研究基于分布式账本的对账机制，降低交易核对成本。公司数据中心一期建成投用，具备 PB 级数据存储与计算能力。公司建设智能客服系统，应用自然语言处理技术实现工单自动分类。公司制定数字化转型规划，成立数字化管理委员会统筹推进。公司高度重视安全生产与环境保护，报告期内未发生重大安全事故。公司建设大数据平台，整合生产、销售与供应链数据，支撑经营决策。公司高度重视安全生产与环境保护，报告期内未发生重大安全事故。公司核心业务系统迁移上云，采用混合云架构降低IT运维成本。公司评估公有云与私有云方案，逐步构建统一算力资源池。公司本期新增专利授权3项，累计有效专利38项，技术储备进一步夯实。公司基于云平台搭建协同办公体系，跨区域协作效率提升。公司上线智能排产系统，通过智能算法优化生产计划排程。公司持续优化产品结构，电子元器件业务占比稳步提升，毛利率较上年上升1.2个百分点。下半年公司将围绕年度经营计划，重点做好市场开拓、成本控制与人才梯队建设等工作。公司运用数据挖掘技术分析客户行为，实现精准营销。公司推进智能制造升级，数字化车间已通过省级认定。公司采购云服务替代传统服务器部署，系统上线周期大幅缩短。公司数据中心一期建成投用，具备 PB 级数据存储与计算能力。公司利用智能合约技术自动执行供应商结算条款。公司探索区块链技术在产品溯源中的应用，实现全流程信息上链。,高校 联合 深度学习 算法 研究 赋能 产品 智能 设计 计算机视觉 技术 生产线 应用 关键 工序 自动检测 营业 收入 得益于 主营业务 产销 规模 扩大 核心 业务 系统 迁移 上云 采用 混合 架构 降低 IT 运维 成本 数据 治理 体系 建设 统一 数据 标准 数据 资产 质量 引入 边缘计算 设备 车间 数据 处理 实时 回传 面对 市场竞争 加剧 加大 渠道 建设 力度 经销商 数量 覆盖 区域 扩大 持续 优化 产品 结构 精细化工 产品 业务 毛利率 百分点 持续 优化 产品 结构 精细化工 产品 业务 毛利率 百分点 成立 数据中台 团队 业务 数据 数据业务 研究 基于 分布式账本 对账 机制 降低 交易 核对 成本 数据中心 一期 建成 投用 具备 PB 数据 存储 计算能力 建设 智能 客服 系统 应用 自然语言处理 技术 工单 自动 分类 制定 数字化转型 规划 成立 数字化 管理 委员会 统筹 高度重视 安全 生产 环境保护 发生 重大 安全事故 建设 大数据 平台 整合 生产 销售 供应链 数据 支撑 经营 决策 高度重视 安全 生产 环境保护 发生 重大 安全事故 核心 业务 系统 迁移 上云 采用 混合 架构 降低 IT 运维 成本 评估 公有 私有 方案 逐步 构建 统一 算力 资源 本期 新增 专利 授权 专利 技术储备 夯实 基于 平台 搭建 协同 办公 体系 区域 协作 效率 上线 智能 排产 系统 智能算法 优化 生产 排程 持续 优化 产品 结构 电子 元器件 业务 毛利率 百分点 下半年 年度 经营 做好 市场 开拓 成本 控制 人才 梯队 建设 运用 数据挖掘 技术 分析 客户 行为 精准 营销 智能制造 升级 数字化 车间 省级 认定 采购 服务 替代 传统 服务器 部署 系统 上线 周期 大幅 缩短 数据中心 一期 建成 投用 具备 PB 数据 存储 计算能力 利用 智能合约 技术 自动 供应商 结算 条款 探索 区块链 技术 产品 溯源 应用 流程 信息,264
DEMO031,演示DEMO031股份有限公司,信息技术,2024,年度报告,公司推进智能制造升级，数字化车间已通过省级认定。公司构建智慧物流体系，仓储分拣自动化水平显著提高。公司与高校联合开展深度学习算法研究，赋能产品智能设计。报告期内公司无重大诉讼仲裁事项，各项经营活动正常开展。公司推动业务流程线上化，无纸化办公覆盖全部业务部门。公司制定数字化转型规划，成立数字化管理委员会统筹推进。公司构建智慧物流体系，仓储分拣自动化水平显著提高。报告期内人民币汇率波动加大，公司通过远期结售汇业务降低了汇兑损失。报告期内，公司实现营业收入8.9亿元，同比增长22.7%，主要得益于主营业务产销规模扩大。公司构建智慧物流体系，仓储分拣自动化水平显著提高。公司建设大数据平台，整合生产、销售与供应链数据，支撑经营决策。公司核心业务系统迁移上云，采用混合云架构降低IT运维成本。公司采购云服务替代传统服务器部署，系统上线周期大幅缩短。报告期内公司无重大诉讼仲裁事项，各项经营活动正常开展。报告期内人民币汇率波动加大，公司通过远期结售汇业务降低了汇兑损失。公司探索区块链技术在产品溯源中的应用，实现全流程信息上链。公司成立数据中台团队，推动业务数据化、数据业务化。公司与高校联合开展深度学习算法研究，赋能产品智能设计。本年度公司人力成本略有上升，管理费用率保持稳定，费用管控成效显现。公司与高校联合开展深度学习算法研究，赋能产品智能设计。公司试点数字人民币结算场景，丰富收款渠道。公司基于云平台搭建协同办公体系，跨区域协作效率提升。公司采购云服务替代传统服务器部署，系统上线周期大幅缩短。报告期内，公司获得高新技术企业资质认定，享受相应税收优惠政策。公司上线智能排产系统，通过智能算法优化生产计划排程。公司继续推进产能建设，精细化工产品项目一期已投产，预计达产后年新增产能12万吨。公司运用数据挖掘技术分析客户行为，实现精准营销。公司数据中心一期建成投用，具备 PB 级数据存储与计算能力。公司高度重视安全生产与环境保护，报告期内未发生重大安全事故。公司基于云平台搭建协同办公体系，跨区域协作效率提升。公司部署机器学习算法对销售数据进行需求预测，库存周转效率明显改善。报告期内，公司获得高新技术企业资质认定，享受相应税收优惠政策。报告期内，公司实现营业收入12.6亿元，同比增长5.6%，主要得益于主营业务产销规模扩大。公司现金流状况良好，经营活动现金流量净额为8.7亿元，资产负债结构稳健。公司上线智能排产系统，通过智能算法优化生产计划排程。公司评估公有云与私有云方案，逐步构建统一算力资源池。,脚本生成演示语料(step0_make_demo_corpus.py),公司推进智能制造升级，数字化车间已通过省级认定。公司构建智慧物流体系，仓储分拣自动化水平显著提高。公司与高校联合开展深度学习算法研究，赋能产品智能设计。报告期内公司无重大诉讼仲裁事项，各项经营活动正常开展。公司推动业务流程线上化，无纸化办公覆盖全部业务部门。公司制定数字化转型规划，成立数字化管理委员会统筹推进。公司构建智慧物流体系，仓储分拣自动化水平显著提高。报告期内人民币汇率波动加大，公司通过远期结售汇业务降低了汇兑损失。报告期内，公司实现营业收入8.9亿元，同比增长22.7%，主要得益于主营业务产销规模扩大。公司构建智慧物流体系，仓储分拣自动化水平显著提高。公司建设大数据平台，整合生产、销售与供应链数据，支撑经营决策。公司核心业务系统迁移上云，采用混合云架构降低IT运维成本。公司采购云服务替代传统服务器部署，系统上线周期大幅缩短。报告期内公司无重大诉讼仲裁事项，各项经营活动正常开展。报告期内人民币汇率波动加大，公司通过远期结售汇业务降低了汇兑损失。公司探索区块链技术在产品溯源中的应用，实现全流程信息上链。公司成立数据中台团队，推动业务数据化、数据业务化。公司与高校联合开展深度学习算法研究，赋能产品智能设计。本年度公司人力成本略有上升，管理费用率保持稳定，费用管控成效显现。公司与高校联合开展深度学习算法研究，赋能产品智能设计。公司试点数字人民币结算场景，丰富收款渠道。公司基于云平台搭建协同办公体系，跨区域协作效率提升。公司采购云服务替代传统服务器部署，系统上线周期大幅缩短。报告期内，公司获得高新技术企业资质认定，享受相应税收优惠政策。公司上线智能排产系统，通过智能算法优化生产计划排程。公司继续推进产能建设，精细化工产品项目一期已投产，预计达产后年新增产能12万吨。公司运用数据挖掘技术分析客户行为，实现精准营销。公司数据中心一期建成投用，具备 PB 级数据存储与计算能力。公司高度重视安全生产与环境保护，报告期内未发生重大安全事故。公司基于云平台搭建协同办公体系，跨区域协作效率提升。公司部署机器学习算法对销售数据进行需求预测，库存周转效率明显改善。报告期内，公司获得高新技术企业资质认定，享受相应税收优惠政策。报告期内，公司实现营业收入12.6亿元，同比增长5.6%，主要得益于主营业务产销规模扩大。公司现金流状况良好，经营活动现金流量净额为8.7亿元，资产负债结构稳健。公司上线智能排产系统，通过智能算法优化生产计划排程。公司评估公有云与私有云方案，逐步构建统一算力资源池。,智能制造 升级 数字化 车间 省级 认定 构建 智慧物流 体系 仓储 分拣 自动化 水平 高校 联合 深度学习 算法 研究 赋能 产品 智能 设计 重大 诉讼 仲裁 事项 经营 活动 业务流程 上化 无纸化 办公 覆盖 全部 业务部门 制定 数字化转型 规划 成立 数字化 管理 委员会 统筹 构建 智慧物流 体系 仓储 分拣 自动化 水平 人民币 汇率 波动 加大 远期 结售汇 业务 降低 汇兑 损失 营业 收入 得益于 主营业务 产销 规模 扩大 构建 智慧物流 体系 仓储 分拣 自动化 水平 建设 大数据 平台 整合 生产 销售 供应链 数据 支撑 经营 决策 核心 业务 系统 迁移 上云 采用 混合 架构 降低 IT 运维 成本 采购 服务 替代 传统 服务器 部署 系统 上线 周期 大幅 缩短 重大 诉讼 仲裁 事项 经营 活动 人民币 汇率 波动 加大 远期 结售汇 业务 降低 汇兑 损失 探索 区块链 技术 产品 溯源 应用 流程 信息 成立 数据中台 团队 业务 数据 数据业务 高校 联合 深度学习 算法 研究 赋能 产品 智能 设计 本年度 人力 成本 略有 管理 费用率 保持稳定 费用 管控 成效 显现 高校 联合 深度学习 算法 研究 赋能 产品 智能 设计 试点 数字人民币 结算 场景 丰富 收款 渠道 基于 平台 搭建 协同 办公 体系 区域 协作 效率 采购 服务 替代 传统 服务器 部署 系统 上线 周期 大幅 缩短 获得 高新技术 企业资质 认定 享受 相应 税收 优惠政策 上线 智能 排产 系统 智能算法 优化 生产 排程 产能 建设 精细化工 产品 项目 一期 投产 预计 达产 新增 产能 万吨 运用 数据挖掘 技术 分析 客户 行为 精准 营销 数据中心 一期 建成 投用 具备 PB 数据 存储 计算能力 高度重视 安全 生产 环境保护 发生 重大 安全事故 基于 平台 搭建 协同 办公 体系 区域 协作 效率 部署 机器学习 算法 销售 数据 需求预测 库存 周转 效率 明显改善 获得 高新技术 企业资质 认定 享受 相应 税收 优惠政策 营业 收入 得益于 主营业务 产销 规模 扩大 现金流 状况良好 经营 活动 现金流量 净额 资产负债 结构 稳健 上线 智能 排产 系统 智能算法 优化 生产 排程 评估 公有 私有 方案 逐步 构建 统一 算力 资源,306
DEMO032,演示DEMO032股份有限公司,制造业,2020,年度报告,公司继续推进产能建设，建材项目一期已投产，预计达产后年新增产能3万吨。公司引入边缘计算设备，实现车间数据的就地处理与实时回传。公司建设大数据平台，整合生产、销售与供应链数据，支撑经营决策。公司推进计算机视觉技术在生产线上的应用，实现关键工序自动检测。公司制定数字化转型规划，成立数字化管理委员会统筹推进。公司评估公有云与私有云方案，逐步构建统一算力资源池。公司制定数字化转型规划，成立数字化管理委员会统筹推进。公司持续加大研发投入，研发费用占营业收入比例为3.2%，围绕建材开展技术攻关。公司建设智能客服系统，应用自然语言处理技术实现工单自动分类。公司现金流状况良好，经营活动现金流量净额为8.7亿元，资产负债结构稳健。报告期内，公司实现营业收入12.6亿元，同比增长-3.1%，主要得益于主营业务产销规模扩大。公司持续加大研发投入，研发费用占营业收入比例为5.1%，围绕高端装备开展技术攻关。下半年公司将围绕年度经营计划，重点做好市场开拓、成本控制与人才梯队建设等工作。公司数据中心一期建成投用，具备 PB 级数据存储与计算能力。公司核心业务系统迁移上云，采用混合云架构降低IT运维成本。公司参与行业区块链联盟，推动供应链单证电子化与可信流转。公司推动业务流程线上化，无纸化办公覆盖全部业务部门。公司发展电子商务业务，线上渠道收入占比持续提升。公司引入人工智能技术优化{prod}质检环节，缺陷识别准确率显著提升。公司上线智能排产系统，通过智能算法优化生产计划排程。公司推进智能制造升级，数字化车间已通过省级认定。公司试点数字人民币结算场景，丰富收款渠道。公司参与行业区块链联盟，推动供应链单证电子化与可信流转。报告期内，公司获得高新技术企业资质认定，享受相应税收优惠政策。公司试点数字人民币结算场景，丰富收款渠道。公司持续优化产品结构，建材业务占比稳步提升，毛利率较上年持平个百分点。公司构建经营分析数据仓库，管理层可实时查看核心经营指标。报告期内人民币汇率波动加大，公司通过远期结售汇业务降低了汇兑损失。公司建设工业互联网平台，实现设备联网与远程运维。公司探索区块链技术在产品溯源中的应用，实现全流程信息上链。公司试点数字人民币结算场景，丰富收款渠道。,脚本生成演示语料(step0_make_demo_corpus.py),公司继续推进产能建设，建材项目一期已投产，预计达产后年新增产能3万吨。公司引入边缘计算设备，实现车间数据的就地处理与实时回传。公司建设大数据平台，整合生产、销售与供应链数据，支撑经营决策。公司推进计算机视觉技术在生产线上的应用，实现关键工序自动检测。公司制定数字化转型规划，成立数字化管理委员会统筹推进。公司评估公有云与私有云方案，逐步构建统一算力资源池。公司制定数字化转型规划，成立数字化管理委员会统筹推进。公司持续加大研发投入，研发费用占营业收入比例为3.2%，围绕建材开展技术攻关。公司建设智能客服系统，应用自然语言处理技术实现工单自动分类。公司现金流状况良好，经营活动现金流量净额为8.7亿元，资产负债结构稳健。报告期内，公司实现营业收入12.6亿元，同比增长-3.1%，主要得益于主营业务产销规模扩大。公司持续加大研发投入，研发费用占营业收入比例为5.1%，围绕高端装备开展技术攻关。下半年公司将围绕年度经营计划，重点做好市场开拓、成本控制与人才梯队建设等工作。公司数据中心一期建成投用，具备 PB 级数据存储与计算能力。公司核心业务系统迁移上云，采用混合云架构降低IT运维成本。公司参与行业区块链联盟，推动供应链单证电子化与可信流转。公司推动业务流程线上化，无纸化办公覆盖全部业务部门。公司发展电子商务业务，线上渠道收入占比持续提升。公司引入人工智能技术优化{prod}质检环节，缺陷识别准确率显著提升。公司上线智能排产系统，通过智能算法优化生产计划排程。公司推进智能制造升级，数字化车间已通过省级认定。公司试点数字人民币结算场景，丰富收款渠道。公司参与行业区块链联盟，推动供应链单证电子化与可信流转。报告期内，公司获得高新技术企业资质认定，享受相应税收优惠政策。公司试点数字人民币结算场景，丰富收款渠道。公司持续优化产品结构，建材业务占比稳步提升，毛利率较上年持平个百分点。公司构建经营分析数据仓库，管理层可实时查看核心经营指标。报告期内人民币汇率波动加大，公司通过远期结售汇业务降低了汇兑损失。公司建设工业互联网平台，实现设备联网与远程运维。公司探索区块链技术在产品溯源中的应用，实现全流程信息上链。公司试点数字人民币结算场景，丰富收款渠道。,产能 建设 建材 项目 一期 投产 预计 达产 新增 产能 万吨 引入 边缘计算 设备 车间 数据 处理 实时 回传 建设 大数据 平台 整合 生产 销售 供应链 数据 支撑 经营 决策 计算机视觉 技术 生产线 应用 关键 工序 自动检测 制定 数字化转型 规划 成立 数字化 管理 委员会 统筹 评估 公有 私有 方案 逐步 构建 统一 算力 资源 制定 数字化转型 规划 成立 数字化 管理 委员会 统筹 持续 加大 研发 投入 研发 费用 营业 收入 比例 建材 技术 攻关 建设 智能 客服 系统 应用 自然语言处理 技术 工单 自动 分类 现金流 状况良好 经营 活动 现金流量 净额 资产负债 结构 稳健 营业 收入 得益于 主营业务 产销 规模 扩大 持续 加大 研发 投入 研发 费用 营业 收入 比例 高端 装备 技术 攻关 下半年 年度 经营 做好 市场 开拓 成本 控制 人才 梯队 建设 数据中心 一期 建成 投用 具备 PB 数据 存储 计算能力 核心 业务 系统 迁移 上云 采用 混合 架构 降低 IT 运维 成本 参与 行业 区块链 联盟 供应链 单证 电子化 可信 流转 业务流程 上化 无纸化 办公 覆盖 全部 业务部门 发展 电子商务 业务 线上 渠道 收入 持续 引入 人工智能 技术 优化 prod 质检 环节 缺陷 识别 准确率 上线 智能 排产 系统 智能算法 优化 生产 排程 智能制造 升级 数字化 车间 省级 认定 试点 数字人民币 结算 场景 丰富 收款 渠道 参与 行业 区块链 联盟 供应链 单证 电子化 可信 流转 获得 高新技术 企业资质 认定 享受 相应 税收 优惠政策 试点 数字人民币 结算 场景 丰富 收款 渠道 持续 优化 产品 结构 建材 业务 毛利率 持平 百分点 构建 经营 分析 数据仓库 管理层 实时 查看 核心 经营 指标 人民币 汇率 波动 加大 远期 结售汇 业务 降低 汇兑 损失 建设 工业互联网 平台 设备 联网 远程 运维 探索 区块链 技术 产品 溯源 应用 流程 信息 试点 数字人民币 结算 场景 丰富 收款 渠道,274
DEMO032,演示DEMO032股份有限公司,制造业,2021,年度报告,公司核心业务系统迁移上云，采用混合云架构降低IT运维成本。公司核心业务系统迁移上云，采用混合云架构降低IT运维成本。公司持续加大研发投入，研发费用占营业收入比例为1.8%，围绕纺织服装开展技术攻关。受行业周期影响，部分产品价格有所回落，公司及时调整销售策略，库存水平保持在合理范围。公司推进计算机视觉技术在生产线上的应用，实现关键工序自动检测。公司与高校联合开展深度学习算法研究，赋能产品智能设计。公司发展电子商务业务，线上渠道收入占比持续提升。报告期内人民币汇率波动加大，公司通过远期结售汇业务降低了汇兑损失。公司开展数据治理体系建设，统一主数据标准，提升数据资产质量。公司推进经营管理信息化，上线新一代ERP系统实现业财一体。公司采购云服务替代传统服务器部署，系统上线周期大幅缩短。报告期内人民币汇率波动加大，公司通过远期结售汇业务降低了汇兑损失。公司数据中心一期建成投用，具备 PB 级数据存储与计算能力。公司构建经营分析数据仓库，管理层可实时查看核心经营指标。报告期内公司无重大诉讼仲裁事项，各项经营活动正常开展。公司推进计算机视觉技术在生产线上的应用，实现关键工序自动检测。公司引入边缘计算设备，实现车间数据的就地处理与实时回传。本年度公司人力成本略有上升，管理费用率保持稳定，费用管控成效显现。公司深耕华北市场，区域市场份额稳中有升，品牌影响力持续增强。公司基于云平台搭建协同办公体系，跨区域协作效率提升。公司探索区块链技术在产品溯源中的应用，实现全流程信息上链。公司运用数据挖掘技术分析客户行为，实现精准营销。公司基于云平台搭建协同办公体系，跨区域协作效率提升。公司建立健全内部控制系统，治理结构规范，三会运作正常。公司与高校联合开展深度学习算法研究，赋能产品智能设计。公司继续推进产能建设，电子元器件项目一期已投产，预计达产后年新增产能8万吨。,脚本生成演示语料(step0_make_demo_corpus.py),公司核心业务系统迁移上云，采用混合云架构降低IT运维成本。公司核心业务系统迁移上云，采用混合云架构降低IT运维成本。公司持续加大研发投入，研发费用占营业收入比例为1.8%，围绕纺织服装开展技术攻关。受行业周期影响，部分产品价格有所回落，公司及时调整销售策略，库存水平保持在合理范围。公司推进计算机视觉技术在生产线上的应用，实现关键工序自动检测。公司与高校联合开展深度学习算法研究，赋能产品智能设计。公司发展电子商务业务，线上渠道收入占比持续提升。报告期内人民币汇率波动加大，公司通过远期结售汇业务降低了汇兑损失。公司开展数据治理体系建设，统一主数据标准，提升数据资产质量。公司推进经营管理信息化，上线新一代ERP系统实现业财一体。公司采购云服务替代传统服务器部署，系统上线周期大幅缩短。报告期内人民币汇率波动加大，公司通过远期结售汇业务降低了汇兑损失。公司数据中心一期建成投用，具备 PB 级数据存储与计算能力。公司构建经营分析数据仓库，管理层可实时查看核心经营指标。报告期内公司无重大诉讼仲裁事项，各项经营活动正常开展。公司推进计算机视觉技术在生产线上的应用，实现关键工序自动检测。公司引入边缘计算设备，实现车间数据的就地处理与实时回传。本年度公司人力成本略有上升，管理费用率保持稳定，费用管控成效显现。公司深耕华北市场，区域市场份额稳中有升，品牌影响力持续增强。公司基于云平台搭建协同办公体系，跨区域协作效率提升。公司探索区块链技术在产品溯源中的应用，实现全流程信息上链。公司运用数据挖掘技术分析客户行为，实现精准营销。公司基于云平台搭建协同办公体系，跨区域协作效率提升。公司建立健全内部控制系统，治理结构规范，三会运作正常。公司与高校联合开展深度学习算法研究，赋能产品智能设计。公司继续推进产能建设，电子元器件项目一期已投产，预计达产后年新增产能8万吨。,核心 业务 系统 迁移 上云 采用 混合 架构 降低 IT 运维 成本 核心 业务 系统 迁移 上云 采用 混合 架构 降低 IT 运维 成本 持续 加大 研发 投入 研发 费用 营业 收入 比例 纺织 服装 技术 攻关 行业 周期 影响 产品价格 有所 回落 及时 调整 销售策略 库存 水平 合理 范围 计算机视觉 技术 生产线 应用 关键 工序 自动检测 高校 联合 深度学习 算法 研究 赋能 产品 智能 设计 发展 电子商务 业务 线上 渠道 收入 持续 人民币 汇率 波动 加大 远期 结售汇 业务 降低 汇兑 损失 数据 治理 体系 建设 统一 数据 标准 数据 资产 质量 经营 管理 信息化 上线 新一代 ERP 系统 业财一体 采购 服务 替代 传统 服务器 部署 系统 上线 周期 大幅 缩短 人民币 汇率 波动 加大 远期 结售汇 业务 降低 汇兑 损失 数据中心 一期 建成 投用 具备 PB 数据 存储 计算能力 构建 经营 分析 数据仓库 管理层 实时 查看 核心 经营 指标 重大 诉讼 仲裁 事项 经营 活动 计算机视觉 技术 生产线 应用 关键 工序 自动检测 引入 边缘计算 设备 车间 数据 处理 实时 回传 本年度 人力 成本 略有 管理 费用率 保持稳定 费用 管控 成效 显现 深耕 华北 市场 区域 市场份额 稳中有升 品牌 影响力 持续 增强 基于 平台 搭建 协同 办公 体系 区域 协作 效率 探索 区块链 技术 产品 溯源 应用 流程 信息 运用 数据挖掘 技术 分析 客户 行为 精准 营销 基于 平台 搭建 协同 办公 体系 区域 协作 效率 建立健全 内部 控制系统 治理 结构 规范 三会 运作 高校 联合 深度学习 算法 研究 赋能 产品 智能 设计 产能 建设 电子 元器件 项目 一期 投产 预计 达产 新增 产能 万吨,246
DEMO032,演示DEMO032股份有限公司,制造业,2022,年度报告,公司与高校联合开展深度学习算法研究，赋能产品智能设计。公司上线智能排产系统，通过智能算法优化生产计划排程。公司基于云平台搭建协同办公体系，跨区域协作效率提升。公司与高校联合开展深度学习算法研究，赋能产品智能设计。公司数据中心一期建成投用，具备 PB 级数据存储与计算能力。公司研究基于分布式账本的对账机制，降低交易核对成本。公司上线智能排产系统，通过智能算法优化生产计划排程。公司构建经营分析数据仓库，管理层可实时查看核心经营指标。公司推进智能制造升级，数字化车间已通过省级认定。公司引入人工智能技术优化{prod}质检环节，缺陷识别准确率显著提升。报告期内公司无重大诉讼仲裁事项，各项经营活动正常开展。公司现金流状况良好，经营活动现金流量净额为3.2亿元，资产负债结构稳健。公司开展数据治理体系建设，统一主数据标准，提升数据资产质量。公司构建智慧物流体系，仓储分拣自动化水平显著提高。公司基于云平台搭建协同办公体系，跨区域协作效率提升。公司试点数字人民币结算场景，丰富收款渠道。报告期内公司无重大诉讼仲裁事项，各项经营活动正常开展。公司积极拓展海外市场，出口业务收入同比增长12.1%，国际化布局初见成效。公司发展电子商务业务，线上渠道收入占比持续提升。公司探索区块链技术在产品溯源中的应用，实现全流程信息上链。公司与高校联合开展深度学习算法研究，赋能产品智能设计。公司开展数据治理体系建设，统一主数据标准，提升数据资产质量。公司基于云平台搭建协同办公体系，跨区域协作效率提升。公司主要客户为行业龙头企业，合作关系稳定，应收账款回款情况良好。公司建设工业互联网平台，实现设备联网与远程运维。公司数据中心一期建成投用，具备 PB 级数据存储与计算能力。公司利用智能合约技术自动执行供应商结算条款。报告期内，公司实现营业收入45.2亿元，同比增长5.6%，主要得益于主营业务产销规模扩大。公司建设大数据平台，整合生产、销售与供应链数据，支撑经营决策。公司应用数字孪生技术对重点产线进行虚拟建模与仿真优化。公司研究基于分布式账本的对账机制，降低交易核对成本。公司主要客户为行业龙头企业，合作关系稳定，应收账款回款情况良好。公司采购云服务替代传统服务器部署，系统上线周期大幅缩短。公司利用智能合约技术自动执行供应商结算条款。公司推动业务流程线上化，无纸化办公覆盖全部业务部门。报告期内，公司获得高新技术企业资质认定，享受相应税收优惠政策。,脚本生成演示语料(step0_make_demo_corpus.py),公司与高校联合开展深度学习算法研究，赋能产品智能设计。公司上线智能排产系统，通过智能算法优化生产计划排程。公司基于云平台搭建协同办公体系，跨区域协作效率提升。公司与高校联合开展深度学习算法研究，赋能产品智能设计。公司数据中心一期建成投用，具备 PB 级数据存储与计算能力。公司研究基于分布式账本的对账机制，降低交易核对成本。公司上线智能排产系统，通过智能算法优化生产计划排程。公司构建经营分析数据仓库，管理层可实时查看核心经营指标。公司推进智能制造升级，数字化车间已通过省级认定。公司引入人工智能技术优化{prod}质检环节，缺陷识别准确率显著提升。报告期内公司无重大诉讼仲裁事项，各项经营活动正常开展。公司现金流状况良好，经营活动现金流量净额为3.2亿元，资产负债结构稳健。公司开展数据治理体系建设，统一主数据标准，提升数据资产质量。公司构建智慧物流体系，仓储分拣自动化水平显著提高。公司基于云平台搭建协同办公体系，跨区域协作效率提升。公司试点数字人民币结算场景，丰富收款渠道。报告期内公司无重大诉讼仲裁事项，各项经营活动正常开展。公司积极拓展海外市场，出口业务收入同比增长12.1%，国际化布局初见成效。公司发展电子商务业务，线上渠道收入占比持续提升。公司探索区块链技术在产品溯源中的应用，实现全流程信息上链。公司与高校联合开展深度学习算法研究，赋能产品智能设计。公司开展数据治理体系建设，统一主数据标准，提升数据资产质量。公司基于云平台搭建协同办公体系，跨区域协作效率提升。公司主要客户为行业龙头企业，合作关系稳定，应收账款回款情况良好。公司建设工业互联网平台，实现设备联网与远程运维。公司数据中心一期建成投用，具备 PB 级数据存储与计算能力。公司利用智能合约技术自动执行供应商结算条款。报告期内，公司实现营业收入45.2亿元，同比增长5.6%，主要得益于主营业务产销规模扩大。公司建设大数据平台，整合生产、销售与供应链数据，支撑经营决策。公司应用数字孪生技术对重点产线进行虚拟建模与仿真优化。公司研究基于分布式账本的对账机制，降低交易核对成本。公司主要客户为行业龙头企业，合作关系稳定，应收账款回款情况良好。公司采购云服务替代传统服务器部署，系统上线周期大幅缩短。公司利用智能合约技术自动执行供应商结算条款。公司推动业务流程线上化，无纸化办公覆盖全部业务部门。报告期内，公司获得高新技术企业资质认定，享受相应税收优惠政策。,高校 联合 深度学习 算法 研究 赋能 产品 智能 设计 上线 智能 排产 系统 智能算法 优化 生产 排程 基于 平台 搭建 协同 办公 体系 区域 协作 效率 高校 联合 深度学习 算法 研究 赋能 产品 智能 设计 数据中心 一期 建成 投用 具备 PB 数据 存储 计算能力 研究 基于 分布式账本 对账 机制 降低 交易 核对 成本 上线 智能 排产 系统 智能算法 优化 生产 排程 构建 经营 分析 数据仓库 管理层 实时 查看 核心 经营 指标 智能制造 升级 数字化 车间 省级 认定 引入 人工智能 技术 优化 prod 质检 环节 缺陷 识别 准确率 重大 诉讼 仲裁 事项 经营 活动 现金流 状况良好 经营 活动 现金流量 净额 资产负债 结构 稳健 数据 治理 体系 建设 统一 数据 标准 数据 资产 质量 构建 智慧物流 体系 仓储 分拣 自动化 水平 基于 平台 搭建 协同 办公 体系 区域 协作 效率 试点 数字人民币 结算 场景 丰富 收款 渠道 重大 诉讼 仲裁 事项 经营 活动 拓展 海外 市场 出口 业务收入 国际化 布局 初见成效 发展 电子商务 业务 线上 渠道 收入 持续 探索 区块链 技术 产品 溯源 应用 流程 信息 高校 联合 深度学习 算法 研究 赋能 产品 智能 设计 数据 治理 体系 建设 统一 数据 标准 数据 资产 质量 基于 平台 搭建 协同 办公 体系 区域 协作 效率 客户 行业龙头 企业 合作 关系 应收 账款 回款 建设 工业互联网 平台 设备 联网 远程 运维 数据中心 一期 建成 投用 具备 PB 数据 存储 计算能力 利用 智能合约 技术 自动 供应商 结算 条款 营业 收入 得益于 主营业务 产销 规模 扩大 建设 大数据 平台 整合 生产 销售 供应链 数据 支撑 经营 决策 应用 数字孪生 技术 产线 虚拟 建模 仿真 优化 研究 基于 分布式账本 对账 机制 降低 交易 核对 成本 客户 行业龙头 企业 合作 关系 应收 账款 回款 采购 服务 替代 传统 服务器 部署 系统 上线 周期 大幅 缩短 利用 智能合约 技术 自动 供应商 结算 条款 业务流程 上化 无纸化 办公 覆盖 全部 业务部门 获得 高新技术 企业资质 认定 享受 相应 税收 优惠政策,299
DEMO032,演示DEMO032股份有限公司,制造业,2023,年度报告,公司持续优化产品结构，纺织服装业务占比稳步提升，毛利率较上年下降1.5个百分点。公司核心业务系统迁移上云，采用混合云架构降低IT运维成本。公司推进智能制造升级，数字化车间已通过省级认定。报告期内，公司获得高新技术企业资质认定，享受相应税收优惠政策。本年度公司人力成本略有上升，管理费用率保持稳定，费用管控成效显现。本年度公司人力成本略有上升，管理费用率保持稳定，费用管控成效显现。公司采购云服务替代传统服务器部署，系统上线周期大幅缩短。公司持续加大研发投入，研发费用占营业收入比例为3.2%，围绕食品饮料开展技术攻关。公司参与行业区块链联盟，推动供应链单证电子化与可信流转。公司基于云平台搭建协同办公体系，跨区域协作效率提升。报告期内人民币汇率波动加大，公司通过远期结售汇业务降低了汇兑损失。公司成立数据中台团队，推动业务数据化、数据业务化。公司构建经营分析数据仓库，管理层可实时查看核心经营指标。公司推进计算机视觉技术在生产线上的应用，实现关键工序自动检测。公司本期新增专利授权3项，累计有效专利38项，技术储备进一步夯实。公司持续加大研发投入，研发费用占营业收入比例为5.1%，围绕电子元器件开展技术攻关。公司运用数据挖掘技术分析客户行为，实现精准营销。公司开展数据治理体系建设，统一主数据标准，提升数据资产质量。公司推进计算机视觉技术在生产线上的应用，实现关键工序自动检测。报告期内，公司实现营业收入63.7亿元，同比增长5.6%，主要得益于主营业务产销规模扩大。公司推进经营管理信息化，上线新一代ERP系统实现业财一体。公司推进计算机视觉技术在生产线上的应用，实现关键工序自动检测。公司开展数据治理体系建设，统一主数据标准，提升数据资产质量。公司部署机器学习算法对销售数据进行需求预测，库存周转效率明显改善。公司积极拓展海外市场，出口业务收入同比增长12.1%，国际化布局初见成效。公司高度重视安全生产与环境保护，报告期内未发生重大安全事故。面对市场竞争加剧，公司加大渠道建设力度，经销商数量增加210家，覆盖区域进一步扩大。,脚本生成演示语料(step0_make_demo_corpus.py),公司持续优化产品结构，纺织服装业务占比稳步提升，毛利率较上年下降1.5个百分点。公司核心业务系统迁移上云，采用混合云架构降低IT运维成本。公司推进智能制造升级，数字化车间已通过省级认定。报告期内，公司获得高新技术企业资质认定，享受相应税收优惠政策。本年度公司人力成本略有上升，管理费用率保持稳定，费用管控成效显现。本年度公司人力成本略有上升，管理费用率保持稳定，费用管控成效显现。公司采购云服务替代传统服务器部署，系统上线周期大幅缩短。公司持续加大研发投入，研发费用占营业收入比例为3.2%，围绕食品饮料开展技术攻关。公司参与行业区块链联盟，推动供应链单证电子化与可信流转。公司基于云平台搭建协同办公体系，跨区域协作效率提升。报告期内人民币汇率波动加大，公司通过远期结售汇业务降低了汇兑损失。公司成立数据中台团队，推动业务数据化、数据业务化。公司构建经营分析数据仓库，管理层可实时查看核心经营指标。公司推进计算机视觉技术在生产线上的应用，实现关键工序自动检测。公司本期新增专利授权3项，累计有效专利38项，技术储备进一步夯实。公司持续加大研发投入，研发费用占营业收入比例为5.1%，围绕电子元器件开展技术攻关。公司运用数据挖掘技术分析客户行为，实现精准营销。公司开展数据治理体系建设，统一主数据标准，提升数据资产质量。公司推进计算机视觉技术在生产线上的应用，实现关键工序自动检测。报告期内，公司实现营业收入63.7亿元，同比增长5.6%，主要得益于主营业务产销规模扩大。公司推进经营管理信息化，上线新一代ERP系统实现业财一体。公司推进计算机视觉技术在生产线上的应用，实现关键工序自动检测。公司开展数据治理体系建设，统一主数据标准，提升数据资产质量。公司部署机器学习算法对销售数据进行需求预测，库存周转效率明显改善。公司积极拓展海外市场，出口业务收入同比增长12.1%，国际化布局初见成效。公司高度重视安全生产与环境保护，报告期内未发生重大安全事故。面对市场竞争加剧，公司加大渠道建设力度，经销商数量增加210家，覆盖区域进一步扩大。,持续 优化 产品 结构 纺织 服装 业务 毛利率 百分点 核心 业务 系统 迁移 上云 采用 混合 架构 降低 IT 运维 成本 智能制造 升级 数字化 车间 省级 认定 获得 高新技术 企业资质 认定 享受 相应 税收 优惠政策 本年度 人力 成本 略有 管理 费用率 保持稳定 费用 管控 成效 显现 本年度 人力 成本 略有 管理 费用率 保持稳定 费用 管控 成效 显现 采购 服务 替代 传统 服务器 部署 系统 上线 周期 大幅 缩短 持续 加大 研发 投入 研发 费用 营业 收入 比例 食品饮料 技术 攻关 参与 行业 区块链 联盟 供应链 单证 电子化 可信 流转 基于 平台 搭建 协同 办公 体系 区域 协作 效率 人民币 汇率 波动 加大 远期 结售汇 业务 降低 汇兑 损失 成立 数据中台 团队 业务 数据 数据业务 构建 经营 分析 数据仓库 管理层 实时 查看 核心 经营 指标 计算机视觉 技术 生产线 应用 关键 工序 自动检测 本期 新增 专利 授权 专利 技术储备 夯实 持续 加大 研发 投入 研发 费用 营业 收入 比例 电子 元器件 技术 攻关 运用 数据挖掘 技术 分析 客户 行为 精准 营销 数据 治理 体系 建设 统一 数据 标准 数据 资产 质量 计算机视觉 技术 生产线 应用 关键 工序 自动检测 营业 收入 得益于 主营业务 产销 规模 扩大 经营 管理 信息化 上线 新一代 ERP 系统 业财一体 计算机视觉 技术 生产线 应用 关键 工序 自动检测 数据 治理 体系 建设 统一 数据 标准 数据 资产 质量 部署 机器学习 算法 销售 数据 需求预测 库存 周转 效率 明显改善 拓展 海外 市场 出口 业务收入 国际化 布局 初见成效 高度重视 安全 生产 环境保护 发生 重大 安全事故 面对 市场竞争 加剧 加大 渠道 建设 力度 经销商 数量 覆盖 区域 扩大,245
DEMO032,演示DEMO032股份有限公司,制造业,2024,年度报告,公司发展电子商务业务，线上渠道收入占比持续提升。公司参与行业区块链联盟，推动供应链单证电子化与可信流转。公司成立数据中台团队，推动业务数据化、数据业务化。报告期内人民币汇率波动加大，公司通过远期结售汇业务降低了汇兑损失。公司试点数字人民币结算场景，丰富收款渠道。公司现金流状况良好，经营活动现金流量净额为12.4亿元，资产负债结构稳健。公司持续优化产品结构，电子元器件业务占比稳步提升，毛利率较上年上升1.2个百分点。公司引入边缘计算设备，实现车间数据的就地处理与实时回传。公司评估公有云与私有云方案，逐步构建统一算力资源池。公司与高校联合开展深度学习算法研究，赋能产品智能设计。公司建设大数据平台，整合生产、销售与供应链数据，支撑经营决策。报告期内，公司实现营业收入12.6亿元，同比增长-3.1%，主要得益于主营业务产销规模扩大。公司应用数字孪生技术对重点产线进行虚拟建模与仿真优化。报告期内公司无重大诉讼仲裁事项，各项经营活动正常开展。公司推进计算机视觉技术在生产线上的应用，实现关键工序自动检测。公司发展电子商务业务，线上渠道收入占比持续提升。公司评估公有云与私有云方案，逐步构建统一算力资源池。报告期内，公司获得高新技术企业资质认定，享受相应税收优惠政策。公司研究基于分布式账本的对账机制，降低交易核对成本。报告期内公司客户结构进一步优化，前五大客户收入占比为28.3%，客户集中度处于合理区间。公司利用智能合约技术自动执行供应商结算条款。公司建设智能客服系统，应用自然语言处理技术实现工单自动分类。报告期内公司无重大诉讼仲裁事项，各项经营活动正常开展。公司主要客户为行业龙头企业，合作关系稳定，应收账款回款情况良好。公司引入边缘计算设备，实现车间数据的就地处理与实时回传。报告期内人民币汇率波动加大，公司通过远期结售汇业务降低了汇兑损失。公司引入人工智能技术优化{prod}质检环节，缺陷识别准确率显著提升。公司评估公有云与私有云方案，逐步构建统一算力资源池。本年度公司人力成本略有上升，管理费用率保持稳定，费用管控成效显现。面对市场竞争加剧，公司加大渠道建设力度，经销商数量增加88家，覆盖区域进一步扩大。公司推进计算机视觉技术在生产线上的应用，实现关键工序自动检测。公司基于云平台搭建协同办公体系，跨区域协作效率提升。公司试点数字人民币结算场景，丰富收款渠道。公司上线智能排产系统，通过智能算法优化生产计划排程。公司试点数字人民币结算场景，丰富收款渠道。,脚本生成演示语料(step0_make_demo_corpus.py),公司发展电子商务业务，线上渠道收入占比持续提升。公司参与行业区块链联盟，推动供应链单证电子化与可信流转。公司成立数据中台团队，推动业务数据化、数据业务化。报告期内人民币汇率波动加大，公司通过远期结售汇业务降低了汇兑损失。公司试点数字人民币结算场景，丰富收款渠道。公司现金流状况良好，经营活动现金流量净额为12.4亿元，资产负债结构稳健。公司持续优化产品结构，电子元器件业务占比稳步提升，毛利率较上年上升1.2个百分点。公司引入边缘计算设备，实现车间数据的就地处理与实时回传。公司评估公有云与私有云方案，逐步构建统一算力资源池。公司与高校联合开展深度学习算法研究，赋能产品智能设计。公司建设大数据平台，整合生产、销售与供应链数据，支撑经营决策。报告期内，公司实现营业收入12.6亿元，同比增长-3.1%，主要得益于主营业务产销规模扩大。公司应用数字孪生技术对重点产线进行虚拟建模与仿真优化。报告期内公司无重大诉讼仲裁事项，各项经营活动正常开展。公司推进计算机视觉技术在生产线上的应用，实现关键工序自动检测。公司发展电子商务业务，线上渠道收入占比持续提升。公司评估公有云与私有云方案，逐步构建统一算力资源池。报告期内，公司获得高新技术企业资质认定，享受相应税收优惠政策。公司研究基于分布式账本的对账机制，降低交易核对成本。报告期内公司客户结构进一步优化，前五大客户收入占比为28.3%，客户集中度处于合理区间。公司利用智能合约技术自动执行供应商结算条款。公司建设智能客服系统，应用自然语言处理技术实现工单自动分类。报告期内公司无重大诉讼仲裁事项，各项经营活动正常开展。公司主要客户为行业龙头企业，合作关系稳定，应收账款回款情况良好。公司引入边缘计算设备，实现车间数据的就地处理与实时回传。报告期内人民币汇率波动加大，公司通过远期结售汇业务降低了汇兑损失。公司引入人工智能技术优化{prod}质检环节，缺陷识别准确率显著提升。公司评估公有云与私有云方案，逐步构建统一算力资源池。本年度公司人力成本略有上升，管理费用率保持稳定，费用管控成效显现。面对市场竞争加剧，公司加大渠道建设力度，经销商数量增加88家，覆盖区域进一步扩大。公司推进计算机视觉技术在生产线上的应用，实现关键工序自动检测。公司基于云平台搭建协同办公体系，跨区域协作效率提升。公司试点数字人民币结算场景，丰富收款渠道。公司上线智能排产系统，通过智能算法优化生产计划排程。公司试点数字人民币结算场景，丰富收款渠道。,发展 电子商务 业务 线上 渠道 收入 持续 参与 行业 区块链 联盟 供应链 单证 电子化 可信 流转 成立 数据中台 团队 业务 数据 数据业务 人民币 汇率 波动 加大 远期 结售汇 业务 降低 汇兑 损失 试点 数字人民币 结算 场景 丰富 收款 渠道 现金流 状况良好 经营 活动 现金流量 净额 资产负债 结构 稳健 持续 优化 产品 结构 电子 元器件 业务 毛利率 百分点 引入 边缘计算 设备 车间 数据 处理 实时 回传 评估 公有 私有 方案 逐步 构建 统一 算力 资源 高校 联合 深度学习 算法 研究 赋能 产品 智能 设计 建设 大数据 平台 整合 生产 销售 供应链 数据 支撑 经营 决策 营业 收入 得益于 主营业务 产销 规模 扩大 应用 数字孪生 技术 产线 虚拟 建模 仿真 优化 重大 诉讼 仲裁 事项 经营 活动 计算机视觉 技术 生产线 应用 关键 工序 自动检测 发展 电子商务 业务 线上 渠道 收入 持续 评估 公有 私有 方案 逐步 构建 统一 算力 资源 获得 高新技术 企业资质 认定 享受 相应 税收 优惠政策 研究 基于 分布式账本 对账 机制 降低 交易 核对 成本 客户 结构 优化 五大 客户 收入 客户 集中度 处于 合理 区间 利用 智能合约 技术 自动 供应商 结算 条款 建设 智能 客服 系统 应用 自然语言处理 技术 工单 自动 分类 重大 诉讼 仲裁 事项 经营 活动 客户 行业龙头 企业 合作 关系 应收 账款 回款 引入 边缘计算 设备 车间 数据 处理 实时 回传 人民币 汇率 波动 加大 远期 结售汇 业务 降低 汇兑 损失 引入 人工智能 技术 优化 prod 质检 环节 缺陷 识别 准确率 评估 公有 私有 方案 逐步 构建 统一 算力 资源 本年度 人力 成本 略有 管理 费用率 保持稳定 费用 管控 成效 显现 面对 市场竞争 加剧 加大 渠道 建设 力度 经销商 数量 覆盖 区域 扩大 计算机视觉 技术 生产线 应用 关键 工序 自动检测 基于 平台 搭建 协同 办公 体系 区域 协作 效率 试点 数字人民币 结算 场景 丰富 收款 渠道 上线 智能 排产 系统 智能算法 优化 生产 排程 试点 数字人民币 结算 场景 丰富 收款 渠道,295
DEMO033,演示DEMO033股份有限公司,批发零售,2020,年度报告,公司高度重视安全生产与环境保护，报告期内未发生重大安全事故。报告期内，公司实现营业收入12.6亿元，同比增长22.7%，主要得益于主营业务产销规模扩大。公司核心业务系统迁移上云，采用混合云架构降低IT运维成本。本年度公司人力成本略有上升，管理费用率保持稳定，费用管控成效显现。面对市场竞争加剧，公司加大渠道建设力度，经销商数量增加120家，覆盖区域进一步扩大。公司推进经营管理信息化，上线新一代ERP系统实现业财一体。公司建立健全内部控制系统，治理结构规范，三会运作正常。公司与高校联合开展深度学习算法研究，赋能产品智能设计。公司深耕东北市场，区域市场份额稳中有升，品牌影响力持续增强。公司参与行业区块链联盟，推动供应链单证电子化与可信流转。公司建立健全内部控制系统，治理结构规范，三会运作正常。报告期内，公司实现营业收入12.6亿元，同比增长-1.8%，主要得益于主营业务产销规模扩大。公司推动业务流程线上化，无纸化办公覆盖全部业务部门。公司持续优化产品结构，精细化工产品业务占比稳步提升，毛利率较上年下降1.5个百分点。报告期内，公司获得高新技术企业资质认定，享受相应税收优惠政策。报告期内，公司实现营业收入28.4亿元，同比增长5.6%，主要得益于主营业务产销规模扩大。报告期内公司客户结构进一步优化，前五大客户收入占比为41.8%，客户集中度处于合理区间。,脚本生成演示语料(step0_make_demo_corpus.py),公司高度重视安全生产与环境保护，报告期内未发生重大安全事故。报告期内，公司实现营业收入12.6亿元，同比增长22.7%，主要得益于主营业务产销规模扩大。公司核心业务系统迁移上云，采用混合云架构降低IT运维成本。本年度公司人力成本略有上升，管理费用率保持稳定，费用管控成效显现。面对市场竞争加剧，公司加大渠道建设力度，经销商数量增加120家，覆盖区域进一步扩大。公司推进经营管理信息化，上线新一代ERP系统实现业财一体。公司建立健全内部控制系统，治理结构规范，三会运作正常。公司与高校联合开展深度学习算法研究，赋能产品智能设计。公司深耕东北市场，区域市场份额稳中有升，品牌影响力持续增强。公司参与行业区块链联盟，推动供应链单证电子化与可信流转。公司建立健全内部控制系统，治理结构规范，三会运作正常。报告期内，公司实现营业收入12.6亿元，同比增长-1.8%，主要得益于主营业务产销规模扩大。公司推动业务流程线上化，无纸化办公覆盖全部业务部门。公司持续优化产品结构，精细化工产品业务占比稳步提升，毛利率较上年下降1.5个百分点。报告期内，公司获得高新技术企业资质认定，享受相应税收优惠政策。报告期内，公司实现营业收入28.4亿元，同比增长5.6%，主要得益于主营业务产销规模扩大。报告期内公司客户结构进一步优化，前五大客户收入占比为41.8%，客户集中度处于合理区间。,高度重视 安全 生产 环境保护 发生 重大 安全事故 营业 收入 得益于 主营业务 产销 规模 扩大 核心 业务 系统 迁移 上云 采用 混合 架构 降低 IT 运维 成本 本年度 人力 成本 略有 管理 费用率 保持稳定 费用 管控 成效 显现 面对 市场竞争 加剧 加大 渠道 建设 力度 经销商 数量 覆盖 区域 扩大 经营 管理 信息化 上线 新一代 ERP 系统 业财一体 建立健全 内部 控制系统 治理 结构 规范 三会 运作 高校 联合 深度学习 算法 研究 赋能 产品 智能 设计 深耕 东北 市场 区域 市场份额 稳中有升 品牌 影响力 持续 增强 参与 行业 区块链 联盟 供应链 单证 电子化 可信 流转 建立健全 内部 控制系统 治理 结构 规范 三会 运作 营业 收入 得益于 主营业务 产销 规模 扩大 业务流程 上化 无纸化 办公 覆盖 全部 业务部门 持续 优化 产品 结构 精细化工 产品 业务 毛利率 百分点 获得 高新技术 企业资质 认定 享受 相应 税收 优惠政策 营业 收入 得益于 主营业务 产销 规模 扩大 客户 结构 优化 五大 客户 收入 客户 集中度 处于 合理 区间,150
DEMO033,演示DEMO033股份有限公司,批发零售,2021,年度报告,报告期内人民币汇率波动加大，公司通过远期结售汇业务降低了汇兑损失。报告期内，公司实现营业收入19.3亿元，同比增长8.5%，主要得益于主营业务产销规模扩大。公司推动业务流程线上化，无纸化办公覆盖全部业务部门。公司继续推进产能建设，电子元器件项目一期已投产，预计达产后年新增产能12万吨。报告期内公司无重大诉讼仲裁事项，各项经营活动正常开展。公司基于云平台搭建协同办公体系，跨区域协作效率提升。公司基于云平台搭建协同办公体系，跨区域协作效率提升。公司主要客户为行业龙头企业，合作关系稳定，应收账款回款情况良好。公司持续优化产品结构，建材业务占比稳步提升，毛利率较上年下降0.8个百分点。报告期内，公司获得高新技术企业资质认定，享受相应税收优惠政策。公司推进经营管理信息化，上线新一代ERP系统实现业财一体。公司推进经营管理信息化，上线新一代ERP系统实现业财一体。公司推进经营管理信息化，上线新一代ERP系统实现业财一体。报告期内公司无重大诉讼仲裁事项，各项经营活动正常开展。公司参与行业区块链联盟，推动供应链单证电子化与可信流转。公司基于云平台搭建协同办公体系，跨区域协作效率提升。公司推进智能制造升级，数字化车间已通过省级认定。公司主要客户为行业龙头企业，合作关系稳定，应收账款回款情况良好。公司深耕华东市场，区域市场份额稳中有升，品牌影响力持续增强。报告期内，公司获得高新技术企业资质认定，享受相应税收优惠政策。,脚本生成演示语料(step0_make_demo_corpus.py),报告期内人民币汇率波动加大，公司通过远期结售汇业务降低了汇兑损失。报告期内，公司实现营业收入19.3亿元，同比增长8.5%，主要得益于主营业务产销规模扩大。公司推动业务流程线上化，无纸化办公覆盖全部业务部门。公司继续推进产能建设，电子元器件项目一期已投产，预计达产后年新增产能12万吨。报告期内公司无重大诉讼仲裁事项，各项经营活动正常开展。公司基于云平台搭建协同办公体系，跨区域协作效率提升。公司基于云平台搭建协同办公体系，跨区域协作效率提升。公司主要客户为行业龙头企业，合作关系稳定，应收账款回款情况良好。公司持续优化产品结构，建材业务占比稳步提升，毛利率较上年下降0.8个百分点。报告期内，公司获得高新技术企业资质认定，享受相应税收优惠政策。公司推进经营管理信息化，上线新一代ERP系统实现业财一体。公司推进经营管理信息化，上线新一代ERP系统实现业财一体。公司推进经营管理信息化，上线新一代ERP系统实现业财一体。报告期内公司无重大诉讼仲裁事项，各项经营活动正常开展。公司参与行业区块链联盟，推动供应链单证电子化与可信流转。公司基于云平台搭建协同办公体系，跨区域协作效率提升。公司推进智能制造升级，数字化车间已通过省级认定。公司主要客户为行业龙头企业，合作关系稳定，应收账款回款情况良好。公司深耕华东市场，区域市场份额稳中有升，品牌影响力持续增强。报告期内，公司获得高新技术企业资质认定，享受相应税收优惠政策。,人民币 汇率 波动 加大 远期 结售汇 业务 降低 汇兑 损失 营业 收入 得益于 主营业务 产销 规模 扩大 业务流程 上化 无纸化 办公 覆盖 全部 业务部门 产能 建设 电子 元器件 项目 一期 投产 预计 达产 新增 产能 万吨 重大 诉讼 仲裁 事项 经营 活动 基于 平台 搭建 协同 办公 体系 区域 协作 效率 基于 平台 搭建 协同 办公 体系 区域 协作 效率 客户 行业龙头 企业 合作 关系 应收 账款 回款 持续 优化 产品 结构 建材 业务 毛利率 百分点 获得 高新技术 企业资质 认定 享受 相应 税收 优惠政策 经营 管理 信息化 上线 新一代 ERP 系统 业财一体 经营 管理 信息化 上线 新一代 ERP 系统 业财一体 经营 管理 信息化 上线 新一代 ERP 系统 业财一体 重大 诉讼 仲裁 事项 经营 活动 参与 行业 区块链 联盟 供应链 单证 电子化 可信 流转 基于 平台 搭建 协同 办公 体系 区域 协作 效率 智能制造 升级 数字化 车间 省级 认定 客户 行业龙头 企业 合作 关系 应收 账款 回款 深耕 华东 市场 区域 市场份额 稳中有升 品牌 影响力 持续 增强 获得 高新技术 企业资质 认定 享受 相应 税收 优惠政策,164
DEMO033,演示DEMO033股份有限公司,批发零售,2022,年度报告,公司深耕华北市场，区域市场份额稳中有升，品牌影响力持续增强。受行业周期影响，部分产品价格有所回落，公司及时调整销售策略，库存水平保持在合理范围。报告期内公司无重大诉讼仲裁事项，各项经营活动正常开展。公司部署机器学习算法对销售数据进行需求预测，库存周转效率明显改善。公司积极拓展海外市场，出口业务收入同比增长-6.3%，国际化布局初见成效。受行业周期影响，部分产品价格有所回落，公司及时调整销售策略，库存水平保持在合理范围。本年度公司人力成本略有上升，管理费用率保持稳定，费用管控成效显现。公司数据中心一期建成投用，具备 PB 级数据存储与计算能力。公司现金流状况良好，经营活动现金流量净额为5.8亿元，资产负债结构稳健。公司主要客户为行业龙头企业，合作关系稳定，应收账款回款情况良好。报告期内公司无重大诉讼仲裁事项，各项经营活动正常开展。公司继续推进产能建设，电子元器件项目一期已投产，预计达产后年新增产能5万吨。公司深耕华东市场，区域市场份额稳中有升，品牌影响力持续增强。,脚本生成演示语料(step0_make_demo_corpus.py),公司深耕华北市场，区域市场份额稳中有升，品牌影响力持续增强。受行业周期影响，部分产品价格有所回落，公司及时调整销售策略，库存水平保持在合理范围。报告期内公司无重大诉讼仲裁事项，各项经营活动正常开展。公司部署机器学习算法对销售数据进行需求预测，库存周转效率明显改善。公司积极拓展海外市场，出口业务收入同比增长-6.3%，国际化布局初见成效。受行业周期影响，部分产品价格有所回落，公司及时调整销售策略，库存水平保持在合理范围。本年度公司人力成本略有上升，管理费用率保持稳定，费用管控成效显现。公司数据中心一期建成投用，具备 PB 级数据存储与计算能力。公司现金流状况良好，经营活动现金流量净额为5.8亿元，资产负债结构稳健。公司主要客户为行业龙头企业，合作关系稳定，应收账款回款情况良好。报告期内公司无重大诉讼仲裁事项，各项经营活动正常开展。公司继续推进产能建设，电子元器件项目一期已投产，预计达产后年新增产能5万吨。公司深耕华东市场，区域市场份额稳中有升，品牌影响力持续增强。,深耕 华北 市场 区域 市场份额 稳中有升 品牌 影响力 持续 增强 行业 周期 影响 产品价格 有所 回落 及时 调整 销售策略 库存 水平 合理 范围 重大 诉讼 仲裁 事项 经营 活动 部署 机器学习 算法 销售 数据 需求预测 库存 周转 效率 明显改善 拓展 海外 市场 出口 业务收入 国际化 布局 初见成效 行业 周期 影响 产品价格 有所 回落 及时 调整 销售策略 库存 水平 合理 范围 本年度 人力 成本 略有 管理 费用率 保持稳定 费用 管控 成效 显现 数据中心 一期 建成 投用 具备 PB 数据 存储 计算能力 现金流 状况良好 经营 活动 现金流量 净额 资产负债 结构 稳健 客户 行业龙头 企业 合作 关系 应收 账款 回款 重大 诉讼 仲裁 事项 经营 活动 产能 建设 电子 元器件 项目 一期 投产 预计 达产 新增 产能 万吨 深耕 华东 市场 区域 市场份额 稳中有升 品牌 影响力 持续 增强,125
DEMO033,演示DEMO033股份有限公司,批发零售,2023,年度报告,本年度公司人力成本略有上升，管理费用率保持稳定，费用管控成效显现。下半年公司将围绕年度经营计划，重点做好市场开拓、成本控制与人才梯队建设等工作。公司深耕华北市场，区域市场份额稳中有升，品牌影响力持续增强。公司积极拓展海外市场，出口业务收入同比增长9.4%，国际化布局初见成效。公司深耕东北市场，区域市场份额稳中有升，品牌影响力持续增强。公司本期新增专利授权15项，累计有效专利210项，技术储备进一步夯实。面对市场竞争加剧，公司加大渠道建设力度，经销商数量增加45家，覆盖区域进一步扩大。公司参与行业区块链联盟，推动供应链单证电子化与可信流转。公司现金流状况良好，经营活动现金流量净额为5.8亿元，资产负债结构稳健。公司制定数字化转型规划，成立数字化管理委员会统筹推进。公司高度重视安全生产与环境保护，报告期内未发生重大安全事故。公司部署机器学习算法对销售数据进行需求预测，库存周转效率明显改善。公司引入边缘计算设备，实现车间数据的就地处理与实时回传。原材料价格波动对成本端形成一定压力，公司通过集中采购和套期保值部分对冲了成本上行风险。公司构建智慧物流体系，仓储分拣自动化水平显著提高。公司基于云平台搭建协同办公体系，跨区域协作效率提升。公司试点数字人民币结算场景，丰富收款渠道。公司部署机器学习算法对销售数据进行需求预测，库存周转效率明显改善。公司探索区块链技术在产品溯源中的应用，实现全流程信息上链。,脚本生成演示语料(step0_make_demo_corpus.py),本年度公司人力成本略有上升，管理费用率保持稳定，费用管控成效显现。下半年公司将围绕年度经营计划，重点做好市场开拓、成本控制与人才梯队建设等工作。公司深耕华北市场，区域市场份额稳中有升，品牌影响力持续增强。公司积极拓展海外市场，出口业务收入同比增长9.4%，国际化布局初见成效。公司深耕东北市场，区域市场份额稳中有升，品牌影响力持续增强。公司本期新增专利授权15项，累计有效专利210项，技术储备进一步夯实。面对市场竞争加剧，公司加大渠道建设力度，经销商数量增加45家，覆盖区域进一步扩大。公司参与行业区块链联盟，推动供应链单证电子化与可信流转。公司现金流状况良好，经营活动现金流量净额为5.8亿元，资产负债结构稳健。公司制定数字化转型规划，成立数字化管理委员会统筹推进。公司高度重视安全生产与环境保护，报告期内未发生重大安全事故。公司部署机器学习算法对销售数据进行需求预测，库存周转效率明显改善。公司引入边缘计算设备，实现车间数据的就地处理与实时回传。原材料价格波动对成本端形成一定压力，公司通过集中采购和套期保值部分对冲了成本上行风险。公司构建智慧物流体系，仓储分拣自动化水平显著提高。公司基于云平台搭建协同办公体系，跨区域协作效率提升。公司试点数字人民币结算场景，丰富收款渠道。公司部署机器学习算法对销售数据进行需求预测，库存周转效率明显改善。公司探索区块链技术在产品溯源中的应用，实现全流程信息上链。,本年度 人力 成本 略有 管理 费用率 保持稳定 费用 管控 成效 显现 下半年 年度 经营 做好 市场 开拓 成本 控制 人才 梯队 建设 深耕 华北 市场 区域 市场份额 稳中有升 品牌 影响力 持续 增强 拓展 海外 市场 出口 业务收入 国际化 布局 初见成效 深耕 东北 市场 区域 市场份额 稳中有升 品牌 影响力 持续 增强 本期 新增 专利 授权 专利 技术储备 夯实 面对 市场竞争 加剧 加大 渠道 建设 力度 经销商 数量 覆盖 区域 扩大 参与 行业 区块链 联盟 供应链 单证 电子化 可信 流转 现金流 状况良好 经营 活动 现金流量 净额 资产负债 结构 稳健 制定 数字化转型 规划 成立 数字化 管理 委员会 统筹 高度重视 安全 生产 环境保护 发生 重大 安全事故 部署 机器学习 算法 销售 数据 需求预测 库存 周转 效率 明显改善 引入 边缘计算 设备 车间 数据 处理 实时 回传 原材料 价格 波动 成本 形成 一定 压力 集中 采购 套期 保值 对冲 成本 上行 风险 构建 智慧物流 体系 仓储 分拣 自动化 水平 基于 平台 搭建 协同 办公 体系 区域 协作 效率 试点 数字人民币 结算 场景 丰富 收款 渠道 部署 机器学习 算法 销售 数据 需求预测 库存 周转 效率 明显改善 探索 区块链 技术 产品 溯源 应用 流程 信息,176
DEMO033,演示DEMO033股份有限公司,批发零售,2024,年度报告,下半年公司将围绕年度经营计划，重点做好市场开拓、成本控制与人才梯队建设等工作。公司探索区块链技术在产品溯源中的应用，实现全流程信息上链。公司开展数据治理体系建设，统一主数据标准，提升数据资产质量。公司建立健全内部控制系统，治理结构规范，三会运作正常。公司主要客户为行业龙头企业，合作关系稳定，应收账款回款情况良好。公司建设智能客服系统，应用自然语言处理技术实现工单自动分类。公司上线智能排产系统，通过智能算法优化生产计划排程。公司核心业务系统迁移上云，采用混合云架构降低IT运维成本。公司上线智能排产系统，通过智能算法优化生产计划排程。公司本期新增专利授权3项，累计有效专利210项，技术储备进一步夯实。公司积极拓展海外市场，出口业务收入同比增长18.9%，国际化布局初见成效。公司研究基于分布式账本的对账机制，降低交易核对成本。报告期内公司客户结构进一步优化，前五大客户收入占比为28.3%，客户集中度处于合理区间。公司现金流状况良好，经营活动现金流量净额为12.4亿元，资产负债结构稳健。公司部署机器学习算法对销售数据进行需求预测，库存周转效率明显改善。公司开展数据治理体系建设，统一主数据标准，提升数据资产质量。公司深耕东北市场，区域市场份额稳中有升，品牌影响力持续增强。公司上线智能排产系统，通过智能算法优化生产计划排程。,脚本生成演示语料(step0_make_demo_corpus.py),下半年公司将围绕年度经营计划，重点做好市场开拓、成本控制与人才梯队建设等工作。公司探索区块链技术在产品溯源中的应用，实现全流程信息上链。公司开展数据治理体系建设，统一主数据标准，提升数据资产质量。公司建立健全内部控制系统，治理结构规范，三会运作正常。公司主要客户为行业龙头企业，合作关系稳定，应收账款回款情况良好。公司建设智能客服系统，应用自然语言处理技术实现工单自动分类。公司上线智能排产系统，通过智能算法优化生产计划排程。公司核心业务系统迁移上云，采用混合云架构降低IT运维成本。公司上线智能排产系统，通过智能算法优化生产计划排程。公司本期新增专利授权3项，累计有效专利210项，技术储备进一步夯实。公司积极拓展海外市场，出口业务收入同比增长18.9%，国际化布局初见成效。公司研究基于分布式账本的对账机制，降低交易核对成本。报告期内公司客户结构进一步优化，前五大客户收入占比为28.3%，客户集中度处于合理区间。公司现金流状况良好，经营活动现金流量净额为12.4亿元，资产负债结构稳健。公司部署机器学习算法对销售数据进行需求预测，库存周转效率明显改善。公司开展数据治理体系建设，统一主数据标准，提升数据资产质量。公司深耕东北市场，区域市场份额稳中有升，品牌影响力持续增强。公司上线智能排产系统，通过智能算法优化生产计划排程。,下半年 年度 经营 做好 市场 开拓 成本 控制 人才 梯队 建设 探索 区块链 技术 产品 溯源 应用 流程 信息 数据 治理 体系 建设 统一 数据 标准 数据 资产 质量 建立健全 内部 控制系统 治理 结构 规范 三会 运作 客户 行业龙头 企业 合作 关系 应收 账款 回款 建设 智能 客服 系统 应用 自然语言处理 技术 工单 自动 分类 上线 智能 排产 系统 智能算法 优化 生产 排程 核心 业务 系统 迁移 上云 采用 混合 架构 降低 IT 运维 成本 上线 智能 排产 系统 智能算法 优化 生产 排程 本期 新增 专利 授权 专利 技术储备 夯实 拓展 海外 市场 出口 业务收入 国际化 布局 初见成效 研究 基于 分布式账本 对账 机制 降低 交易 核对 成本 客户 结构 优化 五大 客户 收入 客户 集中度 处于 合理 区间 现金流 状况良好 经营 活动 现金流量 净额 资产负债 结构 稳健 部署 机器学习 算法 销售 数据 需求预测 库存 周转 效率 明显改善 数据 治理 体系 建设 统一 数据 标准 数据 资产 质量 深耕 东北 市场 区域 市场份额 稳中有升 品牌 影响力 持续 增强 上线 智能 排产 系统 智能算法 优化 生产 排程,165
DEMO034,演示DEMO034股份有限公司,房地产,2020,年度报告,报告期内人民币汇率波动加大，公司通过远期结售汇业务降低了汇兑损失。面对市场竞争加剧，公司加大渠道建设力度，经销商数量增加210家，覆盖区域进一步扩大。报告期内，公司获得高新技术企业资质认定，享受相应税收优惠政策。公司深耕华南市场，区域市场份额稳中有升，品牌影响力持续增强。报告期内公司无重大诉讼仲裁事项，各项经营活动正常开展。公司现金流状况良好，经营活动现金流量净额为5.8亿元，资产负债结构稳健。报告期内人民币汇率波动加大，公司通过远期结售汇业务降低了汇兑损失。公司深耕西南市场，区域市场份额稳中有升，品牌影响力持续增强。公司本期新增专利授权3项，累计有效专利120项，技术储备进一步夯实。公司持续优化产品结构，建材业务占比稳步提升，毛利率较上年下降0.8个百分点。公司评估公有云与私有云方案，逐步构建统一算力资源池。,脚本生成演示语料(step0_make_demo_corpus.py),报告期内人民币汇率波动加大，公司通过远期结售汇业务降低了汇兑损失。面对市场竞争加剧，公司加大渠道建设力度，经销商数量增加210家，覆盖区域进一步扩大。报告期内，公司获得高新技术企业资质认定，享受相应税收优惠政策。公司深耕华南市场，区域市场份额稳中有升，品牌影响力持续增强。报告期内公司无重大诉讼仲裁事项，各项经营活动正常开展。公司现金流状况良好，经营活动现金流量净额为5.8亿元，资产负债结构稳健。报告期内人民币汇率波动加大，公司通过远期结售汇业务降低了汇兑损失。公司深耕西南市场，区域市场份额稳中有升，品牌影响力持续增强。公司本期新增专利授权3项，累计有效专利120项，技术储备进一步夯实。公司持续优化产品结构，建材业务占比稳步提升，毛利率较上年下降0.8个百分点。公司评估公有云与私有云方案，逐步构建统一算力资源池。,人民币 汇率 波动 加大 远期 结售汇 业务 降低 汇兑 损失 面对 市场竞争 加剧 加大 渠道 建设 力度 经销商 数量 覆盖 区域 扩大 获得 高新技术 企业资质 认定 享受 相应 税收 优惠政策 深耕 华南 市场 区域 市场份额 稳中有升 品牌 影响力 持续 增强 重大 诉讼 仲裁 事项 经营 活动 现金流 状况良好 经营 活动 现金流量 净额 资产负债 结构 稳健 人民币 汇率 波动 加大 远期 结售汇 业务 降低 汇兑 损失 深耕 西南 市场 区域 市场份额 稳中有升 品牌 影响力 持续 增强 本期 新增 专利 授权 专利 技术储备 夯实 持续 优化 产品 结构 建材 业务 毛利率 百分点 评估 公有 私有 方案 逐步 构建 统一 算力 资源,99
DEMO034,演示DEMO034股份有限公司,房地产,2021,年度报告,面对市场竞争加剧，公司加大渠道建设力度，经销商数量增加88家，覆盖区域进一步扩大。公司现金流状况良好，经营活动现金流量净额为3.2亿元，资产负债结构稳健。面对市场竞争加剧，公司加大渠道建设力度，经销商数量增加120家，覆盖区域进一步扩大。公司积极拓展海外市场，出口业务收入同比增长-6.3%，国际化布局初见成效。公司引入人工智能技术优化{prod}质检环节，缺陷识别准确率显著提升。公司积极拓展海外市场，出口业务收入同比增长12.1%，国际化布局初见成效。报告期内公司客户结构进一步优化，前五大客户收入占比为55.1%，客户集中度处于合理区间。公司继续推进产能建设，高端装备项目一期已投产，预计达产后年新增产能20万吨。报告期内，公司获得高新技术企业资质认定，享受相应税收优惠政策。报告期内公司客户结构进一步优化，前五大客户收入占比为41.8%，客户集中度处于合理区间。本年度公司人力成本略有上升，管理费用率保持稳定，费用管控成效显现。原材料价格波动对成本端形成一定压力，公司通过集中采购和套期保值部分对冲了成本上行风险。,脚本生成演示语料(step0_make_demo_corpus.py),面对市场竞争加剧，公司加大渠道建设力度，经销商数量增加88家，覆盖区域进一步扩大。公司现金流状况良好，经营活动现金流量净额为3.2亿元，资产负债结构稳健。面对市场竞争加剧，公司加大渠道建设力度，经销商数量增加120家，覆盖区域进一步扩大。公司积极拓展海外市场，出口业务收入同比增长-6.3%，国际化布局初见成效。公司引入人工智能技术优化{prod}质检环节，缺陷识别准确率显著提升。公司积极拓展海外市场，出口业务收入同比增长12.1%，国际化布局初见成效。报告期内公司客户结构进一步优化，前五大客户收入占比为55.1%，客户集中度处于合理区间。公司继续推进产能建设，高端装备项目一期已投产，预计达产后年新增产能20万吨。报告期内，公司获得高新技术企业资质认定，享受相应税收优惠政策。报告期内公司客户结构进一步优化，前五大客户收入占比为41.8%，客户集中度处于合理区间。本年度公司人力成本略有上升，管理费用率保持稳定，费用管控成效显现。原材料价格波动对成本端形成一定压力，公司通过集中采购和套期保值部分对冲了成本上行风险。,面对 市场竞争 加剧 加大 渠道 建设 力度 经销商 数量 覆盖 区域 扩大 现金流 状况良好 经营 活动 现金流量 净额 资产负债 结构 稳健 面对 市场竞争 加剧 加大 渠道 建设 力度 经销商 数量 覆盖 区域 扩大 拓展 海外 市场 出口 业务收入 国际化 布局 初见成效 引入 人工智能 技术 优化 prod 质检 环节 缺陷 识别 准确率 拓展 海外 市场 出口 业务收入 国际化 布局 初见成效 客户 结构 优化 五大 客户 收入 客户 集中度 处于 合理 区间 产能 建设 高端 装备 项目 一期 投产 预计 达产 新增 产能 万吨 获得 高新技术 企业资质 认定 享受 相应 税收 优惠政策 客户 结构 优化 五大 客户 收入 客户 集中度 处于 合理 区间 本年度 人力 成本 略有 管理 费用率 保持稳定 费用 管控 成效 显现 原材料 价格 波动 成本 形成 一定 压力 集中 采购 套期 保值 对冲 成本 上行 风险,127
DEMO034,演示DEMO034股份有限公司,房地产,2022,年度报告,公司本期新增专利授权22项，累计有效专利38项，技术储备进一步夯实。报告期内，公司获得高新技术企业资质认定，享受相应税收优惠政策。公司深耕东北市场，区域市场份额稳中有升，品牌影响力持续增强。本年度公司人力成本略有上升，管理费用率保持稳定，费用管控成效显现。公司本期新增专利授权11项，累计有效专利56项，技术储备进一步夯实。公司深耕华东市场，区域市场份额稳中有升，品牌影响力持续增强。公司继续推进产能建设，食品饮料项目一期已投产，预计达产后年新增产能20万吨。公司持续优化产品结构，精细化工产品业务占比稳步提升，毛利率较上年上升2.5个百分点。公司建立健全内部控制系统，治理结构规范，三会运作正常。公司建设智能客服系统，应用自然语言处理技术实现工单自动分类。公司试点数字人民币结算场景，丰富收款渠道。,脚本生成演示语料(step0_make_demo_corpus.py),公司本期新增专利授权22项，累计有效专利38项，技术储备进一步夯实。报告期内，公司获得高新技术企业资质认定，享受相应税收优惠政策。公司深耕东北市场，区域市场份额稳中有升，品牌影响力持续增强。本年度公司人力成本略有上升，管理费用率保持稳定，费用管控成效显现。公司本期新增专利授权11项，累计有效专利56项，技术储备进一步夯实。公司深耕华东市场，区域市场份额稳中有升，品牌影响力持续增强。公司继续推进产能建设，食品饮料项目一期已投产，预计达产后年新增产能20万吨。公司持续优化产品结构，精细化工产品业务占比稳步提升，毛利率较上年上升2.5个百分点。公司建立健全内部控制系统，治理结构规范，三会运作正常。公司建设智能客服系统，应用自然语言处理技术实现工单自动分类。公司试点数字人民币结算场景，丰富收款渠道。,本期 新增 专利 授权 专利 技术储备 夯实 获得 高新技术 企业资质 认定 享受 相应 税收 优惠政策 深耕 东北 市场 区域 市场份额 稳中有升 品牌 影响力 持续 增强 本年度 人力 成本 略有 管理 费用率 保持稳定 费用 管控 成效 显现 本期 新增 专利 授权 专利 技术储备 夯实 深耕 华东 市场 区域 市场份额 稳中有升 品牌 影响力 持续 增强 产能 建设 食品饮料 项目 一期 投产 预计 达产 新增 产能 万吨 持续 优化 产品 结构 精细化工 产品 业务 毛利率 百分点 建立健全 内部 控制系统 治理 结构 规范 三会 运作 建设 智能 客服 系统 应用 自然语言处理 技术 工单 自动 分类 试点 数字人民币 结算 场景 丰富 收款 渠道,98
DEMO034,演示DEMO034股份有限公司,房地产,2023,年度报告,报告期内人民币汇率波动加大，公司通过远期结售汇业务降低了汇兑损失。公司继续推进产能建设，电子元器件项目一期已投产，预计达产后年新增产能5万吨。公司推动业务流程线上化，无纸化办公覆盖全部业务部门。公司建立健全内部控制系统，治理结构规范，三会运作正常。公司持续加大研发投入，研发费用占营业收入比例为2.6%，围绕食品饮料开展技术攻关。报告期内人民币汇率波动加大，公司通过远期结售汇业务降低了汇兑损失。报告期内公司无重大诉讼仲裁事项，各项经营活动正常开展。公司建立健全内部控制系统，治理结构规范，三会运作正常。原材料价格波动对成本端形成一定压力，公司通过集中采购和套期保值部分对冲了成本上行风险。受行业周期影响，部分产品价格有所回落，公司及时调整销售策略，库存水平保持在合理范围。公司持续加大研发投入，研发费用占营业收入比例为2.6%，围绕电子元器件开展技术攻关。公司持续加大研发投入，研发费用占营业收入比例为2.6%，围绕纺织服装开展技术攻关。,脚本生成演示语料(step0_make_demo_corpus.py),报告期内人民币汇率波动加大，公司通过远期结售汇业务降低了汇兑损失。公司继续推进产能建设，电子元器件项目一期已投产，预计达产后年新增产能5万吨。公司推动业务流程线上化，无纸化办公覆盖全部业务部门。公司建立健全内部控制系统，治理结构规范，三会运作正常。公司持续加大研发投入，研发费用占营业收入比例为2.6%，围绕食品饮料开展技术攻关。报告期内人民币汇率波动加大，公司通过远期结售汇业务降低了汇兑损失。报告期内公司无重大诉讼仲裁事项，各项经营活动正常开展。公司建立健全内部控制系统，治理结构规范，三会运作正常。原材料价格波动对成本端形成一定压力，公司通过集中采购和套期保值部分对冲了成本上行风险。受行业周期影响，部分产品价格有所回落，公司及时调整销售策略，库存水平保持在合理范围。公司持续加大研发投入，研发费用占营业收入比例为2.6%，围绕电子元器件开展技术攻关。公司持续加大研发投入，研发费用占营业收入比例为2.6%，围绕纺织服装开展技术攻关。,人民币 汇率 波动 加大 远期 结售汇 业务 降低 汇兑 损失 产能 建设 电子 元器件 项目 一期 投产 预计 达产 新增 产能 万吨 业务流程 上化 无纸化 办公 覆盖 全部 业务部门 建立健全 内部 控制系统 治理 结构 规范 三会 运作 持续 加大 研发 投入 研发 费用 营业 收入 比例 食品饮料 技术 攻关 人民币 汇率 波动 加大 远期 结售汇 业务 降低 汇兑 损失 重大 诉讼 仲裁 事项 经营 活动 建立健全 内部 控制系统 治理 结构 规范 三会 运作 原材料 价格 波动 成本 形成 一定 压力 集中 采购 套期 保值 对冲 成本 上行 风险 行业 周期 影响 产品价格 有所 回落 及时 调整 销售策略 库存 水平 合理 范围 持续 加大 研发 投入 研发 费用 营业 收入 比例 电子 元器件 技术 攻关 持续 加大 研发 投入 研发 费用 营业 收入 比例 纺织 服装 技术 攻关,127
DEMO034,演示DEMO034股份有限公司,房地产,2024,年度报告,公司高度重视安全生产与环境保护，报告期内未发生重大安全事故。报告期内，公司获得高新技术企业资质认定，享受相应税收优惠政策。公司现金流状况良好，经营活动现金流量净额为5.8亿元，资产负债结构稳健。公司积极拓展海外市场，出口业务收入同比增长-6.3%，国际化布局初见成效。公司持续优化产品结构，纺织服装业务占比稳步提升，毛利率较上年下降0.8个百分点。公司持续优化产品结构，建材业务占比稳步提升，毛利率较上年上升1.2个百分点。报告期内公司无重大诉讼仲裁事项，各项经营活动正常开展。公司现金流状况良好，经营活动现金流量净额为1.5亿元，资产负债结构稳健。,脚本生成演示语料(step0_make_demo_corpus.py),公司高度重视安全生产与环境保护，报告期内未发生重大安全事故。报告期内，公司获得高新技术企业资质认定，享受相应税收优惠政策。公司现金流状况良好，经营活动现金流量净额为5.8亿元，资产负债结构稳健。公司积极拓展海外市场，出口业务收入同比增长-6.3%，国际化布局初见成效。公司持续优化产品结构，纺织服装业务占比稳步提升，毛利率较上年下降0.8个百分点。公司持续优化产品结构，建材业务占比稳步提升，毛利率较上年上升1.2个百分点。报告期内公司无重大诉讼仲裁事项，各项经营活动正常开展。公司现金流状况良好，经营活动现金流量净额为1.5亿元，资产负债结构稳健。,高度重视 安全 生产 环境保护 发生 重大 安全事故 获得 高新技术 企业资质 认定 享受 相应 税收 优惠政策 现金流 状况良好 经营 活动 现金流量 净额 资产负债 结构 稳健 拓展 海外 市场 出口 业务收入 国际化 布局 初见成效 持续 优化 产品 结构 纺织 服装 业务 毛利率 百分点 持续 优化 产品 结构 建材 业务 毛利率 百分点 重大 诉讼 仲裁 事项 经营 活动 现金流 状况良好 经营 活动 现金流量 净额 资产负债 结构 稳健,64
DEMO035,演示DEMO035股份有限公司,农林牧渔,2020,年度报告,公司参与行业区块链联盟，推动供应链单证电子化与可信流转。受行业周期影响，部分产品价格有所回落，公司及时调整销售策略，库存水平保持在合理范围。受行业周期影响，部分产品价格有所回落，公司及时调整销售策略，库存水平保持在合理范围。公司持续加大研发投入，研发费用占营业收入比例为3.2%，围绕精细化工产品开展技术攻关。报告期内公司无重大诉讼仲裁事项，各项经营活动正常开展。公司采购云服务替代传统服务器部署，系统上线周期大幅缩短。报告期内人民币汇率波动加大，公司通过远期结售汇业务降低了汇兑损失。公司引入人工智能技术优化{prod}质检环节，缺陷识别准确率显著提升。本年度公司人力成本略有上升，管理费用率保持稳定，费用管控成效显现。公司本期新增专利授权15项，累计有效专利38项，技术储备进一步夯实。公司建设工业互联网平台，实现设备联网与远程运维。公司主要客户为行业龙头企业，合作关系稳定，应收账款回款情况良好。公司现金流状况良好，经营活动现金流量净额为1.5亿元，资产负债结构稳健。,脚本生成演示语料(step0_make_demo_corpus.py),公司参与行业区块链联盟，推动供应链单证电子化与可信流转。受行业周期影响，部分产品价格有所回落，公司及时调整销售策略，库存水平保持在合理范围。受行业周期影响，部分产品价格有所回落，公司及时调整销售策略，库存水平保持在合理范围。公司持续加大研发投入，研发费用占营业收入比例为3.2%，围绕精细化工产品开展技术攻关。报告期内公司无重大诉讼仲裁事项，各项经营活动正常开展。公司采购云服务替代传统服务器部署，系统上线周期大幅缩短。报告期内人民币汇率波动加大，公司通过远期结售汇业务降低了汇兑损失。公司引入人工智能技术优化{prod}质检环节，缺陷识别准确率显著提升。本年度公司人力成本略有上升，管理费用率保持稳定，费用管控成效显现。公司本期新增专利授权15项，累计有效专利38项，技术储备进一步夯实。公司建设工业互联网平台，实现设备联网与远程运维。公司主要客户为行业龙头企业，合作关系稳定，应收账款回款情况良好。公司现金流状况良好，经营活动现金流量净额为1.5亿元，资产负债结构稳健。,参与 行业 区块链 联盟 供应链 单证 电子化 可信 流转 行业 周期 影响 产品价格 有所 回落 及时 调整 销售策略 库存 水平 合理 范围 行业 周期 影响 产品价格 有所 回落 及时 调整 销售策略 库存 水平 合理 范围 持续 加大 研发 投入 研发 费用 营业 收入 比例 精细化工 产品 技术 攻关 重大 诉讼 仲裁 事项 经营 活动 采购 服务 替代 传统 服务器 部署 系统 上线 周期 大幅 缩短 人民币 汇率 波动 加大 远期 结售汇 业务 降低 汇兑 损失 引入 人工智能 技术 优化 prod 质检 环节 缺陷 识别 准确率 本年度 人力 成本 略有 管理 费用率 保持稳定 费用 管控 成效 显现 本期 新增 专利 授权 专利 技术储备 夯实 建设 工业互联网 平台 设备 联网 远程 运维 客户 行业龙头 企业 合作 关系 应收 账款 回款 现金流 状况良好 经营 活动 现金流量 净额 资产负债 结构 稳健,127
DEMO035,演示DEMO035股份有限公司,农林牧渔,2021,年度报告,报告期内公司无重大诉讼仲裁事项，各项经营活动正常开展。公司高度重视安全生产与环境保护，报告期内未发生重大安全事故。公司与高校联合开展深度学习算法研究，赋能产品智能设计。报告期内，公司实现营业收入12.6亿元，同比增长8.5%，主要得益于主营业务产销规模扩大。报告期内人民币汇率波动加大，公司通过远期结售汇业务降低了汇兑损失。公司部署机器学习算法对销售数据进行需求预测，库存周转效率明显改善。本年度公司人力成本略有上升，管理费用率保持稳定，费用管控成效显现。面对市场竞争加剧，公司加大渠道建设力度，经销商数量增加120家，覆盖区域进一步扩大。下半年公司将围绕年度经营计划，重点做好市场开拓、成本控制与人才梯队建设等工作。报告期内，公司实现营业收入45.2亿元，同比增长8.5%，主要得益于主营业务产销规模扩大。公司建设大数据平台，整合生产、销售与供应链数据，支撑经营决策。,脚本生成演示语料(step0_make_demo_corpus.py),报告期内公司无重大诉讼仲裁事项，各项经营活动正常开展。公司高度重视安全生产与环境保护，报告期内未发生重大安全事故。公司与高校联合开展深度学习算法研究，赋能产品智能设计。报告期内，公司实现营业收入12.6亿元，同比增长8.5%，主要得益于主营业务产销规模扩大。报告期内人民币汇率波动加大，公司通过远期结售汇业务降低了汇兑损失。公司部署机器学习算法对销售数据进行需求预测，库存周转效率明显改善。本年度公司人力成本略有上升，管理费用率保持稳定，费用管控成效显现。面对市场竞争加剧，公司加大渠道建设力度，经销商数量增加120家，覆盖区域进一步扩大。下半年公司将围绕年度经营计划，重点做好市场开拓、成本控制与人才梯队建设等工作。报告期内，公司实现营业收入45.2亿元，同比增长8.5%，主要得益于主营业务产销规模扩大。公司建设大数据平台，整合生产、销售与供应链数据，支撑经营决策。,重大 诉讼 仲裁 事项 经营 活动 高度重视 安全 生产 环境保护 发生 重大 安全事故 高校 联合 深度学习 算法 研究 赋能 产品 智能 设计 营业 收入 得益于 主营业务 产销 规模 扩大 人民币 汇率 波动 加大 远期 结售汇 业务 降低 汇兑 损失 部署 机器学习 算法 销售 数据 需求预测 库存 周转 效率 明显改善 本年度 人力 成本 略有 管理 费用率 保持稳定 费用 管控 成效 显现 面对 市场竞争 加剧 加大 渠道 建设 力度 经销商 数量 覆盖 区域 扩大 下半年 年度 经营 做好 市场 开拓 成本 控制 人才 梯队 建设 营业 收入 得益于 主营业务 产销 规模 扩大 建设 大数据 平台 整合 生产 销售 供应链 数据 支撑 经营 决策,101
DEMO035,演示DEMO035股份有限公司,农林牧渔,2022,年度报告,公司建立健全内部控制系统，治理结构规范，三会运作正常。报告期内公司客户结构进一步优化，前五大客户收入占比为55.1%，客户集中度处于合理区间。本年度公司人力成本略有上升，管理费用率保持稳定，费用管控成效显现。受行业周期影响，部分产品价格有所回落，公司及时调整销售策略，库存水平保持在合理范围。报告期内，公司获得高新技术企业资质认定，享受相应税收优惠政策。公司持续优化产品结构，电子元器件业务占比稳步提升，毛利率较上年下降0.8个百分点。公司采购云服务替代传统服务器部署，系统上线周期大幅缩短。公司本期新增专利授权11项，累计有效专利210项，技术储备进一步夯实。公司现金流状况良好，经营活动现金流量净额为1.5亿元，资产负债结构稳健。公司试点数字人民币结算场景，丰富收款渠道。,脚本生成演示语料(step0_make_demo_corpus.py),公司建立健全内部控制系统，治理结构规范，三会运作正常。报告期内公司客户结构进一步优化，前五大客户收入占比为55.1%，客户集中度处于合理区间。本年度公司人力成本略有上升，管理费用率保持稳定，费用管控成效显现。受行业周期影响，部分产品价格有所回落，公司及时调整销售策略，库存水平保持在合理范围。报告期内，公司获得高新技术企业资质认定，享受相应税收优惠政策。公司持续优化产品结构，电子元器件业务占比稳步提升，毛利率较上年下降0.8个百分点。公司采购云服务替代传统服务器部署，系统上线周期大幅缩短。公司本期新增专利授权11项，累计有效专利210项，技术储备进一步夯实。公司现金流状况良好，经营活动现金流量净额为1.5亿元，资产负债结构稳健。公司试点数字人民币结算场景，丰富收款渠道。,建立健全 内部 控制系统 治理 结构 规范 三会 运作 客户 结构 优化 五大 客户 收入 客户 集中度 处于 合理 区间 本年度 人力 成本 略有 管理 费用率 保持稳定 费用 管控 成效 显现 行业 周期 影响 产品价格 有所 回落 及时 调整 销售策略 库存 水平 合理 范围 获得 高新技术 企业资质 认定 享受 相应 税收 优惠政策 持续 优化 产品 结构 电子 元器件 业务 毛利率 百分点 采购 服务 替代 传统 服务器 部署 系统 上线 周期 大幅 缩短 本期 新增 专利 授权 专利 技术储备 夯实 现金流 状况良好 经营 活动 现金流量 净额 资产负债 结构 稳健 试点 数字人民币 结算 场景 丰富 收款 渠道,94
DEMO035,演示DEMO035股份有限公司,农林牧渔,2023,年度报告,报告期内，公司获得高新技术企业资质认定，享受相应税收优惠政策。报告期内，公司实现营业收入45.2亿元，同比增长8.5%，主要得益于主营业务产销规模扩大。报告期内，公司实现营业收入12.6亿元，同比增长-1.8%，主要得益于主营业务产销规模扩大。报告期内人民币汇率波动加大，公司通过远期结售汇业务降低了汇兑损失。公司本期新增专利授权3项，累计有效专利120项，技术储备进一步夯实。公司继续推进产能建设，纺织服装项目一期已投产，预计达产后年新增产能8万吨。本年度公司人力成本略有上升，管理费用率保持稳定，费用管控成效显现。公司本期新增专利授权11项，累计有效专利120项，技术储备进一步夯实。下半年公司将围绕年度经营计划，重点做好市场开拓、成本控制与人才梯队建设等工作。,脚本生成演示语料(step0_make_demo_corpus.py),报告期内，公司获得高新技术企业资质认定，享受相应税收优惠政策。报告期内，公司实现营业收入45.2亿元，同比增长8.5%，主要得益于主营业务产销规模扩大。报告期内，公司实现营业收入12.6亿元，同比增长-1.8%，主要得益于主营业务产销规模扩大。报告期内人民币汇率波动加大，公司通过远期结售汇业务降低了汇兑损失。公司本期新增专利授权3项，累计有效专利120项，技术储备进一步夯实。公司继续推进产能建设，纺织服装项目一期已投产，预计达产后年新增产能8万吨。本年度公司人力成本略有上升，管理费用率保持稳定，费用管控成效显现。公司本期新增专利授权11项，累计有效专利120项，技术储备进一步夯实。下半年公司将围绕年度经营计划，重点做好市场开拓、成本控制与人才梯队建设等工作。,获得 高新技术 企业资质 认定 享受 相应 税收 优惠政策 营业 收入 得益于 主营业务 产销 规模 扩大 营业 收入 得益于 主营业务 产销 规模 扩大 人民币 汇率 波动 加大 远期 结售汇 业务 降低 汇兑 损失 本期 新增 专利 授权 专利 技术储备 夯实 产能 建设 纺织 服装 项目 一期 投产 预计 达产 新增 产能 万吨 本年度 人力 成本 略有 管理 费用率 保持稳定 费用 管控 成效 显现 本期 新增 专利 授权 专利 技术储备 夯实 下半年 年度 经营 做好 市场 开拓 成本 控制 人才 梯队 建设,80
DEMO035,演示DEMO035股份有限公司,农林牧渔,2024,年度报告,受行业周期影响，部分产品价格有所回落，公司及时调整销售策略，库存水平保持在合理范围。报告期内公司无重大诉讼仲裁事项，各项经营活动正常开展。公司应用数字孪生技术对重点产线进行虚拟建模与仿真优化。面对市场竞争加剧，公司加大渠道建设力度，经销商数量增加45家，覆盖区域进一步扩大。下半年公司将围绕年度经营计划，重点做好市场开拓、成本控制与人才梯队建设等工作。公司持续加大研发投入，研发费用占营业收入比例为5.1%，围绕电子元器件开展技术攻关。报告期内，公司获得高新技术企业资质认定，享受相应税收优惠政策。公司推进计算机视觉技术在生产线上的应用，实现关键工序自动检测。公司数据中心一期建成投用，具备 PB 级数据存储与计算能力。公司引入人工智能技术优化{prod}质检环节，缺陷识别准确率显著提升。公司持续加大研发投入，研发费用占营业收入比例为4.4%，围绕精细化工产品开展技术攻关。报告期内人民币汇率波动加大，公司通过远期结售汇业务降低了汇兑损失。公司制定数字化转型规划，成立数字化管理委员会统筹推进。公司深耕华北市场，区域市场份额稳中有升，品牌影响力持续增强。报告期内人民币汇率波动加大，公司通过远期结售汇业务降低了汇兑损失。报告期内人民币汇率波动加大，公司通过远期结售汇业务降低了汇兑损失。公司引入边缘计算设备，实现车间数据的就地处理与实时回传。,脚本生成演示语料(step0_make_demo_corpus.py),受行业周期影响，部分产品价格有所回落，公司及时调整销售策略，库存水平保持在合理范围。报告期内公司无重大诉讼仲裁事项，各项经营活动正常开展。公司应用数字孪生技术对重点产线进行虚拟建模与仿真优化。面对市场竞争加剧，公司加大渠道建设力度，经销商数量增加45家，覆盖区域进一步扩大。下半年公司将围绕年度经营计划，重点做好市场开拓、成本控制与人才梯队建设等工作。公司持续加大研发投入，研发费用占营业收入比例为5.1%，围绕电子元器件开展技术攻关。报告期内，公司获得高新技术企业资质认定，享受相应税收优惠政策。公司推进计算机视觉技术在生产线上的应用，实现关键工序自动检测。公司数据中心一期建成投用，具备 PB 级数据存储与计算能力。公司引入人工智能技术优化{prod}质检环节，缺陷识别准确率显著提升。公司持续加大研发投入，研发费用占营业收入比例为4.4%，围绕精细化工产品开展技术攻关。报告期内人民币汇率波动加大，公司通过远期结售汇业务降低了汇兑损失。公司制定数字化转型规划，成立数字化管理委员会统筹推进。公司深耕华北市场，区域市场份额稳中有升，品牌影响力持续增强。报告期内人民币汇率波动加大，公司通过远期结售汇业务降低了汇兑损失。报告期内人民币汇率波动加大，公司通过远期结售汇业务降低了汇兑损失。公司引入边缘计算设备，实现车间数据的就地处理与实时回传。,行业 周期 影响 产品价格 有所 回落 及时 调整 销售策略 库存 水平 合理 范围 重大 诉讼 仲裁 事项 经营 活动 应用 数字孪生 技术 产线 虚拟 建模 仿真 优化 面对 市场竞争 加剧 加大 渠道 建设 力度 经销商 数量 覆盖 区域 扩大 下半年 年度 经营 做好 市场 开拓 成本 控制 人才 梯队 建设 持续 加大 研发 投入 研发 费用 营业 收入 比例 电子 元器件 技术 攻关 获得 高新技术 企业资质 认定 享受 相应 税收 优惠政策 计算机视觉 技术 生产线 应用 关键 工序 自动检测 数据中心 一期 建成 投用 具备 PB 数据 存储 计算能力 引入 人工智能 技术 优化 prod 质检 环节 缺陷 识别 准确率 持续 加大 研发 投入 研发 费用 营业 收入 比例 精细化工 产品 技术 攻关 人民币 汇率 波动 加大 远期 结售汇 业务 降低 汇兑 损失 制定 数字化转型 规划 成立 数字化 管理 委员会 统筹 深耕 华北 市场 区域 市场份额 稳中有升 品牌 影响力 持续 增强 人民币 汇率 波动 加大 远期 结售汇 业务 降低 汇兑 损失 人民币 汇率 波动 加大 远期 结售汇 业务 降低 汇兑 损失 引入 边缘计算 设备 车间 数据 处理 实时 回传,166
DEMO036,演示DEMO036股份有限公司,信息技术,2020,年度报告,公司与高校联合开展深度学习算法研究，赋能产品智能设计。报告期内，公司获得高新技术企业资质认定，享受相应税收优惠政策。公司引入人工智能技术优化{prod}质检环节，缺陷识别准确率显著提升。公司基于云平台搭建协同办公体系，跨区域协作效率提升。公司探索区块链技术在产品溯源中的应用，实现全流程信息上链。公司探索区块链技术在产品溯源中的应用，实现全流程信息上链。受行业周期影响，部分产品价格有所回落，公司及时调整销售策略，库存水平保持在合理范围。公司研究基于分布式账本的对账机制，降低交易核对成本。面对市场竞争加剧，公司加大渠道建设力度，经销商数量增加210家，覆盖区域进一步扩大。下半年公司将围绕年度经营计划，重点做好市场开拓、成本控制与人才梯队建设等工作。公司研究基于分布式账本的对账机制，降低交易核对成本。公司积极拓展海外市场，出口业务收入同比增长12.1%，国际化布局初见成效。公司持续加大研发投入，研发费用占营业收入比例为4.4%，围绕电子元器件开展技术攻关。公司积极拓展海外市场，出口业务收入同比增长18.9%，国际化布局初见成效。公司核心业务系统迁移上云，采用混合云架构降低IT运维成本。面对市场竞争加剧，公司加大渠道建设力度，经销商数量增加210家，覆盖区域进一步扩大。公司主要客户为行业龙头企业，合作关系稳定，应收账款回款情况良好。公司部署机器学习算法对销售数据进行需求预测，库存周转效率明显改善。公司探索区块链技术在产品溯源中的应用，实现全流程信息上链。公司应用数字孪生技术对重点产线进行虚拟建模与仿真优化。公司构建经营分析数据仓库，管理层可实时查看核心经营指标。,脚本生成演示语料(step0_make_demo_corpus.py),公司与高校联合开展深度学习算法研究，赋能产品智能设计。报告期内，公司获得高新技术企业资质认定，享受相应税收优惠政策。公司引入人工智能技术优化{prod}质检环节，缺陷识别准确率显著提升。公司基于云平台搭建协同办公体系，跨区域协作效率提升。公司探索区块链技术在产品溯源中的应用，实现全流程信息上链。公司探索区块链技术在产品溯源中的应用，实现全流程信息上链。受行业周期影响，部分产品价格有所回落，公司及时调整销售策略，库存水平保持在合理范围。公司研究基于分布式账本的对账机制，降低交易核对成本。面对市场竞争加剧，公司加大渠道建设力度，经销商数量增加210家，覆盖区域进一步扩大。下半年公司将围绕年度经营计划，重点做好市场开拓、成本控制与人才梯队建设等工作。公司研究基于分布式账本的对账机制，降低交易核对成本。公司积极拓展海外市场，出口业务收入同比增长12.1%，国际化布局初见成效。公司持续加大研发投入，研发费用占营业收入比例为4.4%，围绕电子元器件开展技术攻关。公司积极拓展海外市场，出口业务收入同比增长18.9%，国际化布局初见成效。公司核心业务系统迁移上云，采用混合云架构降低IT运维成本。面对市场竞争加剧，公司加大渠道建设力度，经销商数量增加210家，覆盖区域进一步扩大。公司主要客户为行业龙头企业，合作关系稳定，应收账款回款情况良好。公司部署机器学习算法对销售数据进行需求预测，库存周转效率明显改善。公司探索区块链技术在产品溯源中的应用，实现全流程信息上链。公司应用数字孪生技术对重点产线进行虚拟建模与仿真优化。公司构建经营分析数据仓库，管理层可实时查看核心经营指标。,高校 联合 深度学习 算法 研究 赋能 产品 智能 设计 获得 高新技术 企业资质 认定 享受 相应 税收 优惠政策 引入 人工智能 技术 优化 prod 质检 环节 缺陷 识别 准确率 基于 平台 搭建 协同 办公 体系 区域 协作 效率 探索 区块链 技术 产品 溯源 应用 流程 信息 探索 区块链 技术 产品 溯源 应用 流程 信息 行业 周期 影响 产品价格 有所 回落 及时 调整 销售策略 库存 水平 合理 范围 研究 基于 分布式账本 对账 机制 降低 交易 核对 成本 面对 市场竞争 加剧 加大 渠道 建设 力度 经销商 数量 覆盖 区域 扩大 下半年 年度 经营 做好 市场 开拓 成本 控制 人才 梯队 建设 研究 基于 分布式账本 对账 机制 降低 交易 核对 成本 拓展 海外 市场 出口 业务收入 国际化 布局 初见成效 持续 加大 研发 投入 研发 费用 营业 收入 比例 电子 元器件 技术 攻关 拓展 海外 市场 出口 业务收入 国际化 布局 初见成效 核心 业务 系统 迁移 上云 采用 混合 架构 降低 IT 运维 成本 面对 市场竞争 加剧 加大 渠道 建设 力度 经销商 数量 覆盖 区域 扩大 客户 行业龙头 企业 合作 关系 应收 账款 回款 部署 机器学习 算法 销售 数据 需求预测 库存 周转 效率 明显改善 探索 区块链 技术 产品 溯源 应用 流程 信息 应用 数字孪生 技术 产线 虚拟 建模 仿真 优化 构建 经营 分析 数据仓库 管理层 实时 查看 核心 经营 指标,203
DEMO036,演示DEMO036股份有限公司,信息技术,2021,年度报告,公司制定数字化转型规划，成立数字化管理委员会统筹推进。公司引入人工智能技术优化{prod}质检环节，缺陷识别准确率显著提升。公司数据中心一期建成投用，具备 PB 级数据存储与计算能力。报告期内人民币汇率波动加大，公司通过远期结售汇业务降低了汇兑损失。下半年公司将围绕年度经营计划，重点做好市场开拓、成本控制与人才梯队建设等工作。公司建立健全内部控制系统，治理结构规范，三会运作正常。公司上线智能排产系统，通过智能算法优化生产计划排程。公司推动业务流程线上化，无纸化办公覆盖全部业务部门。公司现金流状况良好，经营活动现金流量净额为5.8亿元，资产负债结构稳健。公司上线智能排产系统，通过智能算法优化生产计划排程。公司主要客户为行业龙头企业，合作关系稳定，应收账款回款情况良好。公司发展电子商务业务，线上渠道收入占比持续提升。公司构建经营分析数据仓库，管理层可实时查看核心经营指标。公司采购云服务替代传统服务器部署，系统上线周期大幅缩短。公司部署机器学习算法对销售数据进行需求预测，库存周转效率明显改善。公司运用数据挖掘技术分析客户行为，实现精准营销。受行业周期影响，部分产品价格有所回落，公司及时调整销售策略，库存水平保持在合理范围。公司现金流状况良好，经营活动现金流量净额为3.2亿元，资产负债结构稳健。公司运用数据挖掘技术分析客户行为，实现精准营销。公司持续优化产品结构，高端装备业务占比稳步提升，毛利率较上年上升2.5个百分点。公司持续优化产品结构，食品饮料业务占比稳步提升，毛利率较上年下降1.5个百分点。,脚本生成演示语料(step0_make_demo_corpus.py),公司制定数字化转型规划，成立数字化管理委员会统筹推进。公司引入人工智能技术优化{prod}质检环节，缺陷识别准确率显著提升。公司数据中心一期建成投用，具备 PB 级数据存储与计算能力。报告期内人民币汇率波动加大，公司通过远期结售汇业务降低了汇兑损失。下半年公司将围绕年度经营计划，重点做好市场开拓、成本控制与人才梯队建设等工作。公司建立健全内部控制系统，治理结构规范，三会运作正常。公司上线智能排产系统，通过智能算法优化生产计划排程。公司推动业务流程线上化，无纸化办公覆盖全部业务部门。公司现金流状况良好，经营活动现金流量净额为5.8亿元，资产负债结构稳健。公司上线智能排产系统，通过智能算法优化生产计划排程。公司主要客户为行业龙头企业，合作关系稳定，应收账款回款情况良好。公司发展电子商务业务，线上渠道收入占比持续提升。公司构建经营分析数据仓库，管理层可实时查看核心经营指标。公司采购云服务替代传统服务器部署，系统上线周期大幅缩短。公司部署机器学习算法对销售数据进行需求预测，库存周转效率明显改善。公司运用数据挖掘技术分析客户行为，实现精准营销。受行业周期影响，部分产品价格有所回落，公司及时调整销售策略，库存水平保持在合理范围。公司现金流状况良好，经营活动现金流量净额为3.2亿元，资产负债结构稳健。公司运用数据挖掘技术分析客户行为，实现精准营销。公司持续优化产品结构，高端装备业务占比稳步提升，毛利率较上年上升2.5个百分点。公司持续优化产品结构，食品饮料业务占比稳步提升，毛利率较上年下降1.5个百分点。,制定 数字化转型 规划 成立 数字化 管理 委员会 统筹 引入 人工智能 技术 优化 prod 质检 环节 缺陷 识别 准确率 数据中心 一期 建成 投用 具备 PB 数据 存储 计算能力 人民币 汇率 波动 加大 远期 结售汇 业务 降低 汇兑 损失 下半年 年度 经营 做好 市场 开拓 成本 控制 人才 梯队 建设 建立健全 内部 控制系统 治理 结构 规范 三会 运作 上线 智能 排产 系统 智能算法 优化 生产 排程 业务流程 上化 无纸化 办公 覆盖 全部 业务部门 现金流 状况良好 经营 活动 现金流量 净额 资产负债 结构 稳健 上线 智能 排产 系统 智能算法 优化 生产 排程 客户 行业龙头 企业 合作 关系 应收 账款 回款 发展 电子商务 业务 线上 渠道 收入 持续 构建 经营 分析 数据仓库 管理层 实时 查看 核心 经营 指标 采购 服务 替代 传统 服务器 部署 系统 上线 周期 大幅 缩短 部署 机器学习 算法 销售 数据 需求预测 库存 周转 效率 明显改善 运用 数据挖掘 技术 分析 客户 行为 精准 营销 行业 周期 影响 产品价格 有所 回落 及时 调整 销售策略 库存 水平 合理 范围 现金流 状况良好 经营 活动 现金流量 净额 资产负债 结构 稳健 运用 数据挖掘 技术 分析 客户 行为 精准 营销 持续 优化 产品 结构 高端 装备 业务 毛利率 百分点 持续 优化 产品 结构 食品饮料 业务 毛利率 百分点,189
DEMO036,演示DEMO036股份有限公司,信息技术,2022,年度报告,公司本期新增专利授权3项，累计有效专利120项，技术储备进一步夯实。公司成立数据中台团队，推动业务数据化、数据业务化。公司开展数据治理体系建设，统一主数据标准，提升数据资产质量。面对市场竞争加剧，公司加大渠道建设力度，经销商数量增加36家，覆盖区域进一步扩大。报告期内，公司获得高新技术企业资质认定，享受相应税收优惠政策。原材料价格波动对成本端形成一定压力，公司通过集中采购和套期保值部分对冲了成本上行风险。公司参与行业区块链联盟，推动供应链单证电子化与可信流转。报告期内，公司实现营业收入63.7亿元，同比增长8.5%，主要得益于主营业务产销规模扩大。公司探索区块链技术在产品溯源中的应用，实现全流程信息上链。公司参与行业区块链联盟，推动供应链单证电子化与可信流转。报告期内，公司实现营业收入12.6亿元，同比增长5.6%，主要得益于主营业务产销规模扩大。公司建设工业互联网平台，实现设备联网与远程运维。公司建立健全内部控制系统，治理结构规范，三会运作正常。公司参与行业区块链联盟，推动供应链单证电子化与可信流转。公司构建智慧物流体系，仓储分拣自动化水平显著提高。公司高度重视安全生产与环境保护，报告期内未发生重大安全事故。公司推进计算机视觉技术在生产线上的应用，实现关键工序自动检测。公司引入边缘计算设备，实现车间数据的就地处理与实时回传。公司运用数据挖掘技术分析客户行为，实现精准营销。公司与高校联合开展深度学习算法研究，赋能产品智能设计。公司推动业务流程线上化，无纸化办公覆盖全部业务部门。公司引入边缘计算设备，实现车间数据的就地处理与实时回传。报告期内公司客户结构进一步优化，前五大客户收入占比为36.9%，客户集中度处于合理区间。公司推进计算机视觉技术在生产线上的应用，实现关键工序自动检测。公司数据中心一期建成投用，具备 PB 级数据存储与计算能力。,脚本生成演示语料(step0_make_demo_corpus.py),公司本期新增专利授权3项，累计有效专利120项，技术储备进一步夯实。公司成立数据中台团队，推动业务数据化、数据业务化。公司开展数据治理体系建设，统一主数据标准，提升数据资产质量。面对市场竞争加剧，公司加大渠道建设力度，经销商数量增加36家，覆盖区域进一步扩大。报告期内，公司获得高新技术企业资质认定，享受相应税收优惠政策。原材料价格波动对成本端形成一定压力，公司通过集中采购和套期保值部分对冲了成本上行风险。公司参与行业区块链联盟，推动供应链单证电子化与可信流转。报告期内，公司实现营业收入63.7亿元，同比增长8.5%，主要得益于主营业务产销规模扩大。公司探索区块链技术在产品溯源中的应用，实现全流程信息上链。公司参与行业区块链联盟，推动供应链单证电子化与可信流转。报告期内，公司实现营业收入12.6亿元，同比增长5.6%，主要得益于主营业务产销规模扩大。公司建设工业互联网平台，实现设备联网与远程运维。公司建立健全内部控制系统，治理结构规范，三会运作正常。公司参与行业区块链联盟，推动供应链单证电子化与可信流转。公司构建智慧物流体系，仓储分拣自动化水平显著提高。公司高度重视安全生产与环境保护，报告期内未发生重大安全事故。公司推进计算机视觉技术在生产线上的应用，实现关键工序自动检测。公司引入边缘计算设备，实现车间数据的就地处理与实时回传。公司运用数据挖掘技术分析客户行为，实现精准营销。公司与高校联合开展深度学习算法研究，赋能产品智能设计。公司推动业务流程线上化，无纸化办公覆盖全部业务部门。公司引入边缘计算设备，实现车间数据的就地处理与实时回传。报告期内公司客户结构进一步优化，前五大客户收入占比为36.9%，客户集中度处于合理区间。公司推进计算机视觉技术在生产线上的应用，实现关键工序自动检测。公司数据中心一期建成投用，具备 PB 级数据存储与计算能力。,本期 新增 专利 授权 专利 技术储备 夯实 成立 数据中台 团队 业务 数据 数据业务 数据 治理 体系 建设 统一 数据 标准 数据 资产 质量 面对 市场竞争 加剧 加大 渠道 建设 力度 经销商 数量 覆盖 区域 扩大 获得 高新技术 企业资质 认定 享受 相应 税收 优惠政策 原材料 价格 波动 成本 形成 一定 压力 集中 采购 套期 保值 对冲 成本 上行 风险 参与 行业 区块链 联盟 供应链 单证 电子化 可信 流转 营业 收入 得益于 主营业务 产销 规模 扩大 探索 区块链 技术 产品 溯源 应用 流程 信息 参与 行业 区块链 联盟 供应链 单证 电子化 可信 流转 营业 收入 得益于 主营业务 产销 规模 扩大 建设 工业互联网 平台 设备 联网 远程 运维 建立健全 内部 控制系统 治理 结构 规范 三会 运作 参与 行业 区块链 联盟 供应链 单证 电子化 可信 流转 构建 智慧物流 体系 仓储 分拣 自动化 水平 高度重视 安全 生产 环境保护 发生 重大 安全事故 计算机视觉 技术 生产线 应用 关键 工序 自动检测 引入 边缘计算 设备 车间 数据 处理 实时 回传 运用 数据挖掘 技术 分析 客户 行为 精准 营销 高校 联合 深度学习 算法 研究 赋能 产品 智能 设计 业务流程 上化 无纸化 办公 覆盖 全部 业务部门 引入 边缘计算 设备 车间 数据 处理 实时 回传 客户 结构 优化 五大 客户 收入 客户 集中度 处于 合理 区间 计算机视觉 技术 生产线 应用 关键 工序 自动检测 数据中心 一期 建成 投用 具备 PB 数据 存储 计算能力,210
DEMO036,演示DEMO036股份有限公司,信息技术,2023,年度报告,公司引入边缘计算设备，实现车间数据的就地处理与实时回传。公司与高校联合开展深度学习算法研究，赋能产品智能设计。公司高度重视安全生产与环境保护，报告期内未发生重大安全事故。面对市场竞争加剧，公司加大渠道建设力度，经销商数量增加120家，覆盖区域进一步扩大。公司引入人工智能技术优化{prod}质检环节，缺陷识别准确率显著提升。公司构建智慧物流体系，仓储分拣自动化水平显著提高。公司数据中心一期建成投用，具备 PB 级数据存储与计算能力。公司探索区块链技术在产品溯源中的应用，实现全流程信息上链。公司试点数字人民币结算场景，丰富收款渠道。报告期内，公司实现营业收入12.6亿元，同比增长8.5%，主要得益于主营业务产销规模扩大。公司上线智能排产系统，通过智能算法优化生产计划排程。公司推动业务流程线上化，无纸化办公覆盖全部业务部门。公司与高校联合开展深度学习算法研究，赋能产品智能设计。公司探索区块链技术在产品溯源中的应用，实现全流程信息上链。公司建立健全内部控制系统，治理结构规范，三会运作正常。面对市场竞争加剧，公司加大渠道建设力度，经销商数量增加120家，覆盖区域进一步扩大。公司引入人工智能技术优化{prod}质检环节，缺陷识别准确率显著提升。公司推动业务流程线上化，无纸化办公覆盖全部业务部门。公司推进智能制造升级，数字化车间已通过省级认定。公司推动业务流程线上化，无纸化办公覆盖全部业务部门。公司主要客户为行业龙头企业，合作关系稳定，应收账款回款情况良好。公司成立数据中台团队，推动业务数据化、数据业务化。受行业周期影响，部分产品价格有所回落，公司及时调整销售策略，库存水平保持在合理范围。公司研究基于分布式账本的对账机制，降低交易核对成本。公司引入边缘计算设备，实现车间数据的就地处理与实时回传。公司构建智慧物流体系，仓储分拣自动化水平显著提高。公司主要客户为行业龙头企业，合作关系稳定，应收账款回款情况良好。,脚本生成演示语料(step0_make_demo_corpus.py),公司引入边缘计算设备，实现车间数据的就地处理与实时回传。公司与高校联合开展深度学习算法研究，赋能产品智能设计。公司高度重视安全生产与环境保护，报告期内未发生重大安全事故。面对市场竞争加剧，公司加大渠道建设力度，经销商数量增加120家，覆盖区域进一步扩大。公司引入人工智能技术优化{prod}质检环节，缺陷识别准确率显著提升。公司构建智慧物流体系，仓储分拣自动化水平显著提高。公司数据中心一期建成投用，具备 PB 级数据存储与计算能力。公司探索区块链技术在产品溯源中的应用，实现全流程信息上链。公司试点数字人民币结算场景，丰富收款渠道。报告期内，公司实现营业收入12.6亿元，同比增长8.5%，主要得益于主营业务产销规模扩大。公司上线智能排产系统，通过智能算法优化生产计划排程。公司推动业务流程线上化，无纸化办公覆盖全部业务部门。公司与高校联合开展深度学习算法研究，赋能产品智能设计。公司探索区块链技术在产品溯源中的应用，实现全流程信息上链。公司建立健全内部控制系统，治理结构规范，三会运作正常。面对市场竞争加剧，公司加大渠道建设力度，经销商数量增加120家，覆盖区域进一步扩大。公司引入人工智能技术优化{prod}质检环节，缺陷识别准确率显著提升。公司推动业务流程线上化，无纸化办公覆盖全部业务部门。公司推进智能制造升级，数字化车间已通过省级认定。公司推动业务流程线上化，无纸化办公覆盖全部业务部门。公司主要客户为行业龙头企业，合作关系稳定，应收账款回款情况良好。公司成立数据中台团队，推动业务数据化、数据业务化。受行业周期影响，部分产品价格有所回落，公司及时调整销售策略，库存水平保持在合理范围。公司研究基于分布式账本的对账机制，降低交易核对成本。公司引入边缘计算设备，实现车间数据的就地处理与实时回传。公司构建智慧物流体系，仓储分拣自动化水平显著提高。公司主要客户为行业龙头企业，合作关系稳定，应收账款回款情况良好。,引入 边缘计算 设备 车间 数据 处理 实时 回传 高校 联合 深度学习 算法 研究 赋能 产品 智能 设计 高度重视 安全 生产 环境保护 发生 重大 安全事故 面对 市场竞争 加剧 加大 渠道 建设 力度 经销商 数量 覆盖 区域 扩大 引入 人工智能 技术 优化 prod 质检 环节 缺陷 识别 准确率 构建 智慧物流 体系 仓储 分拣 自动化 水平 数据中心 一期 建成 投用 具备 PB 数据 存储 计算能力 探索 区块链 技术 产品 溯源 应用 流程 信息 试点 数字人民币 结算 场景 丰富 收款 渠道 营业 收入 得益于 主营业务 产销 规模 扩大 上线 智能 排产 系统 智能算法 优化 生产 排程 业务流程 上化 无纸化 办公 覆盖 全部 业务部门 高校 联合 深度学习 算法 研究 赋能 产品 智能 设计 探索 区块链 技术 产品 溯源 应用 流程 信息 建立健全 内部 控制系统 治理 结构 规范 三会 运作 面对 市场竞争 加剧 加大 渠道 建设 力度 经销商 数量 覆盖 区域 扩大 引入 人工智能 技术 优化 prod 质检 环节 缺陷 识别 准确率 业务流程 上化 无纸化 办公 覆盖 全部 业务部门 智能制造 升级 数字化 车间 省级 认定 业务流程 上化 无纸化 办公 覆盖 全部 业务部门 客户 行业龙头 企业 合作 关系 应收 账款 回款 成立 数据中台 团队 业务 数据 数据业务 行业 周期 影响 产品价格 有所 回落 及时 调整 销售策略 库存 水平 合理 范围 研究 基于 分布式账本 对账 机制 降低 交易 核对 成本 引入 边缘计算 设备 车间 数据 处理 实时 回传 构建 智慧物流 体系 仓储 分拣 自动化 水平 客户 行业龙头 企业 合作 关系 应收 账款 回款,225
DEMO036,演示DEMO036股份有限公司,信息技术,2024,年度报告,原材料价格波动对成本端形成一定压力，公司通过集中采购和套期保值部分对冲了成本上行风险。公司高度重视安全生产与环境保护，报告期内未发生重大安全事故。公司研究基于分布式账本的对账机制，降低交易核对成本。公司主要客户为行业龙头企业，合作关系稳定，应收账款回款情况良好。公司评估公有云与私有云方案，逐步构建统一算力资源池。公司发展电子商务业务，线上渠道收入占比持续提升。公司上线智能排产系统，通过智能算法优化生产计划排程。报告期内，公司获得高新技术企业资质认定，享受相应税收优惠政策。面对市场竞争加剧，公司加大渠道建设力度，经销商数量增加210家，覆盖区域进一步扩大。公司引入人工智能技术优化{prod}质检环节，缺陷识别准确率显著提升。公司应用数字孪生技术对重点产线进行虚拟建模与仿真优化。公司数据中心一期建成投用，具备 PB 级数据存储与计算能力。公司运用数据挖掘技术分析客户行为，实现精准营销。公司基于云平台搭建协同办公体系，跨区域协作效率提升。公司本期新增专利授权8项，累计有效专利120项，技术储备进一步夯实。公司试点数字人民币结算场景，丰富收款渠道。原材料价格波动对成本端形成一定压力，公司通过集中采购和套期保值部分对冲了成本上行风险。报告期内公司客户结构进一步优化，前五大客户收入占比为28.3%，客户集中度处于合理区间。公司推动业务流程线上化，无纸化办公覆盖全部业务部门。报告期内，公司实现营业收入28.4亿元，同比增长5.6%，主要得益于主营业务产销规模扩大。公司上线智能排产系统，通过智能算法优化生产计划排程。公司建立健全内部控制系统，治理结构规范，三会运作正常。公司本期新增专利授权15项，累计有效专利38项，技术储备进一步夯实。公司探索区块链技术在产品溯源中的应用，实现全流程信息上链。,脚本生成演示语料(step0_make_demo_corpus.py),原材料价格波动对成本端形成一定压力，公司通过集中采购和套期保值部分对冲了成本上行风险。公司高度重视安全生产与环境保护，报告期内未发生重大安全事故。公司研究基于分布式账本的对账机制，降低交易核对成本。公司主要客户为行业龙头企业，合作关系稳定，应收账款回款情况良好。公司评估公有云与私有云方案，逐步构建统一算力资源池。公司发展电子商务业务，线上渠道收入占比持续提升。公司上线智能排产系统，通过智能算法优化生产计划排程。报告期内，公司获得高新技术企业资质认定，享受相应税收优惠政策。面对市场竞争加剧，公司加大渠道建设力度，经销商数量增加210家，覆盖区域进一步扩大。公司引入人工智能技术优化{prod}质检环节，缺陷识别准确率显著提升。公司应用数字孪生技术对重点产线进行虚拟建模与仿真优化。公司数据中心一期建成投用，具备 PB 级数据存储与计算能力。公司运用数据挖掘技术分析客户行为，实现精准营销。公司基于云平台搭建协同办公体系，跨区域协作效率提升。公司本期新增专利授权8项，累计有效专利120项，技术储备进一步夯实。公司试点数字人民币结算场景，丰富收款渠道。原材料价格波动对成本端形成一定压力，公司通过集中采购和套期保值部分对冲了成本上行风险。报告期内公司客户结构进一步优化，前五大客户收入占比为28.3%，客户集中度处于合理区间。公司推动业务流程线上化，无纸化办公覆盖全部业务部门。报告期内，公司实现营业收入28.4亿元，同比增长5.6%，主要得益于主营业务产销规模扩大。公司上线智能排产系统，通过智能算法优化生产计划排程。公司建立健全内部控制系统，治理结构规范，三会运作正常。公司本期新增专利授权15项，累计有效专利38项，技术储备进一步夯实。公司探索区块链技术在产品溯源中的应用，实现全流程信息上链。,原材料 价格 波动 成本 形成 一定 压力 集中 采购 套期 保值 对冲 成本 上行 风险 高度重视 安全 生产 环境保护 发生 重大 安全事故 研究 基于 分布式账本 对账 机制 降低 交易 核对 成本 客户 行业龙头 企业 合作 关系 应收 账款 回款 评估 公有 私有 方案 逐步 构建 统一 算力 资源 发展 电子商务 业务 线上 渠道 收入 持续 上线 智能 排产 系统 智能算法 优化 生产 排程 获得 高新技术 企业资质 认定 享受 相应 税收 优惠政策 面对 市场竞争 加剧 加大 渠道 建设 力度 经销商 数量 覆盖 区域 扩大 引入 人工智能 技术 优化 prod 质检 环节 缺陷 识别 准确率 应用 数字孪生 技术 产线 虚拟 建模 仿真 优化 数据中心 一期 建成 投用 具备 PB 数据 存储 计算能力 运用 数据挖掘 技术 分析 客户 行为 精准 营销 基于 平台 搭建 协同 办公 体系 区域 协作 效率 本期 新增 专利 授权 专利 技术储备 夯实 试点 数字人民币 结算 场景 丰富 收款 渠道 原材料 价格 波动 成本 形成 一定 压力 集中 采购 套期 保值 对冲 成本 上行 风险 客户 结构 优化 五大 客户 收入 客户 集中度 处于 合理 区间 业务流程 上化 无纸化 办公 覆盖 全部 业务部门 营业 收入 得益于 主营业务 产销 规模 扩大 上线 智能 排产 系统 智能算法 优化 生产 排程 建立健全 内部 控制系统 治理 结构 规范 三会 运作 本期 新增 专利 授权 专利 技术储备 夯实 探索 区块链 技术 产品 溯源 应用 流程 信息,212
DEMO037,演示DEMO037股份有限公司,制造业,2020,年度报告,公司本期新增专利授权8项，累计有效专利38项，技术储备进一步夯实。公司制定数字化转型规划，成立数字化管理委员会统筹推进。公司上线智能排产系统，通过智能算法优化生产计划排程。受行业周期影响，部分产品价格有所回落，公司及时调整销售策略，库存水平保持在合理范围。公司主要客户为行业龙头企业，合作关系稳定，应收账款回款情况良好。公司核心业务系统迁移上云，采用混合云架构降低IT运维成本。原材料价格波动对成本端形成一定压力，公司通过集中采购和套期保值部分对冲了成本上行风险。公司推进智能制造升级，数字化车间已通过省级认定。公司继续推进产能建设，建材项目一期已投产，预计达产后年新增产能20万吨。公司上线智能排产系统，通过智能算法优化生产计划排程。公司继续推进产能建设，精细化工产品项目一期已投产，预计达产后年新增产能8万吨。公司积极拓展海外市场，出口业务收入同比增长9.4%，国际化布局初见成效。公司发展电子商务业务，线上渠道收入占比持续提升。公司现金流状况良好，经营活动现金流量净额为12.4亿元，资产负债结构稳健。报告期内，公司实现营业收入19.3亿元，同比增长22.7%，主要得益于主营业务产销规模扩大。公司现金流状况良好，经营活动现金流量净额为12.4亿元，资产负债结构稳健。公司与高校联合开展深度学习算法研究，赋能产品智能设计。,脚本生成演示语料(step0_make_demo_corpus.py),公司本期新增专利授权8项，累计有效专利38项，技术储备进一步夯实。公司制定数字化转型规划，成立数字化管理委员会统筹推进。公司上线智能排产系统，通过智能算法优化生产计划排程。受行业周期影响，部分产品价格有所回落，公司及时调整销售策略，库存水平保持在合理范围。公司主要客户为行业龙头企业，合作关系稳定，应收账款回款情况良好。公司核心业务系统迁移上云，采用混合云架构降低IT运维成本。原材料价格波动对成本端形成一定压力，公司通过集中采购和套期保值部分对冲了成本上行风险。公司推进智能制造升级，数字化车间已通过省级认定。公司继续推进产能建设，建材项目一期已投产，预计达产后年新增产能20万吨。公司上线智能排产系统，通过智能算法优化生产计划排程。公司继续推进产能建设，精细化工产品项目一期已投产，预计达产后年新增产能8万吨。公司积极拓展海外市场，出口业务收入同比增长9.4%，国际化布局初见成效。公司发展电子商务业务，线上渠道收入占比持续提升。公司现金流状况良好，经营活动现金流量净额为12.4亿元，资产负债结构稳健。报告期内，公司实现营业收入19.3亿元，同比增长22.7%，主要得益于主营业务产销规模扩大。公司现金流状况良好，经营活动现金流量净额为12.4亿元，资产负债结构稳健。公司与高校联合开展深度学习算法研究，赋能产品智能设计。,本期 新增 专利 授权 专利 技术储备 夯实 制定 数字化转型 规划 成立 数字化 管理 委员会 统筹 上线 智能 排产 系统 智能算法 优化 生产 排程 行业 周期 影响 产品价格 有所 回落 及时 调整 销售策略 库存 水平 合理 范围 客户 行业龙头 企业 合作 关系 应收 账款 回款 核心 业务 系统 迁移 上云 采用 混合 架构 降低 IT 运维 成本 原材料 价格 波动 成本 形成 一定 压力 集中 采购 套期 保值 对冲 成本 上行 风险 智能制造 升级 数字化 车间 省级 认定 产能 建设 建材 项目 一期 投产 预计 达产 新增 产能 万吨 上线 智能 排产 系统 智能算法 优化 生产 排程 产能 建设 精细化工 产品 项目 一期 投产 预计 达产 新增 产能 万吨 拓展 海外 市场 出口 业务收入 国际化 布局 初见成效 发展 电子商务 业务 线上 渠道 收入 持续 现金流 状况良好 经营 活动 现金流量 净额 资产负债 结构 稳健 营业 收入 得益于 主营业务 产销 规模 扩大 现金流 状况良好 经营 活动 现金流量 净额 资产负债 结构 稳健 高校 联合 深度学习 算法 研究 赋能 产品 智能 设计,157
DEMO037,演示DEMO037股份有限公司,制造业,2021,年度报告,公司探索区块链技术在产品溯源中的应用，实现全流程信息上链。公司成立数据中台团队，推动业务数据化、数据业务化。报告期内，公司实现营业收入19.3亿元，同比增长-3.1%，主要得益于主营业务产销规模扩大。公司主要客户为行业龙头企业，合作关系稳定，应收账款回款情况良好。公司引入人工智能技术优化{prod}质检环节，缺陷识别准确率显著提升。公司引入人工智能技术优化{prod}质检环节，缺陷识别准确率显著提升。公司本期新增专利授权3项，累计有效专利120项，技术储备进一步夯实。公司上线智能排产系统，通过智能算法优化生产计划排程。下半年公司将围绕年度经营计划，重点做好市场开拓、成本控制与人才梯队建设等工作。公司试点数字人民币结算场景，丰富收款渠道。公司建立健全内部控制系统，治理结构规范，三会运作正常。受行业周期影响，部分产品价格有所回落，公司及时调整销售策略，库存水平保持在合理范围。本年度公司人力成本略有上升，管理费用率保持稳定，费用管控成效显现。公司数据中心一期建成投用，具备 PB 级数据存储与计算能力。公司研究基于分布式账本的对账机制，降低交易核对成本。公司开展数据治理体系建设，统一主数据标准，提升数据资产质量。公司现金流状况良好，经营活动现金流量净额为8.7亿元，资产负债结构稳健。公司构建经营分析数据仓库，管理层可实时查看核心经营指标。报告期内公司无重大诉讼仲裁事项，各项经营活动正常开展。公司探索区块链技术在产品溯源中的应用，实现全流程信息上链。,脚本生成演示语料(step0_make_demo_corpus.py),公司探索区块链技术在产品溯源中的应用，实现全流程信息上链。公司成立数据中台团队，推动业务数据化、数据业务化。报告期内，公司实现营业收入19.3亿元，同比增长-3.1%，主要得益于主营业务产销规模扩大。公司主要客户为行业龙头企业，合作关系稳定，应收账款回款情况良好。公司引入人工智能技术优化{prod}质检环节，缺陷识别准确率显著提升。公司引入人工智能技术优化{prod}质检环节，缺陷识别准确率显著提升。公司本期新增专利授权3项，累计有效专利120项，技术储备进一步夯实。公司上线智能排产系统，通过智能算法优化生产计划排程。下半年公司将围绕年度经营计划，重点做好市场开拓、成本控制与人才梯队建设等工作。公司试点数字人民币结算场景，丰富收款渠道。公司建立健全内部控制系统，治理结构规范，三会运作正常。受行业周期影响，部分产品价格有所回落，公司及时调整销售策略，库存水平保持在合理范围。本年度公司人力成本略有上升，管理费用率保持稳定，费用管控成效显现。公司数据中心一期建成投用，具备 PB 级数据存储与计算能力。公司研究基于分布式账本的对账机制，降低交易核对成本。公司开展数据治理体系建设，统一主数据标准，提升数据资产质量。公司现金流状况良好，经营活动现金流量净额为8.7亿元，资产负债结构稳健。公司构建经营分析数据仓库，管理层可实时查看核心经营指标。报告期内公司无重大诉讼仲裁事项，各项经营活动正常开展。公司探索区块链技术在产品溯源中的应用，实现全流程信息上链。,探索 区块链 技术 产品 溯源 应用 流程 信息 成立 数据中台 团队 业务 数据 数据业务 营业 收入 得益于 主营业务 产销 规模 扩大 客户 行业龙头 企业 合作 关系 应收 账款 回款 引入 人工智能 技术 优化 prod 质检 环节 缺陷 识别 准确率 引入 人工智能 技术 优化 prod 质检 环节 缺陷 识别 准确率 本期 新增 专利 授权 专利 技术储备 夯实 上线 智能 排产 系统 智能算法 优化 生产 排程 下半年 年度 经营 做好 市场 开拓 成本 控制 人才 梯队 建设 试点 数字人民币 结算 场景 丰富 收款 渠道 建立健全 内部 控制系统 治理 结构 规范 三会 运作 行业 周期 影响 产品价格 有所 回落 及时 调整 销售策略 库存 水平 合理 范围 本年度 人力 成本 略有 管理 费用率 保持稳定 费用 管控 成效 显现 数据中心 一期 建成 投用 具备 PB 数据 存储 计算能力 研究 基于 分布式账本 对账 机制 降低 交易 核对 成本 数据 治理 体系 建设 统一 数据 标准 数据 资产 质量 现金流 状况良好 经营 活动 现金流量 净额 资产负债 结构 稳健 构建 经营 分析 数据仓库 管理层 实时 查看 核心 经营 指标 重大 诉讼 仲裁 事项 经营 活动 探索 区块链 技术 产品 溯源 应用 流程 信息,175
DEMO037,演示DEMO037股份有限公司,制造业,2022,年度报告,公司构建智慧物流体系，仓储分拣自动化水平显著提高。公司基于云平台搭建协同办公体系，跨区域协作效率提升。公司构建经营分析数据仓库，管理层可实时查看核心经营指标。公司建立健全内部控制系统，治理结构规范，三会运作正常。公司继续推进产能建设，食品饮料项目一期已投产，预计达产后年新增产能12万吨。报告期内，公司实现营业收入28.4亿元，同比增长8.5%，主要得益于主营业务产销规模扩大。公司主要客户为行业龙头企业，合作关系稳定，应收账款回款情况良好。公司运用数据挖掘技术分析客户行为，实现精准营销。公司建设大数据平台，整合生产、销售与供应链数据，支撑经营决策。公司主要客户为行业龙头企业，合作关系稳定，应收账款回款情况良好。本年度公司人力成本略有上升，管理费用率保持稳定，费用管控成效显现。公司高度重视安全生产与环境保护，报告期内未发生重大安全事故。报告期内公司无重大诉讼仲裁事项，各项经营活动正常开展。公司积极拓展海外市场，出口业务收入同比增长18.9%，国际化布局初见成效。公司构建经营分析数据仓库，管理层可实时查看核心经营指标。公司评估公有云与私有云方案，逐步构建统一算力资源池。报告期内，公司获得高新技术企业资质认定，享受相应税收优惠政策。公司持续优化产品结构，高端装备业务占比稳步提升，毛利率较上年上升2.5个百分点。公司部署机器学习算法对销售数据进行需求预测，库存周转效率明显改善。报告期内，公司获得高新技术企业资质认定，享受相应税收优惠政策。公司建设大数据平台，整合生产、销售与供应链数据，支撑经营决策。公司基于云平台搭建协同办公体系，跨区域协作效率提升。,脚本生成演示语料(step0_make_demo_corpus.py),公司构建智慧物流体系，仓储分拣自动化水平显著提高。公司基于云平台搭建协同办公体系，跨区域协作效率提升。公司构建经营分析数据仓库，管理层可实时查看核心经营指标。公司建立健全内部控制系统，治理结构规范，三会运作正常。公司继续推进产能建设，食品饮料项目一期已投产，预计达产后年新增产能12万吨。报告期内，公司实现营业收入28.4亿元，同比增长8.5%，主要得益于主营业务产销规模扩大。公司主要客户为行业龙头企业，合作关系稳定，应收账款回款情况良好。公司运用数据挖掘技术分析客户行为，实现精准营销。公司建设大数据平台，整合生产、销售与供应链数据，支撑经营决策。公司主要客户为行业龙头企业，合作关系稳定，应收账款回款情况良好。本年度公司人力成本略有上升，管理费用率保持稳定，费用管控成效显现。公司高度重视安全生产与环境保护，报告期内未发生重大安全事故。报告期内公司无重大诉讼仲裁事项，各项经营活动正常开展。公司积极拓展海外市场，出口业务收入同比增长18.9%，国际化布局初见成效。公司构建经营分析数据仓库，管理层可实时查看核心经营指标。公司评估公有云与私有云方案，逐步构建统一算力资源池。报告期内，公司获得高新技术企业资质认定，享受相应税收优惠政策。公司持续优化产品结构，高端装备业务占比稳步提升，毛利率较上年上升2.5个百分点。公司部署机器学习算法对销售数据进行需求预测，库存周转效率明显改善。报告期内，公司获得高新技术企业资质认定，享受相应税收优惠政策。公司建设大数据平台，整合生产、销售与供应链数据，支撑经营决策。公司基于云平台搭建协同办公体系，跨区域协作效率提升。,构建 智慧物流 体系 仓储 分拣 自动化 水平 基于 平台 搭建 协同 办公 体系 区域 协作 效率 构建 经营 分析 数据仓库 管理层 实时 查看 核心 经营 指标 建立健全 内部 控制系统 治理 结构 规范 三会 运作 产能 建设 食品饮料 项目 一期 投产 预计 达产 新增 产能 万吨 营业 收入 得益于 主营业务 产销 规模 扩大 客户 行业龙头 企业 合作 关系 应收 账款 回款 运用 数据挖掘 技术 分析 客户 行为 精准 营销 建设 大数据 平台 整合 生产 销售 供应链 数据 支撑 经营 决策 客户 行业龙头 企业 合作 关系 应收 账款 回款 本年度 人力 成本 略有 管理 费用率 保持稳定 费用 管控 成效 显现 高度重视 安全 生产 环境保护 发生 重大 安全事故 重大 诉讼 仲裁 事项 经营 活动 拓展 海外 市场 出口 业务收入 国际化 布局 初见成效 构建 经营 分析 数据仓库 管理层 实时 查看 核心 经营 指标 评估 公有 私有 方案 逐步 构建 统一 算力 资源 获得 高新技术 企业资质 认定 享受 相应 税收 优惠政策 持续 优化 产品 结构 高端 装备 业务 毛利率 百分点 部署 机器学习 算法 销售 数据 需求预测 库存 周转 效率 明显改善 获得 高新技术 企业资质 认定 享受 相应 税收 优惠政策 建设 大数据 平台 整合 生产 销售 供应链 数据 支撑 经营 决策 基于 平台 搭建 协同 办公 体系 区域 协作 效率,193
DEMO037,演示DEMO037股份有限公司,制造业,2023,年度报告,报告期内，公司实现营业收入45.2亿元，同比增长5.6%，主要得益于主营业务产销规模扩大。报告期内，公司获得高新技术企业资质认定，享受相应税收优惠政策。公司构建经营分析数据仓库，管理层可实时查看核心经营指标。公司推动业务流程线上化，无纸化办公覆盖全部业务部门。公司持续加大研发投入，研发费用占营业收入比例为2.6%，围绕纺织服装开展技术攻关。受行业周期影响，部分产品价格有所回落，公司及时调整销售策略，库存水平保持在合理范围。报告期内，公司获得高新技术企业资质认定，享受相应税收优惠政策。报告期内公司无重大诉讼仲裁事项，各项经营活动正常开展。公司评估公有云与私有云方案，逐步构建统一算力资源池。公司部署机器学习算法对销售数据进行需求预测，库存周转效率明显改善。公司探索区块链技术在产品溯源中的应用，实现全流程信息上链。本年度公司人力成本略有上升，管理费用率保持稳定，费用管控成效显现。公司本期新增专利授权8项，累计有效专利38项，技术储备进一步夯实。公司与高校联合开展深度学习算法研究，赋能产品智能设计。公司试点数字人民币结算场景，丰富收款渠道。公司持续优化产品结构，纺织服装业务占比稳步提升，毛利率较上年上升1.2个百分点。公司推动业务流程线上化，无纸化办公覆盖全部业务部门。公司应用数字孪生技术对重点产线进行虚拟建模与仿真优化。,脚本生成演示语料(step0_make_demo_corpus.py),报告期内，公司实现营业收入45.2亿元，同比增长5.6%，主要得益于主营业务产销规模扩大。报告期内，公司获得高新技术企业资质认定，享受相应税收优惠政策。公司构建经营分析数据仓库，管理层可实时查看核心经营指标。公司推动业务流程线上化，无纸化办公覆盖全部业务部门。公司持续加大研发投入，研发费用占营业收入比例为2.6%，围绕纺织服装开展技术攻关。受行业周期影响，部分产品价格有所回落，公司及时调整销售策略，库存水平保持在合理范围。报告期内，公司获得高新技术企业资质认定，享受相应税收优惠政策。报告期内公司无重大诉讼仲裁事项，各项经营活动正常开展。公司评估公有云与私有云方案，逐步构建统一算力资源池。公司部署机器学习算法对销售数据进行需求预测，库存周转效率明显改善。公司探索区块链技术在产品溯源中的应用，实现全流程信息上链。本年度公司人力成本略有上升，管理费用率保持稳定，费用管控成效显现。公司本期新增专利授权8项，累计有效专利38项，技术储备进一步夯实。公司与高校联合开展深度学习算法研究，赋能产品智能设计。公司试点数字人民币结算场景，丰富收款渠道。公司持续优化产品结构，纺织服装业务占比稳步提升，毛利率较上年上升1.2个百分点。公司推动业务流程线上化，无纸化办公覆盖全部业务部门。公司应用数字孪生技术对重点产线进行虚拟建模与仿真优化。,营业 收入 得益于 主营业务 产销 规模 扩大 获得 高新技术 企业资质 认定 享受 相应 税收 优惠政策 构建 经营 分析 数据仓库 管理层 实时 查看 核心 经营 指标 业务流程 上化 无纸化 办公 覆盖 全部 业务部门 持续 加大 研发 投入 研发 费用 营业 收入 比例 纺织 服装 技术 攻关 行业 周期 影响 产品价格 有所 回落 及时 调整 销售策略 库存 水平 合理 范围 获得 高新技术 企业资质 认定 享受 相应 税收 优惠政策 重大 诉讼 仲裁 事项 经营 活动 评估 公有 私有 方案 逐步 构建 统一 算力 资源 部署 机器学习 算法 销售 数据 需求预测 库存 周转 效率 明显改善 探索 区块链 技术 产品 溯源 应用 流程 信息 本年度 人力 成本 略有 管理 费用率 保持稳定 费用 管控 成效 显现 本期 新增 专利 授权 专利 技术储备 夯实 高校 联合 深度学习 算法 研究 赋能 产品 智能 设计 试点 数字人民币 结算 场景 丰富 收款 渠道 持续 优化 产品 结构 纺织 服装 业务 毛利率 百分点 业务流程 上化 无纸化 办公 覆盖 全部 业务部门 应用 数字孪生 技术 产线 虚拟 建模 仿真 优化,157
DEMO037,演示DEMO037股份有限公司,制造业,2024,年度报告,公司推进计算机视觉技术在生产线上的应用，实现关键工序自动检测。公司构建智慧物流体系，仓储分拣自动化水平显著提高。受行业周期影响，部分产品价格有所回落，公司及时调整销售策略，库存水平保持在合理范围。公司推进智能制造升级，数字化车间已通过省级认定。公司积极拓展海外市场，出口业务收入同比增长18.9%，国际化布局初见成效。公司发展电子商务业务，线上渠道收入占比持续提升。公司开展数据治理体系建设，统一主数据标准，提升数据资产质量。公司引入人工智能技术优化{prod}质检环节，缺陷识别准确率显著提升。公司继续推进产能建设，电子元器件项目一期已投产，预计达产后年新增产能5万吨。公司成立数据中台团队，推动业务数据化、数据业务化。公司运用数据挖掘技术分析客户行为，实现精准营销。公司成立数据中台团队，推动业务数据化、数据业务化。面对市场竞争加剧，公司加大渠道建设力度，经销商数量增加120家，覆盖区域进一步扩大。公司制定数字化转型规划，成立数字化管理委员会统筹推进。报告期内公司无重大诉讼仲裁事项，各项经营活动正常开展。公司推进智能制造升级，数字化车间已通过省级认定。公司持续优化产品结构，纺织服装业务占比稳步提升，毛利率较上年持平个百分点。面对市场竞争加剧，公司加大渠道建设力度，经销商数量增加88家，覆盖区域进一步扩大。公司引入边缘计算设备，实现车间数据的就地处理与实时回传。公司建设大数据平台，整合生产、销售与供应链数据，支撑经营决策。公司建设智能客服系统，应用自然语言处理技术实现工单自动分类。公司引入边缘计算设备，实现车间数据的就地处理与实时回传。公司基于云平台搭建协同办公体系，跨区域协作效率提升。本年度公司人力成本略有上升，管理费用率保持稳定，费用管控成效显现。公司构建经营分析数据仓库，管理层可实时查看核心经营指标。公司核心业务系统迁移上云，采用混合云架构降低IT运维成本。公司建设工业互联网平台，实现设备联网与远程运维。,脚本生成演示语料(step0_make_demo_corpus.py),公司推进计算机视觉技术在生产线上的应用，实现关键工序自动检测。公司构建智慧物流体系，仓储分拣自动化水平显著提高。受行业周期影响，部分产品价格有所回落，公司及时调整销售策略，库存水平保持在合理范围。公司推进智能制造升级，数字化车间已通过省级认定。公司积极拓展海外市场，出口业务收入同比增长18.9%，国际化布局初见成效。公司发展电子商务业务，线上渠道收入占比持续提升。公司开展数据治理体系建设，统一主数据标准，提升数据资产质量。公司引入人工智能技术优化{prod}质检环节，缺陷识别准确率显著提升。公司继续推进产能建设，电子元器件项目一期已投产，预计达产后年新增产能5万吨。公司成立数据中台团队，推动业务数据化、数据业务化。公司运用数据挖掘技术分析客户行为，实现精准营销。公司成立数据中台团队，推动业务数据化、数据业务化。面对市场竞争加剧，公司加大渠道建设力度，经销商数量增加120家，覆盖区域进一步扩大。公司制定数字化转型规划，成立数字化管理委员会统筹推进。报告期内公司无重大诉讼仲裁事项，各项经营活动正常开展。公司推进智能制造升级，数字化车间已通过省级认定。公司持续优化产品结构，纺织服装业务占比稳步提升，毛利率较上年持平个百分点。面对市场竞争加剧，公司加大渠道建设力度，经销商数量增加88家，覆盖区域进一步扩大。公司引入边缘计算设备，实现车间数据的就地处理与实时回传。公司建设大数据平台，整合生产、销售与供应链数据，支撑经营决策。公司建设智能客服系统，应用自然语言处理技术实现工单自动分类。公司引入边缘计算设备，实现车间数据的就地处理与实时回传。公司基于云平台搭建协同办公体系，跨区域协作效率提升。本年度公司人力成本略有上升，管理费用率保持稳定，费用管控成效显现。公司构建经营分析数据仓库，管理层可实时查看核心经营指标。公司核心业务系统迁移上云，采用混合云架构降低IT运维成本。公司建设工业互联网平台，实现设备联网与远程运维。,计算机视觉 技术 生产线 应用 关键 工序 自动检测 构建 智慧物流 体系 仓储 分拣 自动化 水平 行业 周期 影响 产品价格 有所 回落 及时 调整 销售策略 库存 水平 合理 范围 智能制造 升级 数字化 车间 省级 认定 拓展 海外 市场 出口 业务收入 国际化 布局 初见成效 发展 电子商务 业务 线上 渠道 收入 持续 数据 治理 体系 建设 统一 数据 标准 数据 资产 质量 引入 人工智能 技术 优化 prod 质检 环节 缺陷 识别 准确率 产能 建设 电子 元器件 项目 一期 投产 预计 达产 新增 产能 万吨 成立 数据中台 团队 业务 数据 数据业务 运用 数据挖掘 技术 分析 客户 行为 精准 营销 成立 数据中台 团队 业务 数据 数据业务 面对 市场竞争 加剧 加大 渠道 建设 力度 经销商 数量 覆盖 区域 扩大 制定 数字化转型 规划 成立 数字化 管理 委员会 统筹 重大 诉讼 仲裁 事项 经营 活动 智能制造 升级 数字化 车间 省级 认定 持续 优化 产品 结构 纺织 服装 业务 毛利率 持平 百分点 面对 市场竞争 加剧 加大 渠道 建设 力度 经销商 数量 覆盖 区域 扩大 引入 边缘计算 设备 车间 数据 处理 实时 回传 建设 大数据 平台 整合 生产 销售 供应链 数据 支撑 经营 决策 建设 智能 客服 系统 应用 自然语言处理 技术 工单 自动 分类 引入 边缘计算 设备 车间 数据 处理 实时 回传 基于 平台 搭建 协同 办公 体系 区域 协作 效率 本年度 人力 成本 略有 管理 费用率 保持稳定 费用 管控 成效 显现 构建 经营 分析 数据仓库 管理层 实时 查看 核心 经营 指标 核心 业务 系统 迁移 上云 采用 混合 架构 降低 IT 运维 成本 建设 工业互联网 平台 设备 联网 远程 运维,240
DEMO038,演示DEMO038股份有限公司,批发零售,2020,年度报告,报告期内公司客户结构进一步优化，前五大客户收入占比为41.8%，客户集中度处于合理区间。公司持续优化产品结构，建材业务占比稳步提升，毛利率较上年持平个百分点。公司积极拓展海外市场，出口业务收入同比增长-6.3%，国际化布局初见成效。报告期内，公司获得高新技术企业资质认定，享受相应税收优惠政策。公司开展数据治理体系建设，统一主数据标准，提升数据资产质量。公司积极拓展海外市场，出口业务收入同比增长18.9%，国际化布局初见成效。公司本期新增专利授权8项，累计有效专利56项，技术储备进一步夯实。公司持续加大研发投入，研发费用占营业收入比例为1.8%，围绕纺织服装开展技术攻关。报告期内，公司获得高新技术企业资质认定，享受相应税收优惠政策。公司发展电子商务业务，线上渠道收入占比持续提升。公司持续加大研发投入，研发费用占营业收入比例为2.6%，围绕高端装备开展技术攻关。报告期内，公司实现营业收入19.3亿元，同比增长15.2%，主要得益于主营业务产销规模扩大。报告期内公司无重大诉讼仲裁事项，各项经营活动正常开展。本年度公司人力成本略有上升，管理费用率保持稳定，费用管控成效显现。,脚本生成演示语料(step0_make_demo_corpus.py),报告期内公司客户结构进一步优化，前五大客户收入占比为41.8%，客户集中度处于合理区间。公司持续优化产品结构，建材业务占比稳步提升，毛利率较上年持平个百分点。公司积极拓展海外市场，出口业务收入同比增长-6.3%，国际化布局初见成效。报告期内，公司获得高新技术企业资质认定，享受相应税收优惠政策。公司开展数据治理体系建设，统一主数据标准，提升数据资产质量。公司积极拓展海外市场，出口业务收入同比增长18.9%，国际化布局初见成效。公司本期新增专利授权8项，累计有效专利56项，技术储备进一步夯实。公司持续加大研发投入，研发费用占营业收入比例为1.8%，围绕纺织服装开展技术攻关。报告期内，公司获得高新技术企业资质认定，享受相应税收优惠政策。公司发展电子商务业务，线上渠道收入占比持续提升。公司持续加大研发投入，研发费用占营业收入比例为2.6%，围绕高端装备开展技术攻关。报告期内，公司实现营业收入19.3亿元，同比增长15.2%，主要得益于主营业务产销规模扩大。报告期内公司无重大诉讼仲裁事项，各项经营活动正常开展。本年度公司人力成本略有上升，管理费用率保持稳定，费用管控成效显现。,客户 结构 优化 五大 客户 收入 客户 集中度 处于 合理 区间 持续 优化 产品 结构 建材 业务 毛利率 持平 百分点 拓展 海外 市场 出口 业务收入 国际化 布局 初见成效 获得 高新技术 企业资质 认定 享受 相应 税收 优惠政策 数据 治理 体系 建设 统一 数据 标准 数据 资产 质量 拓展 海外 市场 出口 业务收入 国际化 布局 初见成效 本期 新增 专利 授权 专利 技术储备 夯实 持续 加大 研发 投入 研发 费用 营业 收入 比例 纺织 服装 技术 攻关 获得 高新技术 企业资质 认定 享受 相应 税收 优惠政策 发展 电子商务 业务 线上 渠道 收入 持续 持续 加大 研发 投入 研发 费用 营业 收入 比例 高端 装备 技术 攻关 营业 收入 得益于 主营业务 产销 规模 扩大 重大 诉讼 仲裁 事项 经营 活动 本年度 人力 成本 略有 管理 费用率 保持稳定 费用 管控 成效 显现,126
DEMO038,演示DEMO038股份有限公司,批发零售,2021,年度报告,报告期内公司无重大诉讼仲裁事项，各项经营活动正常开展。报告期内公司客户结构进一步优化，前五大客户收入占比为55.1%，客户集中度处于合理区间。公司继续推进产能建设，建材项目一期已投产，预计达产后年新增产能8万吨。公司持续加大研发投入，研发费用占营业收入比例为5.1%，围绕建材开展技术攻关。公司主要客户为行业龙头企业，合作关系稳定，应收账款回款情况良好。报告期内公司无重大诉讼仲裁事项，各项经营活动正常开展。公司继续推进产能建设，电子元器件项目一期已投产，预计达产后年新增产能5万吨。报告期内，公司获得高新技术企业资质认定，享受相应税收优惠政策。受行业周期影响，部分产品价格有所回落，公司及时调整销售策略，库存水平保持在合理范围。报告期内人民币汇率波动加大，公司通过远期结售汇业务降低了汇兑损失。公司高度重视安全生产与环境保护，报告期内未发生重大安全事故。报告期内公司客户结构进一步优化，前五大客户收入占比为28.3%，客户集中度处于合理区间。,脚本生成演示语料(step0_make_demo_corpus.py),报告期内公司无重大诉讼仲裁事项，各项经营活动正常开展。报告期内公司客户结构进一步优化，前五大客户收入占比为55.1%，客户集中度处于合理区间。公司继续推进产能建设，建材项目一期已投产，预计达产后年新增产能8万吨。公司持续加大研发投入，研发费用占营业收入比例为5.1%，围绕建材开展技术攻关。公司主要客户为行业龙头企业，合作关系稳定，应收账款回款情况良好。报告期内公司无重大诉讼仲裁事项，各项经营活动正常开展。公司继续推进产能建设，电子元器件项目一期已投产，预计达产后年新增产能5万吨。报告期内，公司获得高新技术企业资质认定，享受相应税收优惠政策。受行业周期影响，部分产品价格有所回落，公司及时调整销售策略，库存水平保持在合理范围。报告期内人民币汇率波动加大，公司通过远期结售汇业务降低了汇兑损失。公司高度重视安全生产与环境保护，报告期内未发生重大安全事故。报告期内公司客户结构进一步优化，前五大客户收入占比为28.3%，客户集中度处于合理区间。,重大 诉讼 仲裁 事项 经营 活动 客户 结构 优化 五大 客户 收入 客户 集中度 处于 合理 区间 产能 建设 建材 项目 一期 投产 预计 达产 新增 产能 万吨 持续 加大 研发 投入 研发 费用 营业 收入 比例 建材 技术 攻关 客户 行业龙头 企业 合作 关系 应收 账款 回款 重大 诉讼 仲裁 事项 经营 活动 产能 建设 电子 元器件 项目 一期 投产 预计 达产 新增 产能 万吨 获得 高新技术 企业资质 认定 享受 相应 税收 优惠政策 行业 周期 影响 产品价格 有所 回落 及时 调整 销售策略 库存 水平 合理 范围 人民币 汇率 波动 加大 远期 结售汇 业务 降低 汇兑 损失 高度重视 安全 生产 环境保护 发生 重大 安全事故 客户 结构 优化 五大 客户 收入 客户 集中度 处于 合理 区间,115
DEMO038,演示DEMO038股份有限公司,批发零售,2022,年度报告,报告期内，公司实现营业收入19.3亿元，同比增长8.5%，主要得益于主营业务产销规模扩大。公司引入边缘计算设备，实现车间数据的就地处理与实时回传。公司推进经营管理信息化，上线新一代ERP系统实现业财一体。公司深耕华东市场，区域市场份额稳中有升，品牌影响力持续增强。公司积极拓展海外市场，出口业务收入同比增长9.4%，国际化布局初见成效。公司高度重视安全生产与环境保护，报告期内未发生重大安全事故。下半年公司将围绕年度经营计划，重点做好市场开拓、成本控制与人才梯队建设等工作。公司持续加大研发投入，研发费用占营业收入比例为5.1%，围绕建材开展技术攻关。公司持续加大研发投入，研发费用占营业收入比例为1.8%，围绕高端装备开展技术攻关。公司高度重视安全生产与环境保护，报告期内未发生重大安全事故。公司主要客户为行业龙头企业，合作关系稳定，应收账款回款情况良好。公司开展数据治理体系建设，统一主数据标准，提升数据资产质量。,脚本生成演示语料(step0_make_demo_corpus.py),报告期内，公司实现营业收入19.3亿元，同比增长8.5%，主要得益于主营业务产销规模扩大。公司引入边缘计算设备，实现车间数据的就地处理与实时回传。公司推进经营管理信息化，上线新一代ERP系统实现业财一体。公司深耕华东市场，区域市场份额稳中有升，品牌影响力持续增强。公司积极拓展海外市场，出口业务收入同比增长9.4%，国际化布局初见成效。公司高度重视安全生产与环境保护，报告期内未发生重大安全事故。下半年公司将围绕年度经营计划，重点做好市场开拓、成本控制与人才梯队建设等工作。公司持续加大研发投入，研发费用占营业收入比例为5.1%，围绕建材开展技术攻关。公司持续加大研发投入，研发费用占营业收入比例为1.8%，围绕高端装备开展技术攻关。公司高度重视安全生产与环境保护，报告期内未发生重大安全事故。公司主要客户为行业龙头企业，合作关系稳定，应收账款回款情况良好。公司开展数据治理体系建设，统一主数据标准，提升数据资产质量。,营业 收入 得益于 主营业务 产销 规模 扩大 引入 边缘计算 设备 车间 数据 处理 实时 回传 经营 管理 信息化 上线 新一代 ERP 系统 业财一体 深耕 华东 市场 区域 市场份额 稳中有升 品牌 影响力 持续 增强 拓展 海外 市场 出口 业务收入 国际化 布局 初见成效 高度重视 安全 生产 环境保护 发生 重大 安全事故 下半年 年度 经营 做好 市场 开拓 成本 控制 人才 梯队 建设 持续 加大 研发 投入 研发 费用 营业 收入 比例 建材 技术 攻关 持续 加大 研发 投入 研发 费用 营业 收入 比例 高端 装备 技术 攻关 高度重视 安全 生产 环境保护 发生 重大 安全事故 客户 行业龙头 企业 合作 关系 应收 账款 回款 数据 治理 体系 建设 统一 数据 标准 数据 资产 质量,109
DEMO038,演示DEMO038股份有限公司,批发零售,2023,年度报告,面对市场竞争加剧，公司加大渠道建设力度，经销商数量增加210家，覆盖区域进一步扩大。公司部署机器学习算法对销售数据进行需求预测，库存周转效率明显改善。公司高度重视安全生产与环境保护，报告期内未发生重大安全事故。报告期内公司无重大诉讼仲裁事项，各项经营活动正常开展。公司运用数据挖掘技术分析客户行为，实现精准营销。公司现金流状况良好，经营活动现金流量净额为8.7亿元，资产负债结构稳健。公司发展电子商务业务，线上渠道收入占比持续提升。公司本期新增专利授权3项，累计有效专利85项，技术储备进一步夯实。报告期内人民币汇率波动加大，公司通过远期结售汇业务降低了汇兑损失。公司深耕华南市场，区域市场份额稳中有升，品牌影响力持续增强。公司构建智慧物流体系，仓储分拣自动化水平显著提高。报告期内公司客户结构进一步优化，前五大客户收入占比为32.5%，客户集中度处于合理区间。,脚本生成演示语料(step0_make_demo_corpus.py),面对市场竞争加剧，公司加大渠道建设力度，经销商数量增加210家，覆盖区域进一步扩大。公司部署机器学习算法对销售数据进行需求预测，库存周转效率明显改善。公司高度重视安全生产与环境保护，报告期内未发生重大安全事故。报告期内公司无重大诉讼仲裁事项，各项经营活动正常开展。公司运用数据挖掘技术分析客户行为，实现精准营销。公司现金流状况良好，经营活动现金流量净额为8.7亿元，资产负债结构稳健。公司发展电子商务业务，线上渠道收入占比持续提升。公司本期新增专利授权3项，累计有效专利85项，技术储备进一步夯实。报告期内人民币汇率波动加大，公司通过远期结售汇业务降低了汇兑损失。公司深耕华南市场，区域市场份额稳中有升，品牌影响力持续增强。公司构建智慧物流体系，仓储分拣自动化水平显著提高。报告期内公司客户结构进一步优化，前五大客户收入占比为32.5%，客户集中度处于合理区间。,面对 市场竞争 加剧 加大 渠道 建设 力度 经销商 数量 覆盖 区域 扩大 部署 机器学习 算法 销售 数据 需求预测 库存 周转 效率 明显改善 高度重视 安全 生产 环境保护 发生 重大 安全事故 重大 诉讼 仲裁 事项 经营 活动 运用 数据挖掘 技术 分析 客户 行为 精准 营销 现金流 状况良好 经营 活动 现金流量 净额 资产负债 结构 稳健 发展 电子商务 业务 线上 渠道 收入 持续 本期 新增 专利 授权 专利 技术储备 夯实 人民币 汇率 波动 加大 远期 结售汇 业务 降低 汇兑 损失 深耕 华南 市场 区域 市场份额 稳中有升 品牌 影响力 持续 增强 构建 智慧物流 体系 仓储 分拣 自动化 水平 客户 结构 优化 五大 客户 收入 客户 集中度 处于 合理 区间,104
DEMO038,演示DEMO038股份有限公司,批发零售,2024,年度报告,公司核心业务系统迁移上云，采用混合云架构降低IT运维成本。报告期内人民币汇率波动加大，公司通过远期结售汇业务降低了汇兑损失。报告期内公司客户结构进一步优化，前五大客户收入占比为28.3%，客户集中度处于合理区间。报告期内，公司获得高新技术企业资质认定，享受相应税收优惠政策。公司持续加大研发投入，研发费用占营业收入比例为3.2%，围绕高端装备开展技术攻关。报告期内公司客户结构进一步优化，前五大客户收入占比为36.9%，客户集中度处于合理区间。公司数据中心一期建成投用，具备 PB 级数据存储与计算能力。公司积极拓展海外市场，出口业务收入同比增长-6.3%，国际化布局初见成效。公司积极拓展海外市场，出口业务收入同比增长9.4%，国际化布局初见成效。公司建立健全内部控制系统，治理结构规范，三会运作正常。公司持续加大研发投入，研发费用占营业收入比例为5.1%，围绕高端装备开展技术攻关。公司建设智能客服系统，应用自然语言处理技术实现工单自动分类。报告期内人民币汇率波动加大，公司通过远期结售汇业务降低了汇兑损失。公司持续优化产品结构，电子元器件业务占比稳步提升，毛利率较上年下降0.8个百分点。,脚本生成演示语料(step0_make_demo_corpus.py),公司核心业务系统迁移上云，采用混合云架构降低IT运维成本。报告期内人民币汇率波动加大，公司通过远期结售汇业务降低了汇兑损失。报告期内公司客户结构进一步优化，前五大客户收入占比为28.3%，客户集中度处于合理区间。报告期内，公司获得高新技术企业资质认定，享受相应税收优惠政策。公司持续加大研发投入，研发费用占营业收入比例为3.2%，围绕高端装备开展技术攻关。报告期内公司客户结构进一步优化，前五大客户收入占比为36.9%，客户集中度处于合理区间。公司数据中心一期建成投用，具备 PB 级数据存储与计算能力。公司积极拓展海外市场，出口业务收入同比增长-6.3%，国际化布局初见成效。公司积极拓展海外市场，出口业务收入同比增长9.4%，国际化布局初见成效。公司建立健全内部控制系统，治理结构规范，三会运作正常。公司持续加大研发投入，研发费用占营业收入比例为5.1%，围绕高端装备开展技术攻关。公司建设智能客服系统，应用自然语言处理技术实现工单自动分类。报告期内人民币汇率波动加大，公司通过远期结售汇业务降低了汇兑损失。公司持续优化产品结构，电子元器件业务占比稳步提升，毛利率较上年下降0.8个百分点。,核心 业务 系统 迁移 上云 采用 混合 架构 降低 IT 运维 成本 人民币 汇率 波动 加大 远期 结售汇 业务 降低 汇兑 损失 客户 结构 优化 五大 客户 收入 客户 集中度 处于 合理 区间 获得 高新技术 企业资质 认定 享受 相应 税收 优惠政策 持续 加大 研发 投入 研发 费用 营业 收入 比例 高端 装备 技术 攻关 客户 结构 优化 五大 客户 收入 客户 集中度 处于 合理 区间 数据中心 一期 建成 投用 具备 PB 数据 存储 计算能力 拓展 海外 市场 出口 业务收入 国际化 布局 初见成效 拓展 海外 市场 出口 业务收入 国际化 布局 初见成效 建立健全 内部 控制系统 治理 结构 规范 三会 运作 持续 加大 研发 投入 研发 费用 营业 收入 比例 高端 装备 技术 攻关 建设 智能 客服 系统 应用 自然语言处理 技术 工单 自动 分类 人民币 汇率 波动 加大 远期 结售汇 业务 降低 汇兑 损失 持续 优化 产品 结构 电子 元器件 业务 毛利率 百分点,140
DEMO039,演示DEMO039股份有限公司,房地产,2020,年度报告,公司探索区块链技术在产品溯源中的应用，实现全流程信息上链。下半年公司将围绕年度经营计划，重点做好市场开拓、成本控制与人才梯队建设等工作。面对市场竞争加剧，公司加大渠道建设力度，经销商数量增加210家，覆盖区域进一步扩大。面对市场竞争加剧，公司加大渠道建设力度，经销商数量增加45家，覆盖区域进一步扩大。公司主要客户为行业龙头企业，合作关系稳定，应收账款回款情况良好。公司持续优化产品结构，精细化工产品业务占比稳步提升，毛利率较上年下降0.8个百分点。公司建立健全内部控制系统，治理结构规范，三会运作正常。公司现金流状况良好，经营活动现金流量净额为12.4亿元，资产负债结构稳健。报告期内，公司实现营业收入63.7亿元，同比增长15.2%，主要得益于主营业务产销规模扩大。报告期内，公司获得高新技术企业资质认定，享受相应税收优惠政策。,脚本生成演示语料(step0_make_demo_corpus.py),公司探索区块链技术在产品溯源中的应用，实现全流程信息上链。下半年公司将围绕年度经营计划，重点做好市场开拓、成本控制与人才梯队建设等工作。面对市场竞争加剧，公司加大渠道建设力度，经销商数量增加210家，覆盖区域进一步扩大。面对市场竞争加剧，公司加大渠道建设力度，经销商数量增加45家，覆盖区域进一步扩大。公司主要客户为行业龙头企业，合作关系稳定，应收账款回款情况良好。公司持续优化产品结构，精细化工产品业务占比稳步提升，毛利率较上年下降0.8个百分点。公司建立健全内部控制系统，治理结构规范，三会运作正常。公司现金流状况良好，经营活动现金流量净额为12.4亿元，资产负债结构稳健。报告期内，公司实现营业收入63.7亿元，同比增长15.2%，主要得益于主营业务产销规模扩大。报告期内，公司获得高新技术企业资质认定，享受相应税收优惠政策。,探索 区块链 技术 产品 溯源 应用 流程 信息 下半年 年度 经营 做好 市场 开拓 成本 控制 人才 梯队 建设 面对 市场竞争 加剧 加大 渠道 建设 力度 经销商 数量 覆盖 区域 扩大 面对 市场竞争 加剧 加大 渠道 建设 力度 经销商 数量 覆盖 区域 扩大 客户 行业龙头 企业 合作 关系 应收 账款 回款 持续 优化 产品 结构 精细化工 产品 业务 毛利率 百分点 建立健全 内部 控制系统 治理 结构 规范 三会 运作 现金流 状况良好 经营 活动 现金流量 净额 资产负债 结构 稳健 营业 收入 得益于 主营业务 产销 规模 扩大 获得 高新技术 企业资质 认定 享受 相应 税收 优惠政策,92
DEMO039,演示DEMO039股份有限公司,房地产,2021,年度报告,公司高度重视安全生产与环境保护，报告期内未发生重大安全事故。报告期内，公司获得高新技术企业资质认定，享受相应税收优惠政策。公司现金流状况良好，经营活动现金流量净额为5.8亿元，资产负债结构稳健。公司积极拓展海外市场，出口业务收入同比增长18.9%，国际化布局初见成效。公司持续优化产品结构，精细化工产品业务占比稳步提升，毛利率较上年上升2.5个百分点。原材料价格波动对成本端形成一定压力，公司通过集中采购和套期保值部分对冲了成本上行风险。报告期内公司无重大诉讼仲裁事项，各项经营活动正常开展。下半年公司将围绕年度经营计划，重点做好市场开拓、成本控制与人才梯队建设等工作。公司深耕东北市场，区域市场份额稳中有升，品牌影响力持续增强。公司持续优化产品结构，电子元器件业务占比稳步提升，毛利率较上年下降0.8个百分点。,脚本生成演示语料(step0_make_demo_corpus.py),公司高度重视安全生产与环境保护，报告期内未发生重大安全事故。报告期内，公司获得高新技术企业资质认定，享受相应税收优惠政策。公司现金流状况良好，经营活动现金流量净额为5.8亿元，资产负债结构稳健。公司积极拓展海外市场，出口业务收入同比增长18.9%，国际化布局初见成效。公司持续优化产品结构，精细化工产品业务占比稳步提升，毛利率较上年上升2.5个百分点。原材料价格波动对成本端形成一定压力，公司通过集中采购和套期保值部分对冲了成本上行风险。报告期内公司无重大诉讼仲裁事项，各项经营活动正常开展。下半年公司将围绕年度经营计划，重点做好市场开拓、成本控制与人才梯队建设等工作。公司深耕东北市场，区域市场份额稳中有升，品牌影响力持续增强。公司持续优化产品结构，电子元器件业务占比稳步提升，毛利率较上年下降0.8个百分点。,高度重视 安全 生产 环境保护 发生 重大 安全事故 获得 高新技术 企业资质 认定 享受 相应 税收 优惠政策 现金流 状况良好 经营 活动 现金流量 净额 资产负债 结构 稳健 拓展 海外 市场 出口 业务收入 国际化 布局 初见成效 持续 优化 产品 结构 精细化工 产品 业务 毛利率 百分点 原材料 价格 波动 成本 形成 一定 压力 集中 采购 套期 保值 对冲 成本 上行 风险 重大 诉讼 仲裁 事项 经营 活动 下半年 年度 经营 做好 市场 开拓 成本 控制 人才 梯队 建设 深耕 东北 市场 区域 市场份额 稳中有升 品牌 影响力 持续 增强 持续 优化 产品 结构 电子 元器件 业务 毛利率 百分点,92
DEMO039,演示DEMO039股份有限公司,房地产,2022,年度报告,公司基于云平台搭建协同办公体系，跨区域协作效率提升。公司高度重视安全生产与环境保护，报告期内未发生重大安全事故。公司持续加大研发投入，研发费用占营业收入比例为1.8%，围绕电子元器件开展技术攻关。公司持续加大研发投入，研发费用占营业收入比例为1.8%，围绕建材开展技术攻关。面对市场竞争加剧，公司加大渠道建设力度，经销商数量增加210家，覆盖区域进一步扩大。公司继续推进产能建设，高端装备项目一期已投产，预计达产后年新增产能20万吨。公司建设工业互联网平台，实现设备联网与远程运维。下半年公司将围绕年度经营计划，重点做好市场开拓、成本控制与人才梯队建设等工作。公司现金流状况良好，经营活动现金流量净额为12.4亿元，资产负债结构稳健。公司现金流状况良好，经营活动现金流量净额为12.4亿元，资产负债结构稳健。公司继续推进产能建设，食品饮料项目一期已投产，预计达产后年新增产能5万吨。公司继续推进产能建设，食品饮料项目一期已投产，预计达产后年新增产能3万吨。,脚本生成演示语料(step0_make_demo_corpus.py),公司基于云平台搭建协同办公体系，跨区域协作效率提升。公司高度重视安全生产与环境保护，报告期内未发生重大安全事故。公司持续加大研发投入，研发费用占营业收入比例为1.8%，围绕电子元器件开展技术攻关。公司持续加大研发投入，研发费用占营业收入比例为1.8%，围绕建材开展技术攻关。面对市场竞争加剧，公司加大渠道建设力度，经销商数量增加210家，覆盖区域进一步扩大。公司继续推进产能建设，高端装备项目一期已投产，预计达产后年新增产能20万吨。公司建设工业互联网平台，实现设备联网与远程运维。下半年公司将围绕年度经营计划，重点做好市场开拓、成本控制与人才梯队建设等工作。公司现金流状况良好，经营活动现金流量净额为12.4亿元，资产负债结构稳健。公司现金流状况良好，经营活动现金流量净额为12.4亿元，资产负债结构稳健。公司继续推进产能建设，食品饮料项目一期已投产，预计达产后年新增产能5万吨。公司继续推进产能建设，食品饮料项目一期已投产，预计达产后年新增产能3万吨。,基于 平台 搭建 协同 办公 体系 区域 协作 效率 高度重视 安全 生产 环境保护 发生 重大 安全事故 持续 加大 研发 投入 研发 费用 营业 收入 比例 电子 元器件 技术 攻关 持续 加大 研发 投入 研发 费用 营业 收入 比例 建材 技术 攻关 面对 市场竞争 加剧 加大 渠道 建设 力度 经销商 数量 覆盖 区域 扩大 产能 建设 高端 装备 项目 一期 投产 预计 达产 新增 产能 万吨 建设 工业互联网 平台 设备 联网 远程 运维 下半年 年度 经营 做好 市场 开拓 成本 控制 人才 梯队 建设 现金流 状况良好 经营 活动 现金流量 净额 资产负债 结构 稳健 现金流 状况良好 经营 活动 现金流量 净额 资产负债 结构 稳健 产能 建设 食品饮料 项目 一期 投产 预计 达产 新增 产能 万吨 产能 建设 食品饮料 项目 一期 投产 预计 达产 新增 产能 万吨,123
DEMO039,演示DEMO039股份有限公司,房地产,2023,年度报告,公司建立健全内部控制系统，治理结构规范，三会运作正常。报告期内人民币汇率波动加大，公司通过远期结售汇业务降低了汇兑损失。公司持续优化产品结构，建材业务占比稳步提升，毛利率较上年持平个百分点。公司主要客户为行业龙头企业，合作关系稳定，应收账款回款情况良好。公司继续推进产能建设，纺织服装项目一期已投产，预计达产后年新增产能8万吨。公司现金流状况良好，经营活动现金流量净额为1.5亿元，资产负债结构稳健。本年度公司人力成本略有上升，管理费用率保持稳定，费用管控成效显现。公司基于云平台搭建协同办公体系，跨区域协作效率提升。公司基于云平台搭建协同办公体系，跨区域协作效率提升。下半年公司将围绕年度经营计划，重点做好市场开拓、成本控制与人才梯队建设等工作。公司继续推进产能建设，精细化工产品项目一期已投产，预计达产后年新增产能3万吨。公司持续优化产品结构，食品饮料业务占比稳步提升，毛利率较上年上升1.2个百分点。公司现金流状况良好，经营活动现金流量净额为1.5亿元，资产负债结构稳健。公司利用智能合约技术自动执行供应商结算条款。,脚本生成演示语料(step0_make_demo_corpus.py),公司建立健全内部控制系统，治理结构规范，三会运作正常。报告期内人民币汇率波动加大，公司通过远期结售汇业务降低了汇兑损失。公司持续优化产品结构，建材业务占比稳步提升，毛利率较上年持平个百分点。公司主要客户为行业龙头企业，合作关系稳定，应收账款回款情况良好。公司继续推进产能建设，纺织服装项目一期已投产，预计达产后年新增产能8万吨。公司现金流状况良好，经营活动现金流量净额为1.5亿元，资产负债结构稳健。本年度公司人力成本略有上升，管理费用率保持稳定，费用管控成效显现。公司基于云平台搭建协同办公体系，跨区域协作效率提升。公司基于云平台搭建协同办公体系，跨区域协作效率提升。下半年公司将围绕年度经营计划，重点做好市场开拓、成本控制与人才梯队建设等工作。公司继续推进产能建设，精细化工产品项目一期已投产，预计达产后年新增产能3万吨。公司持续优化产品结构，食品饮料业务占比稳步提升，毛利率较上年上升1.2个百分点。公司现金流状况良好，经营活动现金流量净额为1.5亿元，资产负债结构稳健。公司利用智能合约技术自动执行供应商结算条款。,建立健全 内部 控制系统 治理 结构 规范 三会 运作 人民币 汇率 波动 加大 远期 结售汇 业务 降低 汇兑 损失 持续 优化 产品 结构 建材 业务 毛利率 持平 百分点 客户 行业龙头 企业 合作 关系 应收 账款 回款 产能 建设 纺织 服装 项目 一期 投产 预计 达产 新增 产能 万吨 现金流 状况良好 经营 活动 现金流量 净额 资产负债 结构 稳健 本年度 人力 成本 略有 管理 费用率 保持稳定 费用 管控 成效 显现 基于 平台 搭建 协同 办公 体系 区域 协作 效率 基于 平台 搭建 协同 办公 体系 区域 协作 效率 下半年 年度 经营 做好 市场 开拓 成本 控制 人才 梯队 建设 产能 建设 精细化工 产品 项目 一期 投产 预计 达产 新增 产能 万吨 持续 优化 产品 结构 食品饮料 业务 毛利率 百分点 现金流 状况良好 经营 活动 现金流量 净额 资产负债 结构 稳健 利用 智能合约 技术 自动 供应商 结算 条款,132
DEMO039,演示DEMO039股份有限公司,房地产,2024,年度报告,公司建设工业互联网平台，实现设备联网与远程运维。公司本期新增专利授权3项，累计有效专利85项，技术储备进一步夯实。原材料价格波动对成本端形成一定压力，公司通过集中采购和套期保值部分对冲了成本上行风险。原材料价格波动对成本端形成一定压力，公司通过集中采购和套期保值部分对冲了成本上行风险。公司引入人工智能技术优化{prod}质检环节，缺陷识别准确率显著提升。公司持续优化产品结构，精细化工产品业务占比稳步提升，毛利率较上年下降0.8个百分点。公司继续推进产能建设，精细化工产品项目一期已投产，预计达产后年新增产能5万吨。报告期内公司无重大诉讼仲裁事项，各项经营活动正常开展。报告期内，公司实现营业收入63.7亿元，同比增长15.2%，主要得益于主营业务产销规模扩大。报告期内公司客户结构进一步优化，前五大客户收入占比为32.5%，客户集中度处于合理区间。公司主要客户为行业龙头企业，合作关系稳定，应收账款回款情况良好。公司与高校联合开展深度学习算法研究，赋能产品智能设计。报告期内，公司实现营业收入28.4亿元，同比增长-1.8%，主要得益于主营业务产销规模扩大。原材料价格波动对成本端形成一定压力，公司通过集中采购和套期保值部分对冲了成本上行风险。公司高度重视安全生产与环境保护，报告期内未发生重大安全事故。,脚本生成演示语料(step0_make_demo_corpus.py),公司建设工业互联网平台，实现设备联网与远程运维。公司本期新增专利授权3项，累计有效专利85项，技术储备进一步夯实。原材料价格波动对成本端形成一定压力，公司通过集中采购和套期保值部分对冲了成本上行风险。原材料价格波动对成本端形成一定压力，公司通过集中采购和套期保值部分对冲了成本上行风险。公司引入人工智能技术优化{prod}质检环节，缺陷识别准确率显著提升。公司持续优化产品结构，精细化工产品业务占比稳步提升，毛利率较上年下降0.8个百分点。公司继续推进产能建设，精细化工产品项目一期已投产，预计达产后年新增产能5万吨。报告期内公司无重大诉讼仲裁事项，各项经营活动正常开展。报告期内，公司实现营业收入63.7亿元，同比增长15.2%，主要得益于主营业务产销规模扩大。报告期内公司客户结构进一步优化，前五大客户收入占比为32.5%，客户集中度处于合理区间。公司主要客户为行业龙头企业，合作关系稳定，应收账款回款情况良好。公司与高校联合开展深度学习算法研究，赋能产品智能设计。报告期内，公司实现营业收入28.4亿元，同比增长-1.8%，主要得益于主营业务产销规模扩大。原材料价格波动对成本端形成一定压力，公司通过集中采购和套期保值部分对冲了成本上行风险。公司高度重视安全生产与环境保护，报告期内未发生重大安全事故。,建设 工业互联网 平台 设备 联网 远程 运维 本期 新增 专利 授权 专利 技术储备 夯实 原材料 价格 波动 成本 形成 一定 压力 集中 采购 套期 保值 对冲 成本 上行 风险 原材料 价格 波动 成本 形成 一定 压力 集中 采购 套期 保值 对冲 成本 上行 风险 引入 人工智能 技术 优化 prod 质检 环节 缺陷 识别 准确率 持续 优化 产品 结构 精细化工 产品 业务 毛利率 百分点 产能 建设 精细化工 产品 项目 一期 投产 预计 达产 新增 产能 万吨 重大 诉讼 仲裁 事项 经营 活动 营业 收入 得益于 主营业务 产销 规模 扩大 客户 结构 优化 五大 客户 收入 客户 集中度 处于 合理 区间 客户 行业龙头 企业 合作 关系 应收 账款 回款 高校 联合 深度学习 算法 研究 赋能 产品 智能 设计 营业 收入 得益于 主营业务 产销 规模 扩大 原材料 价格 波动 成本 形成 一定 压力 集中 采购 套期 保值 对冲 成本 上行 风险 高度重视 安全 生产 环境保护 发生 重大 安全事故,145
DEMO040,演示DEMO040股份有限公司,农林牧渔,2020,年度报告,报告期内，公司获得高新技术企业资质认定，享受相应税收优惠政策。报告期内，公司获得高新技术企业资质认定，享受相应税收优惠政策。公司持续加大研发投入，研发费用占营业收入比例为1.8%，围绕精细化工产品开展技术攻关。公司主要客户为行业龙头企业，合作关系稳定，应收账款回款情况良好。公司本期新增专利授权3项，累计有效专利38项，技术储备进一步夯实。原材料价格波动对成本端形成一定压力，公司通过集中采购和套期保值部分对冲了成本上行风险。公司主要客户为行业龙头企业，合作关系稳定，应收账款回款情况良好。报告期内，公司实现营业收入63.7亿元，同比增长22.7%，主要得益于主营业务产销规模扩大。公司现金流状况良好，经营活动现金流量净额为12.4亿元，资产负债结构稳健。本年度公司人力成本略有上升，管理费用率保持稳定，费用管控成效显现。,脚本生成演示语料(step0_make_demo_corpus.py),报告期内，公司获得高新技术企业资质认定，享受相应税收优惠政策。报告期内，公司获得高新技术企业资质认定，享受相应税收优惠政策。公司持续加大研发投入，研发费用占营业收入比例为1.8%，围绕精细化工产品开展技术攻关。公司主要客户为行业龙头企业，合作关系稳定，应收账款回款情况良好。公司本期新增专利授权3项，累计有效专利38项，技术储备进一步夯实。原材料价格波动对成本端形成一定压力，公司通过集中采购和套期保值部分对冲了成本上行风险。公司主要客户为行业龙头企业，合作关系稳定，应收账款回款情况良好。报告期内，公司实现营业收入63.7亿元，同比增长22.7%，主要得益于主营业务产销规模扩大。公司现金流状况良好，经营活动现金流量净额为12.4亿元，资产负债结构稳健。本年度公司人力成本略有上升，管理费用率保持稳定，费用管控成效显现。,获得 高新技术 企业资质 认定 享受 相应 税收 优惠政策 获得 高新技术 企业资质 认定 享受 相应 税收 优惠政策 持续 加大 研发 投入 研发 费用 营业 收入 比例 精细化工 产品 技术 攻关 客户 行业龙头 企业 合作 关系 应收 账款 回款 本期 新增 专利 授权 专利 技术储备 夯实 原材料 价格 波动 成本 形成 一定 压力 集中 采购 套期 保值 对冲 成本 上行 风险 客户 行业龙头 企业 合作 关系 应收 账款 回款 营业 收入 得益于 主营业务 产销 规模 扩大 现金流 状况良好 经营 活动 现金流量 净额 资产负债 结构 稳健 本年度 人力 成本 略有 管理 费用率 保持稳定 费用 管控 成效 显现,94
DEMO040,演示DEMO040股份有限公司,农林牧渔,2021,年度报告,报告期内公司无重大诉讼仲裁事项，各项经营活动正常开展。受行业周期影响，部分产品价格有所回落，公司及时调整销售策略，库存水平保持在合理范围。公司主要客户为行业龙头企业，合作关系稳定，应收账款回款情况良好。公司持续加大研发投入，研发费用占营业收入比例为4.4%，围绕高端装备开展技术攻关。公司建设智能客服系统，应用自然语言处理技术实现工单自动分类。公司建立健全内部控制系统，治理结构规范，三会运作正常。报告期内，公司实现营业收入8.9亿元，同比增长-3.1%，主要得益于主营业务产销规模扩大。公司成立数据中台团队，推动业务数据化、数据业务化。原材料价格波动对成本端形成一定压力，公司通过集中采购和套期保值部分对冲了成本上行风险。公司数据中心一期建成投用，具备 PB 级数据存储与计算能力。报告期内，公司实现营业收入28.4亿元，同比增长5.6%，主要得益于主营业务产销规模扩大。公司部署机器学习算法对销售数据进行需求预测，库存周转效率明显改善。,脚本生成演示语料(step0_make_demo_corpus.py),报告期内公司无重大诉讼仲裁事项，各项经营活动正常开展。受行业周期影响，部分产品价格有所回落，公司及时调整销售策略，库存水平保持在合理范围。公司主要客户为行业龙头企业，合作关系稳定，应收账款回款情况良好。公司持续加大研发投入，研发费用占营业收入比例为4.4%，围绕高端装备开展技术攻关。公司建设智能客服系统，应用自然语言处理技术实现工单自动分类。公司建立健全内部控制系统，治理结构规范，三会运作正常。报告期内，公司实现营业收入8.9亿元，同比增长-3.1%，主要得益于主营业务产销规模扩大。公司成立数据中台团队，推动业务数据化、数据业务化。原材料价格波动对成本端形成一定压力，公司通过集中采购和套期保值部分对冲了成本上行风险。公司数据中心一期建成投用，具备 PB 级数据存储与计算能力。报告期内，公司实现营业收入28.4亿元，同比增长5.6%，主要得益于主营业务产销规模扩大。公司部署机器学习算法对销售数据进行需求预测，库存周转效率明显改善。,重大 诉讼 仲裁 事项 经营 活动 行业 周期 影响 产品价格 有所 回落 及时 调整 销售策略 库存 水平 合理 范围 客户 行业龙头 企业 合作 关系 应收 账款 回款 持续 加大 研发 投入 研发 费用 营业 收入 比例 高端 装备 技术 攻关 建设 智能 客服 系统 应用 自然语言处理 技术 工单 自动 分类 建立健全 内部 控制系统 治理 结构 规范 三会 运作 营业 收入 得益于 主营业务 产销 规模 扩大 成立 数据中台 团队 业务 数据 数据业务 原材料 价格 波动 成本 形成 一定 压力 集中 采购 套期 保值 对冲 成本 上行 风险 数据中心 一期 建成 投用 具备 PB 数据 存储 计算能力 营业 收入 得益于 主营业务 产销 规模 扩大 部署 机器学习 算法 销售 数据 需求预测 库存 周转 效率 明显改善,112
DEMO040,演示DEMO040股份有限公司,农林牧渔,2022,年度报告,面对市场竞争加剧，公司加大渠道建设力度，经销商数量增加45家，覆盖区域进一步扩大。下半年公司将围绕年度经营计划，重点做好市场开拓、成本控制与人才梯队建设等工作。报告期内人民币汇率波动加大，公司通过远期结售汇业务降低了汇兑损失。公司高度重视安全生产与环境保护，报告期内未发生重大安全事故。公司发展电子商务业务，线上渠道收入占比持续提升。公司深耕华北市场，区域市场份额稳中有升，品牌影响力持续增强。公司持续优化产品结构，高端装备业务占比稳步提升，毛利率较上年下降0.8个百分点。报告期内人民币汇率波动加大，公司通过远期结售汇业务降低了汇兑损失。公司积极拓展海外市场，出口业务收入同比增长18.9%，国际化布局初见成效。公司主要客户为行业龙头企业，合作关系稳定，应收账款回款情况良好。公司继续推进产能建设，食品饮料项目一期已投产，预计达产后年新增产能3万吨。公司高度重视安全生产与环境保护，报告期内未发生重大安全事故。,脚本生成演示语料(step0_make_demo_corpus.py),面对市场竞争加剧，公司加大渠道建设力度，经销商数量增加45家，覆盖区域进一步扩大。下半年公司将围绕年度经营计划，重点做好市场开拓、成本控制与人才梯队建设等工作。报告期内人民币汇率波动加大，公司通过远期结售汇业务降低了汇兑损失。公司高度重视安全生产与环境保护，报告期内未发生重大安全事故。公司发展电子商务业务，线上渠道收入占比持续提升。公司深耕华北市场，区域市场份额稳中有升，品牌影响力持续增强。公司持续优化产品结构，高端装备业务占比稳步提升，毛利率较上年下降0.8个百分点。报告期内人民币汇率波动加大，公司通过远期结售汇业务降低了汇兑损失。公司积极拓展海外市场，出口业务收入同比增长18.9%，国际化布局初见成效。公司主要客户为行业龙头企业，合作关系稳定，应收账款回款情况良好。公司继续推进产能建设，食品饮料项目一期已投产，预计达产后年新增产能3万吨。公司高度重视安全生产与环境保护，报告期内未发生重大安全事故。,面对 市场竞争 加剧 加大 渠道 建设 力度 经销商 数量 覆盖 区域 扩大 下半年 年度 经营 做好 市场 开拓 成本 控制 人才 梯队 建设 人民币 汇率 波动 加大 远期 结售汇 业务 降低 汇兑 损失 高度重视 安全 生产 环境保护 发生 重大 安全事故 发展 电子商务 业务 线上 渠道 收入 持续 深耕 华北 市场 区域 市场份额 稳中有升 品牌 影响力 持续 增强 持续 优化 产品 结构 高端 装备 业务 毛利率 百分点 人民币 汇率 波动 加大 远期 结售汇 业务 降低 汇兑 损失 拓展 海外 市场 出口 业务收入 国际化 布局 初见成效 客户 行业龙头 企业 合作 关系 应收 账款 回款 产能 建设 食品饮料 项目 一期 投产 预计 达产 新增 产能 万吨 高度重视 安全 生产 环境保护 发生 重大 安全事故,110
DEMO040,演示DEMO040股份有限公司,农林牧渔,2023,年度报告,公司建设大数据平台，整合生产、销售与供应链数据，支撑经营决策。报告期内人民币汇率波动加大，公司通过远期结售汇业务降低了汇兑损失。公司基于云平台搭建协同办公体系，跨区域协作效率提升。报告期内，公司实现营业收入45.2亿元，同比增长15.2%，主要得益于主营业务产销规模扩大。公司深耕东北市场，区域市场份额稳中有升，品牌影响力持续增强。公司建立健全内部控制系统，治理结构规范，三会运作正常。公司建立健全内部控制系统，治理结构规范，三会运作正常。公司主要客户为行业龙头企业，合作关系稳定，应收账款回款情况良好。公司继续推进产能建设，食品饮料项目一期已投产，预计达产后年新增产能5万吨。公司参与行业区块链联盟，推动供应链单证电子化与可信流转。公司持续加大研发投入，研发费用占营业收入比例为4.4%，围绕食品饮料开展技术攻关。报告期内人民币汇率波动加大，公司通过远期结售汇业务降低了汇兑损失。公司成立数据中台团队，推动业务数据化、数据业务化。公司深耕西南市场，区域市场份额稳中有升，品牌影响力持续增强。公司持续优化产品结构，精细化工产品业务占比稳步提升，毛利率较上年下降0.8个百分点。,脚本生成演示语料(step0_make_demo_corpus.py),公司建设大数据平台，整合生产、销售与供应链数据，支撑经营决策。报告期内人民币汇率波动加大，公司通过远期结售汇业务降低了汇兑损失。公司基于云平台搭建协同办公体系，跨区域协作效率提升。报告期内，公司实现营业收入45.2亿元，同比增长15.2%，主要得益于主营业务产销规模扩大。公司深耕东北市场，区域市场份额稳中有升，品牌影响力持续增强。公司建立健全内部控制系统，治理结构规范，三会运作正常。公司建立健全内部控制系统，治理结构规范，三会运作正常。公司主要客户为行业龙头企业，合作关系稳定，应收账款回款情况良好。公司继续推进产能建设，食品饮料项目一期已投产，预计达产后年新增产能5万吨。公司参与行业区块链联盟，推动供应链单证电子化与可信流转。公司持续加大研发投入，研发费用占营业收入比例为4.4%，围绕食品饮料开展技术攻关。报告期内人民币汇率波动加大，公司通过远期结售汇业务降低了汇兑损失。公司成立数据中台团队，推动业务数据化、数据业务化。公司深耕西南市场，区域市场份额稳中有升，品牌影响力持续增强。公司持续优化产品结构，精细化工产品业务占比稳步提升，毛利率较上年下降0.8个百分点。,建设 大数据 平台 整合 生产 销售 供应链 数据 支撑 经营 决策 人民币 汇率 波动 加大 远期 结售汇 业务 降低 汇兑 损失 基于 平台 搭建 协同 办公 体系 区域 协作 效率 营业 收入 得益于 主营业务 产销 规模 扩大 深耕 东北 市场 区域 市场份额 稳中有升 品牌 影响力 持续 增强 建立健全 内部 控制系统 治理 结构 规范 三会 运作 建立健全 内部 控制系统 治理 结构 规范 三会 运作 客户 行业龙头 企业 合作 关系 应收 账款 回款 产能 建设 食品饮料 项目 一期 投产 预计 达产 新增 产能 万吨 参与 行业 区块链 联盟 供应链 单证 电子化 可信 流转 持续 加大 研发 投入 研发 费用 营业 收入 比例 食品饮料 技术 攻关 人民币 汇率 波动 加大 远期 结售汇 业务 降低 汇兑 损失 成立 数据中台 团队 业务 数据 数据业务 深耕 西南 市场 区域 市场份额 稳中有升 品牌 影响力 持续 增强 持续 优化 产品 结构 精细化工 产品 业务 毛利率 百分点,138
DEMO040,演示DEMO040股份有限公司,农林牧渔,2024,年度报告,公司持续优化产品结构，高端装备业务占比稳步提升，毛利率较上年上升2.5个百分点。公司本期新增专利授权22项，累计有效专利120项，技术储备进一步夯实。报告期内，公司实现营业收入63.7亿元，同比增长15.2%，主要得益于主营业务产销规模扩大。公司试点数字人民币结算场景，丰富收款渠道。本年度公司人力成本略有上升，管理费用率保持稳定，费用管控成效显现。公司现金流状况良好，经营活动现金流量净额为1.5亿元，资产负债结构稳健。受行业周期影响，部分产品价格有所回落，公司及时调整销售策略，库存水平保持在合理范围。本年度公司人力成本略有上升，管理费用率保持稳定，费用管控成效显现。报告期内，公司获得高新技术企业资质认定，享受相应税收优惠政策。报告期内公司客户结构进一步优化，前五大客户收入占比为32.5%，客户集中度处于合理区间。公司发展电子商务业务，线上渠道收入占比持续提升。,脚本生成演示语料(step0_make_demo_corpus.py),公司持续优化产品结构，高端装备业务占比稳步提升，毛利率较上年上升2.5个百分点。公司本期新增专利授权22项，累计有效专利120项，技术储备进一步夯实。报告期内，公司实现营业收入63.7亿元，同比增长15.2%，主要得益于主营业务产销规模扩大。公司试点数字人民币结算场景，丰富收款渠道。本年度公司人力成本略有上升，管理费用率保持稳定，费用管控成效显现。公司现金流状况良好，经营活动现金流量净额为1.5亿元，资产负债结构稳健。受行业周期影响，部分产品价格有所回落，公司及时调整销售策略，库存水平保持在合理范围。本年度公司人力成本略有上升，管理费用率保持稳定，费用管控成效显现。报告期内，公司获得高新技术企业资质认定，享受相应税收优惠政策。报告期内公司客户结构进一步优化，前五大客户收入占比为32.5%，客户集中度处于合理区间。公司发展电子商务业务，线上渠道收入占比持续提升。,持续 优化 产品 结构 高端 装备 业务 毛利率 百分点 本期 新增 专利 授权 专利 技术储备 夯实 营业 收入 得益于 主营业务 产销 规模 扩大 试点 数字人民币 结算 场景 丰富 收款 渠道 本年度 人力 成本 略有 管理 费用率 保持稳定 费用 管控 成效 显现 现金流 状况良好 经营 活动 现金流量 净额 资产负债 结构 稳健 行业 周期 影响 产品价格 有所 回落 及时 调整 销售策略 库存 水平 合理 范围 本年度 人力 成本 略有 管理 费用率 保持稳定 费用 管控 成效 显现 获得 高新技术 企业资质 认定 享受 相应 税收 优惠政策 客户 结构 优化 五大 客户 收入 客户 集中度 处于 合理 区间 发展 电子商务 业务 线上 渠道 收入 持续,100
DEMO041,演示DEMO041股份有限公司,信息技术,2020,年度报告,公司基于云平台搭建协同办公体系，跨区域协作效率提升。公司应用数字孪生技术对重点产线进行虚拟建模与仿真优化。公司发展电子商务业务，线上渠道收入占比持续提升。公司推动业务流程线上化，无纸化办公覆盖全部业务部门。公司深耕东北市场，区域市场份额稳中有升，品牌影响力持续增强。公司建设大数据平台，整合生产、销售与供应链数据，支撑经营决策。公司成立数据中台团队，推动业务数据化、数据业务化。公司引入边缘计算设备，实现车间数据的就地处理与实时回传。公司引入边缘计算设备，实现车间数据的就地处理与实时回传。报告期内人民币汇率波动加大，公司通过远期结售汇业务降低了汇兑损失。公司现金流状况良好，经营活动现金流量净额为1.5亿元，资产负债结构稳健。公司引入边缘计算设备，实现车间数据的就地处理与实时回传。公司与高校联合开展深度学习算法研究，赋能产品智能设计。报告期内，公司获得高新技术企业资质认定，享受相应税收优惠政策。公司研究基于分布式账本的对账机制，降低交易核对成本。公司核心业务系统迁移上云，采用混合云架构降低IT运维成本。公司与高校联合开展深度学习算法研究，赋能产品智能设计。公司建立健全内部控制系统，治理结构规范，三会运作正常。公司高度重视安全生产与环境保护，报告期内未发生重大安全事故。公司高度重视安全生产与环境保护，报告期内未发生重大安全事故。公司部署机器学习算法对销售数据进行需求预测，库存周转效率明显改善。报告期内，公司获得高新技术企业资质认定，享受相应税收优惠政策。公司研究基于分布式账本的对账机制，降低交易核对成本。受行业周期影响，部分产品价格有所回落，公司及时调整销售策略，库存水平保持在合理范围。公司部署机器学习算法对销售数据进行需求预测，库存周转效率明显改善。,脚本生成演示语料(step0_make_demo_corpus.py),公司基于云平台搭建协同办公体系，跨区域协作效率提升。公司应用数字孪生技术对重点产线进行虚拟建模与仿真优化。公司发展电子商务业务，线上渠道收入占比持续提升。公司推动业务流程线上化，无纸化办公覆盖全部业务部门。公司深耕东北市场，区域市场份额稳中有升，品牌影响力持续增强。公司建设大数据平台，整合生产、销售与供应链数据，支撑经营决策。公司成立数据中台团队，推动业务数据化、数据业务化。公司引入边缘计算设备，实现车间数据的就地处理与实时回传。公司引入边缘计算设备，实现车间数据的就地处理与实时回传。报告期内人民币汇率波动加大，公司通过远期结售汇业务降低了汇兑损失。公司现金流状况良好，经营活动现金流量净额为1.5亿元，资产负债结构稳健。公司引入边缘计算设备，实现车间数据的就地处理与实时回传。公司与高校联合开展深度学习算法研究，赋能产品智能设计。报告期内，公司获得高新技术企业资质认定，享受相应税收优惠政策。公司研究基于分布式账本的对账机制，降低交易核对成本。公司核心业务系统迁移上云，采用混合云架构降低IT运维成本。公司与高校联合开展深度学习算法研究，赋能产品智能设计。公司建立健全内部控制系统，治理结构规范，三会运作正常。公司高度重视安全生产与环境保护，报告期内未发生重大安全事故。公司高度重视安全生产与环境保护，报告期内未发生重大安全事故。公司部署机器学习算法对销售数据进行需求预测，库存周转效率明显改善。报告期内，公司获得高新技术企业资质认定，享受相应税收优惠政策。公司研究基于分布式账本的对账机制，降低交易核对成本。受行业周期影响，部分产品价格有所回落，公司及时调整销售策略，库存水平保持在合理范围。公司部署机器学习算法对销售数据进行需求预测，库存周转效率明显改善。,基于 平台 搭建 协同 办公 体系 区域 协作 效率 应用 数字孪生 技术 产线 虚拟 建模 仿真 优化 发展 电子商务 业务 线上 渠道 收入 持续 业务流程 上化 无纸化 办公 覆盖 全部 业务部门 深耕 东北 市场 区域 市场份额 稳中有升 品牌 影响力 持续 增强 建设 大数据 平台 整合 生产 销售 供应链 数据 支撑 经营 决策 成立 数据中台 团队 业务 数据 数据业务 引入 边缘计算 设备 车间 数据 处理 实时 回传 引入 边缘计算 设备 车间 数据 处理 实时 回传 人民币 汇率 波动 加大 远期 结售汇 业务 降低 汇兑 损失 现金流 状况良好 经营 活动 现金流量 净额 资产负债 结构 稳健 引入 边缘计算 设备 车间 数据 处理 实时 回传 高校 联合 深度学习 算法 研究 赋能 产品 智能 设计 获得 高新技术 企业资质 认定 享受 相应 税收 优惠政策 研究 基于 分布式账本 对账 机制 降低 交易 核对 成本 核心 业务 系统 迁移 上云 采用 混合 架构 降低 IT 运维 成本 高校 联合 深度学习 算法 研究 赋能 产品 智能 设计 建立健全 内部 控制系统 治理 结构 规范 三会 运作 高度重视 安全 生产 环境保护 发生 重大 安全事故 高度重视 安全 生产 环境保护 发生 重大 安全事故 部署 机器学习 算法 销售 数据 需求预测 库存 周转 效率 明显改善 获得 高新技术 企业资质 认定 享受 相应 税收 优惠政策 研究 基于 分布式账本 对账 机制 降低 交易 核对 成本 行业 周期 影响 产品价格 有所 回落 及时 调整 销售策略 库存 水平 合理 范围 部署 机器学习 算法 销售 数据 需求预测 库存 周转 效率 明显改善,220
DEMO041,演示DEMO041股份有限公司,信息技术,2021,年度报告,公司部署机器学习算法对销售数据进行需求预测，库存周转效率明显改善。公司上线智能排产系统，通过智能算法优化生产计划排程。受行业周期影响，部分产品价格有所回落，公司及时调整销售策略，库存水平保持在合理范围。公司部署机器学习算法对销售数据进行需求预测，库存周转效率明显改善。面对市场竞争加剧，公司加大渠道建设力度，经销商数量增加36家，覆盖区域进一步扩大。公司推进经营管理信息化，上线新一代ERP系统实现业财一体。受行业周期影响，部分产品价格有所回落，公司及时调整销售策略，库存水平保持在合理范围。公司探索区块链技术在产品溯源中的应用，实现全流程信息上链。公司持续优化产品结构，纺织服装业务占比稳步提升，毛利率较上年上升1.2个百分点。公司推进智能制造升级，数字化车间已通过省级认定。公司基于云平台搭建协同办公体系，跨区域协作效率提升。公司建设大数据平台，整合生产、销售与供应链数据，支撑经营决策。公司推进计算机视觉技术在生产线上的应用，实现关键工序自动检测。公司推动业务流程线上化，无纸化办公覆盖全部业务部门。公司构建智慧物流体系，仓储分拣自动化水平显著提高。公司研究基于分布式账本的对账机制，降低交易核对成本。公司推动业务流程线上化，无纸化办公覆盖全部业务部门。报告期内公司客户结构进一步优化，前五大客户收入占比为55.1%，客户集中度处于合理区间。本年度公司人力成本略有上升，管理费用率保持稳定，费用管控成效显现。公司发展电子商务业务，线上渠道收入占比持续提升。报告期内，公司获得高新技术企业资质认定，享受相应税收优惠政策。公司利用智能合约技术自动执行供应商结算条款。公司核心业务系统迁移上云，采用混合云架构降低IT运维成本。公司试点数字人民币结算场景，丰富收款渠道。公司建立健全内部控制系统，治理结构规范，三会运作正常。公司核心业务系统迁移上云，采用混合云架构降低IT运维成本。本年度公司人力成本略有上升，管理费用率保持稳定，费用管控成效显现。公司建设智能客服系统，应用自然语言处理技术实现工单自动分类。公司利用智能合约技术自动执行供应商结算条款。公司持续加大研发投入，研发费用占营业收入比例为5.1%，围绕纺织服装开展技术攻关。公司利用智能合约技术自动执行供应商结算条款。,脚本生成演示语料(step0_make_demo_corpus.py),公司部署机器学习算法对销售数据进行需求预测，库存周转效率明显改善。公司上线智能排产系统，通过智能算法优化生产计划排程。受行业周期影响，部分产品价格有所回落，公司及时调整销售策略，库存水平保持在合理范围。公司部署机器学习算法对销售数据进行需求预测，库存周转效率明显改善。面对市场竞争加剧，公司加大渠道建设力度，经销商数量增加36家，覆盖区域进一步扩大。公司推进经营管理信息化，上线新一代ERP系统实现业财一体。受行业周期影响，部分产品价格有所回落，公司及时调整销售策略，库存水平保持在合理范围。公司探索区块链技术在产品溯源中的应用，实现全流程信息上链。公司持续优化产品结构，纺织服装业务占比稳步提升，毛利率较上年上升1.2个百分点。公司推进智能制造升级，数字化车间已通过省级认定。公司基于云平台搭建协同办公体系，跨区域协作效率提升。公司建设大数据平台，整合生产、销售与供应链数据，支撑经营决策。公司推进计算机视觉技术在生产线上的应用，实现关键工序自动检测。公司推动业务流程线上化，无纸化办公覆盖全部业务部门。公司构建智慧物流体系，仓储分拣自动化水平显著提高。公司研究基于分布式账本的对账机制，降低交易核对成本。公司推动业务流程线上化，无纸化办公覆盖全部业务部门。报告期内公司客户结构进一步优化，前五大客户收入占比为55.1%，客户集中度处于合理区间。本年度公司人力成本略有上升，管理费用率保持稳定，费用管控成效显现。公司发展电子商务业务，线上渠道收入占比持续提升。报告期内，公司获得高新技术企业资质认定，享受相应税收优惠政策。公司利用智能合约技术自动执行供应商结算条款。公司核心业务系统迁移上云，采用混合云架构降低IT运维成本。公司试点数字人民币结算场景，丰富收款渠道。公司建立健全内部控制系统，治理结构规范，三会运作正常。公司核心业务系统迁移上云，采用混合云架构降低IT运维成本。本年度公司人力成本略有上升，管理费用率保持稳定，费用管控成效显现。公司建设智能客服系统，应用自然语言处理技术实现工单自动分类。公司利用智能合约技术自动执行供应商结算条款。公司持续加大研发投入，研发费用占营业收入比例为5.1%，围绕纺织服装开展技术攻关。公司利用智能合约技术自动执行供应商结算条款。,部署 机器学习 算法 销售 数据 需求预测 库存 周转 效率 明显改善 上线 智能 排产 系统 智能算法 优化 生产 排程 行业 周期 影响 产品价格 有所 回落 及时 调整 销售策略 库存 水平 合理 范围 部署 机器学习 算法 销售 数据 需求预测 库存 周转 效率 明显改善 面对 市场竞争 加剧 加大 渠道 建设 力度 经销商 数量 覆盖 区域 扩大 经营 管理 信息化 上线 新一代 ERP 系统 业财一体 行业 周期 影响 产品价格 有所 回落 及时 调整 销售策略 库存 水平 合理 范围 探索 区块链 技术 产品 溯源 应用 流程 信息 持续 优化 产品 结构 纺织 服装 业务 毛利率 百分点 智能制造 升级 数字化 车间 省级 认定 基于 平台 搭建 协同 办公 体系 区域 协作 效率 建设 大数据 平台 整合 生产 销售 供应链 数据 支撑 经营 决策 计算机视觉 技术 生产线 应用 关键 工序 自动检测 业务流程 上化 无纸化 办公 覆盖 全部 业务部门 构建 智慧物流 体系 仓储 分拣 自动化 水平 研究 基于 分布式账本 对账 机制 降低 交易 核对 成本 业务流程 上化 无纸化 办公 覆盖 全部 业务部门 客户 结构 优化 五大 客户 收入 客户 集中度 处于 合理 区间 本年度 人力 成本 略有 管理 费用率 保持稳定 费用 管控 成效 显现 发展 电子商务 业务 线上 渠道 收入 持续 获得 高新技术 企业资质 认定 享受 相应 税收 优惠政策 利用 智能合约 技术 自动 供应商 结算 条款 核心 业务 系统 迁移 上云 采用 混合 架构 降低 IT 运维 成本 试点 数字人民币 结算 场景 丰富 收款 渠道 建立健全 内部 控制系统 治理 结构 规范 三会 运作 核心 业务 系统 迁移 上云 采用 混合 架构 降低 IT 运维 成本 本年度 人力 成本 略有 管理 费用率 保持稳定 费用 管控 成效 显现 建设 智能 客服 系统 应用 自然语言处理 技术 工单 自动 分类 利用 智能合约 技术 自动 供应商 结算 条款 持续 加大 研发 投入 研发 费用 营业 收入 比例 纺织 服装 技术 攻关 利用 智能合约 技术 自动 供应商 结算 条款,285
DEMO041,演示DEMO041股份有限公司,信息技术,2022,年度报告,受行业周期影响，部分产品价格有所回落，公司及时调整销售策略，库存水平保持在合理范围。公司试点数字人民币结算场景，丰富收款渠道。报告期内公司客户结构进一步优化，前五大客户收入占比为32.5%，客户集中度处于合理区间。公司引入边缘计算设备，实现车间数据的就地处理与实时回传。报告期内公司无重大诉讼仲裁事项，各项经营活动正常开展。公司与高校联合开展深度学习算法研究，赋能产品智能设计。公司开展数据治理体系建设，统一主数据标准，提升数据资产质量。公司核心业务系统迁移上云，采用混合云架构降低IT运维成本。公司建设智能客服系统，应用自然语言处理技术实现工单自动分类。公司建设工业互联网平台，实现设备联网与远程运维。公司数据中心一期建成投用，具备 PB 级数据存储与计算能力。公司积极拓展海外市场，出口业务收入同比增长12.1%，国际化布局初见成效。公司运用数据挖掘技术分析客户行为，实现精准营销。公司探索区块链技术在产品溯源中的应用，实现全流程信息上链。公司试点数字人民币结算场景，丰富收款渠道。公司运用数据挖掘技术分析客户行为，实现精准营销。公司引入人工智能技术优化{prod}质检环节，缺陷识别准确率显著提升。公司构建智慧物流体系，仓储分拣自动化水平显著提高。公司部署机器学习算法对销售数据进行需求预测，库存周转效率明显改善。公司推进智能制造升级，数字化车间已通过省级认定。公司本期新增专利授权22项，累计有效专利210项，技术储备进一步夯实。公司试点数字人民币结算场景，丰富收款渠道。公司引入人工智能技术优化{prod}质检环节，缺陷识别准确率显著提升。公司利用智能合约技术自动执行供应商结算条款。公司积极拓展海外市场，出口业务收入同比增长-6.3%，国际化布局初见成效。公司持续加大研发投入，研发费用占营业收入比例为3.2%，围绕高端装备开展技术攻关。公司持续加大研发投入，研发费用占营业收入比例为1.8%，围绕纺织服装开展技术攻关。公司采购云服务替代传统服务器部署，系统上线周期大幅缩短。公司数据中心一期建成投用，具备 PB 级数据存储与计算能力。公司开展数据治理体系建设，统一主数据标准，提升数据资产质量。公司上线智能排产系统，通过智能算法优化生产计划排程。公司探索区块链技术在产品溯源中的应用，实现全流程信息上链。,脚本生成演示语料(step0_make_demo_corpus.py),受行业周期影响，部分产品价格有所回落，公司及时调整销售策略，库存水平保持在合理范围。公司试点数字人民币结算场景，丰富收款渠道。报告期内公司客户结构进一步优化，前五大客户收入占比为32.5%，客户集中度处于合理区间。公司引入边缘计算设备，实现车间数据的就地处理与实时回传。报告期内公司无重大诉讼仲裁事项，各项经营活动正常开展。公司与高校联合开展深度学习算法研究，赋能产品智能设计。公司开展数据治理体系建设，统一主数据标准，提升数据资产质量。公司核心业务系统迁移上云，采用混合云架构降低IT运维成本。公司建设智能客服系统，应用自然语言处理技术实现工单自动分类。公司建设工业互联网平台，实现设备联网与远程运维。公司数据中心一期建成投用，具备 PB 级数据存储与计算能力。公司积极拓展海外市场，出口业务收入同比增长12.1%，国际化布局初见成效。公司运用数据挖掘技术分析客户行为，实现精准营销。公司探索区块链技术在产品溯源中的应用，实现全流程信息上链。公司试点数字人民币结算场景，丰富收款渠道。公司运用数据挖掘技术分析客户行为，实现精准营销。公司引入人工智能技术优化{prod}质检环节，缺陷识别准确率显著提升。公司构建智慧物流体系，仓储分拣自动化水平显著提高。公司部署机器学习算法对销售数据进行需求预测，库存周转效率明显改善。公司推进智能制造升级，数字化车间已通过省级认定。公司本期新增专利授权22项，累计有效专利210项，技术储备进一步夯实。公司试点数字人民币结算场景，丰富收款渠道。公司引入人工智能技术优化{prod}质检环节，缺陷识别准确率显著提升。公司利用智能合约技术自动执行供应商结算条款。公司积极拓展海外市场，出口业务收入同比增长-6.3%，国际化布局初见成效。公司持续加大研发投入，研发费用占营业收入比例为3.2%，围绕高端装备开展技术攻关。公司持续加大研发投入，研发费用占营业收入比例为1.8%，围绕纺织服装开展技术攻关。公司采购云服务替代传统服务器部署，系统上线周期大幅缩短。公司数据中心一期建成投用，具备 PB 级数据存储与计算能力。公司开展数据治理体系建设，统一主数据标准，提升数据资产质量。公司上线智能排产系统，通过智能算法优化生产计划排程。公司探索区块链技术在产品溯源中的应用，实现全流程信息上链。,行业 周期 影响 产品价格 有所 回落 及时 调整 销售策略 库存 水平 合理 范围 试点 数字人民币 结算 场景 丰富 收款 渠道 客户 结构 优化 五大 客户 收入 客户 集中度 处于 合理 区间 引入 边缘计算 设备 车间 数据 处理 实时 回传 重大 诉讼 仲裁 事项 经营 活动 高校 联合 深度学习 算法 研究 赋能 产品 智能 设计 数据 治理 体系 建设 统一 数据 标准 数据 资产 质量 核心 业务 系统 迁移 上云 采用 混合 架构 降低 IT 运维 成本 建设 智能 客服 系统 应用 自然语言处理 技术 工单 自动 分类 建设 工业互联网 平台 设备 联网 远程 运维 数据中心 一期 建成 投用 具备 PB 数据 存储 计算能力 拓展 海外 市场 出口 业务收入 国际化 布局 初见成效 运用 数据挖掘 技术 分析 客户 行为 精准 营销 探索 区块链 技术 产品 溯源 应用 流程 信息 试点 数字人民币 结算 场景 丰富 收款 渠道 运用 数据挖掘 技术 分析 客户 行为 精准 营销 引入 人工智能 技术 优化 prod 质检 环节 缺陷 识别 准确率 构建 智慧物流 体系 仓储 分拣 自动化 水平 部署 机器学习 算法 销售 数据 需求预测 库存 周转 效率 明显改善 智能制造 升级 数字化 车间 省级 认定 本期 新增 专利 授权 专利 技术储备 夯实 试点 数字人民币 结算 场景 丰富 收款 渠道 引入 人工智能 技术 优化 prod 质检 环节 缺陷 识别 准确率 利用 智能合约 技术 自动 供应商 结算 条款 拓展 海外 市场 出口 业务收入 国际化 布局 初见成效 持续 加大 研发 投入 研发 费用 营业 收入 比例 高端 装备 技术 攻关 持续 加大 研发 投入 研发 费用 营业 收入 比例 纺织 服装 技术 攻关 采购 服务 替代 传统 服务器 部署 系统 上线 周期 大幅 缩短 数据中心 一期 建成 投用 具备 PB 数据 存储 计算能力 数据 治理 体系 建设 统一 数据 标准 数据 资产 质量 上线 智能 排产 系统 智能算法 优化 生产 排程 探索 区块链 技术 产品 溯源 应用 流程 信息,285
DEMO041,演示DEMO041股份有限公司,信息技术,2023,年度报告,公司核心业务系统迁移上云，采用混合云架构降低IT运维成本。公司建设大数据平台，整合生产、销售与供应链数据，支撑经营决策。公司建设工业互联网平台，实现设备联网与远程运维。公司引入人工智能技术优化{prod}质检环节，缺陷识别准确率显著提升。公司建设智能客服系统，应用自然语言处理技术实现工单自动分类。公司深耕华南市场，区域市场份额稳中有升，品牌影响力持续增强。公司高度重视安全生产与环境保护，报告期内未发生重大安全事故。公司与高校联合开展深度学习算法研究，赋能产品智能设计。公司推进经营管理信息化，上线新一代ERP系统实现业财一体。公司数据中心一期建成投用，具备 PB 级数据存储与计算能力。公司建设大数据平台，整合生产、销售与供应链数据，支撑经营决策。公司上线智能排产系统，通过智能算法优化生产计划排程。公司应用数字孪生技术对重点产线进行虚拟建模与仿真优化。受行业周期影响，部分产品价格有所回落，公司及时调整销售策略，库存水平保持在合理范围。公司高度重视安全生产与环境保护，报告期内未发生重大安全事故。公司建设工业互联网平台，实现设备联网与远程运维。公司构建经营分析数据仓库，管理层可实时查看核心经营指标。公司成立数据中台团队，推动业务数据化、数据业务化。公司数据中心一期建成投用，具备 PB 级数据存储与计算能力。公司持续加大研发投入，研发费用占营业收入比例为4.4%，围绕电子元器件开展技术攻关。公司与高校联合开展深度学习算法研究，赋能产品智能设计。公司引入边缘计算设备，实现车间数据的就地处理与实时回传。原材料价格波动对成本端形成一定压力，公司通过集中采购和套期保值部分对冲了成本上行风险。公司评估公有云与私有云方案，逐步构建统一算力资源池。公司推动业务流程线上化，无纸化办公覆盖全部业务部门。公司构建智慧物流体系，仓储分拣自动化水平显著提高。公司持续加大研发投入，研发费用占营业收入比例为2.6%，围绕食品饮料开展技术攻关。报告期内公司客户结构进一步优化，前五大客户收入占比为28.3%，客户集中度处于合理区间。本年度公司人力成本略有上升，管理费用率保持稳定，费用管控成效显现。公司本期新增专利授权3项，累计有效专利210项，技术储备进一步夯实。公司深耕西南市场，区域市场份额稳中有升，品牌影响力持续增强。公司引入人工智能技术优化{prod}质检环节，缺陷识别准确率显著提升。公司探索区块链技术在产品溯源中的应用，实现全流程信息上链。,脚本生成演示语料(step0_make_demo_corpus.py),公司核心业务系统迁移上云，采用混合云架构降低IT运维成本。公司建设大数据平台，整合生产、销售与供应链数据，支撑经营决策。公司建设工业互联网平台，实现设备联网与远程运维。公司引入人工智能技术优化{prod}质检环节，缺陷识别准确率显著提升。公司建设智能客服系统，应用自然语言处理技术实现工单自动分类。公司深耕华南市场，区域市场份额稳中有升，品牌影响力持续增强。公司高度重视安全生产与环境保护，报告期内未发生重大安全事故。公司与高校联合开展深度学习算法研究，赋能产品智能设计。公司推进经营管理信息化，上线新一代ERP系统实现业财一体。公司数据中心一期建成投用，具备 PB 级数据存储与计算能力。公司建设大数据平台，整合生产、销售与供应链数据，支撑经营决策。公司上线智能排产系统，通过智能算法优化生产计划排程。公司应用数字孪生技术对重点产线进行虚拟建模与仿真优化。受行业周期影响，部分产品价格有所回落，公司及时调整销售策略，库存水平保持在合理范围。公司高度重视安全生产与环境保护，报告期内未发生重大安全事故。公司建设工业互联网平台，实现设备联网与远程运维。公司构建经营分析数据仓库，管理层可实时查看核心经营指标。公司成立数据中台团队，推动业务数据化、数据业务化。公司数据中心一期建成投用，具备 PB 级数据存储与计算能力。公司持续加大研发投入，研发费用占营业收入比例为4.4%，围绕电子元器件开展技术攻关。公司与高校联合开展深度学习算法研究，赋能产品智能设计。公司引入边缘计算设备，实现车间数据的就地处理与实时回传。原材料价格波动对成本端形成一定压力，公司通过集中采购和套期保值部分对冲了成本上行风险。公司评估公有云与私有云方案，逐步构建统一算力资源池。公司推动业务流程线上化，无纸化办公覆盖全部业务部门。公司构建智慧物流体系，仓储分拣自动化水平显著提高。公司持续加大研发投入，研发费用占营业收入比例为2.6%，围绕食品饮料开展技术攻关。报告期内公司客户结构进一步优化，前五大客户收入占比为28.3%，客户集中度处于合理区间。本年度公司人力成本略有上升，管理费用率保持稳定，费用管控成效显现。公司本期新增专利授权3项，累计有效专利210项，技术储备进一步夯实。公司深耕西南市场，区域市场份额稳中有升，品牌影响力持续增强。公司引入人工智能技术优化{prod}质检环节，缺陷识别准确率显著提升。公司探索区块链技术在产品溯源中的应用，实现全流程信息上链。,核心 业务 系统 迁移 上云 采用 混合 架构 降低 IT 运维 成本 建设 大数据 平台 整合 生产 销售 供应链 数据 支撑 经营 决策 建设 工业互联网 平台 设备 联网 远程 运维 引入 人工智能 技术 优化 prod 质检 环节 缺陷 识别 准确率 建设 智能 客服 系统 应用 自然语言处理 技术 工单 自动 分类 深耕 华南 市场 区域 市场份额 稳中有升 品牌 影响力 持续 增强 高度重视 安全 生产 环境保护 发生 重大 安全事故 高校 联合 深度学习 算法 研究 赋能 产品 智能 设计 经营 管理 信息化 上线 新一代 ERP 系统 业财一体 数据中心 一期 建成 投用 具备 PB 数据 存储 计算能力 建设 大数据 平台 整合 生产 销售 供应链 数据 支撑 经营 决策 上线 智能 排产 系统 智能算法 优化 生产 排程 应用 数字孪生 技术 产线 虚拟 建模 仿真 优化 行业 周期 影响 产品价格 有所 回落 及时 调整 销售策略 库存 水平 合理 范围 高度重视 安全 生产 环境保护 发生 重大 安全事故 建设 工业互联网 平台 设备 联网 远程 运维 构建 经营 分析 数据仓库 管理层 实时 查看 核心 经营 指标 成立 数据中台 团队 业务 数据 数据业务 数据中心 一期 建成 投用 具备 PB 数据 存储 计算能力 持续 加大 研发 投入 研发 费用 营业 收入 比例 电子 元器件 技术 攻关 高校 联合 深度学习 算法 研究 赋能 产品 智能 设计 引入 边缘计算 设备 车间 数据 处理 实时 回传 原材料 价格 波动 成本 形成 一定 压力 集中 采购 套期 保值 对冲 成本 上行 风险 评估 公有 私有 方案 逐步 构建 统一 算力 资源 业务流程 上化 无纸化 办公 覆盖 全部 业务部门 构建 智慧物流 体系 仓储 分拣 自动化 水平 持续 加大 研发 投入 研发 费用 营业 收入 比例 食品饮料 技术 攻关 客户 结构 优化 五大 客户 收入 客户 集中度 处于 合理 区间 本年度 人力 成本 略有 管理 费用率 保持稳定 费用 管控 成效 显现 本期 新增 专利 授权 专利 技术储备 夯实 深耕 西南 市场 区域 市场份额 稳中有升 品牌 影响力 持续 增强 引入 人工智能 技术 优化 prod 质检 环节 缺陷 识别 准确率 探索 区块链 技术 产品 溯源 应用 流程 信息,309
DEMO041,演示DEMO041股份有限公司,信息技术,2024,年度报告,公司试点数字人民币结算场景，丰富收款渠道。公司参与行业区块链联盟，推动供应链单证电子化与可信流转。公司采购云服务替代传统服务器部署，系统上线周期大幅缩短。公司试点数字人民币结算场景，丰富收款渠道。公司与高校联合开展深度学习算法研究，赋能产品智能设计。公司建设智能客服系统，应用自然语言处理技术实现工单自动分类。公司引入边缘计算设备，实现车间数据的就地处理与实时回传。公司持续加大研发投入，研发费用占营业收入比例为2.6%，围绕食品饮料开展技术攻关。公司推动业务流程线上化，无纸化办公覆盖全部业务部门。公司与高校联合开展深度学习算法研究，赋能产品智能设计。公司与高校联合开展深度学习算法研究，赋能产品智能设计。公司核心业务系统迁移上云，采用混合云架构降低IT运维成本。公司引入边缘计算设备，实现车间数据的就地处理与实时回传。公司应用数字孪生技术对重点产线进行虚拟建模与仿真优化。公司本期新增专利授权15项，累计有效专利210项，技术储备进一步夯实。公司核心业务系统迁移上云，采用混合云架构降低IT运维成本。公司推进经营管理信息化，上线新一代ERP系统实现业财一体。公司高度重视安全生产与环境保护，报告期内未发生重大安全事故。下半年公司将围绕年度经营计划，重点做好市场开拓、成本控制与人才梯队建设等工作。公司上线智能排产系统，通过智能算法优化生产计划排程。公司探索区块链技术在产品溯源中的应用，实现全流程信息上链。公司积极拓展海外市场，出口业务收入同比增长30.5%，国际化布局初见成效。公司与高校联合开展深度学习算法研究，赋能产品智能设计。公司探索区块链技术在产品溯源中的应用，实现全流程信息上链。公司核心业务系统迁移上云，采用混合云架构降低IT运维成本。公司制定数字化转型规划，成立数字化管理委员会统筹推进。公司建设大数据平台，整合生产、销售与供应链数据，支撑经营决策。公司现金流状况良好，经营活动现金流量净额为8.7亿元，资产负债结构稳健。公司发展电子商务业务，线上渠道收入占比持续提升。公司发展电子商务业务，线上渠道收入占比持续提升。公司本期新增专利授权15项，累计有效专利210项，技术储备进一步夯实。报告期内，公司实现营业收入63.7亿元，同比增长5.6%，主要得益于主营业务产销规模扩大。,脚本生成演示语料(step0_make_demo_corpus.py),公司试点数字人民币结算场景，丰富收款渠道。公司参与行业区块链联盟，推动供应链单证电子化与可信流转。公司采购云服务替代传统服务器部署，系统上线周期大幅缩短。公司试点数字人民币结算场景，丰富收款渠道。公司与高校联合开展深度学习算法研究，赋能产品智能设计。公司建设智能客服系统，应用自然语言处理技术实现工单自动分类。公司引入边缘计算设备，实现车间数据的就地处理与实时回传。公司持续加大研发投入，研发费用占营业收入比例为2.6%，围绕食品饮料开展技术攻关。公司推动业务流程线上化，无纸化办公覆盖全部业务部门。公司与高校联合开展深度学习算法研究，赋能产品智能设计。公司与高校联合开展深度学习算法研究，赋能产品智能设计。公司核心业务系统迁移上云，采用混合云架构降低IT运维成本。公司引入边缘计算设备，实现车间数据的就地处理与实时回传。公司应用数字孪生技术对重点产线进行虚拟建模与仿真优化。公司本期新增专利授权15项，累计有效专利210项，技术储备进一步夯实。公司核心业务系统迁移上云，采用混合云架构降低IT运维成本。公司推进经营管理信息化，上线新一代ERP系统实现业财一体。公司高度重视安全生产与环境保护，报告期内未发生重大安全事故。下半年公司将围绕年度经营计划，重点做好市场开拓、成本控制与人才梯队建设等工作。公司上线智能排产系统，通过智能算法优化生产计划排程。公司探索区块链技术在产品溯源中的应用，实现全流程信息上链。公司积极拓展海外市场，出口业务收入同比增长30.5%，国际化布局初见成效。公司与高校联合开展深度学习算法研究，赋能产品智能设计。公司探索区块链技术在产品溯源中的应用，实现全流程信息上链。公司核心业务系统迁移上云，采用混合云架构降低IT运维成本。公司制定数字化转型规划，成立数字化管理委员会统筹推进。公司建设大数据平台，整合生产、销售与供应链数据，支撑经营决策。公司现金流状况良好，经营活动现金流量净额为8.7亿元，资产负债结构稳健。公司发展电子商务业务，线上渠道收入占比持续提升。公司发展电子商务业务，线上渠道收入占比持续提升。公司本期新增专利授权15项，累计有效专利210项，技术储备进一步夯实。报告期内，公司实现营业收入63.7亿元，同比增长5.6%，主要得益于主营业务产销规模扩大。,试点 数字人民币 结算 场景 丰富 收款 渠道 参与 行业 区块链 联盟 供应链 单证 电子化 可信 流转 采购 服务 替代 传统 服务器 部署 系统 上线 周期 大幅 缩短 试点 数字人民币 结算 场景 丰富 收款 渠道 高校 联合 深度学习 算法 研究 赋能 产品 智能 设计 建设 智能 客服 系统 应用 自然语言处理 技术 工单 自动 分类 引入 边缘计算 设备 车间 数据 处理 实时 回传 持续 加大 研发 投入 研发 费用 营业 收入 比例 食品饮料 技术 攻关 业务流程 上化 无纸化 办公 覆盖 全部 业务部门 高校 联合 深度学习 算法 研究 赋能 产品 智能 设计 高校 联合 深度学习 算法 研究 赋能 产品 智能 设计 核心 业务 系统 迁移 上云 采用 混合 架构 降低 IT 运维 成本 引入 边缘计算 设备 车间 数据 处理 实时 回传 应用 数字孪生 技术 产线 虚拟 建模 仿真 优化 本期 新增 专利 授权 专利 技术储备 夯实 核心 业务 系统 迁移 上云 采用 混合 架构 降低 IT 运维 成本 经营 管理 信息化 上线 新一代 ERP 系统 业财一体 高度重视 安全 生产 环境保护 发生 重大 安全事故 下半年 年度 经营 做好 市场 开拓 成本 控制 人才 梯队 建设 上线 智能 排产 系统 智能算法 优化 生产 排程 探索 区块链 技术 产品 溯源 应用 流程 信息 拓展 海外 市场 出口 业务收入 国际化 布局 初见成效 高校 联合 深度学习 算法 研究 赋能 产品 智能 设计 探索 区块链 技术 产品 溯源 应用 流程 信息 核心 业务 系统 迁移 上云 采用 混合 架构 降低 IT 运维 成本 制定 数字化转型 规划 成立 数字化 管理 委员会 统筹 建设 大数据 平台 整合 生产 销售 供应链 数据 支撑 经营 决策 现金流 状况良好 经营 活动 现金流量 净额 资产负债 结构 稳健 发展 电子商务 业务 线上 渠道 收入 持续 发展 电子商务 业务 线上 渠道 收入 持续 本期 新增 专利 授权 专利 技术储备 夯实 营业 收入 得益于 主营业务 产销 规模 扩大,280
DEMO042,演示DEMO042股份有限公司,制造业,2020,年度报告,公司采购云服务替代传统服务器部署，系统上线周期大幅缩短。公司引入边缘计算设备，实现车间数据的就地处理与实时回传。公司推进智能制造升级，数字化车间已通过省级认定。公司现金流状况良好，经营活动现金流量净额为3.2亿元，资产负债结构稳健。下半年公司将围绕年度经营计划，重点做好市场开拓、成本控制与人才梯队建设等工作。公司持续加大研发投入，研发费用占营业收入比例为3.2%，围绕食品饮料开展技术攻关。报告期内公司无重大诉讼仲裁事项，各项经营活动正常开展。公司制定数字化转型规划，成立数字化管理委员会统筹推进。公司本期新增专利授权3项，累计有效专利85项，技术储备进一步夯实。报告期内，公司实现营业收入12.6亿元，同比增长-3.1%，主要得益于主营业务产销规模扩大。公司成立数据中台团队，推动业务数据化、数据业务化。公司与高校联合开展深度学习算法研究，赋能产品智能设计。公司高度重视安全生产与环境保护，报告期内未发生重大安全事故。原材料价格波动对成本端形成一定压力，公司通过集中采购和套期保值部分对冲了成本上行风险。公司持续优化产品结构，高端装备业务占比稳步提升，毛利率较上年上升2.5个百分点。公司持续加大研发投入，研发费用占营业收入比例为1.8%，围绕纺织服装开展技术攻关。公司成立数据中台团队，推动业务数据化、数据业务化。公司评估公有云与私有云方案，逐步构建统一算力资源池。公司建立健全内部控制系统，治理结构规范，三会运作正常。公司引入边缘计算设备，实现车间数据的就地处理与实时回传。报告期内，公司实现营业收入28.4亿元，同比增长5.6%，主要得益于主营业务产销规模扩大。公司推进经营管理信息化，上线新一代ERP系统实现业财一体。,脚本生成演示语料(step0_make_demo_corpus.py),公司采购云服务替代传统服务器部署，系统上线周期大幅缩短。公司引入边缘计算设备，实现车间数据的就地处理与实时回传。公司推进智能制造升级，数字化车间已通过省级认定。公司现金流状况良好，经营活动现金流量净额为3.2亿元，资产负债结构稳健。下半年公司将围绕年度经营计划，重点做好市场开拓、成本控制与人才梯队建设等工作。公司持续加大研发投入，研发费用占营业收入比例为3.2%，围绕食品饮料开展技术攻关。报告期内公司无重大诉讼仲裁事项，各项经营活动正常开展。公司制定数字化转型规划，成立数字化管理委员会统筹推进。公司本期新增专利授权3项，累计有效专利85项，技术储备进一步夯实。报告期内，公司实现营业收入12.6亿元，同比增长-3.1%，主要得益于主营业务产销规模扩大。公司成立数据中台团队，推动业务数据化、数据业务化。公司与高校联合开展深度学习算法研究，赋能产品智能设计。公司高度重视安全生产与环境保护，报告期内未发生重大安全事故。原材料价格波动对成本端形成一定压力，公司通过集中采购和套期保值部分对冲了成本上行风险。公司持续优化产品结构，高端装备业务占比稳步提升，毛利率较上年上升2.5个百分点。公司持续加大研发投入，研发费用占营业收入比例为1.8%，围绕纺织服装开展技术攻关。公司成立数据中台团队，推动业务数据化、数据业务化。公司评估公有云与私有云方案，逐步构建统一算力资源池。公司建立健全内部控制系统，治理结构规范，三会运作正常。公司引入边缘计算设备，实现车间数据的就地处理与实时回传。报告期内，公司实现营业收入28.4亿元，同比增长5.6%，主要得益于主营业务产销规模扩大。公司推进经营管理信息化，上线新一代ERP系统实现业财一体。,采购 服务 替代 传统 服务器 部署 系统 上线 周期 大幅 缩短 引入 边缘计算 设备 车间 数据 处理 实时 回传 智能制造 升级 数字化 车间 省级 认定 现金流 状况良好 经营 活动 现金流量 净额 资产负债 结构 稳健 下半年 年度 经营 做好 市场 开拓 成本 控制 人才 梯队 建设 持续 加大 研发 投入 研发 费用 营业 收入 比例 食品饮料 技术 攻关 重大 诉讼 仲裁 事项 经营 活动 制定 数字化转型 规划 成立 数字化 管理 委员会 统筹 本期 新增 专利 授权 专利 技术储备 夯实 营业 收入 得益于 主营业务 产销 规模 扩大 成立 数据中台 团队 业务 数据 数据业务 高校 联合 深度学习 算法 研究 赋能 产品 智能 设计 高度重视 安全 生产 环境保护 发生 重大 安全事故 原材料 价格 波动 成本 形成 一定 压力 集中 采购 套期 保值 对冲 成本 上行 风险 持续 优化 产品 结构 高端 装备 业务 毛利率 百分点 持续 加大 研发 投入 研发 费用 营业 收入 比例 纺织 服装 技术 攻关 成立 数据中台 团队 业务 数据 数据业务 评估 公有 私有 方案 逐步 构建 统一 算力 资源 建立健全 内部 控制系统 治理 结构 规范 三会 运作 引入 边缘计算 设备 车间 数据 处理 实时 回传 营业 收入 得益于 主营业务 产销 规模 扩大 经营 管理 信息化 上线 新一代 ERP 系统 业财一体,190
DEMO042,演示DEMO042股份有限公司,制造业,2021,年度报告,公司成立数据中台团队，推动业务数据化、数据业务化。公司现金流状况良好，经营活动现金流量净额为12.4亿元，资产负债结构稳健。公司继续推进产能建设，纺织服装项目一期已投产，预计达产后年新增产能8万吨。公司核心业务系统迁移上云，采用混合云架构降低IT运维成本。公司核心业务系统迁移上云，采用混合云架构降低IT运维成本。受行业周期影响，部分产品价格有所回落，公司及时调整销售策略，库存水平保持在合理范围。公司持续优化产品结构，纺织服装业务占比稳步提升，毛利率较上年下降1.5个百分点。公司积极拓展海外市场，出口业务收入同比增长18.9%，国际化布局初见成效。公司持续加大研发投入，研发费用占营业收入比例为2.6%，围绕精细化工产品开展技术攻关。公司制定数字化转型规划，成立数字化管理委员会统筹推进。公司高度重视安全生产与环境保护，报告期内未发生重大安全事故。公司核心业务系统迁移上云，采用混合云架构降低IT运维成本。公司发展电子商务业务，线上渠道收入占比持续提升。报告期内人民币汇率波动加大，公司通过远期结售汇业务降低了汇兑损失。公司与高校联合开展深度学习算法研究，赋能产品智能设计。本年度公司人力成本略有上升，管理费用率保持稳定，费用管控成效显现。公司运用数据挖掘技术分析客户行为，实现精准营销。公司主要客户为行业龙头企业，合作关系稳定，应收账款回款情况良好。公司推动业务流程线上化，无纸化办公覆盖全部业务部门。公司引入人工智能技术优化{prod}质检环节，缺陷识别准确率显著提升。公司建设智能客服系统，应用自然语言处理技术实现工单自动分类。公司与高校联合开展深度学习算法研究，赋能产品智能设计。公司本期新增专利授权11项，累计有效专利38项，技术储备进一步夯实。公司建设智能客服系统，应用自然语言处理技术实现工单自动分类。公司上线智能排产系统，通过智能算法优化生产计划排程。公司参与行业区块链联盟，推动供应链单证电子化与可信流转。,脚本生成演示语料(step0_make_demo_corpus.py),公司成立数据中台团队，推动业务数据化、数据业务化。公司现金流状况良好，经营活动现金流量净额为12.4亿元，资产负债结构稳健。公司继续推进产能建设，纺织服装项目一期已投产，预计达产后年新增产能8万吨。公司核心业务系统迁移上云，采用混合云架构降低IT运维成本。公司核心业务系统迁移上云，采用混合云架构降低IT运维成本。受行业周期影响，部分产品价格有所回落，公司及时调整销售策略，库存水平保持在合理范围。公司持续优化产品结构，纺织服装业务占比稳步提升，毛利率较上年下降1.5个百分点。公司积极拓展海外市场，出口业务收入同比增长18.9%，国际化布局初见成效。公司持续加大研发投入，研发费用占营业收入比例为2.6%，围绕精细化工产品开展技术攻关。公司制定数字化转型规划，成立数字化管理委员会统筹推进。公司高度重视安全生产与环境保护，报告期内未发生重大安全事故。公司核心业务系统迁移上云，采用混合云架构降低IT运维成本。公司发展电子商务业务，线上渠道收入占比持续提升。报告期内人民币汇率波动加大，公司通过远期结售汇业务降低了汇兑损失。公司与高校联合开展深度学习算法研究，赋能产品智能设计。本年度公司人力成本略有上升，管理费用率保持稳定，费用管控成效显现。公司运用数据挖掘技术分析客户行为，实现精准营销。公司主要客户为行业龙头企业，合作关系稳定，应收账款回款情况良好。公司推动业务流程线上化，无纸化办公覆盖全部业务部门。公司引入人工智能技术优化{prod}质检环节，缺陷识别准确率显著提升。公司建设智能客服系统，应用自然语言处理技术实现工单自动分类。公司与高校联合开展深度学习算法研究，赋能产品智能设计。公司本期新增专利授权11项，累计有效专利38项，技术储备进一步夯实。公司建设智能客服系统，应用自然语言处理技术实现工单自动分类。公司上线智能排产系统，通过智能算法优化生产计划排程。公司参与行业区块链联盟，推动供应链单证电子化与可信流转。,成立 数据中台 团队 业务 数据 数据业务 现金流 状况良好 经营 活动 现金流量 净额 资产负债 结构 稳健 产能 建设 纺织 服装 项目 一期 投产 预计 达产 新增 产能 万吨 核心 业务 系统 迁移 上云 采用 混合 架构 降低 IT 运维 成本 核心 业务 系统 迁移 上云 采用 混合 架构 降低 IT 运维 成本 行业 周期 影响 产品价格 有所 回落 及时 调整 销售策略 库存 水平 合理 范围 持续 优化 产品 结构 纺织 服装 业务 毛利率 百分点 拓展 海外 市场 出口 业务收入 国际化 布局 初见成效 持续 加大 研发 投入 研发 费用 营业 收入 比例 精细化工 产品 技术 攻关 制定 数字化转型 规划 成立 数字化 管理 委员会 统筹 高度重视 安全 生产 环境保护 发生 重大 安全事故 核心 业务 系统 迁移 上云 采用 混合 架构 降低 IT 运维 成本 发展 电子商务 业务 线上 渠道 收入 持续 人民币 汇率 波动 加大 远期 结售汇 业务 降低 汇兑 损失 高校 联合 深度学习 算法 研究 赋能 产品 智能 设计 本年度 人力 成本 略有 管理 费用率 保持稳定 费用 管控 成效 显现 运用 数据挖掘 技术 分析 客户 行为 精准 营销 客户 行业龙头 企业 合作 关系 应收 账款 回款 业务流程 上化 无纸化 办公 覆盖 全部 业务部门 引入 人工智能 技术 优化 prod 质检 环节 缺陷 识别 准确率 建设 智能 客服 系统 应用 自然语言处理 技术 工单 自动 分类 高校 联合 深度学习 算法 研究 赋能 产品 智能 设计 本期 新增 专利 授权 专利 技术储备 夯实 建设 智能 客服 系统 应用 自然语言处理 技术 工单 自动 分类 上线 智能 排产 系统 智能算法 优化 生产 排程 参与 行业 区块链 联盟 供应链 单证 电子化 可信 流转,244
DEMO042,演示DEMO042股份有限公司,制造业,2022,年度报告,公司继续推进产能建设，精细化工产品项目一期已投产，预计达产后年新增产能5万吨。公司核心业务系统迁移上云，采用混合云架构降低IT运维成本。公司持续优化产品结构，纺织服装业务占比稳步提升，毛利率较上年下降0.8个百分点。公司本期新增专利授权15项，累计有效专利210项，技术储备进一步夯实。公司应用数字孪生技术对重点产线进行虚拟建模与仿真优化。公司评估公有云与私有云方案，逐步构建统一算力资源池。公司数据中心一期建成投用，具备 PB 级数据存储与计算能力。公司引入边缘计算设备，实现车间数据的就地处理与实时回传。公司建设大数据平台，整合生产、销售与供应链数据，支撑经营决策。公司持续优化产品结构，纺织服装业务占比稳步提升，毛利率较上年下降0.8个百分点。报告期内公司无重大诉讼仲裁事项，各项经营活动正常开展。受行业周期影响，部分产品价格有所回落，公司及时调整销售策略，库存水平保持在合理范围。公司运用数据挖掘技术分析客户行为，实现精准营销。报告期内，公司实现营业收入8.9亿元，同比增长15.2%，主要得益于主营业务产销规模扩大。公司数据中心一期建成投用，具备 PB 级数据存储与计算能力。公司本期新增专利授权11项，累计有效专利56项，技术储备进一步夯实。公司引入人工智能技术优化{prod}质检环节，缺陷识别准确率显著提升。公司建设大数据平台，整合生产、销售与供应链数据，支撑经营决策。公司建设大数据平台，整合生产、销售与供应链数据，支撑经营决策。公司制定数字化转型规划，成立数字化管理委员会统筹推进。公司推进经营管理信息化，上线新一代ERP系统实现业财一体。公司建设智能客服系统，应用自然语言处理技术实现工单自动分类。公司主要客户为行业龙头企业，合作关系稳定，应收账款回款情况良好。,脚本生成演示语料(step0_make_demo_corpus.py),公司继续推进产能建设，精细化工产品项目一期已投产，预计达产后年新增产能5万吨。公司核心业务系统迁移上云，采用混合云架构降低IT运维成本。公司持续优化产品结构，纺织服装业务占比稳步提升，毛利率较上年下降0.8个百分点。公司本期新增专利授权15项，累计有效专利210项，技术储备进一步夯实。公司应用数字孪生技术对重点产线进行虚拟建模与仿真优化。公司评估公有云与私有云方案，逐步构建统一算力资源池。公司数据中心一期建成投用，具备 PB 级数据存储与计算能力。公司引入边缘计算设备，实现车间数据的就地处理与实时回传。公司建设大数据平台，整合生产、销售与供应链数据，支撑经营决策。公司持续优化产品结构，纺织服装业务占比稳步提升，毛利率较上年下降0.8个百分点。报告期内公司无重大诉讼仲裁事项，各项经营活动正常开展。受行业周期影响，部分产品价格有所回落，公司及时调整销售策略，库存水平保持在合理范围。公司运用数据挖掘技术分析客户行为，实现精准营销。报告期内，公司实现营业收入8.9亿元，同比增长15.2%，主要得益于主营业务产销规模扩大。公司数据中心一期建成投用，具备 PB 级数据存储与计算能力。公司本期新增专利授权11项，累计有效专利56项，技术储备进一步夯实。公司引入人工智能技术优化{prod}质检环节，缺陷识别准确率显著提升。公司建设大数据平台，整合生产、销售与供应链数据，支撑经营决策。公司建设大数据平台，整合生产、销售与供应链数据，支撑经营决策。公司制定数字化转型规划，成立数字化管理委员会统筹推进。公司推进经营管理信息化，上线新一代ERP系统实现业财一体。公司建设智能客服系统，应用自然语言处理技术实现工单自动分类。公司主要客户为行业龙头企业，合作关系稳定，应收账款回款情况良好。,产能 建设 精细化工 产品 项目 一期 投产 预计 达产 新增 产能 万吨 核心 业务 系统 迁移 上云 采用 混合 架构 降低 IT 运维 成本 持续 优化 产品 结构 纺织 服装 业务 毛利率 百分点 本期 新增 专利 授权 专利 技术储备 夯实 应用 数字孪生 技术 产线 虚拟 建模 仿真 优化 评估 公有 私有 方案 逐步 构建 统一 算力 资源 数据中心 一期 建成 投用 具备 PB 数据 存储 计算能力 引入 边缘计算 设备 车间 数据 处理 实时 回传 建设 大数据 平台 整合 生产 销售 供应链 数据 支撑 经营 决策 持续 优化 产品 结构 纺织 服装 业务 毛利率 百分点 重大 诉讼 仲裁 事项 经营 活动 行业 周期 影响 产品价格 有所 回落 及时 调整 销售策略 库存 水平 合理 范围 运用 数据挖掘 技术 分析 客户 行为 精准 营销 营业 收入 得益于 主营业务 产销 规模 扩大 数据中心 一期 建成 投用 具备 PB 数据 存储 计算能力 本期 新增 专利 授权 专利 技术储备 夯实 引入 人工智能 技术 优化 prod 质检 环节 缺陷 识别 准确率 建设 大数据 平台 整合 生产 销售 供应链 数据 支撑 经营 决策 建设 大数据 平台 整合 生产 销售 供应链 数据 支撑 经营 决策 制定 数字化转型 规划 成立 数字化 管理 委员会 统筹 经营 管理 信息化 上线 新一代 ERP 系统 业财一体 建设 智能 客服 系统 应用 自然语言处理 技术 工单 自动 分类 客户 行业龙头 企业 合作 关系 应收 账款 回款,210
DEMO042,演示DEMO042股份有限公司,制造业,2023,年度报告,公司推进计算机视觉技术在生产线上的应用，实现关键工序自动检测。公司持续加大研发投入，研发费用占营业收入比例为2.6%，围绕精细化工产品开展技术攻关。公司持续优化产品结构，电子元器件业务占比稳步提升，毛利率较上年上升2.5个百分点。公司应用数字孪生技术对重点产线进行虚拟建模与仿真优化。报告期内公司无重大诉讼仲裁事项，各项经营活动正常开展。公司深耕华南市场，区域市场份额稳中有升，品牌影响力持续增强。下半年公司将围绕年度经营计划，重点做好市场开拓、成本控制与人才梯队建设等工作。受行业周期影响，部分产品价格有所回落，公司及时调整销售策略，库存水平保持在合理范围。公司现金流状况良好，经营活动现金流量净额为5.8亿元，资产负债结构稳健。下半年公司将围绕年度经营计划，重点做好市场开拓、成本控制与人才梯队建设等工作。公司引入人工智能技术优化{prod}质检环节，缺陷识别准确率显著提升。公司持续加大研发投入，研发费用占营业收入比例为3.2%，围绕电子元器件开展技术攻关。公司部署机器学习算法对销售数据进行需求预测，库存周转效率明显改善。公司推动业务流程线上化，无纸化办公覆盖全部业务部门。公司现金流状况良好，经营活动现金流量净额为12.4亿元，资产负债结构稳健。原材料价格波动对成本端形成一定压力，公司通过集中采购和套期保值部分对冲了成本上行风险。公司成立数据中台团队，推动业务数据化、数据业务化。公司与高校联合开展深度学习算法研究，赋能产品智能设计。公司建设工业互联网平台，实现设备联网与远程运维。公司数据中心一期建成投用，具备 PB 级数据存储与计算能力。公司运用数据挖掘技术分析客户行为，实现精准营销。公司参与行业区块链联盟，推动供应链单证电子化与可信流转。公司本期新增专利授权11项，累计有效专利210项，技术储备进一步夯实。公司上线智能排产系统，通过智能算法优化生产计划排程。,脚本生成演示语料(step0_make_demo_corpus.py),公司推进计算机视觉技术在生产线上的应用，实现关键工序自动检测。公司持续加大研发投入，研发费用占营业收入比例为2.6%，围绕精细化工产品开展技术攻关。公司持续优化产品结构，电子元器件业务占比稳步提升，毛利率较上年上升2.5个百分点。公司应用数字孪生技术对重点产线进行虚拟建模与仿真优化。报告期内公司无重大诉讼仲裁事项，各项经营活动正常开展。公司深耕华南市场，区域市场份额稳中有升，品牌影响力持续增强。下半年公司将围绕年度经营计划，重点做好市场开拓、成本控制与人才梯队建设等工作。受行业周期影响，部分产品价格有所回落，公司及时调整销售策略，库存水平保持在合理范围。公司现金流状况良好，经营活动现金流量净额为5.8亿元，资产负债结构稳健。下半年公司将围绕年度经营计划，重点做好市场开拓、成本控制与人才梯队建设等工作。公司引入人工智能技术优化{prod}质检环节，缺陷识别准确率显著提升。公司持续加大研发投入，研发费用占营业收入比例为3.2%，围绕电子元器件开展技术攻关。公司部署机器学习算法对销售数据进行需求预测，库存周转效率明显改善。公司推动业务流程线上化，无纸化办公覆盖全部业务部门。公司现金流状况良好，经营活动现金流量净额为12.4亿元，资产负债结构稳健。原材料价格波动对成本端形成一定压力，公司通过集中采购和套期保值部分对冲了成本上行风险。公司成立数据中台团队，推动业务数据化、数据业务化。公司与高校联合开展深度学习算法研究，赋能产品智能设计。公司建设工业互联网平台，实现设备联网与远程运维。公司数据中心一期建成投用，具备 PB 级数据存储与计算能力。公司运用数据挖掘技术分析客户行为，实现精准营销。公司参与行业区块链联盟，推动供应链单证电子化与可信流转。公司本期新增专利授权11项，累计有效专利210项，技术储备进一步夯实。公司上线智能排产系统，通过智能算法优化生产计划排程。,计算机视觉 技术 生产线 应用 关键 工序 自动检测 持续 加大 研发 投入 研发 费用 营业 收入 比例 精细化工 产品 技术 攻关 持续 优化 产品 结构 电子 元器件 业务 毛利率 百分点 应用 数字孪生 技术 产线 虚拟 建模 仿真 优化 重大 诉讼 仲裁 事项 经营 活动 深耕 华南 市场 区域 市场份额 稳中有升 品牌 影响力 持续 增强 下半年 年度 经营 做好 市场 开拓 成本 控制 人才 梯队 建设 行业 周期 影响 产品价格 有所 回落 及时 调整 销售策略 库存 水平 合理 范围 现金流 状况良好 经营 活动 现金流量 净额 资产负债 结构 稳健 下半年 年度 经营 做好 市场 开拓 成本 控制 人才 梯队 建设 引入 人工智能 技术 优化 prod 质检 环节 缺陷 识别 准确率 持续 加大 研发 投入 研发 费用 营业 收入 比例 电子 元器件 技术 攻关 部署 机器学习 算法 销售 数据 需求预测 库存 周转 效率 明显改善 业务流程 上化 无纸化 办公 覆盖 全部 业务部门 现金流 状况良好 经营 活动 现金流量 净额 资产负债 结构 稳健 原材料 价格 波动 成本 形成 一定 压力 集中 采购 套期 保值 对冲 成本 上行 风险 成立 数据中台 团队 业务 数据 数据业务 高校 联合 深度学习 算法 研究 赋能 产品 智能 设计 建设 工业互联网 平台 设备 联网 远程 运维 数据中心 一期 建成 投用 具备 PB 数据 存储 计算能力 运用 数据挖掘 技术 分析 客户 行为 精准 营销 参与 行业 区块链 联盟 供应链 单证 电子化 可信 流转 本期 新增 专利 授权 专利 技术储备 夯实 上线 智能 排产 系统 智能算法 优化 生产 排程,224
DEMO042,演示DEMO042股份有限公司,制造业,2024,年度报告,原材料价格波动对成本端形成一定压力，公司通过集中采购和套期保值部分对冲了成本上行风险。公司运用数据挖掘技术分析客户行为，实现精准营销。公司本期新增专利授权22项，累计有效专利85项，技术储备进一步夯实。公司引入边缘计算设备，实现车间数据的就地处理与实时回传。公司推进计算机视觉技术在生产线上的应用，实现关键工序自动检测。公司积极拓展海外市场，出口业务收入同比增长9.4%，国际化布局初见成效。公司引入边缘计算设备，实现车间数据的就地处理与实时回传。下半年公司将围绕年度经营计划，重点做好市场开拓、成本控制与人才梯队建设等工作。公司运用数据挖掘技术分析客户行为，实现精准营销。公司核心业务系统迁移上云，采用混合云架构降低IT运维成本。公司运用数据挖掘技术分析客户行为，实现精准营销。公司推动业务流程线上化，无纸化办公覆盖全部业务部门。公司持续加大研发投入，研发费用占营业收入比例为2.6%，围绕电子元器件开展技术攻关。受行业周期影响，部分产品价格有所回落，公司及时调整销售策略，库存水平保持在合理范围。公司利用智能合约技术自动执行供应商结算条款。公司持续优化产品结构，建材业务占比稳步提升，毛利率较上年上升2.5个百分点。公司现金流状况良好，经营活动现金流量净额为8.7亿元，资产负债结构稳健。报告期内人民币汇率波动加大，公司通过远期结售汇业务降低了汇兑损失。公司建设智能客服系统，应用自然语言处理技术实现工单自动分类。公司部署机器学习算法对销售数据进行需求预测，库存周转效率明显改善。公司建设工业互联网平台，实现设备联网与远程运维。公司现金流状况良好，经营活动现金流量净额为12.4亿元，资产负债结构稳健。公司引入人工智能技术优化{prod}质检环节，缺陷识别准确率显著提升。本年度公司人力成本略有上升，管理费用率保持稳定，费用管控成效显现。公司推进智能制造升级，数字化车间已通过省级认定。公司利用智能合约技术自动执行供应商结算条款。公司探索区块链技术在产品溯源中的应用，实现全流程信息上链。,脚本生成演示语料(step0_make_demo_corpus.py),原材料价格波动对成本端形成一定压力，公司通过集中采购和套期保值部分对冲了成本上行风险。公司运用数据挖掘技术分析客户行为，实现精准营销。公司本期新增专利授权22项，累计有效专利85项，技术储备进一步夯实。公司引入边缘计算设备，实现车间数据的就地处理与实时回传。公司推进计算机视觉技术在生产线上的应用，实现关键工序自动检测。公司积极拓展海外市场，出口业务收入同比增长9.4%，国际化布局初见成效。公司引入边缘计算设备，实现车间数据的就地处理与实时回传。下半年公司将围绕年度经营计划，重点做好市场开拓、成本控制与人才梯队建设等工作。公司运用数据挖掘技术分析客户行为，实现精准营销。公司核心业务系统迁移上云，采用混合云架构降低IT运维成本。公司运用数据挖掘技术分析客户行为，实现精准营销。公司推动业务流程线上化，无纸化办公覆盖全部业务部门。公司持续加大研发投入，研发费用占营业收入比例为2.6%，围绕电子元器件开展技术攻关。受行业周期影响，部分产品价格有所回落，公司及时调整销售策略，库存水平保持在合理范围。公司利用智能合约技术自动执行供应商结算条款。公司持续优化产品结构，建材业务占比稳步提升，毛利率较上年上升2.5个百分点。公司现金流状况良好，经营活动现金流量净额为8.7亿元，资产负债结构稳健。报告期内人民币汇率波动加大，公司通过远期结售汇业务降低了汇兑损失。公司建设智能客服系统，应用自然语言处理技术实现工单自动分类。公司部署机器学习算法对销售数据进行需求预测，库存周转效率明显改善。公司建设工业互联网平台，实现设备联网与远程运维。公司现金流状况良好，经营活动现金流量净额为12.4亿元，资产负债结构稳健。公司引入人工智能技术优化{prod}质检环节，缺陷识别准确率显著提升。本年度公司人力成本略有上升，管理费用率保持稳定，费用管控成效显现。公司推进智能制造升级，数字化车间已通过省级认定。公司利用智能合约技术自动执行供应商结算条款。公司探索区块链技术在产品溯源中的应用，实现全流程信息上链。,原材料 价格 波动 成本 形成 一定 压力 集中 采购 套期 保值 对冲 成本 上行 风险 运用 数据挖掘 技术 分析 客户 行为 精准 营销 本期 新增 专利 授权 专利 技术储备 夯实 引入 边缘计算 设备 车间 数据 处理 实时 回传 计算机视觉 技术 生产线 应用 关键 工序 自动检测 拓展 海外 市场 出口 业务收入 国际化 布局 初见成效 引入 边缘计算 设备 车间 数据 处理 实时 回传 下半年 年度 经营 做好 市场 开拓 成本 控制 人才 梯队 建设 运用 数据挖掘 技术 分析 客户 行为 精准 营销 核心 业务 系统 迁移 上云 采用 混合 架构 降低 IT 运维 成本 运用 数据挖掘 技术 分析 客户 行为 精准 营销 业务流程 上化 无纸化 办公 覆盖 全部 业务部门 持续 加大 研发 投入 研发 费用 营业 收入 比例 电子 元器件 技术 攻关 行业 周期 影响 产品价格 有所 回落 及时 调整 销售策略 库存 水平 合理 范围 利用 智能合约 技术 自动 供应商 结算 条款 持续 优化 产品 结构 建材 业务 毛利率 百分点 现金流 状况良好 经营 活动 现金流量 净额 资产负债 结构 稳健 人民币 汇率 波动 加大 远期 结售汇 业务 降低 汇兑 损失 建设 智能 客服 系统 应用 自然语言处理 技术 工单 自动 分类 部署 机器学习 算法 销售 数据 需求预测 库存 周转 效率 明显改善 建设 工业互联网 平台 设备 联网 远程 运维 现金流 状况良好 经营 活动 现金流量 净额 资产负债 结构 稳健 引入 人工智能 技术 优化 prod 质检 环节 缺陷 识别 准确率 本年度 人力 成本 略有 管理 费用率 保持稳定 费用 管控 成效 显现 智能制造 升级 数字化 车间 省级 认定 利用 智能合约 技术 自动 供应商 结算 条款 探索 区块链 技术 产品 溯源 应用 流程 信息,245
DEMO043,演示DEMO043股份有限公司,批发零售,2020,年度报告,公司引入人工智能技术优化{prod}质检环节，缺陷识别准确率显著提升。受行业周期影响，部分产品价格有所回落，公司及时调整销售策略，库存水平保持在合理范围。公司上线智能排产系统，通过智能算法优化生产计划排程。报告期内人民币汇率波动加大，公司通过远期结售汇业务降低了汇兑损失。公司持续优化产品结构，高端装备业务占比稳步提升，毛利率较上年上升1.2个百分点。公司现金流状况良好，经营活动现金流量净额为3.2亿元，资产负债结构稳健。公司建立健全内部控制系统，治理结构规范，三会运作正常。公司建立健全内部控制系统，治理结构规范，三会运作正常。本年度公司人力成本略有上升，管理费用率保持稳定，费用管控成效显现。公司继续推进产能建设，电子元器件项目一期已投产，预计达产后年新增产能12万吨。公司上线智能排产系统，通过智能算法优化生产计划排程。公司积极拓展海外市场，出口业务收入同比增长30.5%，国际化布局初见成效。公司采购云服务替代传统服务器部署，系统上线周期大幅缩短。公司本期新增专利授权11项，累计有效专利120项，技术储备进一步夯实。公司利用智能合约技术自动执行供应商结算条款。,脚本生成演示语料(step0_make_demo_corpus.py),公司引入人工智能技术优化{prod}质检环节，缺陷识别准确率显著提升。受行业周期影响，部分产品价格有所回落，公司及时调整销售策略，库存水平保持在合理范围。公司上线智能排产系统，通过智能算法优化生产计划排程。报告期内人民币汇率波动加大，公司通过远期结售汇业务降低了汇兑损失。公司持续优化产品结构，高端装备业务占比稳步提升，毛利率较上年上升1.2个百分点。公司现金流状况良好，经营活动现金流量净额为3.2亿元，资产负债结构稳健。公司建立健全内部控制系统，治理结构规范，三会运作正常。公司建立健全内部控制系统，治理结构规范，三会运作正常。本年度公司人力成本略有上升，管理费用率保持稳定，费用管控成效显现。公司继续推进产能建设，电子元器件项目一期已投产，预计达产后年新增产能12万吨。公司上线智能排产系统，通过智能算法优化生产计划排程。公司积极拓展海外市场，出口业务收入同比增长30.5%，国际化布局初见成效。公司采购云服务替代传统服务器部署，系统上线周期大幅缩短。公司本期新增专利授权11项，累计有效专利120项，技术储备进一步夯实。公司利用智能合约技术自动执行供应商结算条款。,引入 人工智能 技术 优化 prod 质检 环节 缺陷 识别 准确率 行业 周期 影响 产品价格 有所 回落 及时 调整 销售策略 库存 水平 合理 范围 上线 智能 排产 系统 智能算法 优化 生产 排程 人民币 汇率 波动 加大 远期 结售汇 业务 降低 汇兑 损失 持续 优化 产品 结构 高端 装备 业务 毛利率 百分点 现金流 状况良好 经营 活动 现金流量 净额 资产负债 结构 稳健 建立健全 内部 控制系统 治理 结构 规范 三会 运作 建立健全 内部 控制系统 治理 结构 规范 三会 运作 本年度 人力 成本 略有 管理 费用率 保持稳定 费用 管控 成效 显现 产能 建设 电子 元器件 项目 一期 投产 预计 达产 新增 产能 万吨 上线 智能 排产 系统 智能算法 优化 生产 排程 拓展 海外 市场 出口 业务收入 国际化 布局 初见成效 采购 服务 替代 传统 服务器 部署 系统 上线 周期 大幅 缩短 本期 新增 专利 授权 专利 技术储备 夯实 利用 智能合约 技术 自动 供应商 结算 条款,139
DEMO043,演示DEMO043股份有限公司,批发零售,2021,年度报告,公司推进智能制造升级，数字化车间已通过省级认定。公司高度重视安全生产与环境保护，报告期内未发生重大安全事故。原材料价格波动对成本端形成一定压力，公司通过集中采购和套期保值部分对冲了成本上行风险。公司主要客户为行业龙头企业，合作关系稳定，应收账款回款情况良好。公司部署机器学习算法对销售数据进行需求预测，库存周转效率明显改善。公司深耕东北市场，区域市场份额稳中有升，品牌影响力持续增强。公司建立健全内部控制系统，治理结构规范，三会运作正常。公司继续推进产能建设，高端装备项目一期已投产，预计达产后年新增产能5万吨。公司成立数据中台团队，推动业务数据化、数据业务化。公司持续加大研发投入，研发费用占营业收入比例为2.6%，围绕精细化工产品开展技术攻关。公司持续加大研发投入，研发费用占营业收入比例为3.2%，围绕纺织服装开展技术攻关。公司持续优化产品结构，食品饮料业务占比稳步提升，毛利率较上年下降0.8个百分点。报告期内公司无重大诉讼仲裁事项，各项经营活动正常开展。公司高度重视安全生产与环境保护，报告期内未发生重大安全事故。报告期内公司无重大诉讼仲裁事项，各项经营活动正常开展。,脚本生成演示语料(step0_make_demo_corpus.py),公司推进智能制造升级，数字化车间已通过省级认定。公司高度重视安全生产与环境保护，报告期内未发生重大安全事故。原材料价格波动对成本端形成一定压力，公司通过集中采购和套期保值部分对冲了成本上行风险。公司主要客户为行业龙头企业，合作关系稳定，应收账款回款情况良好。公司部署机器学习算法对销售数据进行需求预测，库存周转效率明显改善。公司深耕东北市场，区域市场份额稳中有升，品牌影响力持续增强。公司建立健全内部控制系统，治理结构规范，三会运作正常。公司继续推进产能建设，高端装备项目一期已投产，预计达产后年新增产能5万吨。公司成立数据中台团队，推动业务数据化、数据业务化。公司持续加大研发投入，研发费用占营业收入比例为2.6%，围绕精细化工产品开展技术攻关。公司持续加大研发投入，研发费用占营业收入比例为3.2%，围绕纺织服装开展技术攻关。公司持续优化产品结构，食品饮料业务占比稳步提升，毛利率较上年下降0.8个百分点。报告期内公司无重大诉讼仲裁事项，各项经营活动正常开展。公司高度重视安全生产与环境保护，报告期内未发生重大安全事故。报告期内公司无重大诉讼仲裁事项，各项经营活动正常开展。,智能制造 升级 数字化 车间 省级 认定 高度重视 安全 生产 环境保护 发生 重大 安全事故 原材料 价格 波动 成本 形成 一定 压力 集中 采购 套期 保值 对冲 成本 上行 风险 客户 行业龙头 企业 合作 关系 应收 账款 回款 部署 机器学习 算法 销售 数据 需求预测 库存 周转 效率 明显改善 深耕 东北 市场 区域 市场份额 稳中有升 品牌 影响力 持续 增强 建立健全 内部 控制系统 治理 结构 规范 三会 运作 产能 建设 高端 装备 项目 一期 投产 预计 达产 新增 产能 万吨 成立 数据中台 团队 业务 数据 数据业务 持续 加大 研发 投入 研发 费用 营业 收入 比例 精细化工 产品 技术 攻关 持续 加大 研发 投入 研发 费用 营业 收入 比例 纺织 服装 技术 攻关 持续 优化 产品 结构 食品饮料 业务 毛利率 百分点 重大 诉讼 仲裁 事项 经营 活动 高度重视 安全 生产 环境保护 发生 重大 安全事故 重大 诉讼 仲裁 事项 经营 活动,135
DEMO043,演示DEMO043股份有限公司,批发零售,2022,年度报告,报告期内，公司获得高新技术企业资质认定，享受相应税收优惠政策。公司建设智能客服系统，应用自然语言处理技术实现工单自动分类。面对市场竞争加剧，公司加大渠道建设力度，经销商数量增加36家，覆盖区域进一步扩大。公司本期新增专利授权8项，累计有效专利38项，技术储备进一步夯实。公司积极拓展海外市场，出口业务收入同比增长-6.3%，国际化布局初见成效。公司利用智能合约技术自动执行供应商结算条款。公司现金流状况良好，经营活动现金流量净额为5.8亿元，资产负债结构稳健。报告期内，公司实现营业收入12.6亿元，同比增长15.2%，主要得益于主营业务产销规模扩大。报告期内公司客户结构进一步优化，前五大客户收入占比为41.8%，客户集中度处于合理区间。公司与高校联合开展深度学习算法研究，赋能产品智能设计。下半年公司将围绕年度经营计划，重点做好市场开拓、成本控制与人才梯队建设等工作。下半年公司将围绕年度经营计划，重点做好市场开拓、成本控制与人才梯队建设等工作。公司评估公有云与私有云方案，逐步构建统一算力资源池。公司评估公有云与私有云方案，逐步构建统一算力资源池。公司引入边缘计算设备，实现车间数据的就地处理与实时回传。公司本期新增专利授权8项，累计有效专利85项，技术储备进一步夯实。,脚本生成演示语料(step0_make_demo_corpus.py),报告期内，公司获得高新技术企业资质认定，享受相应税收优惠政策。公司建设智能客服系统，应用自然语言处理技术实现工单自动分类。面对市场竞争加剧，公司加大渠道建设力度，经销商数量增加36家，覆盖区域进一步扩大。公司本期新增专利授权8项，累计有效专利38项，技术储备进一步夯实。公司积极拓展海外市场，出口业务收入同比增长-6.3%，国际化布局初见成效。公司利用智能合约技术自动执行供应商结算条款。公司现金流状况良好，经营活动现金流量净额为5.8亿元，资产负债结构稳健。报告期内，公司实现营业收入12.6亿元，同比增长15.2%，主要得益于主营业务产销规模扩大。报告期内公司客户结构进一步优化，前五大客户收入占比为41.8%，客户集中度处于合理区间。公司与高校联合开展深度学习算法研究，赋能产品智能设计。下半年公司将围绕年度经营计划，重点做好市场开拓、成本控制与人才梯队建设等工作。下半年公司将围绕年度经营计划，重点做好市场开拓、成本控制与人才梯队建设等工作。公司评估公有云与私有云方案，逐步构建统一算力资源池。公司评估公有云与私有云方案，逐步构建统一算力资源池。公司引入边缘计算设备，实现车间数据的就地处理与实时回传。公司本期新增专利授权8项，累计有效专利85项，技术储备进一步夯实。,获得 高新技术 企业资质 认定 享受 相应 税收 优惠政策 建设 智能 客服 系统 应用 自然语言处理 技术 工单 自动 分类 面对 市场竞争 加剧 加大 渠道 建设 力度 经销商 数量 覆盖 区域 扩大 本期 新增 专利 授权 专利 技术储备 夯实 拓展 海外 市场 出口 业务收入 国际化 布局 初见成效 利用 智能合约 技术 自动 供应商 结算 条款 现金流 状况良好 经营 活动 现金流量 净额 资产负债 结构 稳健 营业 收入 得益于 主营业务 产销 规模 扩大 客户 结构 优化 五大 客户 收入 客户 集中度 处于 合理 区间 高校 联合 深度学习 算法 研究 赋能 产品 智能 设计 下半年 年度 经营 做好 市场 开拓 成本 控制 人才 梯队 建设 下半年 年度 经营 做好 市场 开拓 成本 控制 人才 梯队 建设 评估 公有 私有 方案 逐步 构建 统一 算力 资源 评估 公有 私有 方案 逐步 构建 统一 算力 资源 引入 边缘计算 设备 车间 数据 处理 实时 回传 本期 新增 专利 授权 专利 技术储备 夯实,143
DEMO043,演示DEMO043股份有限公司,批发零售,2023,年度报告,下半年公司将围绕年度经营计划，重点做好市场开拓、成本控制与人才梯队建设等工作。报告期内公司无重大诉讼仲裁事项，各项经营活动正常开展。公司引入边缘计算设备，实现车间数据的就地处理与实时回传。下半年公司将围绕年度经营计划，重点做好市场开拓、成本控制与人才梯队建设等工作。公司建立健全内部控制系统，治理结构规范，三会运作正常。报告期内公司客户结构进一步优化，前五大客户收入占比为36.9%，客户集中度处于合理区间。公司持续加大研发投入，研发费用占营业收入比例为2.6%，围绕食品饮料开展技术攻关。本年度公司人力成本略有上升，管理费用率保持稳定，费用管控成效显现。公司现金流状况良好，经营活动现金流量净额为3.2亿元，资产负债结构稳健。报告期内，公司实现营业收入19.3亿元，同比增长-3.1%，主要得益于主营业务产销规模扩大。公司推进经营管理信息化，上线新一代ERP系统实现业财一体。公司引入边缘计算设备，实现车间数据的就地处理与实时回传。公司构建经营分析数据仓库，管理层可实时查看核心经营指标。本年度公司人力成本略有上升，管理费用率保持稳定，费用管控成效显现。下半年公司将围绕年度经营计划，重点做好市场开拓、成本控制与人才梯队建设等工作。受行业周期影响，部分产品价格有所回落，公司及时调整销售策略，库存水平保持在合理范围。公司研究基于分布式账本的对账机制，降低交易核对成本。公司部署机器学习算法对销售数据进行需求预测，库存周转效率明显改善。,脚本生成演示语料(step0_make_demo_corpus.py),下半年公司将围绕年度经营计划，重点做好市场开拓、成本控制与人才梯队建设等工作。报告期内公司无重大诉讼仲裁事项，各项经营活动正常开展。公司引入边缘计算设备，实现车间数据的就地处理与实时回传。下半年公司将围绕年度经营计划，重点做好市场开拓、成本控制与人才梯队建设等工作。公司建立健全内部控制系统，治理结构规范，三会运作正常。报告期内公司客户结构进一步优化，前五大客户收入占比为36.9%，客户集中度处于合理区间。公司持续加大研发投入，研发费用占营业收入比例为2.6%，围绕食品饮料开展技术攻关。本年度公司人力成本略有上升，管理费用率保持稳定，费用管控成效显现。公司现金流状况良好，经营活动现金流量净额为3.2亿元，资产负债结构稳健。报告期内，公司实现营业收入19.3亿元，同比增长-3.1%，主要得益于主营业务产销规模扩大。公司推进经营管理信息化，上线新一代ERP系统实现业财一体。公司引入边缘计算设备，实现车间数据的就地处理与实时回传。公司构建经营分析数据仓库，管理层可实时查看核心经营指标。本年度公司人力成本略有上升，管理费用率保持稳定，费用管控成效显现。下半年公司将围绕年度经营计划，重点做好市场开拓、成本控制与人才梯队建设等工作。受行业周期影响，部分产品价格有所回落，公司及时调整销售策略，库存水平保持在合理范围。公司研究基于分布式账本的对账机制，降低交易核对成本。公司部署机器学习算法对销售数据进行需求预测，库存周转效率明显改善。,下半年 年度 经营 做好 市场 开拓 成本 控制 人才 梯队 建设 重大 诉讼 仲裁 事项 经营 活动 引入 边缘计算 设备 车间 数据 处理 实时 回传 下半年 年度 经营 做好 市场 开拓 成本 控制 人才 梯队 建设 建立健全 内部 控制系统 治理 结构 规范 三会 运作 客户 结构 优化 五大 客户 收入 客户 集中度 处于 合理 区间 持续 加大 研发 投入 研发 费用 营业 收入 比例 食品饮料 技术 攻关 本年度 人力 成本 略有 管理 费用率 保持稳定 费用 管控 成效 显现 现金流 状况良好 经营 活动 现金流量 净额 资产负债 结构 稳健 营业 收入 得益于 主营业务 产销 规模 扩大 经营 管理 信息化 上线 新一代 ERP 系统 业财一体 引入 边缘计算 设备 车间 数据 处理 实时 回传 构建 经营 分析 数据仓库 管理层 实时 查看 核心 经营 指标 本年度 人力 成本 略有 管理 费用率 保持稳定 费用 管控 成效 显现 下半年 年度 经营 做好 市场 开拓 成本 控制 人才 梯队 建设 行业 周期 影响 产品价格 有所 回落 及时 调整 销售策略 库存 水平 合理 范围 研究 基于 分布式账本 对账 机制 降低 交易 核对 成本 部署 机器学习 算法 销售 数据 需求预测 库存 周转 效率 明显改善,174
DEMO043,演示DEMO043股份有限公司,批发零售,2024,年度报告,公司建设工业互联网平台，实现设备联网与远程运维。公司高度重视安全生产与环境保护，报告期内未发生重大安全事故。公司引入边缘计算设备，实现车间数据的就地处理与实时回传。公司运用数据挖掘技术分析客户行为，实现精准营销。公司现金流状况良好，经营活动现金流量净额为3.2亿元，资产负债结构稳健。下半年公司将围绕年度经营计划，重点做好市场开拓、成本控制与人才梯队建设等工作。报告期内，公司获得高新技术企业资质认定，享受相应税收优惠政策。公司高度重视安全生产与环境保护，报告期内未发生重大安全事故。公司高度重视安全生产与环境保护，报告期内未发生重大安全事故。公司建设工业互联网平台，实现设备联网与远程运维。公司本期新增专利授权11项，累计有效专利210项，技术储备进一步夯实。公司成立数据中台团队，推动业务数据化、数据业务化。公司参与行业区块链联盟，推动供应链单证电子化与可信流转。本年度公司人力成本略有上升，管理费用率保持稳定，费用管控成效显现。受行业周期影响，部分产品价格有所回落，公司及时调整销售策略，库存水平保持在合理范围。公司上线智能排产系统，通过智能算法优化生产计划排程。公司与高校联合开展深度学习算法研究，赋能产品智能设计。公司推进智能制造升级，数字化车间已通过省级认定。公司建设智能客服系统，应用自然语言处理技术实现工单自动分类。,脚本生成演示语料(step0_make_demo_corpus.py),公司建设工业互联网平台，实现设备联网与远程运维。公司高度重视安全生产与环境保护，报告期内未发生重大安全事故。公司引入边缘计算设备，实现车间数据的就地处理与实时回传。公司运用数据挖掘技术分析客户行为，实现精准营销。公司现金流状况良好，经营活动现金流量净额为3.2亿元，资产负债结构稳健。下半年公司将围绕年度经营计划，重点做好市场开拓、成本控制与人才梯队建设等工作。报告期内，公司获得高新技术企业资质认定，享受相应税收优惠政策。公司高度重视安全生产与环境保护，报告期内未发生重大安全事故。公司高度重视安全生产与环境保护，报告期内未发生重大安全事故。公司建设工业互联网平台，实现设备联网与远程运维。公司本期新增专利授权11项，累计有效专利210项，技术储备进一步夯实。公司成立数据中台团队，推动业务数据化、数据业务化。公司参与行业区块链联盟，推动供应链单证电子化与可信流转。本年度公司人力成本略有上升，管理费用率保持稳定，费用管控成效显现。受行业周期影响，部分产品价格有所回落，公司及时调整销售策略，库存水平保持在合理范围。公司上线智能排产系统，通过智能算法优化生产计划排程。公司与高校联合开展深度学习算法研究，赋能产品智能设计。公司推进智能制造升级，数字化车间已通过省级认定。公司建设智能客服系统，应用自然语言处理技术实现工单自动分类。,建设 工业互联网 平台 设备 联网 远程 运维 高度重视 安全 生产 环境保护 发生 重大 安全事故 引入 边缘计算 设备 车间 数据 处理 实时 回传 运用 数据挖掘 技术 分析 客户 行为 精准 营销 现金流 状况良好 经营 活动 现金流量 净额 资产负债 结构 稳健 下半年 年度 经营 做好 市场 开拓 成本 控制 人才 梯队 建设 获得 高新技术 企业资质 认定 享受 相应 税收 优惠政策 高度重视 安全 生产 环境保护 发生 重大 安全事故 高度重视 安全 生产 环境保护 发生 重大 安全事故 建设 工业互联网 平台 设备 联网 远程 运维 本期 新增 专利 授权 专利 技术储备 夯实 成立 数据中台 团队 业务 数据 数据业务 参与 行业 区块链 联盟 供应链 单证 电子化 可信 流转 本年度 人力 成本 略有 管理 费用率 保持稳定 费用 管控 成效 显现 行业 周期 影响 产品价格 有所 回落 及时 调整 销售策略 库存 水平 合理 范围 上线 智能 排产 系统 智能算法 优化 生产 排程 高校 联合 深度学习 算法 研究 赋能 产品 智能 设计 智能制造 升级 数字化 车间 省级 认定 建设 智能 客服 系统 应用 自然语言处理 技术 工单 自动 分类,158
DEMO044,演示DEMO044股份有限公司,房地产,2020,年度报告,公司高度重视安全生产与环境保护，报告期内未发生重大安全事故。公司现金流状况良好，经营活动现金流量净额为1.5亿元，资产负债结构稳健。公司开展数据治理体系建设，统一主数据标准，提升数据资产质量。面对市场竞争加剧，公司加大渠道建设力度，经销商数量增加210家，覆盖区域进一步扩大。本年度公司人力成本略有上升，管理费用率保持稳定，费用管控成效显现。面对市场竞争加剧，公司加大渠道建设力度，经销商数量增加210家，覆盖区域进一步扩大。公司推进经营管理信息化，上线新一代ERP系统实现业财一体。本年度公司人力成本略有上升，管理费用率保持稳定，费用管控成效显现。报告期内公司无重大诉讼仲裁事项，各项经营活动正常开展。公司积极拓展海外市场，出口业务收入同比增长-6.3%，国际化布局初见成效。公司深耕东北市场，区域市场份额稳中有升，品牌影响力持续增强。,脚本生成演示语料(step0_make_demo_corpus.py),公司高度重视安全生产与环境保护，报告期内未发生重大安全事故。公司现金流状况良好，经营活动现金流量净额为1.5亿元，资产负债结构稳健。公司开展数据治理体系建设，统一主数据标准，提升数据资产质量。面对市场竞争加剧，公司加大渠道建设力度，经销商数量增加210家，覆盖区域进一步扩大。本年度公司人力成本略有上升，管理费用率保持稳定，费用管控成效显现。面对市场竞争加剧，公司加大渠道建设力度，经销商数量增加210家，覆盖区域进一步扩大。公司推进经营管理信息化，上线新一代ERP系统实现业财一体。本年度公司人力成本略有上升，管理费用率保持稳定，费用管控成效显现。报告期内公司无重大诉讼仲裁事项，各项经营活动正常开展。公司积极拓展海外市场，出口业务收入同比增长-6.3%，国际化布局初见成效。公司深耕东北市场，区域市场份额稳中有升，品牌影响力持续增强。,高度重视 安全 生产 环境保护 发生 重大 安全事故 现金流 状况良好 经营 活动 现金流量 净额 资产负债 结构 稳健 数据 治理 体系 建设 统一 数据 标准 数据 资产 质量 面对 市场竞争 加剧 加大 渠道 建设 力度 经销商 数量 覆盖 区域 扩大 本年度 人力 成本 略有 管理 费用率 保持稳定 费用 管控 成效 显现 面对 市场竞争 加剧 加大 渠道 建设 力度 经销商 数量 覆盖 区域 扩大 经营 管理 信息化 上线 新一代 ERP 系统 业财一体 本年度 人力 成本 略有 管理 费用率 保持稳定 费用 管控 成效 显现 重大 诉讼 仲裁 事项 经营 活动 拓展 海外 市场 出口 业务收入 国际化 布局 初见成效 深耕 东北 市场 区域 市场份额 稳中有升 品牌 影响力 持续 增强,104
DEMO044,演示DEMO044股份有限公司,房地产,2021,年度报告,面对市场竞争加剧，公司加大渠道建设力度，经销商数量增加45家，覆盖区域进一步扩大。报告期内，公司获得高新技术企业资质认定，享受相应税收优惠政策。面对市场竞争加剧，公司加大渠道建设力度，经销商数量增加45家，覆盖区域进一步扩大。面对市场竞争加剧，公司加大渠道建设力度，经销商数量增加45家，覆盖区域进一步扩大。公司持续优化产品结构，电子元器件业务占比稳步提升，毛利率较上年下降1.5个百分点。公司试点数字人民币结算场景，丰富收款渠道。公司积极拓展海外市场，出口业务收入同比增长9.4%，国际化布局初见成效。公司基于云平台搭建协同办公体系，跨区域协作效率提升。公司继续推进产能建设，纺织服装项目一期已投产，预计达产后年新增产能20万吨。下半年公司将围绕年度经营计划，重点做好市场开拓、成本控制与人才梯队建设等工作。报告期内，公司实现营业收入12.6亿元，同比增长5.6%，主要得益于主营业务产销规模扩大。公司探索区块链技术在产品溯源中的应用，实现全流程信息上链。,脚本生成演示语料(step0_make_demo_corpus.py),面对市场竞争加剧，公司加大渠道建设力度，经销商数量增加45家，覆盖区域进一步扩大。报告期内，公司获得高新技术企业资质认定，享受相应税收优惠政策。面对市场竞争加剧，公司加大渠道建设力度，经销商数量增加45家，覆盖区域进一步扩大。面对市场竞争加剧，公司加大渠道建设力度，经销商数量增加45家，覆盖区域进一步扩大。公司持续优化产品结构，电子元器件业务占比稳步提升，毛利率较上年下降1.5个百分点。公司试点数字人民币结算场景，丰富收款渠道。公司积极拓展海外市场，出口业务收入同比增长9.4%，国际化布局初见成效。公司基于云平台搭建协同办公体系，跨区域协作效率提升。公司继续推进产能建设，纺织服装项目一期已投产，预计达产后年新增产能20万吨。下半年公司将围绕年度经营计划，重点做好市场开拓、成本控制与人才梯队建设等工作。报告期内，公司实现营业收入12.6亿元，同比增长5.6%，主要得益于主营业务产销规模扩大。公司探索区块链技术在产品溯源中的应用，实现全流程信息上链。,面对 市场竞争 加剧 加大 渠道 建设 力度 经销商 数量 覆盖 区域 扩大 获得 高新技术 企业资质 认定 享受 相应 税收 优惠政策 面对 市场竞争 加剧 加大 渠道 建设 力度 经销商 数量 覆盖 区域 扩大 面对 市场竞争 加剧 加大 渠道 建设 力度 经销商 数量 覆盖 区域 扩大 持续 优化 产品 结构 电子 元器件 业务 毛利率 百分点 试点 数字人民币 结算 场景 丰富 收款 渠道 拓展 海外 市场 出口 业务收入 国际化 布局 初见成效 基于 平台 搭建 协同 办公 体系 区域 协作 效率 产能 建设 纺织 服装 项目 一期 投产 预计 达产 新增 产能 万吨 下半年 年度 经营 做好 市场 开拓 成本 控制 人才 梯队 建设 营业 收入 得益于 主营业务 产销 规模 扩大 探索 区块链 技术 产品 溯源 应用 流程 信息,115
DEMO044,演示DEMO044股份有限公司,房地产,2022,年度报告,公司运用数据挖掘技术分析客户行为，实现精准营销。公司成立数据中台团队，推动业务数据化、数据业务化。下半年公司将围绕年度经营计划，重点做好市场开拓、成本控制与人才梯队建设等工作。报告期内，公司实现营业收入8.9亿元，同比增长8.5%，主要得益于主营业务产销规模扩大。公司研究基于分布式账本的对账机制，降低交易核对成本。公司本期新增专利授权22项，累计有效专利56项，技术储备进一步夯实。面对市场竞争加剧，公司加大渠道建设力度，经销商数量增加120家，覆盖区域进一步扩大。公司推进智能制造升级，数字化车间已通过省级认定。本年度公司人力成本略有上升，管理费用率保持稳定，费用管控成效显现。公司积极拓展海外市场，出口业务收入同比增长30.5%，国际化布局初见成效。公司研究基于分布式账本的对账机制，降低交易核对成本。公司继续推进产能建设，食品饮料项目一期已投产，预计达产后年新增产能3万吨。公司研究基于分布式账本的对账机制，降低交易核对成本。公司构建经营分析数据仓库，管理层可实时查看核心经营指标。公司高度重视安全生产与环境保护，报告期内未发生重大安全事故。,脚本生成演示语料(step0_make_demo_corpus.py),公司运用数据挖掘技术分析客户行为，实现精准营销。公司成立数据中台团队，推动业务数据化、数据业务化。下半年公司将围绕年度经营计划，重点做好市场开拓、成本控制与人才梯队建设等工作。报告期内，公司实现营业收入8.9亿元，同比增长8.5%，主要得益于主营业务产销规模扩大。公司研究基于分布式账本的对账机制，降低交易核对成本。公司本期新增专利授权22项，累计有效专利56项，技术储备进一步夯实。面对市场竞争加剧，公司加大渠道建设力度，经销商数量增加120家，覆盖区域进一步扩大。公司推进智能制造升级，数字化车间已通过省级认定。本年度公司人力成本略有上升，管理费用率保持稳定，费用管控成效显现。公司积极拓展海外市场，出口业务收入同比增长30.5%，国际化布局初见成效。公司研究基于分布式账本的对账机制，降低交易核对成本。公司继续推进产能建设，食品饮料项目一期已投产，预计达产后年新增产能3万吨。公司研究基于分布式账本的对账机制，降低交易核对成本。公司构建经营分析数据仓库，管理层可实时查看核心经营指标。公司高度重视安全生产与环境保护，报告期内未发生重大安全事故。,运用 数据挖掘 技术 分析 客户 行为 精准 营销 成立 数据中台 团队 业务 数据 数据业务 下半年 年度 经营 做好 市场 开拓 成本 控制 人才 梯队 建设 营业 收入 得益于 主营业务 产销 规模 扩大 研究 基于 分布式账本 对账 机制 降低 交易 核对 成本 本期 新增 专利 授权 专利 技术储备 夯实 面对 市场竞争 加剧 加大 渠道 建设 力度 经销商 数量 覆盖 区域 扩大 智能制造 升级 数字化 车间 省级 认定 本年度 人力 成本 略有 管理 费用率 保持稳定 费用 管控 成效 显现 拓展 海外 市场 出口 业务收入 国际化 布局 初见成效 研究 基于 分布式账本 对账 机制 降低 交易 核对 成本 产能 建设 食品饮料 项目 一期 投产 预计 达产 新增 产能 万吨 研究 基于 分布式账本 对账 机制 降低 交易 核对 成本 构建 经营 分析 数据仓库 管理层 实时 查看 核心 经营 指标 高度重视 安全 生产 环境保护 发生 重大 安全事故,131
DEMO044,演示DEMO044股份有限公司,房地产,2023,年度报告,报告期内公司无重大诉讼仲裁事项，各项经营活动正常开展。本年度公司人力成本略有上升，管理费用率保持稳定，费用管控成效显现。公司主要客户为行业龙头企业，合作关系稳定，应收账款回款情况良好。公司推进经营管理信息化，上线新一代ERP系统实现业财一体。公司继续推进产能建设，电子元器件项目一期已投产，预计达产后年新增产能5万吨。报告期内人民币汇率波动加大，公司通过远期结售汇业务降低了汇兑损失。公司继续推进产能建设，建材项目一期已投产，预计达产后年新增产能5万吨。原材料价格波动对成本端形成一定压力，公司通过集中采购和套期保值部分对冲了成本上行风险。公司推进经营管理信息化，上线新一代ERP系统实现业财一体。公司高度重视安全生产与环境保护，报告期内未发生重大安全事故。公司主要客户为行业龙头企业，合作关系稳定，应收账款回款情况良好。公司建设智能客服系统，应用自然语言处理技术实现工单自动分类。本年度公司人力成本略有上升，管理费用率保持稳定，费用管控成效显现。公司积极拓展海外市场，出口业务收入同比增长9.4%，国际化布局初见成效。公司核心业务系统迁移上云，采用混合云架构降低IT运维成本。公司持续加大研发投入，研发费用占营业收入比例为1.8%，围绕食品饮料开展技术攻关。,脚本生成演示语料(step0_make_demo_corpus.py),报告期内公司无重大诉讼仲裁事项，各项经营活动正常开展。本年度公司人力成本略有上升，管理费用率保持稳定，费用管控成效显现。公司主要客户为行业龙头企业，合作关系稳定，应收账款回款情况良好。公司推进经营管理信息化，上线新一代ERP系统实现业财一体。公司继续推进产能建设，电子元器件项目一期已投产，预计达产后年新增产能5万吨。报告期内人民币汇率波动加大，公司通过远期结售汇业务降低了汇兑损失。公司继续推进产能建设，建材项目一期已投产，预计达产后年新增产能5万吨。原材料价格波动对成本端形成一定压力，公司通过集中采购和套期保值部分对冲了成本上行风险。公司推进经营管理信息化，上线新一代ERP系统实现业财一体。公司高度重视安全生产与环境保护，报告期内未发生重大安全事故。公司主要客户为行业龙头企业，合作关系稳定，应收账款回款情况良好。公司建设智能客服系统，应用自然语言处理技术实现工单自动分类。本年度公司人力成本略有上升，管理费用率保持稳定，费用管控成效显现。公司积极拓展海外市场，出口业务收入同比增长9.4%，国际化布局初见成效。公司核心业务系统迁移上云，采用混合云架构降低IT运维成本。公司持续加大研发投入，研发费用占营业收入比例为1.8%，围绕食品饮料开展技术攻关。,重大 诉讼 仲裁 事项 经营 活动 本年度 人力 成本 略有 管理 费用率 保持稳定 费用 管控 成效 显现 客户 行业龙头 企业 合作 关系 应收 账款 回款 经营 管理 信息化 上线 新一代 ERP 系统 业财一体 产能 建设 电子 元器件 项目 一期 投产 预计 达产 新增 产能 万吨 人民币 汇率 波动 加大 远期 结售汇 业务 降低 汇兑 损失 产能 建设 建材 项目 一期 投产 预计 达产 新增 产能 万吨 原材料 价格 波动 成本 形成 一定 压力 集中 采购 套期 保值 对冲 成本 上行 风险 经营 管理 信息化 上线 新一代 ERP 系统 业财一体 高度重视 安全 生产 环境保护 发生 重大 安全事故 客户 行业龙头 企业 合作 关系 应收 账款 回款 建设 智能 客服 系统 应用 自然语言处理 技术 工单 自动 分类 本年度 人力 成本 略有 管理 费用率 保持稳定 费用 管控 成效 显现 拓展 海外 市场 出口 业务收入 国际化 布局 初见成效 核心 业务 系统 迁移 上云 采用 混合 架构 降低 IT 运维 成本 持续 加大 研发 投入 研发 费用 营业 收入 比例 食品饮料 技术 攻关,157
DEMO044,演示DEMO044股份有限公司,房地产,2024,年度报告,公司持续优化产品结构，电子元器件业务占比稳步提升，毛利率较上年下降1.5个百分点。公司主要客户为行业龙头企业，合作关系稳定，应收账款回款情况良好。公司探索区块链技术在产品溯源中的应用，实现全流程信息上链。面对市场竞争加剧，公司加大渠道建设力度，经销商数量增加36家，覆盖区域进一步扩大。本年度公司人力成本略有上升，管理费用率保持稳定，费用管控成效显现。公司推进智能制造升级，数字化车间已通过省级认定。原材料价格波动对成本端形成一定压力，公司通过集中采购和套期保值部分对冲了成本上行风险。公司建设大数据平台，整合生产、销售与供应链数据，支撑经营决策。公司建立健全内部控制系统，治理结构规范，三会运作正常。公司构建经营分析数据仓库，管理层可实时查看核心经营指标。公司积极拓展海外市场，出口业务收入同比增长18.9%，国际化布局初见成效。报告期内，公司获得高新技术企业资质认定，享受相应税收优惠政策。公司推进经营管理信息化，上线新一代ERP系统实现业财一体。,脚本生成演示语料(step0_make_demo_corpus.py),公司持续优化产品结构，电子元器件业务占比稳步提升，毛利率较上年下降1.5个百分点。公司主要客户为行业龙头企业，合作关系稳定，应收账款回款情况良好。公司探索区块链技术在产品溯源中的应用，实现全流程信息上链。面对市场竞争加剧，公司加大渠道建设力度，经销商数量增加36家，覆盖区域进一步扩大。本年度公司人力成本略有上升，管理费用率保持稳定，费用管控成效显现。公司推进智能制造升级，数字化车间已通过省级认定。原材料价格波动对成本端形成一定压力，公司通过集中采购和套期保值部分对冲了成本上行风险。公司建设大数据平台，整合生产、销售与供应链数据，支撑经营决策。公司建立健全内部控制系统，治理结构规范，三会运作正常。公司构建经营分析数据仓库，管理层可实时查看核心经营指标。公司积极拓展海外市场，出口业务收入同比增长18.9%，国际化布局初见成效。报告期内，公司获得高新技术企业资质认定，享受相应税收优惠政策。公司推进经营管理信息化，上线新一代ERP系统实现业财一体。,持续 优化 产品 结构 电子 元器件 业务 毛利率 百分点 客户 行业龙头 企业 合作 关系 应收 账款 回款 探索 区块链 技术 产品 溯源 应用 流程 信息 面对 市场竞争 加剧 加大 渠道 建设 力度 经销商 数量 覆盖 区域 扩大 本年度 人力 成本 略有 管理 费用率 保持稳定 费用 管控 成效 显现 智能制造 升级 数字化 车间 省级 认定 原材料 价格 波动 成本 形成 一定 压力 集中 采购 套期 保值 对冲 成本 上行 风险 建设 大数据 平台 整合 生产 销售 供应链 数据 支撑 经营 决策 建立健全 内部 控制系统 治理 结构 规范 三会 运作 构建 经营 分析 数据仓库 管理层 实时 查看 核心 经营 指标 拓展 海外 市场 出口 业务收入 国际化 布局 初见成效 获得 高新技术 企业资质 认定 享受 相应 税收 优惠政策 经营 管理 信息化 上线 新一代 ERP 系统 业财一体,122
DEMO045,演示DEMO045股份有限公司,农林牧渔,2020,年度报告,报告期内人民币汇率波动加大，公司通过远期结售汇业务降低了汇兑损失。本年度公司人力成本略有上升，管理费用率保持稳定，费用管控成效显现。报告期内，公司实现营业收入28.4亿元，同比增长5.6%，主要得益于主营业务产销规模扩大。公司建立健全内部控制系统，治理结构规范，三会运作正常。公司主要客户为行业龙头企业，合作关系稳定，应收账款回款情况良好。报告期内，公司获得高新技术企业资质认定，享受相应税收优惠政策。公司持续加大研发投入，研发费用占营业收入比例为4.4%，围绕高端装备开展技术攻关。报告期内公司客户结构进一步优化，前五大客户收入占比为28.3%，客户集中度处于合理区间。报告期内，公司实现营业收入12.6亿元，同比增长22.7%，主要得益于主营业务产销规模扩大。公司持续加大研发投入，研发费用占营业收入比例为2.6%，围绕高端装备开展技术攻关。,脚本生成演示语料(step0_make_demo_corpus.py),报告期内人民币汇率波动加大，公司通过远期结售汇业务降低了汇兑损失。本年度公司人力成本略有上升，管理费用率保持稳定，费用管控成效显现。报告期内，公司实现营业收入28.4亿元，同比增长5.6%，主要得益于主营业务产销规模扩大。公司建立健全内部控制系统，治理结构规范，三会运作正常。公司主要客户为行业龙头企业，合作关系稳定，应收账款回款情况良好。报告期内，公司获得高新技术企业资质认定，享受相应税收优惠政策。公司持续加大研发投入，研发费用占营业收入比例为4.4%，围绕高端装备开展技术攻关。报告期内公司客户结构进一步优化，前五大客户收入占比为28.3%，客户集中度处于合理区间。报告期内，公司实现营业收入12.6亿元，同比增长22.7%，主要得益于主营业务产销规模扩大。公司持续加大研发投入，研发费用占营业收入比例为2.6%，围绕高端装备开展技术攻关。,人民币 汇率 波动 加大 远期 结售汇 业务 降低 汇兑 损失 本年度 人力 成本 略有 管理 费用率 保持稳定 费用 管控 成效 显现 营业 收入 得益于 主营业务 产销 规模 扩大 建立健全 内部 控制系统 治理 结构 规范 三会 运作 客户 行业龙头 企业 合作 关系 应收 账款 回款 获得 高新技术 企业资质 认定 享受 相应 税收 优惠政策 持续 加大 研发 投入 研发 费用 营业 收入 比例 高端 装备 技术 攻关 客户 结构 优化 五大 客户 收入 客户 集中度 处于 合理 区间 营业 收入 得益于 主营业务 产销 规模 扩大 持续 加大 研发 投入 研发 费用 营业 收入 比例 高端 装备 技术 攻关,96
DEMO045,演示DEMO045股份有限公司,农林牧渔,2021,年度报告,公司继续推进产能建设，食品饮料项目一期已投产，预计达产后年新增产能12万吨。公司继续推进产能建设，食品饮料项目一期已投产，预计达产后年新增产能8万吨。公司持续优化产品结构，建材业务占比稳步提升，毛利率较上年上升2.5个百分点。公司持续优化产品结构，电子元器件业务占比稳步提升，毛利率较上年上升2.5个百分点。公司积极拓展海外市场，出口业务收入同比增长18.9%，国际化布局初见成效。公司主要客户为行业龙头企业，合作关系稳定，应收账款回款情况良好。公司深耕华东市场，区域市场份额稳中有升，品牌影响力持续增强。报告期内公司客户结构进一步优化，前五大客户收入占比为55.1%，客户集中度处于合理区间。,脚本生成演示语料(step0_make_demo_corpus.py),公司继续推进产能建设，食品饮料项目一期已投产，预计达产后年新增产能12万吨。公司继续推进产能建设，食品饮料项目一期已投产，预计达产后年新增产能8万吨。公司持续优化产品结构，建材业务占比稳步提升，毛利率较上年上升2.5个百分点。公司持续优化产品结构，电子元器件业务占比稳步提升，毛利率较上年上升2.5个百分点。公司积极拓展海外市场，出口业务收入同比增长18.9%，国际化布局初见成效。公司主要客户为行业龙头企业，合作关系稳定，应收账款回款情况良好。公司深耕华东市场，区域市场份额稳中有升，品牌影响力持续增强。报告期内公司客户结构进一步优化，前五大客户收入占比为55.1%，客户集中度处于合理区间。,产能 建设 食品饮料 项目 一期 投产 预计 达产 新增 产能 万吨 产能 建设 食品饮料 项目 一期 投产 预计 达产 新增 产能 万吨 持续 优化 产品 结构 建材 业务 毛利率 百分点 持续 优化 产品 结构 电子 元器件 业务 毛利率 百分点 拓展 海外 市场 出口 业务收入 国际化 布局 初见成效 客户 行业龙头 企业 合作 关系 应收 账款 回款 深耕 华东 市场 区域 市场份额 稳中有升 品牌 影响力 持续 增强 客户 结构 优化 五大 客户 收入 客户 集中度 处于 合理 区间,76
DEMO045,演示DEMO045股份有限公司,农林牧渔,2022,年度报告,公司持续加大研发投入，研发费用占营业收入比例为5.1%，围绕食品饮料开展技术攻关。本年度公司人力成本略有上升，管理费用率保持稳定，费用管控成效显现。下半年公司将围绕年度经营计划，重点做好市场开拓、成本控制与人才梯队建设等工作。报告期内公司无重大诉讼仲裁事项，各项经营活动正常开展。公司高度重视安全生产与环境保护，报告期内未发生重大安全事故。报告期内，公司获得高新技术企业资质认定，享受相应税收优惠政策。下半年公司将围绕年度经营计划，重点做好市场开拓、成本控制与人才梯队建设等工作。公司本期新增专利授权8项，累计有效专利210项，技术储备进一步夯实。公司建立健全内部控制系统，治理结构规范，三会运作正常。公司建设大数据平台，整合生产、销售与供应链数据，支撑经营决策。报告期内，公司实现营业收入19.3亿元，同比增长-1.8%，主要得益于主营业务产销规模扩大。本年度公司人力成本略有上升，管理费用率保持稳定，费用管控成效显现。报告期内，公司获得高新技术企业资质认定，享受相应税收优惠政策。,脚本生成演示语料(step0_make_demo_corpus.py),公司持续加大研发投入，研发费用占营业收入比例为5.1%，围绕食品饮料开展技术攻关。本年度公司人力成本略有上升，管理费用率保持稳定，费用管控成效显现。下半年公司将围绕年度经营计划，重点做好市场开拓、成本控制与人才梯队建设等工作。报告期内公司无重大诉讼仲裁事项，各项经营活动正常开展。公司高度重视安全生产与环境保护，报告期内未发生重大安全事故。报告期内，公司获得高新技术企业资质认定，享受相应税收优惠政策。下半年公司将围绕年度经营计划，重点做好市场开拓、成本控制与人才梯队建设等工作。公司本期新增专利授权8项，累计有效专利210项，技术储备进一步夯实。公司建立健全内部控制系统，治理结构规范，三会运作正常。公司建设大数据平台，整合生产、销售与供应链数据，支撑经营决策。报告期内，公司实现营业收入19.3亿元，同比增长-1.8%，主要得益于主营业务产销规模扩大。本年度公司人力成本略有上升，管理费用率保持稳定，费用管控成效显现。报告期内，公司获得高新技术企业资质认定，享受相应税收优惠政策。,持续 加大 研发 投入 研发 费用 营业 收入 比例 食品饮料 技术 攻关 本年度 人力 成本 略有 管理 费用率 保持稳定 费用 管控 成效 显现 下半年 年度 经营 做好 市场 开拓 成本 控制 人才 梯队 建设 重大 诉讼 仲裁 事项 经营 活动 高度重视 安全 生产 环境保护 发生 重大 安全事故 获得 高新技术 企业资质 认定 享受 相应 税收 优惠政策 下半年 年度 经营 做好 市场 开拓 成本 控制 人才 梯队 建设 本期 新增 专利 授权 专利 技术储备 夯实 建立健全 内部 控制系统 治理 结构 规范 三会 运作 建设 大数据 平台 整合 生产 销售 供应链 数据 支撑 经营 决策 营业 收入 得益于 主营业务 产销 规模 扩大 本年度 人力 成本 略有 管理 费用率 保持稳定 费用 管控 成效 显现 获得 高新技术 企业资质 认定 享受 相应 税收 优惠政策,118
DEMO045,演示DEMO045股份有限公司,农林牧渔,2023,年度报告,受行业周期影响，部分产品价格有所回落，公司及时调整销售策略，库存水平保持在合理范围。下半年公司将围绕年度经营计划，重点做好市场开拓、成本控制与人才梯队建设等工作。报告期内人民币汇率波动加大，公司通过远期结售汇业务降低了汇兑损失。受行业周期影响，部分产品价格有所回落，公司及时调整销售策略，库存水平保持在合理范围。下半年公司将围绕年度经营计划，重点做好市场开拓、成本控制与人才梯队建设等工作。报告期内，公司获得高新技术企业资质认定，享受相应税收优惠政策。报告期内公司无重大诉讼仲裁事项，各项经营活动正常开展。公司持续加大研发投入，研发费用占营业收入比例为3.2%，围绕精细化工产品开展技术攻关。报告期内公司无重大诉讼仲裁事项，各项经营活动正常开展。公司积极拓展海外市场，出口业务收入同比增长18.9%，国际化布局初见成效。公司高度重视安全生产与环境保护，报告期内未发生重大安全事故。,脚本生成演示语料(step0_make_demo_corpus.py),受行业周期影响，部分产品价格有所回落，公司及时调整销售策略，库存水平保持在合理范围。下半年公司将围绕年度经营计划，重点做好市场开拓、成本控制与人才梯队建设等工作。报告期内人民币汇率波动加大，公司通过远期结售汇业务降低了汇兑损失。受行业周期影响，部分产品价格有所回落，公司及时调整销售策略，库存水平保持在合理范围。下半年公司将围绕年度经营计划，重点做好市场开拓、成本控制与人才梯队建设等工作。报告期内，公司获得高新技术企业资质认定，享受相应税收优惠政策。报告期内公司无重大诉讼仲裁事项，各项经营活动正常开展。公司持续加大研发投入，研发费用占营业收入比例为3.2%，围绕精细化工产品开展技术攻关。报告期内公司无重大诉讼仲裁事项，各项经营活动正常开展。公司积极拓展海外市场，出口业务收入同比增长18.9%，国际化布局初见成效。公司高度重视安全生产与环境保护，报告期内未发生重大安全事故。,行业 周期 影响 产品价格 有所 回落 及时 调整 销售策略 库存 水平 合理 范围 下半年 年度 经营 做好 市场 开拓 成本 控制 人才 梯队 建设 人民币 汇率 波动 加大 远期 结售汇 业务 降低 汇兑 损失 行业 周期 影响 产品价格 有所 回落 及时 调整 销售策略 库存 水平 合理 范围 下半年 年度 经营 做好 市场 开拓 成本 控制 人才 梯队 建设 获得 高新技术 企业资质 认定 享受 相应 税收 优惠政策 重大 诉讼 仲裁 事项 经营 活动 持续 加大 研发 投入 研发 费用 营业 收入 比例 精细化工 产品 技术 攻关 重大 诉讼 仲裁 事项 经营 活动 拓展 海外 市场 出口 业务收入 国际化 布局 初见成效 高度重视 安全 生产 环境保护 发生 重大 安全事故,106
DEMO045,演示DEMO045股份有限公司,农林牧渔,2024,年度报告,公司继续推进产能建设，精细化工产品项目一期已投产，预计达产后年新增产能3万吨。面对市场竞争加剧，公司加大渠道建设力度，经销商数量增加120家，覆盖区域进一步扩大。下半年公司将围绕年度经营计划，重点做好市场开拓、成本控制与人才梯队建设等工作。公司建设工业互联网平台，实现设备联网与远程运维。公司深耕华南市场，区域市场份额稳中有升，品牌影响力持续增强。公司持续优化产品结构，食品饮料业务占比稳步提升，毛利率较上年下降1.5个百分点。公司建立健全内部控制系统，治理结构规范，三会运作正常。公司探索区块链技术在产品溯源中的应用，实现全流程信息上链。报告期内，公司实现营业收入8.9亿元，同比增长-1.8%，主要得益于主营业务产销规模扩大。公司建立健全内部控制系统，治理结构规范，三会运作正常。公司现金流状况良好，经营活动现金流量净额为3.2亿元，资产负债结构稳健。受行业周期影响，部分产品价格有所回落，公司及时调整销售策略，库存水平保持在合理范围。公司参与行业区块链联盟，推动供应链单证电子化与可信流转。公司持续加大研发投入，研发费用占营业收入比例为2.6%，围绕纺织服装开展技术攻关。公司持续优化产品结构，纺织服装业务占比稳步提升，毛利率较上年持平个百分点。,脚本生成演示语料(step0_make_demo_corpus.py),公司继续推进产能建设，精细化工产品项目一期已投产，预计达产后年新增产能3万吨。面对市场竞争加剧，公司加大渠道建设力度，经销商数量增加120家，覆盖区域进一步扩大。下半年公司将围绕年度经营计划，重点做好市场开拓、成本控制与人才梯队建设等工作。公司建设工业互联网平台，实现设备联网与远程运维。公司深耕华南市场，区域市场份额稳中有升，品牌影响力持续增强。公司持续优化产品结构，食品饮料业务占比稳步提升，毛利率较上年下降1.5个百分点。公司建立健全内部控制系统，治理结构规范，三会运作正常。公司探索区块链技术在产品溯源中的应用，实现全流程信息上链。报告期内，公司实现营业收入8.9亿元，同比增长-1.8%，主要得益于主营业务产销规模扩大。公司建立健全内部控制系统，治理结构规范，三会运作正常。公司现金流状况良好，经营活动现金流量净额为3.2亿元，资产负债结构稳健。受行业周期影响，部分产品价格有所回落，公司及时调整销售策略，库存水平保持在合理范围。公司参与行业区块链联盟，推动供应链单证电子化与可信流转。公司持续加大研发投入，研发费用占营业收入比例为2.6%，围绕纺织服装开展技术攻关。公司持续优化产品结构，纺织服装业务占比稳步提升，毛利率较上年持平个百分点。,产能 建设 精细化工 产品 项目 一期 投产 预计 达产 新增 产能 万吨 面对 市场竞争 加剧 加大 渠道 建设 力度 经销商 数量 覆盖 区域 扩大 下半年 年度 经营 做好 市场 开拓 成本 控制 人才 梯队 建设 建设 工业互联网 平台 设备 联网 远程 运维 深耕 华南 市场 区域 市场份额 稳中有升 品牌 影响力 持续 增强 持续 优化 产品 结构 食品饮料 业务 毛利率 百分点 建立健全 内部 控制系统 治理 结构 规范 三会 运作 探索 区块链 技术 产品 溯源 应用 流程 信息 营业 收入 得益于 主营业务 产销 规模 扩大 建立健全 内部 控制系统 治理 结构 规范 三会 运作 现金流 状况良好 经营 活动 现金流量 净额 资产负债 结构 稳健 行业 周期 影响 产品价格 有所 回落 及时 调整 销售策略 库存 水平 合理 范围 参与 行业 区块链 联盟 供应链 单证 电子化 可信 流转 持续 加大 研发 投入 研发 费用 营业 收入 比例 纺织 服装 技术 攻关 持续 优化 产品 结构 纺织 服装 业务 毛利率 持平 百分点,145
DEMO046,演示DEMO046股份有限公司,信息技术,2020,年度报告,公司建设工业互联网平台，实现设备联网与远程运维。公司引入边缘计算设备，实现车间数据的就地处理与实时回传。原材料价格波动对成本端形成一定压力，公司通过集中采购和套期保值部分对冲了成本上行风险。公司发展电子商务业务，线上渠道收入占比持续提升。公司运用数据挖掘技术分析客户行为，实现精准营销。公司构建经营分析数据仓库，管理层可实时查看核心经营指标。报告期内，公司实现营业收入63.7亿元，同比增长8.5%，主要得益于主营业务产销规模扩大。公司建设智能客服系统，应用自然语言处理技术实现工单自动分类。公司核心业务系统迁移上云，采用混合云架构降低IT运维成本。公司制定数字化转型规划，成立数字化管理委员会统筹推进。报告期内公司无重大诉讼仲裁事项，各项经营活动正常开展。公司探索区块链技术在产品溯源中的应用，实现全流程信息上链。公司采购云服务替代传统服务器部署，系统上线周期大幅缩短。公司持续加大研发投入，研发费用占营业收入比例为2.6%，围绕食品饮料开展技术攻关。公司继续推进产能建设，建材项目一期已投产，预计达产后年新增产能3万吨。公司持续加大研发投入，研发费用占营业收入比例为5.1%，围绕食品饮料开展技术攻关。公司构建经营分析数据仓库，管理层可实时查看核心经营指标。公司深耕华南市场，区域市场份额稳中有升，品牌影响力持续增强。报告期内，公司实现营业收入28.4亿元，同比增长-1.8%，主要得益于主营业务产销规模扩大。公司构建经营分析数据仓库，管理层可实时查看核心经营指标。受行业周期影响，部分产品价格有所回落，公司及时调整销售策略，库存水平保持在合理范围。公司应用数字孪生技术对重点产线进行虚拟建模与仿真优化。公司本期新增专利授权3项，累计有效专利85项，技术储备进一步夯实。公司现金流状况良好，经营活动现金流量净额为3.2亿元，资产负债结构稳健。公司持续优化产品结构，电子元器件业务占比稳步提升，毛利率较上年下降0.8个百分点。,脚本生成演示语料(step0_make_demo_corpus.py),公司建设工业互联网平台，实现设备联网与远程运维。公司引入边缘计算设备，实现车间数据的就地处理与实时回传。原材料价格波动对成本端形成一定压力，公司通过集中采购和套期保值部分对冲了成本上行风险。公司发展电子商务业务，线上渠道收入占比持续提升。公司运用数据挖掘技术分析客户行为，实现精准营销。公司构建经营分析数据仓库，管理层可实时查看核心经营指标。报告期内，公司实现营业收入63.7亿元，同比增长8.5%，主要得益于主营业务产销规模扩大。公司建设智能客服系统，应用自然语言处理技术实现工单自动分类。公司核心业务系统迁移上云，采用混合云架构降低IT运维成本。公司制定数字化转型规划，成立数字化管理委员会统筹推进。报告期内公司无重大诉讼仲裁事项，各项经营活动正常开展。公司探索区块链技术在产品溯源中的应用，实现全流程信息上链。公司采购云服务替代传统服务器部署，系统上线周期大幅缩短。公司持续加大研发投入，研发费用占营业收入比例为2.6%，围绕食品饮料开展技术攻关。公司继续推进产能建设，建材项目一期已投产，预计达产后年新增产能3万吨。公司持续加大研发投入，研发费用占营业收入比例为5.1%，围绕食品饮料开展技术攻关。公司构建经营分析数据仓库，管理层可实时查看核心经营指标。公司深耕华南市场，区域市场份额稳中有升，品牌影响力持续增强。报告期内，公司实现营业收入28.4亿元，同比增长-1.8%，主要得益于主营业务产销规模扩大。公司构建经营分析数据仓库，管理层可实时查看核心经营指标。受行业周期影响，部分产品价格有所回落，公司及时调整销售策略，库存水平保持在合理范围。公司应用数字孪生技术对重点产线进行虚拟建模与仿真优化。公司本期新增专利授权3项，累计有效专利85项，技术储备进一步夯实。公司现金流状况良好，经营活动现金流量净额为3.2亿元，资产负债结构稳健。公司持续优化产品结构，电子元器件业务占比稳步提升，毛利率较上年下降0.8个百分点。,建设 工业互联网 平台 设备 联网 远程 运维 引入 边缘计算 设备 车间 数据 处理 实时 回传 原材料 价格 波动 成本 形成 一定 压力 集中 采购 套期 保值 对冲 成本 上行 风险 发展 电子商务 业务 线上 渠道 收入 持续 运用 数据挖掘 技术 分析 客户 行为 精准 营销 构建 经营 分析 数据仓库 管理层 实时 查看 核心 经营 指标 营业 收入 得益于 主营业务 产销 规模 扩大 建设 智能 客服 系统 应用 自然语言处理 技术 工单 自动 分类 核心 业务 系统 迁移 上云 采用 混合 架构 降低 IT 运维 成本 制定 数字化转型 规划 成立 数字化 管理 委员会 统筹 重大 诉讼 仲裁 事项 经营 活动 探索 区块链 技术 产品 溯源 应用 流程 信息 采购 服务 替代 传统 服务器 部署 系统 上线 周期 大幅 缩短 持续 加大 研发 投入 研发 费用 营业 收入 比例 食品饮料 技术 攻关 产能 建设 建材 项目 一期 投产 预计 达产 新增 产能 万吨 持续 加大 研发 投入 研发 费用 营业 收入 比例 食品饮料 技术 攻关 构建 经营 分析 数据仓库 管理层 实时 查看 核心 经营 指标 深耕 华南 市场 区域 市场份额 稳中有升 品牌 影响力 持续 增强 营业 收入 得益于 主营业务 产销 规模 扩大 构建 经营 分析 数据仓库 管理层 实时 查看 核心 经营 指标 行业 周期 影响 产品价格 有所 回落 及时 调整 销售策略 库存 水平 合理 范围 应用 数字孪生 技术 产线 虚拟 建模 仿真 优化 本期 新增 专利 授权 专利 技术储备 夯实 现金流 状况良好 经营 活动 现金流量 净额 资产负债 结构 稳健 持续 优化 产品 结构 电子 元器件 业务 毛利率 百分点,235
DEMO046,演示DEMO046股份有限公司,信息技术,2021,年度报告,公司部署机器学习算法对销售数据进行需求预测，库存周转效率明显改善。公司基于云平台搭建协同办公体系，跨区域协作效率提升。公司核心业务系统迁移上云，采用混合云架构降低IT运维成本。公司上线智能排产系统，通过智能算法优化生产计划排程。公司采购云服务替代传统服务器部署，系统上线周期大幅缩短。公司探索区块链技术在产品溯源中的应用，实现全流程信息上链。公司推进经营管理信息化，上线新一代ERP系统实现业财一体。公司运用数据挖掘技术分析客户行为，实现精准营销。下半年公司将围绕年度经营计划，重点做好市场开拓、成本控制与人才梯队建设等工作。公司建立健全内部控制系统，治理结构规范，三会运作正常。公司数据中心一期建成投用，具备 PB 级数据存储与计算能力。下半年公司将围绕年度经营计划，重点做好市场开拓、成本控制与人才梯队建设等工作。公司继续推进产能建设，电子元器件项目一期已投产，预计达产后年新增产能5万吨。下半年公司将围绕年度经营计划，重点做好市场开拓、成本控制与人才梯队建设等工作。公司构建经营分析数据仓库，管理层可实时查看核心经营指标。公司探索区块链技术在产品溯源中的应用，实现全流程信息上链。报告期内人民币汇率波动加大，公司通过远期结售汇业务降低了汇兑损失。报告期内人民币汇率波动加大，公司通过远期结售汇业务降低了汇兑损失。下半年公司将围绕年度经营计划，重点做好市场开拓、成本控制与人才梯队建设等工作。公司推进智能制造升级，数字化车间已通过省级认定。公司主要客户为行业龙头企业，合作关系稳定，应收账款回款情况良好。,脚本生成演示语料(step0_make_demo_corpus.py),公司部署机器学习算法对销售数据进行需求预测，库存周转效率明显改善。公司基于云平台搭建协同办公体系，跨区域协作效率提升。公司核心业务系统迁移上云，采用混合云架构降低IT运维成本。公司上线智能排产系统，通过智能算法优化生产计划排程。公司采购云服务替代传统服务器部署，系统上线周期大幅缩短。公司探索区块链技术在产品溯源中的应用，实现全流程信息上链。公司推进经营管理信息化，上线新一代ERP系统实现业财一体。公司运用数据挖掘技术分析客户行为，实现精准营销。下半年公司将围绕年度经营计划，重点做好市场开拓、成本控制与人才梯队建设等工作。公司建立健全内部控制系统，治理结构规范，三会运作正常。公司数据中心一期建成投用，具备 PB 级数据存储与计算能力。下半年公司将围绕年度经营计划，重点做好市场开拓、成本控制与人才梯队建设等工作。公司继续推进产能建设，电子元器件项目一期已投产，预计达产后年新增产能5万吨。下半年公司将围绕年度经营计划，重点做好市场开拓、成本控制与人才梯队建设等工作。公司构建经营分析数据仓库，管理层可实时查看核心经营指标。公司探索区块链技术在产品溯源中的应用，实现全流程信息上链。报告期内人民币汇率波动加大，公司通过远期结售汇业务降低了汇兑损失。报告期内人民币汇率波动加大，公司通过远期结售汇业务降低了汇兑损失。下半年公司将围绕年度经营计划，重点做好市场开拓、成本控制与人才梯队建设等工作。公司推进智能制造升级，数字化车间已通过省级认定。公司主要客户为行业龙头企业，合作关系稳定，应收账款回款情况良好。,部署 机器学习 算法 销售 数据 需求预测 库存 周转 效率 明显改善 基于 平台 搭建 协同 办公 体系 区域 协作 效率 核心 业务 系统 迁移 上云 采用 混合 架构 降低 IT 运维 成本 上线 智能 排产 系统 智能算法 优化 生产 排程 采购 服务 替代 传统 服务器 部署 系统 上线 周期 大幅 缩短 探索 区块链 技术 产品 溯源 应用 流程 信息 经营 管理 信息化 上线 新一代 ERP 系统 业财一体 运用 数据挖掘 技术 分析 客户 行为 精准 营销 下半年 年度 经营 做好 市场 开拓 成本 控制 人才 梯队 建设 建立健全 内部 控制系统 治理 结构 规范 三会 运作 数据中心 一期 建成 投用 具备 PB 数据 存储 计算能力 下半年 年度 经营 做好 市场 开拓 成本 控制 人才 梯队 建设 产能 建设 电子 元器件 项目 一期 投产 预计 达产 新增 产能 万吨 下半年 年度 经营 做好 市场 开拓 成本 控制 人才 梯队 建设 构建 经营 分析 数据仓库 管理层 实时 查看 核心 经营 指标 探索 区块链 技术 产品 溯源 应用 流程 信息 人民币 汇率 波动 加大 远期 结售汇 业务 降低 汇兑 损失 人民币 汇率 波动 加大 远期 结售汇 业务 降低 汇兑 损失 下半年 年度 经营 做好 市场 开拓 成本 控制 人才 梯队 建设 智能制造 升级 数字化 车间 省级 认定 客户 行业龙头 企业 合作 关系 应收 账款 回款,199
DEMO046,演示DEMO046股份有限公司,信息技术,2022,年度报告,公司建设大数据平台，整合生产、销售与供应链数据，支撑经营决策。公司本期新增专利授权3项，累计有效专利85项，技术储备进一步夯实。公司本期新增专利授权8项，累计有效专利210项，技术储备进一步夯实。公司上线智能排产系统，通过智能算法优化生产计划排程。面对市场竞争加剧，公司加大渠道建设力度，经销商数量增加210家，覆盖区域进一步扩大。公司积极拓展海外市场，出口业务收入同比增长18.9%，国际化布局初见成效。公司构建智慧物流体系，仓储分拣自动化水平显著提高。公司试点数字人民币结算场景，丰富收款渠道。公司制定数字化转型规划，成立数字化管理委员会统筹推进。公司利用智能合约技术自动执行供应商结算条款。公司试点数字人民币结算场景，丰富收款渠道。公司基于云平台搭建协同办公体系，跨区域协作效率提升。公司部署机器学习算法对销售数据进行需求预测，库存周转效率明显改善。报告期内公司无重大诉讼仲裁事项，各项经营活动正常开展。公司参与行业区块链联盟，推动供应链单证电子化与可信流转。本年度公司人力成本略有上升，管理费用率保持稳定，费用管控成效显现。下半年公司将围绕年度经营计划，重点做好市场开拓、成本控制与人才梯队建设等工作。公司持续加大研发投入，研发费用占营业收入比例为2.6%，围绕高端装备开展技术攻关。公司与高校联合开展深度学习算法研究，赋能产品智能设计。公司探索区块链技术在产品溯源中的应用，实现全流程信息上链。公司主要客户为行业龙头企业，合作关系稳定，应收账款回款情况良好。,脚本生成演示语料(step0_make_demo_corpus.py),公司建设大数据平台，整合生产、销售与供应链数据，支撑经营决策。公司本期新增专利授权3项，累计有效专利85项，技术储备进一步夯实。公司本期新增专利授权8项，累计有效专利210项，技术储备进一步夯实。公司上线智能排产系统，通过智能算法优化生产计划排程。面对市场竞争加剧，公司加大渠道建设力度，经销商数量增加210家，覆盖区域进一步扩大。公司积极拓展海外市场，出口业务收入同比增长18.9%，国际化布局初见成效。公司构建智慧物流体系，仓储分拣自动化水平显著提高。公司试点数字人民币结算场景，丰富收款渠道。公司制定数字化转型规划，成立数字化管理委员会统筹推进。公司利用智能合约技术自动执行供应商结算条款。公司试点数字人民币结算场景，丰富收款渠道。公司基于云平台搭建协同办公体系，跨区域协作效率提升。公司部署机器学习算法对销售数据进行需求预测，库存周转效率明显改善。报告期内公司无重大诉讼仲裁事项，各项经营活动正常开展。公司参与行业区块链联盟，推动供应链单证电子化与可信流转。本年度公司人力成本略有上升，管理费用率保持稳定，费用管控成效显现。下半年公司将围绕年度经营计划，重点做好市场开拓、成本控制与人才梯队建设等工作。公司持续加大研发投入，研发费用占营业收入比例为2.6%，围绕高端装备开展技术攻关。公司与高校联合开展深度学习算法研究，赋能产品智能设计。公司探索区块链技术在产品溯源中的应用，实现全流程信息上链。公司主要客户为行业龙头企业，合作关系稳定，应收账款回款情况良好。,建设 大数据 平台 整合 生产 销售 供应链 数据 支撑 经营 决策 本期 新增 专利 授权 专利 技术储备 夯实 本期 新增 专利 授权 专利 技术储备 夯实 上线 智能 排产 系统 智能算法 优化 生产 排程 面对 市场竞争 加剧 加大 渠道 建设 力度 经销商 数量 覆盖 区域 扩大 拓展 海外 市场 出口 业务收入 国际化 布局 初见成效 构建 智慧物流 体系 仓储 分拣 自动化 水平 试点 数字人民币 结算 场景 丰富 收款 渠道 制定 数字化转型 规划 成立 数字化 管理 委员会 统筹 利用 智能合约 技术 自动 供应商 结算 条款 试点 数字人民币 结算 场景 丰富 收款 渠道 基于 平台 搭建 协同 办公 体系 区域 协作 效率 部署 机器学习 算法 销售 数据 需求预测 库存 周转 效率 明显改善 重大 诉讼 仲裁 事项 经营 活动 参与 行业 区块链 联盟 供应链 单证 电子化 可信 流转 本年度 人力 成本 略有 管理 费用率 保持稳定 费用 管控 成效 显现 下半年 年度 经营 做好 市场 开拓 成本 控制 人才 梯队 建设 持续 加大 研发 投入 研发 费用 营业 收入 比例 高端 装备 技术 攻关 高校 联合 深度学习 算法 研究 赋能 产品 智能 设计 探索 区块链 技术 产品 溯源 应用 流程 信息 客户 行业龙头 企业 合作 关系 应收 账款 回款,183
DEMO046,演示DEMO046股份有限公司,信息技术,2023,年度报告,公司试点数字人民币结算场景，丰富收款渠道。公司建设工业互联网平台，实现设备联网与远程运维。公司研究基于分布式账本的对账机制，降低交易核对成本。公司利用智能合约技术自动执行供应商结算条款。公司主要客户为行业龙头企业，合作关系稳定，应收账款回款情况良好。公司建立健全内部控制系统，治理结构规范，三会运作正常。公司建设大数据平台，整合生产、销售与供应链数据，支撑经营决策。报告期内，公司获得高新技术企业资质认定，享受相应税收优惠政策。公司基于云平台搭建协同办公体系，跨区域协作效率提升。公司引入边缘计算设备，实现车间数据的就地处理与实时回传。公司推进计算机视觉技术在生产线上的应用，实现关键工序自动检测。公司部署机器学习算法对销售数据进行需求预测，库存周转效率明显改善。公司开展数据治理体系建设，统一主数据标准，提升数据资产质量。公司本期新增专利授权22项，累计有效专利38项，技术储备进一步夯实。公司采购云服务替代传统服务器部署，系统上线周期大幅缩短。公司研究基于分布式账本的对账机制，降低交易核对成本。公司运用数据挖掘技术分析客户行为，实现精准营销。公司推动业务流程线上化，无纸化办公覆盖全部业务部门。公司部署机器学习算法对销售数据进行需求预测，库存周转效率明显改善。公司本期新增专利授权22项，累计有效专利120项，技术储备进一步夯实。公司评估公有云与私有云方案，逐步构建统一算力资源池。公司积极拓展海外市场，出口业务收入同比增长9.4%，国际化布局初见成效。公司建设智能客服系统，应用自然语言处理技术实现工单自动分类。公司探索区块链技术在产品溯源中的应用，实现全流程信息上链。公司推进计算机视觉技术在生产线上的应用，实现关键工序自动检测。公司积极拓展海外市场，出口业务收入同比增长18.9%，国际化布局初见成效。公司构建经营分析数据仓库，管理层可实时查看核心经营指标。公司试点数字人民币结算场景，丰富收款渠道。公司高度重视安全生产与环境保护，报告期内未发生重大安全事故。公司高度重视安全生产与环境保护，报告期内未发生重大安全事故。公司评估公有云与私有云方案，逐步构建统一算力资源池。公司推动业务流程线上化，无纸化办公覆盖全部业务部门。本年度公司人力成本略有上升，管理费用率保持稳定，费用管控成效显现。受行业周期影响，部分产品价格有所回落，公司及时调整销售策略，库存水平保持在合理范围。,脚本生成演示语料(step0_make_demo_corpus.py),公司试点数字人民币结算场景，丰富收款渠道。公司建设工业互联网平台，实现设备联网与远程运维。公司研究基于分布式账本的对账机制，降低交易核对成本。公司利用智能合约技术自动执行供应商结算条款。公司主要客户为行业龙头企业，合作关系稳定，应收账款回款情况良好。公司建立健全内部控制系统，治理结构规范，三会运作正常。公司建设大数据平台，整合生产、销售与供应链数据，支撑经营决策。报告期内，公司获得高新技术企业资质认定，享受相应税收优惠政策。公司基于云平台搭建协同办公体系，跨区域协作效率提升。公司引入边缘计算设备，实现车间数据的就地处理与实时回传。公司推进计算机视觉技术在生产线上的应用，实现关键工序自动检测。公司部署机器学习算法对销售数据进行需求预测，库存周转效率明显改善。公司开展数据治理体系建设，统一主数据标准，提升数据资产质量。公司本期新增专利授权22项，累计有效专利38项，技术储备进一步夯实。公司采购云服务替代传统服务器部署，系统上线周期大幅缩短。公司研究基于分布式账本的对账机制，降低交易核对成本。公司运用数据挖掘技术分析客户行为，实现精准营销。公司推动业务流程线上化，无纸化办公覆盖全部业务部门。公司部署机器学习算法对销售数据进行需求预测，库存周转效率明显改善。公司本期新增专利授权22项，累计有效专利120项，技术储备进一步夯实。公司评估公有云与私有云方案，逐步构建统一算力资源池。公司积极拓展海外市场，出口业务收入同比增长9.4%，国际化布局初见成效。公司建设智能客服系统，应用自然语言处理技术实现工单自动分类。公司探索区块链技术在产品溯源中的应用，实现全流程信息上链。公司推进计算机视觉技术在生产线上的应用，实现关键工序自动检测。公司积极拓展海外市场，出口业务收入同比增长18.9%，国际化布局初见成效。公司构建经营分析数据仓库，管理层可实时查看核心经营指标。公司试点数字人民币结算场景，丰富收款渠道。公司高度重视安全生产与环境保护，报告期内未发生重大安全事故。公司高度重视安全生产与环境保护，报告期内未发生重大安全事故。公司评估公有云与私有云方案，逐步构建统一算力资源池。公司推动业务流程线上化，无纸化办公覆盖全部业务部门。本年度公司人力成本略有上升，管理费用率保持稳定，费用管控成效显现。受行业周期影响，部分产品价格有所回落，公司及时调整销售策略，库存水平保持在合理范围。,试点 数字人民币 结算 场景 丰富 收款 渠道 建设 工业互联网 平台 设备 联网 远程 运维 研究 基于 分布式账本 对账 机制 降低 交易 核对 成本 利用 智能合约 技术 自动 供应商 结算 条款 客户 行业龙头 企业 合作 关系 应收 账款 回款 建立健全 内部 控制系统 治理 结构 规范 三会 运作 建设 大数据 平台 整合 生产 销售 供应链 数据 支撑 经营 决策 获得 高新技术 企业资质 认定 享受 相应 税收 优惠政策 基于 平台 搭建 协同 办公 体系 区域 协作 效率 引入 边缘计算 设备 车间 数据 处理 实时 回传 计算机视觉 技术 生产线 应用 关键 工序 自动检测 部署 机器学习 算法 销售 数据 需求预测 库存 周转 效率 明显改善 数据 治理 体系 建设 统一 数据 标准 数据 资产 质量 本期 新增 专利 授权 专利 技术储备 夯实 采购 服务 替代 传统 服务器 部署 系统 上线 周期 大幅 缩短 研究 基于 分布式账本 对账 机制 降低 交易 核对 成本 运用 数据挖掘 技术 分析 客户 行为 精准 营销 业务流程 上化 无纸化 办公 覆盖 全部 业务部门 部署 机器学习 算法 销售 数据 需求预测 库存 周转 效率 明显改善 本期 新增 专利 授权 专利 技术储备 夯实 评估 公有 私有 方案 逐步 构建 统一 算力 资源 拓展 海外 市场 出口 业务收入 国际化 布局 初见成效 建设 智能 客服 系统 应用 自然语言处理 技术 工单 自动 分类 探索 区块链 技术 产品 溯源 应用 流程 信息 计算机视觉 技术 生产线 应用 关键 工序 自动检测 拓展 海外 市场 出口 业务收入 国际化 布局 初见成效 构建 经营 分析 数据仓库 管理层 实时 查看 核心 经营 指标 试点 数字人民币 结算 场景 丰富 收款 渠道 高度重视 安全 生产 环境保护 发生 重大 安全事故 高度重视 安全 生产 环境保护 发生 重大 安全事故 评估 公有 私有 方案 逐步 构建 统一 算力 资源 业务流程 上化 无纸化 办公 覆盖 全部 业务部门 本年度 人力 成本 略有 管理 费用率 保持稳定 费用 管控 成效 显现 行业 周期 影响 产品价格 有所 回落 及时 调整 销售策略 库存 水平 合理 范围,289
DEMO046,演示DEMO046股份有限公司,信息技术,2024,年度报告,公司继续推进产能建设，纺织服装项目一期已投产，预计达产后年新增产能5万吨。公司持续加大研发投入，研发费用占营业收入比例为5.1%，围绕建材开展技术攻关。公司与高校联合开展深度学习算法研究，赋能产品智能设计。公司构建智慧物流体系，仓储分拣自动化水平显著提高。公司深耕东北市场，区域市场份额稳中有升，品牌影响力持续增强。公司推进智能制造升级，数字化车间已通过省级认定。公司引入边缘计算设备，实现车间数据的就地处理与实时回传。公司制定数字化转型规划，成立数字化管理委员会统筹推进。公司持续加大研发投入，研发费用占营业收入比例为3.2%，围绕精细化工产品开展技术攻关。受行业周期影响，部分产品价格有所回落，公司及时调整销售策略，库存水平保持在合理范围。公司现金流状况良好，经营活动现金流量净额为12.4亿元，资产负债结构稳健。公司积极拓展海外市场，出口业务收入同比增长18.9%，国际化布局初见成效。公司引入边缘计算设备，实现车间数据的就地处理与实时回传。公司继续推进产能建设，电子元器件项目一期已投产，预计达产后年新增产能3万吨。公司采购云服务替代传统服务器部署，系统上线周期大幅缩短。公司推进经营管理信息化，上线新一代ERP系统实现业财一体。公司持续优化产品结构，建材业务占比稳步提升，毛利率较上年上升2.5个百分点。公司评估公有云与私有云方案，逐步构建统一算力资源池。公司建立健全内部控制系统，治理结构规范，三会运作正常。公司持续加大研发投入，研发费用占营业收入比例为4.4%，围绕建材开展技术攻关。公司继续推进产能建设，高端装备项目一期已投产，预计达产后年新增产能3万吨。,脚本生成演示语料(step0_make_demo_corpus.py),公司继续推进产能建设，纺织服装项目一期已投产，预计达产后年新增产能5万吨。公司持续加大研发投入，研发费用占营业收入比例为5.1%，围绕建材开展技术攻关。公司与高校联合开展深度学习算法研究，赋能产品智能设计。公司构建智慧物流体系，仓储分拣自动化水平显著提高。公司深耕东北市场，区域市场份额稳中有升，品牌影响力持续增强。公司推进智能制造升级，数字化车间已通过省级认定。公司引入边缘计算设备，实现车间数据的就地处理与实时回传。公司制定数字化转型规划，成立数字化管理委员会统筹推进。公司持续加大研发投入，研发费用占营业收入比例为3.2%，围绕精细化工产品开展技术攻关。受行业周期影响，部分产品价格有所回落，公司及时调整销售策略，库存水平保持在合理范围。公司现金流状况良好，经营活动现金流量净额为12.4亿元，资产负债结构稳健。公司积极拓展海外市场，出口业务收入同比增长18.9%，国际化布局初见成效。公司引入边缘计算设备，实现车间数据的就地处理与实时回传。公司继续推进产能建设，电子元器件项目一期已投产，预计达产后年新增产能3万吨。公司采购云服务替代传统服务器部署，系统上线周期大幅缩短。公司推进经营管理信息化，上线新一代ERP系统实现业财一体。公司持续优化产品结构，建材业务占比稳步提升，毛利率较上年上升2.5个百分点。公司评估公有云与私有云方案，逐步构建统一算力资源池。公司建立健全内部控制系统，治理结构规范，三会运作正常。公司持续加大研发投入，研发费用占营业收入比例为4.4%，围绕建材开展技术攻关。公司继续推进产能建设，高端装备项目一期已投产，预计达产后年新增产能3万吨。,产能 建设 纺织 服装 项目 一期 投产 预计 达产 新增 产能 万吨 持续 加大 研发 投入 研发 费用 营业 收入 比例 建材 技术 攻关 高校 联合 深度学习 算法 研究 赋能 产品 智能 设计 构建 智慧物流 体系 仓储 分拣 自动化 水平 深耕 东北 市场 区域 市场份额 稳中有升 品牌 影响力 持续 增强 智能制造 升级 数字化 车间 省级 认定 引入 边缘计算 设备 车间 数据 处理 实时 回传 制定 数字化转型 规划 成立 数字化 管理 委员会 统筹 持续 加大 研发 投入 研发 费用 营业 收入 比例 精细化工 产品 技术 攻关 行业 周期 影响 产品价格 有所 回落 及时 调整 销售策略 库存 水平 合理 范围 现金流 状况良好 经营 活动 现金流量 净额 资产负债 结构 稳健 拓展 海外 市场 出口 业务收入 国际化 布局 初见成效 引入 边缘计算 设备 车间 数据 处理 实时 回传 产能 建设 电子 元器件 项目 一期 投产 预计 达产 新增 产能 万吨 采购 服务 替代 传统 服务器 部署 系统 上线 周期 大幅 缩短 经营 管理 信息化 上线 新一代 ERP 系统 业财一体 持续 优化 产品 结构 建材 业务 毛利率 百分点 评估 公有 私有 方案 逐步 构建 统一 算力 资源 建立健全 内部 控制系统 治理 结构 规范 三会 运作 持续 加大 研发 投入 研发 费用 营业 收入 比例 建材 技术 攻关 产能 建设 高端 装备 项目 一期 投产 预计 达产 新增 产能 万吨,203
DEMO047,演示DEMO047股份有限公司,制造业,2020,年度报告,公司建设大数据平台，整合生产、销售与供应链数据，支撑经营决策。公司现金流状况良好，经营活动现金流量净额为1.5亿元，资产负债结构稳健。报告期内公司无重大诉讼仲裁事项，各项经营活动正常开展。下半年公司将围绕年度经营计划，重点做好市场开拓、成本控制与人才梯队建设等工作。公司推动业务流程线上化，无纸化办公覆盖全部业务部门。公司运用数据挖掘技术分析客户行为，实现精准营销。公司持续优化产品结构，纺织服装业务占比稳步提升，毛利率较上年持平个百分点。公司探索区块链技术在产品溯源中的应用，实现全流程信息上链。下半年公司将围绕年度经营计划，重点做好市场开拓、成本控制与人才梯队建设等工作。公司发展电子商务业务，线上渠道收入占比持续提升。报告期内公司无重大诉讼仲裁事项，各项经营活动正常开展。公司持续加大研发投入，研发费用占营业收入比例为1.8%，围绕纺织服装开展技术攻关。公司本期新增专利授权8项，累计有效专利38项，技术储备进一步夯实。公司本期新增专利授权3项，累计有效专利38项，技术储备进一步夯实。报告期内，公司实现营业收入19.3亿元，同比增长22.7%，主要得益于主营业务产销规模扩大。下半年公司将围绕年度经营计划，重点做好市场开拓、成本控制与人才梯队建设等工作。,脚本生成演示语料(step0_make_demo_corpus.py),公司建设大数据平台，整合生产、销售与供应链数据，支撑经营决策。公司现金流状况良好，经营活动现金流量净额为1.5亿元，资产负债结构稳健。报告期内公司无重大诉讼仲裁事项，各项经营活动正常开展。下半年公司将围绕年度经营计划，重点做好市场开拓、成本控制与人才梯队建设等工作。公司推动业务流程线上化，无纸化办公覆盖全部业务部门。公司运用数据挖掘技术分析客户行为，实现精准营销。公司持续优化产品结构，纺织服装业务占比稳步提升，毛利率较上年持平个百分点。公司探索区块链技术在产品溯源中的应用，实现全流程信息上链。下半年公司将围绕年度经营计划，重点做好市场开拓、成本控制与人才梯队建设等工作。公司发展电子商务业务，线上渠道收入占比持续提升。报告期内公司无重大诉讼仲裁事项，各项经营活动正常开展。公司持续加大研发投入，研发费用占营业收入比例为1.8%，围绕纺织服装开展技术攻关。公司本期新增专利授权8项，累计有效专利38项，技术储备进一步夯实。公司本期新增专利授权3项，累计有效专利38项，技术储备进一步夯实。报告期内，公司实现营业收入19.3亿元，同比增长22.7%，主要得益于主营业务产销规模扩大。下半年公司将围绕年度经营计划，重点做好市场开拓、成本控制与人才梯队建设等工作。,建设 大数据 平台 整合 生产 销售 供应链 数据 支撑 经营 决策 现金流 状况良好 经营 活动 现金流量 净额 资产负债 结构 稳健 重大 诉讼 仲裁 事项 经营 活动 下半年 年度 经营 做好 市场 开拓 成本 控制 人才 梯队 建设 业务流程 上化 无纸化 办公 覆盖 全部 业务部门 运用 数据挖掘 技术 分析 客户 行为 精准 营销 持续 优化 产品 结构 纺织 服装 业务 毛利率 持平 百分点 探索 区块链 技术 产品 溯源 应用 流程 信息 下半年 年度 经营 做好 市场 开拓 成本 控制 人才 梯队 建设 发展 电子商务 业务 线上 渠道 收入 持续 重大 诉讼 仲裁 事项 经营 活动 持续 加大 研发 投入 研发 费用 营业 收入 比例 纺织 服装 技术 攻关 本期 新增 专利 授权 专利 技术储备 夯实 本期 新增 专利 授权 专利 技术储备 夯实 营业 收入 得益于 主营业务 产销 规模 扩大 下半年 年度 经营 做好 市场 开拓 成本 控制 人才 梯队 建设,139
DEMO047,演示DEMO047股份有限公司,制造业,2021,年度报告,公司基于云平台搭建协同办公体系，跨区域协作效率提升。报告期内人民币汇率波动加大，公司通过远期结售汇业务降低了汇兑损失。公司研究基于分布式账本的对账机制，降低交易核对成本。公司推进计算机视觉技术在生产线上的应用，实现关键工序自动检测。本年度公司人力成本略有上升，管理费用率保持稳定，费用管控成效显现。面对市场竞争加剧，公司加大渠道建设力度，经销商数量增加36家，覆盖区域进一步扩大。公司成立数据中台团队，推动业务数据化、数据业务化。公司本期新增专利授权22项，累计有效专利210项，技术储备进一步夯实。公司继续推进产能建设，高端装备项目一期已投产，预计达产后年新增产能20万吨。公司主要客户为行业龙头企业，合作关系稳定，应收账款回款情况良好。公司建设智能客服系统，应用自然语言处理技术实现工单自动分类。公司数据中心一期建成投用，具备 PB 级数据存储与计算能力。公司推进智能制造升级，数字化车间已通过省级认定。公司数据中心一期建成投用，具备 PB 级数据存储与计算能力。公司高度重视安全生产与环境保护，报告期内未发生重大安全事故。公司基于云平台搭建协同办公体系，跨区域协作效率提升。公司评估公有云与私有云方案，逐步构建统一算力资源池。公司现金流状况良好，经营活动现金流量净额为1.5亿元，资产负债结构稳健。下半年公司将围绕年度经营计划，重点做好市场开拓、成本控制与人才梯队建设等工作。,脚本生成演示语料(step0_make_demo_corpus.py),公司基于云平台搭建协同办公体系，跨区域协作效率提升。报告期内人民币汇率波动加大，公司通过远期结售汇业务降低了汇兑损失。公司研究基于分布式账本的对账机制，降低交易核对成本。公司推进计算机视觉技术在生产线上的应用，实现关键工序自动检测。本年度公司人力成本略有上升，管理费用率保持稳定，费用管控成效显现。面对市场竞争加剧，公司加大渠道建设力度，经销商数量增加36家，覆盖区域进一步扩大。公司成立数据中台团队，推动业务数据化、数据业务化。公司本期新增专利授权22项，累计有效专利210项，技术储备进一步夯实。公司继续推进产能建设，高端装备项目一期已投产，预计达产后年新增产能20万吨。公司主要客户为行业龙头企业，合作关系稳定，应收账款回款情况良好。公司建设智能客服系统，应用自然语言处理技术实现工单自动分类。公司数据中心一期建成投用，具备 PB 级数据存储与计算能力。公司推进智能制造升级，数字化车间已通过省级认定。公司数据中心一期建成投用，具备 PB 级数据存储与计算能力。公司高度重视安全生产与环境保护，报告期内未发生重大安全事故。公司基于云平台搭建协同办公体系，跨区域协作效率提升。公司评估公有云与私有云方案，逐步构建统一算力资源池。公司现金流状况良好，经营活动现金流量净额为1.5亿元，资产负债结构稳健。下半年公司将围绕年度经营计划，重点做好市场开拓、成本控制与人才梯队建设等工作。,基于 平台 搭建 协同 办公 体系 区域 协作 效率 人民币 汇率 波动 加大 远期 结售汇 业务 降低 汇兑 损失 研究 基于 分布式账本 对账 机制 降低 交易 核对 成本 计算机视觉 技术 生产线 应用 关键 工序 自动检测 本年度 人力 成本 略有 管理 费用率 保持稳定 费用 管控 成效 显现 面对 市场竞争 加剧 加大 渠道 建设 力度 经销商 数量 覆盖 区域 扩大 成立 数据中台 团队 业务 数据 数据业务 本期 新增 专利 授权 专利 技术储备 夯实 产能 建设 高端 装备 项目 一期 投产 预计 达产 新增 产能 万吨 客户 行业龙头 企业 合作 关系 应收 账款 回款 建设 智能 客服 系统 应用 自然语言处理 技术 工单 自动 分类 数据中心 一期 建成 投用 具备 PB 数据 存储 计算能力 智能制造 升级 数字化 车间 省级 认定 数据中心 一期 建成 投用 具备 PB 数据 存储 计算能力 高度重视 安全 生产 环境保护 发生 重大 安全事故 基于 平台 搭建 协同 办公 体系 区域 协作 效率 评估 公有 私有 方案 逐步 构建 统一 算力 资源 现金流 状况良好 经营 活动 现金流量 净额 资产负债 结构 稳健 下半年 年度 经营 做好 市场 开拓 成本 控制 人才 梯队 建设,170
DEMO047,演示DEMO047股份有限公司,制造业,2022,年度报告,报告期内，公司实现营业收入45.2亿元，同比增长-1.8%，主要得益于主营业务产销规模扩大。公司参与行业区块链联盟，推动供应链单证电子化与可信流转。公司核心业务系统迁移上云，采用混合云架构降低IT运维成本。报告期内公司无重大诉讼仲裁事项，各项经营活动正常开展。公司开展数据治理体系建设，统一主数据标准，提升数据资产质量。报告期内人民币汇率波动加大，公司通过远期结售汇业务降低了汇兑损失。报告期内，公司获得高新技术企业资质认定，享受相应税收优惠政策。公司构建智慧物流体系，仓储分拣自动化水平显著提高。公司主要客户为行业龙头企业，合作关系稳定，应收账款回款情况良好。公司持续加大研发投入，研发费用占营业收入比例为4.4%，围绕食品饮料开展技术攻关。公司部署机器学习算法对销售数据进行需求预测，库存周转效率明显改善。公司核心业务系统迁移上云，采用混合云架构降低IT运维成本。报告期内公司无重大诉讼仲裁事项，各项经营活动正常开展。受行业周期影响，部分产品价格有所回落，公司及时调整销售策略，库存水平保持在合理范围。受行业周期影响，部分产品价格有所回落，公司及时调整销售策略，库存水平保持在合理范围。公司参与行业区块链联盟，推动供应链单证电子化与可信流转。受行业周期影响，部分产品价格有所回落，公司及时调整销售策略，库存水平保持在合理范围。,脚本生成演示语料(step0_make_demo_corpus.py),报告期内，公司实现营业收入45.2亿元，同比增长-1.8%，主要得益于主营业务产销规模扩大。公司参与行业区块链联盟，推动供应链单证电子化与可信流转。公司核心业务系统迁移上云，采用混合云架构降低IT运维成本。报告期内公司无重大诉讼仲裁事项，各项经营活动正常开展。公司开展数据治理体系建设，统一主数据标准，提升数据资产质量。报告期内人民币汇率波动加大，公司通过远期结售汇业务降低了汇兑损失。报告期内，公司获得高新技术企业资质认定，享受相应税收优惠政策。公司构建智慧物流体系，仓储分拣自动化水平显著提高。公司主要客户为行业龙头企业，合作关系稳定，应收账款回款情况良好。公司持续加大研发投入，研发费用占营业收入比例为4.4%，围绕食品饮料开展技术攻关。公司部署机器学习算法对销售数据进行需求预测，库存周转效率明显改善。公司核心业务系统迁移上云，采用混合云架构降低IT运维成本。报告期内公司无重大诉讼仲裁事项，各项经营活动正常开展。受行业周期影响，部分产品价格有所回落，公司及时调整销售策略，库存水平保持在合理范围。受行业周期影响，部分产品价格有所回落，公司及时调整销售策略，库存水平保持在合理范围。公司参与行业区块链联盟，推动供应链单证电子化与可信流转。受行业周期影响，部分产品价格有所回落，公司及时调整销售策略，库存水平保持在合理范围。,营业 收入 得益于 主营业务 产销 规模 扩大 参与 行业 区块链 联盟 供应链 单证 电子化 可信 流转 核心 业务 系统 迁移 上云 采用 混合 架构 降低 IT 运维 成本 重大 诉讼 仲裁 事项 经营 活动 数据 治理 体系 建设 统一 数据 标准 数据 资产 质量 人民币 汇率 波动 加大 远期 结售汇 业务 降低 汇兑 损失 获得 高新技术 企业资质 认定 享受 相应 税收 优惠政策 构建 智慧物流 体系 仓储 分拣 自动化 水平 客户 行业龙头 企业 合作 关系 应收 账款 回款 持续 加大 研发 投入 研发 费用 营业 收入 比例 食品饮料 技术 攻关 部署 机器学习 算法 销售 数据 需求预测 库存 周转 效率 明显改善 核心 业务 系统 迁移 上云 采用 混合 架构 降低 IT 运维 成本 重大 诉讼 仲裁 事项 经营 活动 行业 周期 影响 产品价格 有所 回落 及时 调整 销售策略 库存 水平 合理 范围 行业 周期 影响 产品价格 有所 回落 及时 调整 销售策略 库存 水平 合理 范围 参与 行业 区块链 联盟 供应链 单证 电子化 可信 流转 行业 周期 影响 产品价格 有所 回落 及时 调整 销售策略 库存 水平 合理 范围,165
DEMO047,演示DEMO047股份有限公司,制造业,2023,年度报告,公司推进计算机视觉技术在生产线上的应用，实现关键工序自动检测。公司持续加大研发投入，研发费用占营业收入比例为2.6%，围绕食品饮料开展技术攻关。公司现金流状况良好，经营活动现金流量净额为12.4亿元，资产负债结构稳健。公司与高校联合开展深度学习算法研究，赋能产品智能设计。公司试点数字人民币结算场景，丰富收款渠道。公司基于云平台搭建协同办公体系，跨区域协作效率提升。公司推进计算机视觉技术在生产线上的应用，实现关键工序自动检测。下半年公司将围绕年度经营计划，重点做好市场开拓、成本控制与人才梯队建设等工作。公司参与行业区块链联盟，推动供应链单证电子化与可信流转。公司现金流状况良好，经营活动现金流量净额为3.2亿元，资产负债结构稳健。公司高度重视安全生产与环境保护，报告期内未发生重大安全事故。报告期内人民币汇率波动加大，公司通过远期结售汇业务降低了汇兑损失。公司继续推进产能建设，建材项目一期已投产，预计达产后年新增产能3万吨。公司本期新增专利授权15项，累计有效专利38项，技术储备进一步夯实。公司基于云平台搭建协同办公体系，跨区域协作效率提升。公司与高校联合开展深度学习算法研究，赋能产品智能设计。公司主要客户为行业龙头企业，合作关系稳定，应收账款回款情况良好。公司推动业务流程线上化，无纸化办公覆盖全部业务部门。公司构建智慧物流体系，仓储分拣自动化水平显著提高。本年度公司人力成本略有上升，管理费用率保持稳定，费用管控成效显现。,脚本生成演示语料(step0_make_demo_corpus.py),公司推进计算机视觉技术在生产线上的应用，实现关键工序自动检测。公司持续加大研发投入，研发费用占营业收入比例为2.6%，围绕食品饮料开展技术攻关。公司现金流状况良好，经营活动现金流量净额为12.4亿元，资产负债结构稳健。公司与高校联合开展深度学习算法研究，赋能产品智能设计。公司试点数字人民币结算场景，丰富收款渠道。公司基于云平台搭建协同办公体系，跨区域协作效率提升。公司推进计算机视觉技术在生产线上的应用，实现关键工序自动检测。下半年公司将围绕年度经营计划，重点做好市场开拓、成本控制与人才梯队建设等工作。公司参与行业区块链联盟，推动供应链单证电子化与可信流转。公司现金流状况良好，经营活动现金流量净额为3.2亿元，资产负债结构稳健。公司高度重视安全生产与环境保护，报告期内未发生重大安全事故。报告期内人民币汇率波动加大，公司通过远期结售汇业务降低了汇兑损失。公司继续推进产能建设，建材项目一期已投产，预计达产后年新增产能3万吨。公司本期新增专利授权15项，累计有效专利38项，技术储备进一步夯实。公司基于云平台搭建协同办公体系，跨区域协作效率提升。公司与高校联合开展深度学习算法研究，赋能产品智能设计。公司主要客户为行业龙头企业，合作关系稳定，应收账款回款情况良好。公司推动业务流程线上化，无纸化办公覆盖全部业务部门。公司构建智慧物流体系，仓储分拣自动化水平显著提高。本年度公司人力成本略有上升，管理费用率保持稳定，费用管控成效显现。,计算机视觉 技术 生产线 应用 关键 工序 自动检测 持续 加大 研发 投入 研发 费用 营业 收入 比例 食品饮料 技术 攻关 现金流 状况良好 经营 活动 现金流量 净额 资产负债 结构 稳健 高校 联合 深度学习 算法 研究 赋能 产品 智能 设计 试点 数字人民币 结算 场景 丰富 收款 渠道 基于 平台 搭建 协同 办公 体系 区域 协作 效率 计算机视觉 技术 生产线 应用 关键 工序 自动检测 下半年 年度 经营 做好 市场 开拓 成本 控制 人才 梯队 建设 参与 行业 区块链 联盟 供应链 单证 电子化 可信 流转 现金流 状况良好 经营 活动 现金流量 净额 资产负债 结构 稳健 高度重视 安全 生产 环境保护 发生 重大 安全事故 人民币 汇率 波动 加大 远期 结售汇 业务 降低 汇兑 损失 产能 建设 建材 项目 一期 投产 预计 达产 新增 产能 万吨 本期 新增 专利 授权 专利 技术储备 夯实 基于 平台 搭建 协同 办公 体系 区域 协作 效率 高校 联合 深度学习 算法 研究 赋能 产品 智能 设计 客户 行业龙头 企业 合作 关系 应收 账款 回款 业务流程 上化 无纸化 办公 覆盖 全部 业务部门 构建 智慧物流 体系 仓储 分拣 自动化 水平 本年度 人力 成本 略有 管理 费用率 保持稳定 费用 管控 成效 显现,175
DEMO047,演示DEMO047股份有限公司,制造业,2024,年度报告,公司引入人工智能技术优化{prod}质检环节，缺陷识别准确率显著提升。公司试点数字人民币结算场景，丰富收款渠道。报告期内公司无重大诉讼仲裁事项，各项经营活动正常开展。本年度公司人力成本略有上升，管理费用率保持稳定，费用管控成效显现。公司数据中心一期建成投用，具备 PB 级数据存储与计算能力。公司部署机器学习算法对销售数据进行需求预测，库存周转效率明显改善。公司部署机器学习算法对销售数据进行需求预测，库存周转效率明显改善。公司试点数字人民币结算场景，丰富收款渠道。报告期内，公司实现营业收入8.9亿元，同比增长8.5%，主要得益于主营业务产销规模扩大。公司参与行业区块链联盟，推动供应链单证电子化与可信流转。公司试点数字人民币结算场景，丰富收款渠道。公司持续优化产品结构，高端装备业务占比稳步提升，毛利率较上年下降1.5个百分点。公司本期新增专利授权8项，累计有效专利38项，技术储备进一步夯实。公司开展数据治理体系建设，统一主数据标准，提升数据资产质量。公司制定数字化转型规划，成立数字化管理委员会统筹推进。公司构建经营分析数据仓库，管理层可实时查看核心经营指标。本年度公司人力成本略有上升，管理费用率保持稳定，费用管控成效显现。公司建设智能客服系统，应用自然语言处理技术实现工单自动分类。公司建立健全内部控制系统，治理结构规范，三会运作正常。公司积极拓展海外市场，出口业务收入同比增长12.1%，国际化布局初见成效。下半年公司将围绕年度经营计划，重点做好市场开拓、成本控制与人才梯队建设等工作。,脚本生成演示语料(step0_make_demo_corpus.py),公司引入人工智能技术优化{prod}质检环节，缺陷识别准确率显著提升。公司试点数字人民币结算场景，丰富收款渠道。报告期内公司无重大诉讼仲裁事项，各项经营活动正常开展。本年度公司人力成本略有上升，管理费用率保持稳定，费用管控成效显现。公司数据中心一期建成投用，具备 PB 级数据存储与计算能力。公司部署机器学习算法对销售数据进行需求预测，库存周转效率明显改善。公司部署机器学习算法对销售数据进行需求预测，库存周转效率明显改善。公司试点数字人民币结算场景，丰富收款渠道。报告期内，公司实现营业收入8.9亿元，同比增长8.5%，主要得益于主营业务产销规模扩大。公司参与行业区块链联盟，推动供应链单证电子化与可信流转。公司试点数字人民币结算场景，丰富收款渠道。公司持续优化产品结构，高端装备业务占比稳步提升，毛利率较上年下降1.5个百分点。公司本期新增专利授权8项，累计有效专利38项，技术储备进一步夯实。公司开展数据治理体系建设，统一主数据标准，提升数据资产质量。公司制定数字化转型规划，成立数字化管理委员会统筹推进。公司构建经营分析数据仓库，管理层可实时查看核心经营指标。本年度公司人力成本略有上升，管理费用率保持稳定，费用管控成效显现。公司建设智能客服系统，应用自然语言处理技术实现工单自动分类。公司建立健全内部控制系统，治理结构规范，三会运作正常。公司积极拓展海外市场，出口业务收入同比增长12.1%，国际化布局初见成效。下半年公司将围绕年度经营计划，重点做好市场开拓、成本控制与人才梯队建设等工作。,引入 人工智能 技术 优化 prod 质检 环节 缺陷 识别 准确率 试点 数字人民币 结算 场景 丰富 收款 渠道 重大 诉讼 仲裁 事项 经营 活动 本年度 人力 成本 略有 管理 费用率 保持稳定 费用 管控 成效 显现 数据中心 一期 建成 投用 具备 PB 数据 存储 计算能力 部署 机器学习 算法 销售 数据 需求预测 库存 周转 效率 明显改善 部署 机器学习 算法 销售 数据 需求预测 库存 周转 效率 明显改善 试点 数字人民币 结算 场景 丰富 收款 渠道 营业 收入 得益于 主营业务 产销 规模 扩大 参与 行业 区块链 联盟 供应链 单证 电子化 可信 流转 试点 数字人民币 结算 场景 丰富 收款 渠道 持续 优化 产品 结构 高端 装备 业务 毛利率 百分点 本期 新增 专利 授权 专利 技术储备 夯实 数据 治理 体系 建设 统一 数据 标准 数据 资产 质量 制定 数字化转型 规划 成立 数字化 管理 委员会 统筹 构建 经营 分析 数据仓库 管理层 实时 查看 核心 经营 指标 本年度 人力 成本 略有 管理 费用率 保持稳定 费用 管控 成效 显现 建设 智能 客服 系统 应用 自然语言处理 技术 工单 自动 分类 建立健全 内部 控制系统 治理 结构 规范 三会 运作 拓展 海外 市场 出口 业务收入 国际化 布局 初见成效 下半年 年度 经营 做好 市场 开拓 成本 控制 人才 梯队 建设,185
DEMO048,演示DEMO048股份有限公司,批发零售,2020,年度报告,公司参与行业区块链联盟，推动供应链单证电子化与可信流转。公司参与行业区块链联盟，推动供应链单证电子化与可信流转。公司推进智能制造升级，数字化车间已通过省级认定。公司继续推进产能建设，建材项目一期已投产，预计达产后年新增产能3万吨。公司评估公有云与私有云方案，逐步构建统一算力资源池。公司积极拓展海外市场，出口业务收入同比增长9.4%，国际化布局初见成效。面对市场竞争加剧，公司加大渠道建设力度，经销商数量增加45家，覆盖区域进一步扩大。公司持续优化产品结构，建材业务占比稳步提升，毛利率较上年上升2.5个百分点。公司现金流状况良好，经营活动现金流量净额为3.2亿元，资产负债结构稳健。公司推动业务流程线上化，无纸化办公覆盖全部业务部门。公司成立数据中台团队，推动业务数据化、数据业务化。公司持续优化产品结构，纺织服装业务占比稳步提升，毛利率较上年下降0.8个百分点。本年度公司人力成本略有上升，管理费用率保持稳定，费用管控成效显现。报告期内公司无重大诉讼仲裁事项，各项经营活动正常开展。原材料价格波动对成本端形成一定压力，公司通过集中采购和套期保值部分对冲了成本上行风险。公司评估公有云与私有云方案，逐步构建统一算力资源池。公司采购云服务替代传统服务器部署，系统上线周期大幅缩短。公司推动业务流程线上化，无纸化办公覆盖全部业务部门。,脚本生成演示语料(step0_make_demo_corpus.py),公司参与行业区块链联盟，推动供应链单证电子化与可信流转。公司参与行业区块链联盟，推动供应链单证电子化与可信流转。公司推进智能制造升级，数字化车间已通过省级认定。公司继续推进产能建设，建材项目一期已投产，预计达产后年新增产能3万吨。公司评估公有云与私有云方案，逐步构建统一算力资源池。公司积极拓展海外市场，出口业务收入同比增长9.4%，国际化布局初见成效。面对市场竞争加剧，公司加大渠道建设力度，经销商数量增加45家，覆盖区域进一步扩大。公司持续优化产品结构，建材业务占比稳步提升，毛利率较上年上升2.5个百分点。公司现金流状况良好，经营活动现金流量净额为3.2亿元，资产负债结构稳健。公司推动业务流程线上化，无纸化办公覆盖全部业务部门。公司成立数据中台团队，推动业务数据化、数据业务化。公司持续优化产品结构，纺织服装业务占比稳步提升，毛利率较上年下降0.8个百分点。本年度公司人力成本略有上升，管理费用率保持稳定，费用管控成效显现。报告期内公司无重大诉讼仲裁事项，各项经营活动正常开展。原材料价格波动对成本端形成一定压力，公司通过集中采购和套期保值部分对冲了成本上行风险。公司评估公有云与私有云方案，逐步构建统一算力资源池。公司采购云服务替代传统服务器部署，系统上线周期大幅缩短。公司推动业务流程线上化，无纸化办公覆盖全部业务部门。,参与 行业 区块链 联盟 供应链 单证 电子化 可信 流转 参与 行业 区块链 联盟 供应链 单证 电子化 可信 流转 智能制造 升级 数字化 车间 省级 认定 产能 建设 建材 项目 一期 投产 预计 达产 新增 产能 万吨 评估 公有 私有 方案 逐步 构建 统一 算力 资源 拓展 海外 市场 出口 业务收入 国际化 布局 初见成效 面对 市场竞争 加剧 加大 渠道 建设 力度 经销商 数量 覆盖 区域 扩大 持续 优化 产品 结构 建材 业务 毛利率 百分点 现金流 状况良好 经营 活动 现金流量 净额 资产负债 结构 稳健 业务流程 上化 无纸化 办公 覆盖 全部 业务部门 成立 数据中台 团队 业务 数据 数据业务 持续 优化 产品 结构 纺织 服装 业务 毛利率 百分点 本年度 人力 成本 略有 管理 费用率 保持稳定 费用 管控 成效 显现 重大 诉讼 仲裁 事项 经营 活动 原材料 价格 波动 成本 形成 一定 压力 集中 采购 套期 保值 对冲 成本 上行 风险 评估 公有 私有 方案 逐步 构建 统一 算力 资源 采购 服务 替代 传统 服务器 部署 系统 上线 周期 大幅 缩短 业务流程 上化 无纸化 办公 覆盖 全部 业务部门,162
DEMO048,演示DEMO048股份有限公司,批发零售,2021,年度报告,报告期内人民币汇率波动加大，公司通过远期结售汇业务降低了汇兑损失。公司推进经营管理信息化，上线新一代ERP系统实现业财一体。原材料价格波动对成本端形成一定压力，公司通过集中采购和套期保值部分对冲了成本上行风险。公司高度重视安全生产与环境保护，报告期内未发生重大安全事故。公司发展电子商务业务，线上渠道收入占比持续提升。公司现金流状况良好，经营活动现金流量净额为12.4亿元，资产负债结构稳健。公司运用数据挖掘技术分析客户行为，实现精准营销。公司应用数字孪生技术对重点产线进行虚拟建模与仿真优化。公司试点数字人民币结算场景，丰富收款渠道。公司持续加大研发投入，研发费用占营业收入比例为5.1%，围绕纺织服装开展技术攻关。面对市场竞争加剧，公司加大渠道建设力度，经销商数量增加36家，覆盖区域进一步扩大。本年度公司人力成本略有上升，管理费用率保持稳定，费用管控成效显现。公司构建经营分析数据仓库，管理层可实时查看核心经营指标。原材料价格波动对成本端形成一定压力，公司通过集中采购和套期保值部分对冲了成本上行风险。受行业周期影响，部分产品价格有所回落，公司及时调整销售策略，库存水平保持在合理范围。受行业周期影响，部分产品价格有所回落，公司及时调整销售策略，库存水平保持在合理范围。公司试点数字人民币结算场景，丰富收款渠道。公司推进计算机视觉技术在生产线上的应用，实现关键工序自动检测。报告期内公司无重大诉讼仲裁事项，各项经营活动正常开展。公司建立健全内部控制系统，治理结构规范，三会运作正常。公司利用智能合约技术自动执行供应商结算条款。,脚本生成演示语料(step0_make_demo_corpus.py),报告期内人民币汇率波动加大，公司通过远期结售汇业务降低了汇兑损失。公司推进经营管理信息化，上线新一代ERP系统实现业财一体。原材料价格波动对成本端形成一定压力，公司通过集中采购和套期保值部分对冲了成本上行风险。公司高度重视安全生产与环境保护，报告期内未发生重大安全事故。公司发展电子商务业务，线上渠道收入占比持续提升。公司现金流状况良好，经营活动现金流量净额为12.4亿元，资产负债结构稳健。公司运用数据挖掘技术分析客户行为，实现精准营销。公司应用数字孪生技术对重点产线进行虚拟建模与仿真优化。公司试点数字人民币结算场景，丰富收款渠道。公司持续加大研发投入，研发费用占营业收入比例为5.1%，围绕纺织服装开展技术攻关。面对市场竞争加剧，公司加大渠道建设力度，经销商数量增加36家，覆盖区域进一步扩大。本年度公司人力成本略有上升，管理费用率保持稳定，费用管控成效显现。公司构建经营分析数据仓库，管理层可实时查看核心经营指标。原材料价格波动对成本端形成一定压力，公司通过集中采购和套期保值部分对冲了成本上行风险。受行业周期影响，部分产品价格有所回落，公司及时调整销售策略，库存水平保持在合理范围。受行业周期影响，部分产品价格有所回落，公司及时调整销售策略，库存水平保持在合理范围。公司试点数字人民币结算场景，丰富收款渠道。公司推进计算机视觉技术在生产线上的应用，实现关键工序自动检测。报告期内公司无重大诉讼仲裁事项，各项经营活动正常开展。公司建立健全内部控制系统，治理结构规范，三会运作正常。公司利用智能合约技术自动执行供应商结算条款。,人民币 汇率 波动 加大 远期 结售汇 业务 降低 汇兑 损失 经营 管理 信息化 上线 新一代 ERP 系统 业财一体 原材料 价格 波动 成本 形成 一定 压力 集中 采购 套期 保值 对冲 成本 上行 风险 高度重视 安全 生产 环境保护 发生 重大 安全事故 发展 电子商务 业务 线上 渠道 收入 持续 现金流 状况良好 经营 活动 现金流量 净额 资产负债 结构 稳健 运用 数据挖掘 技术 分析 客户 行为 精准 营销 应用 数字孪生 技术 产线 虚拟 建模 仿真 优化 试点 数字人民币 结算 场景 丰富 收款 渠道 持续 加大 研发 投入 研发 费用 营业 收入 比例 纺织 服装 技术 攻关 面对 市场竞争 加剧 加大 渠道 建设 力度 经销商 数量 覆盖 区域 扩大 本年度 人力 成本 略有 管理 费用率 保持稳定 费用 管控 成效 显现 构建 经营 分析 数据仓库 管理层 实时 查看 核心 经营 指标 原材料 价格 波动 成本 形成 一定 压力 集中 采购 套期 保值 对冲 成本 上行 风险 行业 周期 影响 产品价格 有所 回落 及时 调整 销售策略 库存 水平 合理 范围 行业 周期 影响 产品价格 有所 回落 及时 调整 销售策略 库存 水平 合理 范围 试点 数字人民币 结算 场景 丰富 收款 渠道 计算机视觉 技术 生产线 应用 关键 工序 自动检测 重大 诉讼 仲裁 事项 经营 活动 建立健全 内部 控制系统 治理 结构 规范 三会 运作 利用 智能合约 技术 自动 供应商 结算 条款,201
DEMO048,演示DEMO048股份有限公司,批发零售,2022,年度报告,公司基于云平台搭建协同办公体系，跨区域协作效率提升。公司数据中心一期建成投用，具备 PB 级数据存储与计算能力。公司与高校联合开展深度学习算法研究，赋能产品智能设计。公司数据中心一期建成投用，具备 PB 级数据存储与计算能力。报告期内人民币汇率波动加大，公司通过远期结售汇业务降低了汇兑损失。公司构建经营分析数据仓库，管理层可实时查看核心经营指标。下半年公司将围绕年度经营计划，重点做好市场开拓、成本控制与人才梯队建设等工作。公司研究基于分布式账本的对账机制，降低交易核对成本。公司推进经营管理信息化，上线新一代ERP系统实现业财一体。公司参与行业区块链联盟，推动供应链单证电子化与可信流转。公司评估公有云与私有云方案，逐步构建统一算力资源池。公司核心业务系统迁移上云，采用混合云架构降低IT运维成本。报告期内公司无重大诉讼仲裁事项，各项经营活动正常开展。公司推进经营管理信息化，上线新一代ERP系统实现业财一体。公司引入边缘计算设备，实现车间数据的就地处理与实时回传。公司本期新增专利授权15项，累计有效专利85项，技术储备进一步夯实。公司基于云平台搭建协同办公体系，跨区域协作效率提升。公司评估公有云与私有云方案，逐步构建统一算力资源池。受行业周期影响，部分产品价格有所回落，公司及时调整销售策略，库存水平保持在合理范围。公司部署机器学习算法对销售数据进行需求预测，库存周转效率明显改善。公司持续加大研发投入，研发费用占营业收入比例为5.1%，围绕高端装备开展技术攻关。公司建立健全内部控制系统，治理结构规范，三会运作正常。公司利用智能合约技术自动执行供应商结算条款。公司积极拓展海外市场，出口业务收入同比增长30.5%，国际化布局初见成效。公司建立健全内部控制系统，治理结构规范，三会运作正常。,脚本生成演示语料(step0_make_demo_corpus.py),公司基于云平台搭建协同办公体系，跨区域协作效率提升。公司数据中心一期建成投用，具备 PB 级数据存储与计算能力。公司与高校联合开展深度学习算法研究，赋能产品智能设计。公司数据中心一期建成投用，具备 PB 级数据存储与计算能力。报告期内人民币汇率波动加大，公司通过远期结售汇业务降低了汇兑损失。公司构建经营分析数据仓库，管理层可实时查看核心经营指标。下半年公司将围绕年度经营计划，重点做好市场开拓、成本控制与人才梯队建设等工作。公司研究基于分布式账本的对账机制，降低交易核对成本。公司推进经营管理信息化，上线新一代ERP系统实现业财一体。公司参与行业区块链联盟，推动供应链单证电子化与可信流转。公司评估公有云与私有云方案，逐步构建统一算力资源池。公司核心业务系统迁移上云，采用混合云架构降低IT运维成本。报告期内公司无重大诉讼仲裁事项，各项经营活动正常开展。公司推进经营管理信息化，上线新一代ERP系统实现业财一体。公司引入边缘计算设备，实现车间数据的就地处理与实时回传。公司本期新增专利授权15项，累计有效专利85项，技术储备进一步夯实。公司基于云平台搭建协同办公体系，跨区域协作效率提升。公司评估公有云与私有云方案，逐步构建统一算力资源池。受行业周期影响，部分产品价格有所回落，公司及时调整销售策略，库存水平保持在合理范围。公司部署机器学习算法对销售数据进行需求预测，库存周转效率明显改善。公司持续加大研发投入，研发费用占营业收入比例为5.1%，围绕高端装备开展技术攻关。公司建立健全内部控制系统，治理结构规范，三会运作正常。公司利用智能合约技术自动执行供应商结算条款。公司积极拓展海外市场，出口业务收入同比增长30.5%，国际化布局初见成效。公司建立健全内部控制系统，治理结构规范，三会运作正常。,基于 平台 搭建 协同 办公 体系 区域 协作 效率 数据中心 一期 建成 投用 具备 PB 数据 存储 计算能力 高校 联合 深度学习 算法 研究 赋能 产品 智能 设计 数据中心 一期 建成 投用 具备 PB 数据 存储 计算能力 人民币 汇率 波动 加大 远期 结售汇 业务 降低 汇兑 损失 构建 经营 分析 数据仓库 管理层 实时 查看 核心 经营 指标 下半年 年度 经营 做好 市场 开拓 成本 控制 人才 梯队 建设 研究 基于 分布式账本 对账 机制 降低 交易 核对 成本 经营 管理 信息化 上线 新一代 ERP 系统 业财一体 参与 行业 区块链 联盟 供应链 单证 电子化 可信 流转 评估 公有 私有 方案 逐步 构建 统一 算力 资源 核心 业务 系统 迁移 上云 采用 混合 架构 降低 IT 运维 成本 重大 诉讼 仲裁 事项 经营 活动 经营 管理 信息化 上线 新一代 ERP 系统 业财一体 引入 边缘计算 设备 车间 数据 处理 实时 回传 本期 新增 专利 授权 专利 技术储备 夯实 基于 平台 搭建 协同 办公 体系 区域 协作 效率 评估 公有 私有 方案 逐步 构建 统一 算力 资源 行业 周期 影响 产品价格 有所 回落 及时 调整 销售策略 库存 水平 合理 范围 部署 机器学习 算法 销售 数据 需求预测 库存 周转 效率 明显改善 持续 加大 研发 投入 研发 费用 营业 收入 比例 高端 装备 技术 攻关 建立健全 内部 控制系统 治理 结构 规范 三会 运作 利用 智能合约 技术 自动 供应商 结算 条款 拓展 海外 市场 出口 业务收入 国际化 布局 初见成效 建立健全 内部 控制系统 治理 结构 规范 三会 运作,228
DEMO048,演示DEMO048股份有限公司,批发零售,2023,年度报告,公司持续加大研发投入，研发费用占营业收入比例为3.2%，围绕精细化工产品开展技术攻关。公司持续优化产品结构，食品饮料业务占比稳步提升，毛利率较上年上升1.2个百分点。公司持续加大研发投入，研发费用占营业收入比例为4.4%，围绕精细化工产品开展技术攻关。报告期内人民币汇率波动加大，公司通过远期结售汇业务降低了汇兑损失。公司深耕华南市场，区域市场份额稳中有升，品牌影响力持续增强。公司建设工业互联网平台，实现设备联网与远程运维。面对市场竞争加剧，公司加大渠道建设力度，经销商数量增加210家，覆盖区域进一步扩大。公司现金流状况良好，经营活动现金流量净额为3.2亿元，资产负债结构稳健。公司引入边缘计算设备，实现车间数据的就地处理与实时回传。公司持续加大研发投入，研发费用占营业收入比例为3.2%，围绕食品饮料开展技术攻关。公司与高校联合开展深度学习算法研究，赋能产品智能设计。本年度公司人力成本略有上升，管理费用率保持稳定，费用管控成效显现。公司探索区块链技术在产品溯源中的应用，实现全流程信息上链。公司利用智能合约技术自动执行供应商结算条款。,脚本生成演示语料(step0_make_demo_corpus.py),公司持续加大研发投入，研发费用占营业收入比例为3.2%，围绕精细化工产品开展技术攻关。公司持续优化产品结构，食品饮料业务占比稳步提升，毛利率较上年上升1.2个百分点。公司持续加大研发投入，研发费用占营业收入比例为4.4%，围绕精细化工产品开展技术攻关。报告期内人民币汇率波动加大，公司通过远期结售汇业务降低了汇兑损失。公司深耕华南市场，区域市场份额稳中有升，品牌影响力持续增强。公司建设工业互联网平台，实现设备联网与远程运维。面对市场竞争加剧，公司加大渠道建设力度，经销商数量增加210家，覆盖区域进一步扩大。公司现金流状况良好，经营活动现金流量净额为3.2亿元，资产负债结构稳健。公司引入边缘计算设备，实现车间数据的就地处理与实时回传。公司持续加大研发投入，研发费用占营业收入比例为3.2%，围绕食品饮料开展技术攻关。公司与高校联合开展深度学习算法研究，赋能产品智能设计。本年度公司人力成本略有上升，管理费用率保持稳定，费用管控成效显现。公司探索区块链技术在产品溯源中的应用，实现全流程信息上链。公司利用智能合约技术自动执行供应商结算条款。,持续 加大 研发 投入 研发 费用 营业 收入 比例 精细化工 产品 技术 攻关 持续 优化 产品 结构 食品饮料 业务 毛利率 百分点 持续 加大 研发 投入 研发 费用 营业 收入 比例 精细化工 产品 技术 攻关 人民币 汇率 波动 加大 远期 结售汇 业务 降低 汇兑 损失 深耕 华南 市场 区域 市场份额 稳中有升 品牌 影响力 持续 增强 建设 工业互联网 平台 设备 联网 远程 运维 面对 市场竞争 加剧 加大 渠道 建设 力度 经销商 数量 覆盖 区域 扩大 现金流 状况良好 经营 活动 现金流量 净额 资产负债 结构 稳健 引入 边缘计算 设备 车间 数据 处理 实时 回传 持续 加大 研发 投入 研发 费用 营业 收入 比例 食品饮料 技术 攻关 高校 联合 深度学习 算法 研究 赋能 产品 智能 设计 本年度 人力 成本 略有 管理 费用率 保持稳定 费用 管控 成效 显现 探索 区块链 技术 产品 溯源 应用 流程 信息 利用 智能合约 技术 自动 供应商 结算 条款,137
DEMO048,演示DEMO048股份有限公司,批发零售,2024,年度报告,公司主要客户为行业龙头企业，合作关系稳定，应收账款回款情况良好。公司成立数据中台团队，推动业务数据化、数据业务化。公司推进计算机视觉技术在生产线上的应用，实现关键工序自动检测。公司制定数字化转型规划，成立数字化管理委员会统筹推进。公司持续加大研发投入，研发费用占营业收入比例为5.1%，围绕高端装备开展技术攻关。下半年公司将围绕年度经营计划，重点做好市场开拓、成本控制与人才梯队建设等工作。公司核心业务系统迁移上云，采用混合云架构降低IT运维成本。公司推进经营管理信息化，上线新一代ERP系统实现业财一体。公司采购云服务替代传统服务器部署，系统上线周期大幅缩短。公司发展电子商务业务，线上渠道收入占比持续提升。公司运用数据挖掘技术分析客户行为，实现精准营销。公司数据中心一期建成投用，具备 PB 级数据存储与计算能力。公司积极拓展海外市场，出口业务收入同比增长12.1%，国际化布局初见成效。公司研究基于分布式账本的对账机制，降低交易核对成本。公司推进计算机视觉技术在生产线上的应用，实现关键工序自动检测。公司建设大数据平台，整合生产、销售与供应链数据，支撑经营决策。公司上线智能排产系统，通过智能算法优化生产计划排程。原材料价格波动对成本端形成一定压力，公司通过集中采购和套期保值部分对冲了成本上行风险。公司构建经营分析数据仓库，管理层可实时查看核心经营指标。报告期内人民币汇率波动加大，公司通过远期结售汇业务降低了汇兑损失。报告期内，公司实现营业收入12.6亿元，同比增长22.7%，主要得益于主营业务产销规模扩大。公司上线智能排产系统，通过智能算法优化生产计划排程。公司持续加大研发投入，研发费用占营业收入比例为5.1%，围绕纺织服装开展技术攻关。公司制定数字化转型规划，成立数字化管理委员会统筹推进。原材料价格波动对成本端形成一定压力，公司通过集中采购和套期保值部分对冲了成本上行风险。,脚本生成演示语料(step0_make_demo_corpus.py),公司主要客户为行业龙头企业，合作关系稳定，应收账款回款情况良好。公司成立数据中台团队，推动业务数据化、数据业务化。公司推进计算机视觉技术在生产线上的应用，实现关键工序自动检测。公司制定数字化转型规划，成立数字化管理委员会统筹推进。公司持续加大研发投入，研发费用占营业收入比例为5.1%，围绕高端装备开展技术攻关。下半年公司将围绕年度经营计划，重点做好市场开拓、成本控制与人才梯队建设等工作。公司核心业务系统迁移上云，采用混合云架构降低IT运维成本。公司推进经营管理信息化，上线新一代ERP系统实现业财一体。公司采购云服务替代传统服务器部署，系统上线周期大幅缩短。公司发展电子商务业务，线上渠道收入占比持续提升。公司运用数据挖掘技术分析客户行为，实现精准营销。公司数据中心一期建成投用，具备 PB 级数据存储与计算能力。公司积极拓展海外市场，出口业务收入同比增长12.1%，国际化布局初见成效。公司研究基于分布式账本的对账机制，降低交易核对成本。公司推进计算机视觉技术在生产线上的应用，实现关键工序自动检测。公司建设大数据平台，整合生产、销售与供应链数据，支撑经营决策。公司上线智能排产系统，通过智能算法优化生产计划排程。原材料价格波动对成本端形成一定压力，公司通过集中采购和套期保值部分对冲了成本上行风险。公司构建经营分析数据仓库，管理层可实时查看核心经营指标。报告期内人民币汇率波动加大，公司通过远期结售汇业务降低了汇兑损失。报告期内，公司实现营业收入12.6亿元，同比增长22.7%，主要得益于主营业务产销规模扩大。公司上线智能排产系统，通过智能算法优化生产计划排程。公司持续加大研发投入，研发费用占营业收入比例为5.1%，围绕纺织服装开展技术攻关。公司制定数字化转型规划，成立数字化管理委员会统筹推进。原材料价格波动对成本端形成一定压力，公司通过集中采购和套期保值部分对冲了成本上行风险。,客户 行业龙头 企业 合作 关系 应收 账款 回款 成立 数据中台 团队 业务 数据 数据业务 计算机视觉 技术 生产线 应用 关键 工序 自动检测 制定 数字化转型 规划 成立 数字化 管理 委员会 统筹 持续 加大 研发 投入 研发 费用 营业 收入 比例 高端 装备 技术 攻关 下半年 年度 经营 做好 市场 开拓 成本 控制 人才 梯队 建设 核心 业务 系统 迁移 上云 采用 混合 架构 降低 IT 运维 成本 经营 管理 信息化 上线 新一代 ERP 系统 业财一体 采购 服务 替代 传统 服务器 部署 系统 上线 周期 大幅 缩短 发展 电子商务 业务 线上 渠道 收入 持续 运用 数据挖掘 技术 分析 客户 行为 精准 营销 数据中心 一期 建成 投用 具备 PB 数据 存储 计算能力 拓展 海外 市场 出口 业务收入 国际化 布局 初见成效 研究 基于 分布式账本 对账 机制 降低 交易 核对 成本 计算机视觉 技术 生产线 应用 关键 工序 自动检测 建设 大数据 平台 整合 生产 销售 供应链 数据 支撑 经营 决策 上线 智能 排产 系统 智能算法 优化 生产 排程 原材料 价格 波动 成本 形成 一定 压力 集中 采购 套期 保值 对冲 成本 上行 风险 构建 经营 分析 数据仓库 管理层 实时 查看 核心 经营 指标 人民币 汇率 波动 加大 远期 结售汇 业务 降低 汇兑 损失 营业 收入 得益于 主营业务 产销 规模 扩大 上线 智能 排产 系统 智能算法 优化 生产 排程 持续 加大 研发 投入 研发 费用 营业 收入 比例 纺织 服装 技术 攻关 制定 数字化转型 规划 成立 数字化 管理 委员会 统筹 原材料 价格 波动 成本 形成 一定 压力 集中 采购 套期 保值 对冲 成本 上行 风险,237
DEMO049,演示DEMO049股份有限公司,房地产,2020,年度报告,报告期内人民币汇率波动加大，公司通过远期结售汇业务降低了汇兑损失。报告期内，公司实现营业收入8.9亿元，同比增长-1.8%，主要得益于主营业务产销规模扩大。报告期内公司无重大诉讼仲裁事项，各项经营活动正常开展。报告期内人民币汇率波动加大，公司通过远期结售汇业务降低了汇兑损失。报告期内公司无重大诉讼仲裁事项，各项经营活动正常开展。报告期内公司客户结构进一步优化，前五大客户收入占比为36.9%，客户集中度处于合理区间。报告期内，公司实现营业收入45.2亿元，同比增长5.6%，主要得益于主营业务产销规模扩大。公司本期新增专利授权15项，累计有效专利85项，技术储备进一步夯实。面对市场竞争加剧，公司加大渠道建设力度，经销商数量增加120家，覆盖区域进一步扩大。公司数据中心一期建成投用，具备 PB 级数据存储与计算能力。公司深耕东北市场，区域市场份额稳中有升，品牌影响力持续增强。报告期内公司无重大诉讼仲裁事项，各项经营活动正常开展。,脚本生成演示语料(step0_make_demo_corpus.py),报告期内人民币汇率波动加大，公司通过远期结售汇业务降低了汇兑损失。报告期内，公司实现营业收入8.9亿元，同比增长-1.8%，主要得益于主营业务产销规模扩大。报告期内公司无重大诉讼仲裁事项，各项经营活动正常开展。报告期内人民币汇率波动加大，公司通过远期结售汇业务降低了汇兑损失。报告期内公司无重大诉讼仲裁事项，各项经营活动正常开展。报告期内公司客户结构进一步优化，前五大客户收入占比为36.9%，客户集中度处于合理区间。报告期内，公司实现营业收入45.2亿元，同比增长5.6%，主要得益于主营业务产销规模扩大。公司本期新增专利授权15项，累计有效专利85项，技术储备进一步夯实。面对市场竞争加剧，公司加大渠道建设力度，经销商数量增加120家，覆盖区域进一步扩大。公司数据中心一期建成投用，具备 PB 级数据存储与计算能力。公司深耕东北市场，区域市场份额稳中有升，品牌影响力持续增强。报告期内公司无重大诉讼仲裁事项，各项经营活动正常开展。,人民币 汇率 波动 加大 远期 结售汇 业务 降低 汇兑 损失 营业 收入 得益于 主营业务 产销 规模 扩大 重大 诉讼 仲裁 事项 经营 活动 人民币 汇率 波动 加大 远期 结售汇 业务 降低 汇兑 损失 重大 诉讼 仲裁 事项 经营 活动 客户 结构 优化 五大 客户 收入 客户 集中度 处于 合理 区间 营业 收入 得益于 主营业务 产销 规模 扩大 本期 新增 专利 授权 专利 技术储备 夯实 面对 市场竞争 加剧 加大 渠道 建设 力度 经销商 数量 覆盖 区域 扩大 数据中心 一期 建成 投用 具备 PB 数据 存储 计算能力 深耕 东北 市场 区域 市场份额 稳中有升 品牌 影响力 持续 增强 重大 诉讼 仲裁 事项 经营 活动,101
DEMO049,演示DEMO049股份有限公司,房地产,2021,年度报告,报告期内公司客户结构进一步优化，前五大客户收入占比为41.8%，客户集中度处于合理区间。公司采购云服务替代传统服务器部署，系统上线周期大幅缩短。公司推动业务流程线上化，无纸化办公覆盖全部业务部门。公司深耕华东市场，区域市场份额稳中有升，品牌影响力持续增强。公司开展数据治理体系建设，统一主数据标准，提升数据资产质量。公司继续推进产能建设，建材项目一期已投产，预计达产后年新增产能5万吨。公司本期新增专利授权15项，累计有效专利120项，技术储备进一步夯实。公司构建智慧物流体系，仓储分拣自动化水平显著提高。报告期内，公司获得高新技术企业资质认定，享受相应税收优惠政策。报告期内，公司实现营业收入19.3亿元，同比增长-3.1%，主要得益于主营业务产销规模扩大。本年度公司人力成本略有上升，管理费用率保持稳定，费用管控成效显现。公司利用智能合约技术自动执行供应商结算条款。报告期内，公司实现营业收入28.4亿元，同比增长5.6%，主要得益于主营业务产销规模扩大。,脚本生成演示语料(step0_make_demo_corpus.py),报告期内公司客户结构进一步优化，前五大客户收入占比为41.8%，客户集中度处于合理区间。公司采购云服务替代传统服务器部署，系统上线周期大幅缩短。公司推动业务流程线上化，无纸化办公覆盖全部业务部门。公司深耕华东市场，区域市场份额稳中有升，品牌影响力持续增强。公司开展数据治理体系建设，统一主数据标准，提升数据资产质量。公司继续推进产能建设，建材项目一期已投产，预计达产后年新增产能5万吨。公司本期新增专利授权15项，累计有效专利120项，技术储备进一步夯实。公司构建智慧物流体系，仓储分拣自动化水平显著提高。报告期内，公司获得高新技术企业资质认定，享受相应税收优惠政策。报告期内，公司实现营业收入19.3亿元，同比增长-3.1%，主要得益于主营业务产销规模扩大。本年度公司人力成本略有上升，管理费用率保持稳定，费用管控成效显现。公司利用智能合约技术自动执行供应商结算条款。报告期内，公司实现营业收入28.4亿元，同比增长5.6%，主要得益于主营业务产销规模扩大。,客户 结构 优化 五大 客户 收入 客户 集中度 处于 合理 区间 采购 服务 替代 传统 服务器 部署 系统 上线 周期 大幅 缩短 业务流程 上化 无纸化 办公 覆盖 全部 业务部门 深耕 华东 市场 区域 市场份额 稳中有升 品牌 影响力 持续 增强 数据 治理 体系 建设 统一 数据 标准 数据 资产 质量 产能 建设 建材 项目 一期 投产 预计 达产 新增 产能 万吨 本期 新增 专利 授权 专利 技术储备 夯实 构建 智慧物流 体系 仓储 分拣 自动化 水平 获得 高新技术 企业资质 认定 享受 相应 税收 优惠政策 营业 收入 得益于 主营业务 产销 规模 扩大 本年度 人力 成本 略有 管理 费用率 保持稳定 费用 管控 成效 显现 利用 智能合约 技术 自动 供应商 结算 条款 营业 收入 得益于 主营业务 产销 规模 扩大,114
DEMO049,演示DEMO049股份有限公司,房地产,2022,年度报告,公司主要客户为行业龙头企业，合作关系稳定，应收账款回款情况良好。原材料价格波动对成本端形成一定压力，公司通过集中采购和套期保值部分对冲了成本上行风险。报告期内人民币汇率波动加大，公司通过远期结售汇业务降低了汇兑损失。下半年公司将围绕年度经营计划，重点做好市场开拓、成本控制与人才梯队建设等工作。公司高度重视安全生产与环境保护，报告期内未发生重大安全事故。公司推进计算机视觉技术在生产线上的应用，实现关键工序自动检测。下半年公司将围绕年度经营计划，重点做好市场开拓、成本控制与人才梯队建设等工作。公司构建智慧物流体系，仓储分拣自动化水平显著提高。报告期内，公司获得高新技术企业资质认定，享受相应税收优惠政策。公司推进经营管理信息化，上线新一代ERP系统实现业财一体。公司引入人工智能技术优化{prod}质检环节，缺陷识别准确率显著提升。公司研究基于分布式账本的对账机制，降低交易核对成本。公司推动业务流程线上化，无纸化办公覆盖全部业务部门。公司与高校联合开展深度学习算法研究，赋能产品智能设计。报告期内公司客户结构进一步优化，前五大客户收入占比为28.3%，客户集中度处于合理区间。公司建设智能客服系统，应用自然语言处理技术实现工单自动分类。公司制定数字化转型规划，成立数字化管理委员会统筹推进。报告期内公司无重大诉讼仲裁事项，各项经营活动正常开展。原材料价格波动对成本端形成一定压力，公司通过集中采购和套期保值部分对冲了成本上行风险。公司继续推进产能建设，食品饮料项目一期已投产，预计达产后年新增产能3万吨。公司开展数据治理体系建设，统一主数据标准，提升数据资产质量。,脚本生成演示语料(step0_make_demo_corpus.py),公司主要客户为行业龙头企业，合作关系稳定，应收账款回款情况良好。原材料价格波动对成本端形成一定压力，公司通过集中采购和套期保值部分对冲了成本上行风险。报告期内人民币汇率波动加大，公司通过远期结售汇业务降低了汇兑损失。下半年公司将围绕年度经营计划，重点做好市场开拓、成本控制与人才梯队建设等工作。公司高度重视安全生产与环境保护，报告期内未发生重大安全事故。公司推进计算机视觉技术在生产线上的应用，实现关键工序自动检测。下半年公司将围绕年度经营计划，重点做好市场开拓、成本控制与人才梯队建设等工作。公司构建智慧物流体系，仓储分拣自动化水平显著提高。报告期内，公司获得高新技术企业资质认定，享受相应税收优惠政策。公司推进经营管理信息化，上线新一代ERP系统实现业财一体。公司引入人工智能技术优化{prod}质检环节，缺陷识别准确率显著提升。公司研究基于分布式账本的对账机制，降低交易核对成本。公司推动业务流程线上化，无纸化办公覆盖全部业务部门。公司与高校联合开展深度学习算法研究，赋能产品智能设计。报告期内公司客户结构进一步优化，前五大客户收入占比为28.3%，客户集中度处于合理区间。公司建设智能客服系统，应用自然语言处理技术实现工单自动分类。公司制定数字化转型规划，成立数字化管理委员会统筹推进。报告期内公司无重大诉讼仲裁事项，各项经营活动正常开展。原材料价格波动对成本端形成一定压力，公司通过集中采购和套期保值部分对冲了成本上行风险。公司继续推进产能建设，食品饮料项目一期已投产，预计达产后年新增产能3万吨。公司开展数据治理体系建设，统一主数据标准，提升数据资产质量。,客户 行业龙头 企业 合作 关系 应收 账款 回款 原材料 价格 波动 成本 形成 一定 压力 集中 采购 套期 保值 对冲 成本 上行 风险 人民币 汇率 波动 加大 远期 结售汇 业务 降低 汇兑 损失 下半年 年度 经营 做好 市场 开拓 成本 控制 人才 梯队 建设 高度重视 安全 生产 环境保护 发生 重大 安全事故 计算机视觉 技术 生产线 应用 关键 工序 自动检测 下半年 年度 经营 做好 市场 开拓 成本 控制 人才 梯队 建设 构建 智慧物流 体系 仓储 分拣 自动化 水平 获得 高新技术 企业资质 认定 享受 相应 税收 优惠政策 经营 管理 信息化 上线 新一代 ERP 系统 业财一体 引入 人工智能 技术 优化 prod 质检 环节 缺陷 识别 准确率 研究 基于 分布式账本 对账 机制 降低 交易 核对 成本 业务流程 上化 无纸化 办公 覆盖 全部 业务部门 高校 联合 深度学习 算法 研究 赋能 产品 智能 设计 客户 结构 优化 五大 客户 收入 客户 集中度 处于 合理 区间 建设 智能 客服 系统 应用 自然语言处理 技术 工单 自动 分类 制定 数字化转型 规划 成立 数字化 管理 委员会 统筹 重大 诉讼 仲裁 事项 经营 活动 原材料 价格 波动 成本 形成 一定 压力 集中 采购 套期 保值 对冲 成本 上行 风险 产能 建设 食品饮料 项目 一期 投产 预计 达产 新增 产能 万吨 数据 治理 体系 建设 统一 数据 标准 数据 资产 质量,198
DEMO049,演示DEMO049股份有限公司,房地产,2023,年度报告,原材料价格波动对成本端形成一定压力，公司通过集中采购和套期保值部分对冲了成本上行风险。本年度公司人力成本略有上升，管理费用率保持稳定，费用管控成效显现。公司继续推进产能建设，电子元器件项目一期已投产，预计达产后年新增产能20万吨。公司持续优化产品结构，高端装备业务占比稳步提升，毛利率较上年上升2.5个百分点。原材料价格波动对成本端形成一定压力，公司通过集中采购和套期保值部分对冲了成本上行风险。原材料价格波动对成本端形成一定压力，公司通过集中采购和套期保值部分对冲了成本上行风险。公司高度重视安全生产与环境保护，报告期内未发生重大安全事故。受行业周期影响，部分产品价格有所回落，公司及时调整销售策略，库存水平保持在合理范围。公司继续推进产能建设，电子元器件项目一期已投产，预计达产后年新增产能8万吨。公司制定数字化转型规划，成立数字化管理委员会统筹推进。报告期内公司无重大诉讼仲裁事项，各项经营活动正常开展。公司持续加大研发投入，研发费用占营业收入比例为5.1%，围绕电子元器件开展技术攻关。,脚本生成演示语料(step0_make_demo_corpus.py),原材料价格波动对成本端形成一定压力，公司通过集中采购和套期保值部分对冲了成本上行风险。本年度公司人力成本略有上升，管理费用率保持稳定，费用管控成效显现。公司继续推进产能建设，电子元器件项目一期已投产，预计达产后年新增产能20万吨。公司持续优化产品结构，高端装备业务占比稳步提升，毛利率较上年上升2.5个百分点。原材料价格波动对成本端形成一定压力，公司通过集中采购和套期保值部分对冲了成本上行风险。原材料价格波动对成本端形成一定压力，公司通过集中采购和套期保值部分对冲了成本上行风险。公司高度重视安全生产与环境保护，报告期内未发生重大安全事故。受行业周期影响，部分产品价格有所回落，公司及时调整销售策略，库存水平保持在合理范围。公司继续推进产能建设，电子元器件项目一期已投产，预计达产后年新增产能8万吨。公司制定数字化转型规划，成立数字化管理委员会统筹推进。报告期内公司无重大诉讼仲裁事项，各项经营活动正常开展。公司持续加大研发投入，研发费用占营业收入比例为5.1%，围绕电子元器件开展技术攻关。,原材料 价格 波动 成本 形成 一定 压力 集中 采购 套期 保值 对冲 成本 上行 风险 本年度 人力 成本 略有 管理 费用率 保持稳定 费用 管控 成效 显现 产能 建设 电子 元器件 项目 一期 投产 预计 达产 新增 产能 万吨 持续 优化 产品 结构 高端 装备 业务 毛利率 百分点 原材料 价格 波动 成本 形成 一定 压力 集中 采购 套期 保值 对冲 成本 上行 风险 原材料 价格 波动 成本 形成 一定 压力 集中 采购 套期 保值 对冲 成本 上行 风险 高度重视 安全 生产 环境保护 发生 重大 安全事故 行业 周期 影响 产品价格 有所 回落 及时 调整 销售策略 库存 水平 合理 范围 产能 建设 电子 元器件 项目 一期 投产 预计 达产 新增 产能 万吨 制定 数字化转型 规划 成立 数字化 管理 委员会 统筹 重大 诉讼 仲裁 事项 经营 活动 持续 加大 研发 投入 研发 费用 营业 收入 比例 电子 元器件 技术 攻关,136
DEMO049,演示DEMO049股份有限公司,房地产,2024,年度报告,公司开展数据治理体系建设，统一主数据标准，提升数据资产质量。公司建立健全内部控制系统，治理结构规范，三会运作正常。公司高度重视安全生产与环境保护，报告期内未发生重大安全事故。公司现金流状况良好，经营活动现金流量净额为1.5亿元，资产负债结构稳健。公司持续优化产品结构，纺织服装业务占比稳步提升，毛利率较上年下降1.5个百分点。公司持续优化产品结构，电子元器件业务占比稳步提升，毛利率较上年下降1.5个百分点。公司持续优化产品结构，食品饮料业务占比稳步提升，毛利率较上年下降0.8个百分点。报告期内人民币汇率波动加大，公司通过远期结售汇业务降低了汇兑损失。公司持续加大研发投入，研发费用占营业收入比例为3.2%，围绕建材开展技术攻关。公司利用智能合约技术自动执行供应商结算条款。公司推进经营管理信息化，上线新一代ERP系统实现业财一体。原材料价格波动对成本端形成一定压力，公司通过集中采购和套期保值部分对冲了成本上行风险。公司研究基于分布式账本的对账机制，降低交易核对成本。公司试点数字人民币结算场景，丰富收款渠道。公司应用数字孪生技术对重点产线进行虚拟建模与仿真优化。公司部署机器学习算法对销售数据进行需求预测，库存周转效率明显改善。,脚本生成演示语料(step0_make_demo_corpus.py),公司开展数据治理体系建设，统一主数据标准，提升数据资产质量。公司建立健全内部控制系统，治理结构规范，三会运作正常。公司高度重视安全生产与环境保护，报告期内未发生重大安全事故。公司现金流状况良好，经营活动现金流量净额为1.5亿元，资产负债结构稳健。公司持续优化产品结构，纺织服装业务占比稳步提升，毛利率较上年下降1.5个百分点。公司持续优化产品结构，电子元器件业务占比稳步提升，毛利率较上年下降1.5个百分点。公司持续优化产品结构，食品饮料业务占比稳步提升，毛利率较上年下降0.8个百分点。报告期内人民币汇率波动加大，公司通过远期结售汇业务降低了汇兑损失。公司持续加大研发投入，研发费用占营业收入比例为3.2%，围绕建材开展技术攻关。公司利用智能合约技术自动执行供应商结算条款。公司推进经营管理信息化，上线新一代ERP系统实现业财一体。原材料价格波动对成本端形成一定压力，公司通过集中采购和套期保值部分对冲了成本上行风险。公司研究基于分布式账本的对账机制，降低交易核对成本。公司试点数字人民币结算场景，丰富收款渠道。公司应用数字孪生技术对重点产线进行虚拟建模与仿真优化。公司部署机器学习算法对销售数据进行需求预测，库存周转效率明显改善。,数据 治理 体系 建设 统一 数据 标准 数据 资产 质量 建立健全 内部 控制系统 治理 结构 规范 三会 运作 高度重视 安全 生产 环境保护 发生 重大 安全事故 现金流 状况良好 经营 活动 现金流量 净额 资产负债 结构 稳健 持续 优化 产品 结构 纺织 服装 业务 毛利率 百分点 持续 优化 产品 结构 电子 元器件 业务 毛利率 百分点 持续 优化 产品 结构 食品饮料 业务 毛利率 百分点 人民币 汇率 波动 加大 远期 结售汇 业务 降低 汇兑 损失 持续 加大 研发 投入 研发 费用 营业 收入 比例 建材 技术 攻关 利用 智能合约 技术 自动 供应商 结算 条款 经营 管理 信息化 上线 新一代 ERP 系统 业财一体 原材料 价格 波动 成本 形成 一定 压力 集中 采购 套期 保值 对冲 成本 上行 风险 研究 基于 分布式账本 对账 机制 降低 交易 核对 成本 试点 数字人民币 结算 场景 丰富 收款 渠道 应用 数字孪生 技术 产线 虚拟 建模 仿真 优化 部署 机器学习 算法 销售 数据 需求预测 库存 周转 效率 明显改善,146
DEMO050,演示DEMO050股份有限公司,农林牧渔,2020,年度报告,公司深耕华东市场，区域市场份额稳中有升，品牌影响力持续增强。报告期内人民币汇率波动加大，公司通过远期结售汇业务降低了汇兑损失。公司深耕东北市场，区域市场份额稳中有升，品牌影响力持续增强。报告期内公司无重大诉讼仲裁事项，各项经营活动正常开展。公司深耕西南市场，区域市场份额稳中有升，品牌影响力持续增强。公司高度重视安全生产与环境保护，报告期内未发生重大安全事故。原材料价格波动对成本端形成一定压力，公司通过集中采购和套期保值部分对冲了成本上行风险。公司主要客户为行业龙头企业，合作关系稳定，应收账款回款情况良好。公司现金流状况良好，经营活动现金流量净额为3.2亿元，资产负债结构稳健。公司建设工业互联网平台，实现设备联网与远程运维。,脚本生成演示语料(step0_make_demo_corpus.py),公司深耕华东市场，区域市场份额稳中有升，品牌影响力持续增强。报告期内人民币汇率波动加大，公司通过远期结售汇业务降低了汇兑损失。公司深耕东北市场，区域市场份额稳中有升，品牌影响力持续增强。报告期内公司无重大诉讼仲裁事项，各项经营活动正常开展。公司深耕西南市场，区域市场份额稳中有升，品牌影响力持续增强。公司高度重视安全生产与环境保护，报告期内未发生重大安全事故。原材料价格波动对成本端形成一定压力，公司通过集中采购和套期保值部分对冲了成本上行风险。公司主要客户为行业龙头企业，合作关系稳定，应收账款回款情况良好。公司现金流状况良好，经营活动现金流量净额为3.2亿元，资产负债结构稳健。公司建设工业互联网平台，实现设备联网与远程运维。,深耕 华东 市场 区域 市场份额 稳中有升 品牌 影响力 持续 增强 人民币 汇率 波动 加大 远期 结售汇 业务 降低 汇兑 损失 深耕 东北 市场 区域 市场份额 稳中有升 品牌 影响力 持续 增强 重大 诉讼 仲裁 事项 经营 活动 深耕 西南 市场 区域 市场份额 稳中有升 品牌 影响力 持续 增强 高度重视 安全 生产 环境保护 发生 重大 安全事故 原材料 价格 波动 成本 形成 一定 压力 集中 采购 套期 保值 对冲 成本 上行 风险 客户 行业龙头 企业 合作 关系 应收 账款 回款 现金流 状况良好 经营 活动 现金流量 净额 资产负债 结构 稳健 建设 工业互联网 平台 设备 联网 远程 运维,92
DEMO050,演示DEMO050股份有限公司,农林牧渔,2021,年度报告,公司深耕西南市场，区域市场份额稳中有升，品牌影响力持续增强。公司高度重视安全生产与环境保护，报告期内未发生重大安全事故。公司持续加大研发投入，研发费用占营业收入比例为4.4%，围绕食品饮料开展技术攻关。报告期内公司客户结构进一步优化，前五大客户收入占比为36.9%，客户集中度处于合理区间。原材料价格波动对成本端形成一定压力，公司通过集中采购和套期保值部分对冲了成本上行风险。公司持续优化产品结构，建材业务占比稳步提升，毛利率较上年上升2.5个百分点。受行业周期影响，部分产品价格有所回落，公司及时调整销售策略，库存水平保持在合理范围。报告期内公司无重大诉讼仲裁事项，各项经营活动正常开展。报告期内人民币汇率波动加大，公司通过远期结售汇业务降低了汇兑损失。公司现金流状况良好，经营活动现金流量净额为5.8亿元，资产负债结构稳健。公司本期新增专利授权8项，累计有效专利38项，技术储备进一步夯实。,脚本生成演示语料(step0_make_demo_corpus.py),公司深耕西南市场，区域市场份额稳中有升，品牌影响力持续增强。公司高度重视安全生产与环境保护，报告期内未发生重大安全事故。公司持续加大研发投入，研发费用占营业收入比例为4.4%，围绕食品饮料开展技术攻关。报告期内公司客户结构进一步优化，前五大客户收入占比为36.9%，客户集中度处于合理区间。原材料价格波动对成本端形成一定压力，公司通过集中采购和套期保值部分对冲了成本上行风险。公司持续优化产品结构，建材业务占比稳步提升，毛利率较上年上升2.5个百分点。受行业周期影响，部分产品价格有所回落，公司及时调整销售策略，库存水平保持在合理范围。报告期内公司无重大诉讼仲裁事项，各项经营活动正常开展。报告期内人民币汇率波动加大，公司通过远期结售汇业务降低了汇兑损失。公司现金流状况良好，经营活动现金流量净额为5.8亿元，资产负债结构稳健。公司本期新增专利授权8项，累计有效专利38项，技术储备进一步夯实。,深耕 西南 市场 区域 市场份额 稳中有升 品牌 影响力 持续 增强 高度重视 安全 生产 环境保护 发生 重大 安全事故 持续 加大 研发 投入 研发 费用 营业 收入 比例 食品饮料 技术 攻关 客户 结构 优化 五大 客户 收入 客户 集中度 处于 合理 区间 原材料 价格 波动 成本 形成 一定 压力 集中 采购 套期 保值 对冲 成本 上行 风险 持续 优化 产品 结构 建材 业务 毛利率 百分点 行业 周期 影响 产品价格 有所 回落 及时 调整 销售策略 库存 水平 合理 范围 重大 诉讼 仲裁 事项 经营 活动 人民币 汇率 波动 加大 远期 结售汇 业务 降低 汇兑 损失 现金流 状况良好 经营 活动 现金流量 净额 资产负债 结构 稳健 本期 新增 专利 授权 专利 技术储备 夯实,108
DEMO050,演示DEMO050股份有限公司,农林牧渔,2022,年度报告,公司建设智能客服系统，应用自然语言处理技术实现工单自动分类。公司本期新增专利授权22项，累计有效专利38项，技术储备进一步夯实。公司高度重视安全生产与环境保护，报告期内未发生重大安全事故。面对市场竞争加剧，公司加大渠道建设力度，经销商数量增加36家，覆盖区域进一步扩大。公司部署机器学习算法对销售数据进行需求预测，库存周转效率明显改善。公司持续加大研发投入，研发费用占营业收入比例为1.8%，围绕精细化工产品开展技术攻关。报告期内人民币汇率波动加大，公司通过远期结售汇业务降低了汇兑损失。受行业周期影响，部分产品价格有所回落，公司及时调整销售策略，库存水平保持在合理范围。公司探索区块链技术在产品溯源中的应用，实现全流程信息上链。本年度公司人力成本略有上升，管理费用率保持稳定，费用管控成效显现。公司持续加大研发投入，研发费用占营业收入比例为4.4%，围绕精细化工产品开展技术攻关。报告期内，公司实现营业收入19.3亿元，同比增长-3.1%，主要得益于主营业务产销规模扩大。报告期内公司无重大诉讼仲裁事项，各项经营活动正常开展。报告期内，公司实现营业收入45.2亿元，同比增长22.7%，主要得益于主营业务产销规模扩大。报告期内，公司获得高新技术企业资质认定，享受相应税收优惠政策。公司研究基于分布式账本的对账机制，降低交易核对成本。,脚本生成演示语料(step0_make_demo_corpus.py),公司建设智能客服系统，应用自然语言处理技术实现工单自动分类。公司本期新增专利授权22项，累计有效专利38项，技术储备进一步夯实。公司高度重视安全生产与环境保护，报告期内未发生重大安全事故。面对市场竞争加剧，公司加大渠道建设力度，经销商数量增加36家，覆盖区域进一步扩大。公司部署机器学习算法对销售数据进行需求预测，库存周转效率明显改善。公司持续加大研发投入，研发费用占营业收入比例为1.8%，围绕精细化工产品开展技术攻关。报告期内人民币汇率波动加大，公司通过远期结售汇业务降低了汇兑损失。受行业周期影响，部分产品价格有所回落，公司及时调整销售策略，库存水平保持在合理范围。公司探索区块链技术在产品溯源中的应用，实现全流程信息上链。本年度公司人力成本略有上升，管理费用率保持稳定，费用管控成效显现。公司持续加大研发投入，研发费用占营业收入比例为4.4%，围绕精细化工产品开展技术攻关。报告期内，公司实现营业收入19.3亿元，同比增长-3.1%，主要得益于主营业务产销规模扩大。报告期内公司无重大诉讼仲裁事项，各项经营活动正常开展。报告期内，公司实现营业收入45.2亿元，同比增长22.7%，主要得益于主营业务产销规模扩大。报告期内，公司获得高新技术企业资质认定，享受相应税收优惠政策。公司研究基于分布式账本的对账机制，降低交易核对成本。,建设 智能 客服 系统 应用 自然语言处理 技术 工单 自动 分类 本期 新增 专利 授权 专利 技术储备 夯实 高度重视 安全 生产 环境保护 发生 重大 安全事故 面对 市场竞争 加剧 加大 渠道 建设 力度 经销商 数量 覆盖 区域 扩大 部署 机器学习 算法 销售 数据 需求预测 库存 周转 效率 明显改善 持续 加大 研发 投入 研发 费用 营业 收入 比例 精细化工 产品 技术 攻关 人民币 汇率 波动 加大 远期 结售汇 业务 降低 汇兑 损失 行业 周期 影响 产品价格 有所 回落 及时 调整 销售策略 库存 水平 合理 范围 探索 区块链 技术 产品 溯源 应用 流程 信息 本年度 人力 成本 略有 管理 费用率 保持稳定 费用 管控 成效 显现 持续 加大 研发 投入 研发 费用 营业 收入 比例 精细化工 产品 技术 攻关 营业 收入 得益于 主营业务 产销 规模 扩大 重大 诉讼 仲裁 事项 经营 活动 营业 收入 得益于 主营业务 产销 规模 扩大 获得 高新技术 企业资质 认定 享受 相应 税收 优惠政策 研究 基于 分布式账本 对账 机制 降低 交易 核对 成本,151
DEMO050,演示DEMO050股份有限公司,农林牧渔,2023,年度报告,报告期内人民币汇率波动加大，公司通过远期结售汇业务降低了汇兑损失。公司持续加大研发投入，研发费用占营业收入比例为1.8%，围绕纺织服装开展技术攻关。公司建立健全内部控制系统，治理结构规范，三会运作正常。公司主要客户为行业龙头企业，合作关系稳定，应收账款回款情况良好。报告期内，公司实现营业收入45.2亿元，同比增长-3.1%，主要得益于主营业务产销规模扩大。面对市场竞争加剧，公司加大渠道建设力度，经销商数量增加45家，覆盖区域进一步扩大。公司建立健全内部控制系统，治理结构规范，三会运作正常。公司继续推进产能建设，电子元器件项目一期已投产，预计达产后年新增产能3万吨。报告期内公司无重大诉讼仲裁事项，各项经营活动正常开展。公司深耕华南市场，区域市场份额稳中有升，品牌影响力持续增强。公司持续加大研发投入，研发费用占营业收入比例为1.8%，围绕电子元器件开展技术攻关。公司深耕华南市场，区域市场份额稳中有升，品牌影响力持续增强。,脚本生成演示语料(step0_make_demo_corpus.py),报告期内人民币汇率波动加大，公司通过远期结售汇业务降低了汇兑损失。公司持续加大研发投入，研发费用占营业收入比例为1.8%，围绕纺织服装开展技术攻关。公司建立健全内部控制系统，治理结构规范，三会运作正常。公司主要客户为行业龙头企业，合作关系稳定，应收账款回款情况良好。报告期内，公司实现营业收入45.2亿元，同比增长-3.1%，主要得益于主营业务产销规模扩大。面对市场竞争加剧，公司加大渠道建设力度，经销商数量增加45家，覆盖区域进一步扩大。公司建立健全内部控制系统，治理结构规范，三会运作正常。公司继续推进产能建设，电子元器件项目一期已投产，预计达产后年新增产能3万吨。报告期内公司无重大诉讼仲裁事项，各项经营活动正常开展。公司深耕华南市场，区域市场份额稳中有升，品牌影响力持续增强。公司持续加大研发投入，研发费用占营业收入比例为1.8%，围绕电子元器件开展技术攻关。公司深耕华南市场，区域市场份额稳中有升，品牌影响力持续增强。,人民币 汇率 波动 加大 远期 结售汇 业务 降低 汇兑 损失 持续 加大 研发 投入 研发 费用 营业 收入 比例 纺织 服装 技术 攻关 建立健全 内部 控制系统 治理 结构 规范 三会 运作 客户 行业龙头 企业 合作 关系 应收 账款 回款 营业 收入 得益于 主营业务 产销 规模 扩大 面对 市场竞争 加剧 加大 渠道 建设 力度 经销商 数量 覆盖 区域 扩大 建立健全 内部 控制系统 治理 结构 规范 三会 运作 产能 建设 电子 元器件 项目 一期 投产 预计 达产 新增 产能 万吨 重大 诉讼 仲裁 事项 经营 活动 深耕 华南 市场 区域 市场份额 稳中有升 品牌 影响力 持续 增强 持续 加大 研发 投入 研发 费用 营业 收入 比例 电子 元器件 技术 攻关 深耕 华南 市场 区域 市场份额 稳中有升 品牌 影响力 持续 增强,117
DEMO050,演示DEMO050股份有限公司,农林牧渔,2024,年度报告,公司积极拓展海外市场，出口业务收入同比增长18.9%，国际化布局初见成效。公司深耕华南市场，区域市场份额稳中有升，品牌影响力持续增强。报告期内人民币汇率波动加大，公司通过远期结售汇业务降低了汇兑损失。公司深耕华南市场，区域市场份额稳中有升，品牌影响力持续增强。报告期内公司无重大诉讼仲裁事项，各项经营活动正常开展。公司引入边缘计算设备，实现车间数据的就地处理与实时回传。公司本期新增专利授权22项，累计有效专利85项，技术储备进一步夯实。公司现金流状况良好，经营活动现金流量净额为3.2亿元，资产负债结构稳健。公司建立健全内部控制系统，治理结构规范，三会运作正常。公司建立健全内部控制系统，治理结构规范，三会运作正常。公司高度重视安全生产与环境保护，报告期内未发生重大安全事故。公司深耕西南市场，区域市场份额稳中有升，品牌影响力持续增强。受行业周期影响，部分产品价格有所回落，公司及时调整销售策略，库存水平保持在合理范围。,脚本生成演示语料(step0_make_demo_corpus.py),公司积极拓展海外市场，出口业务收入同比增长18.9%，国际化布局初见成效。公司深耕华南市场，区域市场份额稳中有升，品牌影响力持续增强。报告期内人民币汇率波动加大，公司通过远期结售汇业务降低了汇兑损失。公司深耕华南市场，区域市场份额稳中有升，品牌影响力持续增强。报告期内公司无重大诉讼仲裁事项，各项经营活动正常开展。公司引入边缘计算设备，实现车间数据的就地处理与实时回传。公司本期新增专利授权22项，累计有效专利85项，技术储备进一步夯实。公司现金流状况良好，经营活动现金流量净额为3.2亿元，资产负债结构稳健。公司建立健全内部控制系统，治理结构规范，三会运作正常。公司建立健全内部控制系统，治理结构规范，三会运作正常。公司高度重视安全生产与环境保护，报告期内未发生重大安全事故。公司深耕西南市场，区域市场份额稳中有升，品牌影响力持续增强。受行业周期影响，部分产品价格有所回落，公司及时调整销售策略，库存水平保持在合理范围。,拓展 海外 市场 出口 业务收入 国际化 布局 初见成效 深耕 华南 市场 区域 市场份额 稳中有升 品牌 影响力 持续 增强 人民币 汇率 波动 加大 远期 结售汇 业务 降低 汇兑 损失 深耕 华南 市场 区域 市场份额 稳中有升 品牌 影响力 持续 增强 重大 诉讼 仲裁 事项 经营 活动 引入 边缘计算 设备 车间 数据 处理 实时 回传 本期 新增 专利 授权 专利 技术储备 夯实 现金流 状况良好 经营 活动 现金流量 净额 资产负债 结构 稳健 建立健全 内部 控制系统 治理 结构 规范 三会 运作 建立健全 内部 控制系统 治理 结构 规范 三会 运作 高度重视 安全 生产 环境保护 发生 重大 安全事故 深耕 西南 市场 区域 市场份额 稳中有升 品牌 影响力 持续 增强 行业 周期 影响 产品价格 有所 回落 及时 调整 销售策略 库存 水平 合理 范围,114
DEMO051,演示DEMO051股份有限公司,信息技术,2020,年度报告,公司推进智能制造升级，数字化车间已通过省级认定。公司建立健全内部控制系统，治理结构规范，三会运作正常。公司主要客户为行业龙头企业，合作关系稳定，应收账款回款情况良好。公司持续优化产品结构，建材业务占比稳步提升，毛利率较上年下降0.8个百分点。受行业周期影响，部分产品价格有所回落，公司及时调整销售策略，库存水平保持在合理范围。公司继续推进产能建设，电子元器件项目一期已投产，预计达产后年新增产能5万吨。面对市场竞争加剧，公司加大渠道建设力度，经销商数量增加45家，覆盖区域进一步扩大。公司本期新增专利授权3项，累计有效专利38项，技术储备进一步夯实。报告期内公司客户结构进一步优化，前五大客户收入占比为36.9%，客户集中度处于合理区间。公司基于云平台搭建协同办公体系，跨区域协作效率提升。公司应用数字孪生技术对重点产线进行虚拟建模与仿真优化。公司成立数据中台团队，推动业务数据化、数据业务化。公司参与行业区块链联盟，推动供应链单证电子化与可信流转。公司数据中心一期建成投用，具备 PB 级数据存储与计算能力。原材料价格波动对成本端形成一定压力，公司通过集中采购和套期保值部分对冲了成本上行风险。公司引入边缘计算设备，实现车间数据的就地处理与实时回传。受行业周期影响，部分产品价格有所回落，公司及时调整销售策略，库存水平保持在合理范围。公司上线智能排产系统，通过智能算法优化生产计划排程。公司核心业务系统迁移上云，采用混合云架构降低IT运维成本。公司应用数字孪生技术对重点产线进行虚拟建模与仿真优化。公司部署机器学习算法对销售数据进行需求预测，库存周转效率明显改善。公司探索区块链技术在产品溯源中的应用，实现全流程信息上链。公司试点数字人民币结算场景，丰富收款渠道。公司评估公有云与私有云方案，逐步构建统一算力资源池。公司部署机器学习算法对销售数据进行需求预测，库存周转效率明显改善。公司运用数据挖掘技术分析客户行为，实现精准营销。公司研究基于分布式账本的对账机制，降低交易核对成本。公司研究基于分布式账本的对账机制，降低交易核对成本。公司试点数字人民币结算场景，丰富收款渠道。公司本期新增专利授权15项，累计有效专利85项，技术储备进一步夯实。,脚本生成演示语料(step0_make_demo_corpus.py),公司推进智能制造升级，数字化车间已通过省级认定。公司建立健全内部控制系统，治理结构规范，三会运作正常。公司主要客户为行业龙头企业，合作关系稳定，应收账款回款情况良好。公司持续优化产品结构，建材业务占比稳步提升，毛利率较上年下降0.8个百分点。受行业周期影响，部分产品价格有所回落，公司及时调整销售策略，库存水平保持在合理范围。公司继续推进产能建设，电子元器件项目一期已投产，预计达产后年新增产能5万吨。面对市场竞争加剧，公司加大渠道建设力度，经销商数量增加45家，覆盖区域进一步扩大。公司本期新增专利授权3项，累计有效专利38项，技术储备进一步夯实。报告期内公司客户结构进一步优化，前五大客户收入占比为36.9%，客户集中度处于合理区间。公司基于云平台搭建协同办公体系，跨区域协作效率提升。公司应用数字孪生技术对重点产线进行虚拟建模与仿真优化。公司成立数据中台团队，推动业务数据化、数据业务化。公司参与行业区块链联盟，推动供应链单证电子化与可信流转。公司数据中心一期建成投用，具备 PB 级数据存储与计算能力。原材料价格波动对成本端形成一定压力，公司通过集中采购和套期保值部分对冲了成本上行风险。公司引入边缘计算设备，实现车间数据的就地处理与实时回传。受行业周期影响，部分产品价格有所回落，公司及时调整销售策略，库存水平保持在合理范围。公司上线智能排产系统，通过智能算法优化生产计划排程。公司核心业务系统迁移上云，采用混合云架构降低IT运维成本。公司应用数字孪生技术对重点产线进行虚拟建模与仿真优化。公司部署机器学习算法对销售数据进行需求预测，库存周转效率明显改善。公司探索区块链技术在产品溯源中的应用，实现全流程信息上链。公司试点数字人民币结算场景，丰富收款渠道。公司评估公有云与私有云方案，逐步构建统一算力资源池。公司部署机器学习算法对销售数据进行需求预测，库存周转效率明显改善。公司运用数据挖掘技术分析客户行为，实现精准营销。公司研究基于分布式账本的对账机制，降低交易核对成本。公司研究基于分布式账本的对账机制，降低交易核对成本。公司试点数字人民币结算场景，丰富收款渠道。公司本期新增专利授权15项，累计有效专利85项，技术储备进一步夯实。,智能制造 升级 数字化 车间 省级 认定 建立健全 内部 控制系统 治理 结构 规范 三会 运作 客户 行业龙头 企业 合作 关系 应收 账款 回款 持续 优化 产品 结构 建材 业务 毛利率 百分点 行业 周期 影响 产品价格 有所 回落 及时 调整 销售策略 库存 水平 合理 范围 产能 建设 电子 元器件 项目 一期 投产 预计 达产 新增 产能 万吨 面对 市场竞争 加剧 加大 渠道 建设 力度 经销商 数量 覆盖 区域 扩大 本期 新增 专利 授权 专利 技术储备 夯实 客户 结构 优化 五大 客户 收入 客户 集中度 处于 合理 区间 基于 平台 搭建 协同 办公 体系 区域 协作 效率 应用 数字孪生 技术 产线 虚拟 建模 仿真 优化 成立 数据中台 团队 业务 数据 数据业务 参与 行业 区块链 联盟 供应链 单证 电子化 可信 流转 数据中心 一期 建成 投用 具备 PB 数据 存储 计算能力 原材料 价格 波动 成本 形成 一定 压力 集中 采购 套期 保值 对冲 成本 上行 风险 引入 边缘计算 设备 车间 数据 处理 实时 回传 行业 周期 影响 产品价格 有所 回落 及时 调整 销售策略 库存 水平 合理 范围 上线 智能 排产 系统 智能算法 优化 生产 排程 核心 业务 系统 迁移 上云 采用 混合 架构 降低 IT 运维 成本 应用 数字孪生 技术 产线 虚拟 建模 仿真 优化 部署 机器学习 算法 销售 数据 需求预测 库存 周转 效率 明显改善 探索 区块链 技术 产品 溯源 应用 流程 信息 试点 数字人民币 结算 场景 丰富 收款 渠道 评估 公有 私有 方案 逐步 构建 统一 算力 资源 部署 机器学习 算法 销售 数据 需求预测 库存 周转 效率 明显改善 运用 数据挖掘 技术 分析 客户 行为 精准 营销 研究 基于 分布式账本 对账 机制 降低 交易 核对 成本 研究 基于 分布式账本 对账 机制 降低 交易 核对 成本 试点 数字人民币 结算 场景 丰富 收款 渠道 本期 新增 专利 授权 专利 技术储备 夯实,274
DEMO051,演示DEMO051股份有限公司,信息技术,2021,年度报告,报告期内，公司实现营业收入8.9亿元，同比增长22.7%，主要得益于主营业务产销规模扩大。公司持续加大研发投入，研发费用占营业收入比例为3.2%，围绕高端装备开展技术攻关。公司构建经营分析数据仓库，管理层可实时查看核心经营指标。公司采购云服务替代传统服务器部署，系统上线周期大幅缩短。公司本期新增专利授权22项，累计有效专利210项，技术储备进一步夯实。公司上线智能排产系统，通过智能算法优化生产计划排程。受行业周期影响，部分产品价格有所回落，公司及时调整销售策略，库存水平保持在合理范围。公司推进计算机视觉技术在生产线上的应用，实现关键工序自动检测。公司发展电子商务业务，线上渠道收入占比持续提升。面对市场竞争加剧，公司加大渠道建设力度，经销商数量增加120家，覆盖区域进一步扩大。公司构建智慧物流体系，仓储分拣自动化水平显著提高。公司持续加大研发投入，研发费用占营业收入比例为5.1%，围绕精细化工产品开展技术攻关。公司上线智能排产系统，通过智能算法优化生产计划排程。公司利用智能合约技术自动执行供应商结算条款。公司本期新增专利授权11项，累计有效专利38项，技术储备进一步夯实。公司持续加大研发投入，研发费用占营业收入比例为1.8%，围绕高端装备开展技术攻关。公司与高校联合开展深度学习算法研究，赋能产品智能设计。公司研究基于分布式账本的对账机制，降低交易核对成本。公司继续推进产能建设，高端装备项目一期已投产，预计达产后年新增产能20万吨。公司评估公有云与私有云方案，逐步构建统一算力资源池。公司参与行业区块链联盟，推动供应链单证电子化与可信流转。公司应用数字孪生技术对重点产线进行虚拟建模与仿真优化。公司建立健全内部控制系统，治理结构规范，三会运作正常。公司探索区块链技术在产品溯源中的应用，实现全流程信息上链。公司基于云平台搭建协同办公体系，跨区域协作效率提升。公司基于云平台搭建协同办公体系，跨区域协作效率提升。公司持续加大研发投入，研发费用占营业收入比例为2.6%，围绕精细化工产品开展技术攻关。公司试点数字人民币结算场景，丰富收款渠道。公司推进智能制造升级，数字化车间已通过省级认定。公司利用智能合约技术自动执行供应商结算条款。公司建立健全内部控制系统，治理结构规范，三会运作正常。公司评估公有云与私有云方案，逐步构建统一算力资源池。公司基于云平台搭建协同办公体系，跨区域协作效率提升。,脚本生成演示语料(step0_make_demo_corpus.py),报告期内，公司实现营业收入8.9亿元，同比增长22.7%，主要得益于主营业务产销规模扩大。公司持续加大研发投入，研发费用占营业收入比例为3.2%，围绕高端装备开展技术攻关。公司构建经营分析数据仓库，管理层可实时查看核心经营指标。公司采购云服务替代传统服务器部署，系统上线周期大幅缩短。公司本期新增专利授权22项，累计有效专利210项，技术储备进一步夯实。公司上线智能排产系统，通过智能算法优化生产计划排程。受行业周期影响，部分产品价格有所回落，公司及时调整销售策略，库存水平保持在合理范围。公司推进计算机视觉技术在生产线上的应用，实现关键工序自动检测。公司发展电子商务业务，线上渠道收入占比持续提升。面对市场竞争加剧，公司加大渠道建设力度，经销商数量增加120家，覆盖区域进一步扩大。公司构建智慧物流体系，仓储分拣自动化水平显著提高。公司持续加大研发投入，研发费用占营业收入比例为5.1%，围绕精细化工产品开展技术攻关。公司上线智能排产系统，通过智能算法优化生产计划排程。公司利用智能合约技术自动执行供应商结算条款。公司本期新增专利授权11项，累计有效专利38项，技术储备进一步夯实。公司持续加大研发投入，研发费用占营业收入比例为1.8%，围绕高端装备开展技术攻关。公司与高校联合开展深度学习算法研究，赋能产品智能设计。公司研究基于分布式账本的对账机制，降低交易核对成本。公司继续推进产能建设，高端装备项目一期已投产，预计达产后年新增产能20万吨。公司评估公有云与私有云方案，逐步构建统一算力资源池。公司参与行业区块链联盟，推动供应链单证电子化与可信流转。公司应用数字孪生技术对重点产线进行虚拟建模与仿真优化。公司建立健全内部控制系统，治理结构规范，三会运作正常。公司探索区块链技术在产品溯源中的应用，实现全流程信息上链。公司基于云平台搭建协同办公体系，跨区域协作效率提升。公司基于云平台搭建协同办公体系，跨区域协作效率提升。公司持续加大研发投入，研发费用占营业收入比例为2.6%，围绕精细化工产品开展技术攻关。公司试点数字人民币结算场景，丰富收款渠道。公司推进智能制造升级，数字化车间已通过省级认定。公司利用智能合约技术自动执行供应商结算条款。公司建立健全内部控制系统，治理结构规范，三会运作正常。公司评估公有云与私有云方案，逐步构建统一算力资源池。公司基于云平台搭建协同办公体系，跨区域协作效率提升。,营业 收入 得益于 主营业务 产销 规模 扩大 持续 加大 研发 投入 研发 费用 营业 收入 比例 高端 装备 技术 攻关 构建 经营 分析 数据仓库 管理层 实时 查看 核心 经营 指标 采购 服务 替代 传统 服务器 部署 系统 上线 周期 大幅 缩短 本期 新增 专利 授权 专利 技术储备 夯实 上线 智能 排产 系统 智能算法 优化 生产 排程 行业 周期 影响 产品价格 有所 回落 及时 调整 销售策略 库存 水平 合理 范围 计算机视觉 技术 生产线 应用 关键 工序 自动检测 发展 电子商务 业务 线上 渠道 收入 持续 面对 市场竞争 加剧 加大 渠道 建设 力度 经销商 数量 覆盖 区域 扩大 构建 智慧物流 体系 仓储 分拣 自动化 水平 持续 加大 研发 投入 研发 费用 营业 收入 比例 精细化工 产品 技术 攻关 上线 智能 排产 系统 智能算法 优化 生产 排程 利用 智能合约 技术 自动 供应商 结算 条款 本期 新增 专利 授权 专利 技术储备 夯实 持续 加大 研发 投入 研发 费用 营业 收入 比例 高端 装备 技术 攻关 高校 联合 深度学习 算法 研究 赋能 产品 智能 设计 研究 基于 分布式账本 对账 机制 降低 交易 核对 成本 产能 建设 高端 装备 项目 一期 投产 预计 达产 新增 产能 万吨 评估 公有 私有 方案 逐步 构建 统一 算力 资源 参与 行业 区块链 联盟 供应链 单证 电子化 可信 流转 应用 数字孪生 技术 产线 虚拟 建模 仿真 优化 建立健全 内部 控制系统 治理 结构 规范 三会 运作 探索 区块链 技术 产品 溯源 应用 流程 信息 基于 平台 搭建 协同 办公 体系 区域 协作 效率 基于 平台 搭建 协同 办公 体系 区域 协作 效率 持续 加大 研发 投入 研发 费用 营业 收入 比例 精细化工 产品 技术 攻关 试点 数字人民币 结算 场景 丰富 收款 渠道 智能制造 升级 数字化 车间 省级 认定 利用 智能合约 技术 自动 供应商 结算 条款 建立健全 内部 控制系统 治理 结构 规范 三会 运作 评估 公有 私有 方案 逐步 构建 统一 算力 资源 基于 平台 搭建 协同 办公 体系 区域 协作 效率,299
DEMO051,演示DEMO051股份有限公司,信息技术,2022,年度报告,公司采购云服务替代传统服务器部署，系统上线周期大幅缩短。公司建设智能客服系统，应用自然语言处理技术实现工单自动分类。报告期内，公司实现营业收入19.3亿元，同比增长8.5%，主要得益于主营业务产销规模扩大。本年度公司人力成本略有上升，管理费用率保持稳定，费用管控成效显现。公司构建智慧物流体系，仓储分拣自动化水平显著提高。公司部署机器学习算法对销售数据进行需求预测，库存周转效率明显改善。受行业周期影响，部分产品价格有所回落，公司及时调整销售策略，库存水平保持在合理范围。公司发展电子商务业务，线上渠道收入占比持续提升。公司建设工业互联网平台，实现设备联网与远程运维。原材料价格波动对成本端形成一定压力，公司通过集中采购和套期保值部分对冲了成本上行风险。报告期内公司客户结构进一步优化，前五大客户收入占比为41.8%，客户集中度处于合理区间。公司上线智能排产系统，通过智能算法优化生产计划排程。公司应用数字孪生技术对重点产线进行虚拟建模与仿真优化。公司继续推进产能建设，精细化工产品项目一期已投产，预计达产后年新增产能5万吨。公司试点数字人民币结算场景，丰富收款渠道。公司推进计算机视觉技术在生产线上的应用，实现关键工序自动检测。公司核心业务系统迁移上云，采用混合云架构降低IT运维成本。公司建设工业互联网平台，实现设备联网与远程运维。公司采购云服务替代传统服务器部署，系统上线周期大幅缩短。公司开展数据治理体系建设，统一主数据标准，提升数据资产质量。公司推进计算机视觉技术在生产线上的应用，实现关键工序自动检测。面对市场竞争加剧，公司加大渠道建设力度，经销商数量增加120家，覆盖区域进一步扩大。报告期内公司客户结构进一步优化，前五大客户收入占比为55.1%，客户集中度处于合理区间。报告期内，公司实现营业收入12.6亿元，同比增长22.7%，主要得益于主营业务产销规模扩大。公司推进经营管理信息化，上线新一代ERP系统实现业财一体。公司核心业务系统迁移上云，采用混合云架构降低IT运维成本。,脚本生成演示语料(step0_make_demo_corpus.py),公司采购云服务替代传统服务器部署，系统上线周期大幅缩短。公司建设智能客服系统，应用自然语言处理技术实现工单自动分类。报告期内，公司实现营业收入19.3亿元，同比增长8.5%，主要得益于主营业务产销规模扩大。本年度公司人力成本略有上升，管理费用率保持稳定，费用管控成效显现。公司构建智慧物流体系，仓储分拣自动化水平显著提高。公司部署机器学习算法对销售数据进行需求预测，库存周转效率明显改善。受行业周期影响，部分产品价格有所回落，公司及时调整销售策略，库存水平保持在合理范围。公司发展电子商务业务，线上渠道收入占比持续提升。公司建设工业互联网平台，实现设备联网与远程运维。原材料价格波动对成本端形成一定压力，公司通过集中采购和套期保值部分对冲了成本上行风险。报告期内公司客户结构进一步优化，前五大客户收入占比为41.8%，客户集中度处于合理区间。公司上线智能排产系统，通过智能算法优化生产计划排程。公司应用数字孪生技术对重点产线进行虚拟建模与仿真优化。公司继续推进产能建设，精细化工产品项目一期已投产，预计达产后年新增产能5万吨。公司试点数字人民币结算场景，丰富收款渠道。公司推进计算机视觉技术在生产线上的应用，实现关键工序自动检测。公司核心业务系统迁移上云，采用混合云架构降低IT运维成本。公司建设工业互联网平台，实现设备联网与远程运维。公司采购云服务替代传统服务器部署，系统上线周期大幅缩短。公司开展数据治理体系建设，统一主数据标准，提升数据资产质量。公司推进计算机视觉技术在生产线上的应用，实现关键工序自动检测。面对市场竞争加剧，公司加大渠道建设力度，经销商数量增加120家，覆盖区域进一步扩大。报告期内公司客户结构进一步优化，前五大客户收入占比为55.1%，客户集中度处于合理区间。报告期内，公司实现营业收入12.6亿元，同比增长22.7%，主要得益于主营业务产销规模扩大。公司推进经营管理信息化，上线新一代ERP系统实现业财一体。公司核心业务系统迁移上云，采用混合云架构降低IT运维成本。,采购 服务 替代 传统 服务器 部署 系统 上线 周期 大幅 缩短 建设 智能 客服 系统 应用 自然语言处理 技术 工单 自动 分类 营业 收入 得益于 主营业务 产销 规模 扩大 本年度 人力 成本 略有 管理 费用率 保持稳定 费用 管控 成效 显现 构建 智慧物流 体系 仓储 分拣 自动化 水平 部署 机器学习 算法 销售 数据 需求预测 库存 周转 效率 明显改善 行业 周期 影响 产品价格 有所 回落 及时 调整 销售策略 库存 水平 合理 范围 发展 电子商务 业务 线上 渠道 收入 持续 建设 工业互联网 平台 设备 联网 远程 运维 原材料 价格 波动 成本 形成 一定 压力 集中 采购 套期 保值 对冲 成本 上行 风险 客户 结构 优化 五大 客户 收入 客户 集中度 处于 合理 区间 上线 智能 排产 系统 智能算法 优化 生产 排程 应用 数字孪生 技术 产线 虚拟 建模 仿真 优化 产能 建设 精细化工 产品 项目 一期 投产 预计 达产 新增 产能 万吨 试点 数字人民币 结算 场景 丰富 收款 渠道 计算机视觉 技术 生产线 应用 关键 工序 自动检测 核心 业务 系统 迁移 上云 采用 混合 架构 降低 IT 运维 成本 建设 工业互联网 平台 设备 联网 远程 运维 采购 服务 替代 传统 服务器 部署 系统 上线 周期 大幅 缩短 数据 治理 体系 建设 统一 数据 标准 数据 资产 质量 计算机视觉 技术 生产线 应用 关键 工序 自动检测 面对 市场竞争 加剧 加大 渠道 建设 力度 经销商 数量 覆盖 区域 扩大 客户 结构 优化 五大 客户 收入 客户 集中度 处于 合理 区间 营业 收入 得益于 主营业务 产销 规模 扩大 经营 管理 信息化 上线 新一代 ERP 系统 业财一体 核心 业务 系统 迁移 上云 采用 混合 架构 降低 IT 运维 成本,248
DEMO051,演示DEMO051股份有限公司,信息技术,2023,年度报告,公司主要客户为行业龙头企业，合作关系稳定，应收账款回款情况良好。公司推动业务流程线上化，无纸化办公覆盖全部业务部门。公司应用数字孪生技术对重点产线进行虚拟建模与仿真优化。公司探索区块链技术在产品溯源中的应用，实现全流程信息上链。公司利用智能合约技术自动执行供应商结算条款。公司探索区块链技术在产品溯源中的应用，实现全流程信息上链。公司引入人工智能技术优化{prod}质检环节，缺陷识别准确率显著提升。公司推动业务流程线上化，无纸化办公覆盖全部业务部门。公司构建智慧物流体系，仓储分拣自动化水平显著提高。面对市场竞争加剧，公司加大渠道建设力度，经销商数量增加88家，覆盖区域进一步扩大。公司利用智能合约技术自动执行供应商结算条款。原材料价格波动对成本端形成一定压力，公司通过集中采购和套期保值部分对冲了成本上行风险。报告期内公司无重大诉讼仲裁事项，各项经营活动正常开展。公司评估公有云与私有云方案，逐步构建统一算力资源池。公司探索区块链技术在产品溯源中的应用，实现全流程信息上链。公司推进经营管理信息化，上线新一代ERP系统实现业财一体。公司积极拓展海外市场，出口业务收入同比增长-6.3%，国际化布局初见成效。公司采购云服务替代传统服务器部署，系统上线周期大幅缩短。公司建立健全内部控制系统，治理结构规范，三会运作正常。报告期内公司客户结构进一步优化，前五大客户收入占比为36.9%，客户集中度处于合理区间。公司建设智能客服系统，应用自然语言处理技术实现工单自动分类。公司构建智慧物流体系，仓储分拣自动化水平显著提高。公司持续加大研发投入，研发费用占营业收入比例为4.4%，围绕建材开展技术攻关。本年度公司人力成本略有上升，管理费用率保持稳定，费用管控成效显现。公司与高校联合开展深度学习算法研究，赋能产品智能设计。公司探索区块链技术在产品溯源中的应用，实现全流程信息上链。公司现金流状况良好，经营活动现金流量净额为1.5亿元，资产负债结构稳健。公司上线智能排产系统，通过智能算法优化生产计划排程。公司成立数据中台团队，推动业务数据化、数据业务化。,脚本生成演示语料(step0_make_demo_corpus.py),公司主要客户为行业龙头企业，合作关系稳定，应收账款回款情况良好。公司推动业务流程线上化，无纸化办公覆盖全部业务部门。公司应用数字孪生技术对重点产线进行虚拟建模与仿真优化。公司探索区块链技术在产品溯源中的应用，实现全流程信息上链。公司利用智能合约技术自动执行供应商结算条款。公司探索区块链技术在产品溯源中的应用，实现全流程信息上链。公司引入人工智能技术优化{prod}质检环节，缺陷识别准确率显著提升。公司推动业务流程线上化，无纸化办公覆盖全部业务部门。公司构建智慧物流体系，仓储分拣自动化水平显著提高。面对市场竞争加剧，公司加大渠道建设力度，经销商数量增加88家，覆盖区域进一步扩大。公司利用智能合约技术自动执行供应商结算条款。原材料价格波动对成本端形成一定压力，公司通过集中采购和套期保值部分对冲了成本上行风险。报告期内公司无重大诉讼仲裁事项，各项经营活动正常开展。公司评估公有云与私有云方案，逐步构建统一算力资源池。公司探索区块链技术在产品溯源中的应用，实现全流程信息上链。公司推进经营管理信息化，上线新一代ERP系统实现业财一体。公司积极拓展海外市场，出口业务收入同比增长-6.3%，国际化布局初见成效。公司采购云服务替代传统服务器部署，系统上线周期大幅缩短。公司建立健全内部控制系统，治理结构规范，三会运作正常。报告期内公司客户结构进一步优化，前五大客户收入占比为36.9%，客户集中度处于合理区间。公司建设智能客服系统，应用自然语言处理技术实现工单自动分类。公司构建智慧物流体系，仓储分拣自动化水平显著提高。公司持续加大研发投入，研发费用占营业收入比例为4.4%，围绕建材开展技术攻关。本年度公司人力成本略有上升，管理费用率保持稳定，费用管控成效显现。公司与高校联合开展深度学习算法研究，赋能产品智能设计。公司探索区块链技术在产品溯源中的应用，实现全流程信息上链。公司现金流状况良好，经营活动现金流量净额为1.5亿元，资产负债结构稳健。公司上线智能排产系统，通过智能算法优化生产计划排程。公司成立数据中台团队，推动业务数据化、数据业务化。,客户 行业龙头 企业 合作 关系 应收 账款 回款 业务流程 上化 无纸化 办公 覆盖 全部 业务部门 应用 数字孪生 技术 产线 虚拟 建模 仿真 优化 探索 区块链 技术 产品 溯源 应用 流程 信息 利用 智能合约 技术 自动 供应商 结算 条款 探索 区块链 技术 产品 溯源 应用 流程 信息 引入 人工智能 技术 优化 prod 质检 环节 缺陷 识别 准确率 业务流程 上化 无纸化 办公 覆盖 全部 业务部门 构建 智慧物流 体系 仓储 分拣 自动化 水平 面对 市场竞争 加剧 加大 渠道 建设 力度 经销商 数量 覆盖 区域 扩大 利用 智能合约 技术 自动 供应商 结算 条款 原材料 价格 波动 成本 形成 一定 压力 集中 采购 套期 保值 对冲 成本 上行 风险 重大 诉讼 仲裁 事项 经营 活动 评估 公有 私有 方案 逐步 构建 统一 算力 资源 探索 区块链 技术 产品 溯源 应用 流程 信息 经营 管理 信息化 上线 新一代 ERP 系统 业财一体 拓展 海外 市场 出口 业务收入 国际化 布局 初见成效 采购 服务 替代 传统 服务器 部署 系统 上线 周期 大幅 缩短 建立健全 内部 控制系统 治理 结构 规范 三会 运作 客户 结构 优化 五大 客户 收入 客户 集中度 处于 合理 区间 建设 智能 客服 系统 应用 自然语言处理 技术 工单 自动 分类 构建 智慧物流 体系 仓储 分拣 自动化 水平 持续 加大 研发 投入 研发 费用 营业 收入 比例 建材 技术 攻关 本年度 人力 成本 略有 管理 费用率 保持稳定 费用 管控 成效 显现 高校 联合 深度学习 算法 研究 赋能 产品 智能 设计 探索 区块链 技术 产品 溯源 应用 流程 信息 现金流 状况良好 经营 活动 现金流量 净额 资产负债 结构 稳健 上线 智能 排产 系统 智能算法 优化 生产 排程 成立 数据中台 团队 业务 数据 数据业务,253
DEMO051,演示DEMO051股份有限公司,信息技术,2024,年度报告,公司参与行业区块链联盟，推动供应链单证电子化与可信流转。公司运用数据挖掘技术分析客户行为，实现精准营销。公司基于云平台搭建协同办公体系，跨区域协作效率提升。公司采购云服务替代传统服务器部署，系统上线周期大幅缩短。受行业周期影响，部分产品价格有所回落，公司及时调整销售策略，库存水平保持在合理范围。公司评估公有云与私有云方案，逐步构建统一算力资源池。公司评估公有云与私有云方案，逐步构建统一算力资源池。公司建设智能客服系统，应用自然语言处理技术实现工单自动分类。公司探索区块链技术在产品溯源中的应用，实现全流程信息上链。公司研究基于分布式账本的对账机制，降低交易核对成本。报告期内公司客户结构进一步优化，前五大客户收入占比为55.1%，客户集中度处于合理区间。公司上线智能排产系统，通过智能算法优化生产计划排程。公司开展数据治理体系建设，统一主数据标准，提升数据资产质量。公司应用数字孪生技术对重点产线进行虚拟建模与仿真优化。公司构建经营分析数据仓库，管理层可实时查看核心经营指标。公司数据中心一期建成投用，具备 PB 级数据存储与计算能力。公司构建经营分析数据仓库，管理层可实时查看核心经营指标。报告期内，公司实现营业收入45.2亿元，同比增长-1.8%，主要得益于主营业务产销规模扩大。受行业周期影响，部分产品价格有所回落，公司及时调整销售策略，库存水平保持在合理范围。公司现金流状况良好，经营活动现金流量净额为12.4亿元，资产负债结构稳健。公司评估公有云与私有云方案，逐步构建统一算力资源池。报告期内公司客户结构进一步优化，前五大客户收入占比为55.1%，客户集中度处于合理区间。公司深耕华北市场，区域市场份额稳中有升，品牌影响力持续增强。公司推进经营管理信息化，上线新一代ERP系统实现业财一体。公司推进智能制造升级，数字化车间已通过省级认定。报告期内人民币汇率波动加大，公司通过远期结售汇业务降低了汇兑损失。公司深耕东北市场，区域市场份额稳中有升，品牌影响力持续增强。公司持续优化产品结构，高端装备业务占比稳步提升，毛利率较上年持平个百分点。公司利用智能合约技术自动执行供应商结算条款。公司采购云服务替代传统服务器部署，系统上线周期大幅缩短。公司探索区块链技术在产品溯源中的应用，实现全流程信息上链。公司持续加大研发投入，研发费用占营业收入比例为4.4%，围绕食品饮料开展技术攻关。公司研究基于分布式账本的对账机制，降低交易核对成本。公司构建经营分析数据仓库，管理层可实时查看核心经营指标。公司推进计算机视觉技术在生产线上的应用，实现关键工序自动检测。公司应用数字孪生技术对重点产线进行虚拟建模与仿真优化。公司持续加大研发投入，研发费用占营业收入比例为5.1%，围绕食品饮料开展技术攻关。,脚本生成演示语料(step0_make_demo_corpus.py),公司参与行业区块链联盟，推动供应链单证电子化与可信流转。公司运用数据挖掘技术分析客户行为，实现精准营销。公司基于云平台搭建协同办公体系，跨区域协作效率提升。公司采购云服务替代传统服务器部署，系统上线周期大幅缩短。受行业周期影响，部分产品价格有所回落，公司及时调整销售策略，库存水平保持在合理范围。公司评估公有云与私有云方案，逐步构建统一算力资源池。公司评估公有云与私有云方案，逐步构建统一算力资源池。公司建设智能客服系统，应用自然语言处理技术实现工单自动分类。公司探索区块链技术在产品溯源中的应用，实现全流程信息上链。公司研究基于分布式账本的对账机制，降低交易核对成本。报告期内公司客户结构进一步优化，前五大客户收入占比为55.1%，客户集中度处于合理区间。公司上线智能排产系统，通过智能算法优化生产计划排程。公司开展数据治理体系建设，统一主数据标准，提升数据资产质量。公司应用数字孪生技术对重点产线进行虚拟建模与仿真优化。公司构建经营分析数据仓库，管理层可实时查看核心经营指标。公司数据中心一期建成投用，具备 PB 级数据存储与计算能力。公司构建经营分析数据仓库，管理层可实时查看核心经营指标。报告期内，公司实现营业收入45.2亿元，同比增长-1.8%，主要得益于主营业务产销规模扩大。受行业周期影响，部分产品价格有所回落，公司及时调整销售策略，库存水平保持在合理范围。公司现金流状况良好，经营活动现金流量净额为12.4亿元，资产负债结构稳健。公司评估公有云与私有云方案，逐步构建统一算力资源池。报告期内公司客户结构进一步优化，前五大客户收入占比为55.1%，客户集中度处于合理区间。公司深耕华北市场，区域市场份额稳中有升，品牌影响力持续增强。公司推进经营管理信息化，上线新一代ERP系统实现业财一体。公司推进智能制造升级，数字化车间已通过省级认定。报告期内人民币汇率波动加大，公司通过远期结售汇业务降低了汇兑损失。公司深耕东北市场，区域市场份额稳中有升，品牌影响力持续增强。公司持续优化产品结构，高端装备业务占比稳步提升，毛利率较上年持平个百分点。公司利用智能合约技术自动执行供应商结算条款。公司采购云服务替代传统服务器部署，系统上线周期大幅缩短。公司探索区块链技术在产品溯源中的应用，实现全流程信息上链。公司持续加大研发投入，研发费用占营业收入比例为4.4%，围绕食品饮料开展技术攻关。公司研究基于分布式账本的对账机制，降低交易核对成本。公司构建经营分析数据仓库，管理层可实时查看核心经营指标。公司推进计算机视觉技术在生产线上的应用，实现关键工序自动检测。公司应用数字孪生技术对重点产线进行虚拟建模与仿真优化。公司持续加大研发投入，研发费用占营业收入比例为5.1%，围绕食品饮料开展技术攻关。,参与 行业 区块链 联盟 供应链 单证 电子化 可信 流转 运用 数据挖掘 技术 分析 客户 行为 精准 营销 基于 平台 搭建 协同 办公 体系 区域 协作 效率 采购 服务 替代 传统 服务器 部署 系统 上线 周期 大幅 缩短 行业 周期 影响 产品价格 有所 回落 及时 调整 销售策略 库存 水平 合理 范围 评估 公有 私有 方案 逐步 构建 统一 算力 资源 评估 公有 私有 方案 逐步 构建 统一 算力 资源 建设 智能 客服 系统 应用 自然语言处理 技术 工单 自动 分类 探索 区块链 技术 产品 溯源 应用 流程 信息 研究 基于 分布式账本 对账 机制 降低 交易 核对 成本 客户 结构 优化 五大 客户 收入 客户 集中度 处于 合理 区间 上线 智能 排产 系统 智能算法 优化 生产 排程 数据 治理 体系 建设 统一 数据 标准 数据 资产 质量 应用 数字孪生 技术 产线 虚拟 建模 仿真 优化 构建 经营 分析 数据仓库 管理层 实时 查看 核心 经营 指标 数据中心 一期 建成 投用 具备 PB 数据 存储 计算能力 构建 经营 分析 数据仓库 管理层 实时 查看 核心 经营 指标 营业 收入 得益于 主营业务 产销 规模 扩大 行业 周期 影响 产品价格 有所 回落 及时 调整 销售策略 库存 水平 合理 范围 现金流 状况良好 经营 活动 现金流量 净额 资产负债 结构 稳健 评估 公有 私有 方案 逐步 构建 统一 算力 资源 客户 结构 优化 五大 客户 收入 客户 集中度 处于 合理 区间 深耕 华北 市场 区域 市场份额 稳中有升 品牌 影响力 持续 增强 经营 管理 信息化 上线 新一代 ERP 系统 业财一体 智能制造 升级 数字化 车间 省级 认定 人民币 汇率 波动 加大 远期 结售汇 业务 降低 汇兑 损失 深耕 东北 市场 区域 市场份额 稳中有升 品牌 影响力 持续 增强 持续 优化 产品 结构 高端 装备 业务 毛利率 持平 百分点 利用 智能合约 技术 自动 供应商 结算 条款 采购 服务 替代 传统 服务器 部署 系统 上线 周期 大幅 缩短 探索 区块链 技术 产品 溯源 应用 流程 信息 持续 加大 研发 投入 研发 费用 营业 收入 比例 食品饮料 技术 攻关 研究 基于 分布式账本 对账 机制 降低 交易 核对 成本 构建 经营 分析 数据仓库 管理层 实时 查看 核心 经营 指标 计算机视觉 技术 生产线 应用 关键 工序 自动检测 应用 数字孪生 技术 产线 虚拟 建模 仿真 优化 持续 加大 研发 投入 研发 费用 营业 收入 比例 食品饮料 技术 攻关,348
DEMO052,演示DEMO052股份有限公司,制造业,2020,年度报告,报告期内公司无重大诉讼仲裁事项，各项经营活动正常开展。公司发展电子商务业务，线上渠道收入占比持续提升。报告期内，公司获得高新技术企业资质认定，享受相应税收优惠政策。面对市场竞争加剧，公司加大渠道建设力度，经销商数量增加88家，覆盖区域进一步扩大。公司基于云平台搭建协同办公体系，跨区域协作效率提升。公司深耕西南市场，区域市场份额稳中有升，品牌影响力持续增强。公司与高校联合开展深度学习算法研究，赋能产品智能设计。公司成立数据中台团队，推动业务数据化、数据业务化。公司继续推进产能建设，纺织服装项目一期已投产，预计达产后年新增产能12万吨。公司研究基于分布式账本的对账机制，降低交易核对成本。面对市场竞争加剧，公司加大渠道建设力度，经销商数量增加120家，覆盖区域进一步扩大。公司高度重视安全生产与环境保护，报告期内未发生重大安全事故。报告期内公司无重大诉讼仲裁事项，各项经营活动正常开展。报告期内公司无重大诉讼仲裁事项，各项经营活动正常开展。公司建立健全内部控制系统，治理结构规范，三会运作正常。,脚本生成演示语料(step0_make_demo_corpus.py),报告期内公司无重大诉讼仲裁事项，各项经营活动正常开展。公司发展电子商务业务，线上渠道收入占比持续提升。报告期内，公司获得高新技术企业资质认定，享受相应税收优惠政策。面对市场竞争加剧，公司加大渠道建设力度，经销商数量增加88家，覆盖区域进一步扩大。公司基于云平台搭建协同办公体系，跨区域协作效率提升。公司深耕西南市场，区域市场份额稳中有升，品牌影响力持续增强。公司与高校联合开展深度学习算法研究，赋能产品智能设计。公司成立数据中台团队，推动业务数据化、数据业务化。公司继续推进产能建设，纺织服装项目一期已投产，预计达产后年新增产能12万吨。公司研究基于分布式账本的对账机制，降低交易核对成本。面对市场竞争加剧，公司加大渠道建设力度，经销商数量增加120家，覆盖区域进一步扩大。公司高度重视安全生产与环境保护，报告期内未发生重大安全事故。报告期内公司无重大诉讼仲裁事项，各项经营活动正常开展。报告期内公司无重大诉讼仲裁事项，各项经营活动正常开展。公司建立健全内部控制系统，治理结构规范，三会运作正常。,重大 诉讼 仲裁 事项 经营 活动 发展 电子商务 业务 线上 渠道 收入 持续 获得 高新技术 企业资质 认定 享受 相应 税收 优惠政策 面对 市场竞争 加剧 加大 渠道 建设 力度 经销商 数量 覆盖 区域 扩大 基于 平台 搭建 协同 办公 体系 区域 协作 效率 深耕 西南 市场 区域 市场份额 稳中有升 品牌 影响力 持续 增强 高校 联合 深度学习 算法 研究 赋能 产品 智能 设计 成立 数据中台 团队 业务 数据 数据业务 产能 建设 纺织 服装 项目 一期 投产 预计 达产 新增 产能 万吨 研究 基于 分布式账本 对账 机制 降低 交易 核对 成本 面对 市场竞争 加剧 加大 渠道 建设 力度 经销商 数量 覆盖 区域 扩大 高度重视 安全 生产 环境保护 发生 重大 安全事故 重大 诉讼 仲裁 事项 经营 活动 重大 诉讼 仲裁 事项 经营 活动 建立健全 内部 控制系统 治理 结构 规范 三会 运作,127
DEMO052,演示DEMO052股份有限公司,制造业,2021,年度报告,公司核心业务系统迁移上云，采用混合云架构降低IT运维成本。面对市场竞争加剧，公司加大渠道建设力度，经销商数量增加45家，覆盖区域进一步扩大。公司继续推进产能建设，高端装备项目一期已投产，预计达产后年新增产能20万吨。公司建设智能客服系统，应用自然语言处理技术实现工单自动分类。报告期内公司无重大诉讼仲裁事项，各项经营活动正常开展。公司开展数据治理体系建设，统一主数据标准，提升数据资产质量。报告期内公司无重大诉讼仲裁事项，各项经营活动正常开展。公司推动业务流程线上化，无纸化办公覆盖全部业务部门。报告期内公司客户结构进一步优化，前五大客户收入占比为32.5%，客户集中度处于合理区间。公司开展数据治理体系建设，统一主数据标准，提升数据资产质量。公司深耕东北市场，区域市场份额稳中有升，品牌影响力持续增强。报告期内人民币汇率波动加大，公司通过远期结售汇业务降低了汇兑损失。公司基于云平台搭建协同办公体系，跨区域协作效率提升。公司成立数据中台团队，推动业务数据化、数据业务化。本年度公司人力成本略有上升，管理费用率保持稳定，费用管控成效显现。公司继续推进产能建设，纺织服装项目一期已投产，预计达产后年新增产能12万吨。公司成立数据中台团队，推动业务数据化、数据业务化。公司构建智慧物流体系，仓储分拣自动化水平显著提高。公司推进智能制造升级，数字化车间已通过省级认定。报告期内人民币汇率波动加大，公司通过远期结售汇业务降低了汇兑损失。公司深耕华北市场，区域市场份额稳中有升，品牌影响力持续增强。面对市场竞争加剧，公司加大渠道建设力度，经销商数量增加45家，覆盖区域进一步扩大。,脚本生成演示语料(step0_make_demo_corpus.py),公司核心业务系统迁移上云，采用混合云架构降低IT运维成本。面对市场竞争加剧，公司加大渠道建设力度，经销商数量增加45家，覆盖区域进一步扩大。公司继续推进产能建设，高端装备项目一期已投产，预计达产后年新增产能20万吨。公司建设智能客服系统，应用自然语言处理技术实现工单自动分类。报告期内公司无重大诉讼仲裁事项，各项经营活动正常开展。公司开展数据治理体系建设，统一主数据标准，提升数据资产质量。报告期内公司无重大诉讼仲裁事项，各项经营活动正常开展。公司推动业务流程线上化，无纸化办公覆盖全部业务部门。报告期内公司客户结构进一步优化，前五大客户收入占比为32.5%，客户集中度处于合理区间。公司开展数据治理体系建设，统一主数据标准，提升数据资产质量。公司深耕东北市场，区域市场份额稳中有升，品牌影响力持续增强。报告期内人民币汇率波动加大，公司通过远期结售汇业务降低了汇兑损失。公司基于云平台搭建协同办公体系，跨区域协作效率提升。公司成立数据中台团队，推动业务数据化、数据业务化。本年度公司人力成本略有上升，管理费用率保持稳定，费用管控成效显现。公司继续推进产能建设，纺织服装项目一期已投产，预计达产后年新增产能12万吨。公司成立数据中台团队，推动业务数据化、数据业务化。公司构建智慧物流体系，仓储分拣自动化水平显著提高。公司推进智能制造升级，数字化车间已通过省级认定。报告期内人民币汇率波动加大，公司通过远期结售汇业务降低了汇兑损失。公司深耕华北市场，区域市场份额稳中有升，品牌影响力持续增强。面对市场竞争加剧，公司加大渠道建设力度，经销商数量增加45家，覆盖区域进一步扩大。,核心 业务 系统 迁移 上云 采用 混合 架构 降低 IT 运维 成本 面对 市场竞争 加剧 加大 渠道 建设 力度 经销商 数量 覆盖 区域 扩大 产能 建设 高端 装备 项目 一期 投产 预计 达产 新增 产能 万吨 建设 智能 客服 系统 应用 自然语言处理 技术 工单 自动 分类 重大 诉讼 仲裁 事项 经营 活动 数据 治理 体系 建设 统一 数据 标准 数据 资产 质量 重大 诉讼 仲裁 事项 经营 活动 业务流程 上化 无纸化 办公 覆盖 全部 业务部门 客户 结构 优化 五大 客户 收入 客户 集中度 处于 合理 区间 数据 治理 体系 建设 统一 数据 标准 数据 资产 质量 深耕 东北 市场 区域 市场份额 稳中有升 品牌 影响力 持续 增强 人民币 汇率 波动 加大 远期 结售汇 业务 降低 汇兑 损失 基于 平台 搭建 协同 办公 体系 区域 协作 效率 成立 数据中台 团队 业务 数据 数据业务 本年度 人力 成本 略有 管理 费用率 保持稳定 费用 管控 成效 显现 产能 建设 纺织 服装 项目 一期 投产 预计 达产 新增 产能 万吨 成立 数据中台 团队 业务 数据 数据业务 构建 智慧物流 体系 仓储 分拣 自动化 水平 智能制造 升级 数字化 车间 省级 认定 人民币 汇率 波动 加大 远期 结售汇 业务 降低 汇兑 损失 深耕 华北 市场 区域 市场份额 稳中有升 品牌 影响力 持续 增强 面对 市场竞争 加剧 加大 渠道 建设 力度 经销商 数量 覆盖 区域 扩大,205
DEMO052,演示DEMO052股份有限公司,制造业,2022,年度报告,报告期内人民币汇率波动加大，公司通过远期结售汇业务降低了汇兑损失。公司基于云平台搭建协同办公体系，跨区域协作效率提升。公司积极拓展海外市场，出口业务收入同比增长30.5%，国际化布局初见成效。公司与高校联合开展深度学习算法研究，赋能产品智能设计。公司现金流状况良好，经营活动现金流量净额为1.5亿元，资产负债结构稳健。公司高度重视安全生产与环境保护，报告期内未发生重大安全事故。公司利用智能合约技术自动执行供应商结算条款。公司构建经营分析数据仓库，管理层可实时查看核心经营指标。公司现金流状况良好，经营活动现金流量净额为3.2亿元，资产负债结构稳健。公司探索区块链技术在产品溯源中的应用，实现全流程信息上链。报告期内，公司获得高新技术企业资质认定，享受相应税收优惠政策。公司探索区块链技术在产品溯源中的应用，实现全流程信息上链。公司推动业务流程线上化，无纸化办公覆盖全部业务部门。公司积极拓展海外市场，出口业务收入同比增长18.9%，国际化布局初见成效。公司继续推进产能建设，建材项目一期已投产，预计达产后年新增产能20万吨。公司上线智能排产系统，通过智能算法优化生产计划排程。公司高度重视安全生产与环境保护，报告期内未发生重大安全事故。公司持续优化产品结构，精细化工产品业务占比稳步提升，毛利率较上年下降1.5个百分点。报告期内公司无重大诉讼仲裁事项，各项经营活动正常开展。报告期内，公司获得高新技术企业资质认定，享受相应税收优惠政策。公司利用智能合约技术自动执行供应商结算条款。,脚本生成演示语料(step0_make_demo_corpus.py),报告期内人民币汇率波动加大，公司通过远期结售汇业务降低了汇兑损失。公司基于云平台搭建协同办公体系，跨区域协作效率提升。公司积极拓展海外市场，出口业务收入同比增长30.5%，国际化布局初见成效。公司与高校联合开展深度学习算法研究，赋能产品智能设计。公司现金流状况良好，经营活动现金流量净额为1.5亿元，资产负债结构稳健。公司高度重视安全生产与环境保护，报告期内未发生重大安全事故。公司利用智能合约技术自动执行供应商结算条款。公司构建经营分析数据仓库，管理层可实时查看核心经营指标。公司现金流状况良好，经营活动现金流量净额为3.2亿元，资产负债结构稳健。公司探索区块链技术在产品溯源中的应用，实现全流程信息上链。报告期内，公司获得高新技术企业资质认定，享受相应税收优惠政策。公司探索区块链技术在产品溯源中的应用，实现全流程信息上链。公司推动业务流程线上化，无纸化办公覆盖全部业务部门。公司积极拓展海外市场，出口业务收入同比增长18.9%，国际化布局初见成效。公司继续推进产能建设，建材项目一期已投产，预计达产后年新增产能20万吨。公司上线智能排产系统，通过智能算法优化生产计划排程。公司高度重视安全生产与环境保护，报告期内未发生重大安全事故。公司持续优化产品结构，精细化工产品业务占比稳步提升，毛利率较上年下降1.5个百分点。报告期内公司无重大诉讼仲裁事项，各项经营活动正常开展。报告期内，公司获得高新技术企业资质认定，享受相应税收优惠政策。公司利用智能合约技术自动执行供应商结算条款。,人民币 汇率 波动 加大 远期 结售汇 业务 降低 汇兑 损失 基于 平台 搭建 协同 办公 体系 区域 协作 效率 拓展 海外 市场 出口 业务收入 国际化 布局 初见成效 高校 联合 深度学习 算法 研究 赋能 产品 智能 设计 现金流 状况良好 经营 活动 现金流量 净额 资产负债 结构 稳健 高度重视 安全 生产 环境保护 发生 重大 安全事故 利用 智能合约 技术 自动 供应商 结算 条款 构建 经营 分析 数据仓库 管理层 实时 查看 核心 经营 指标 现金流 状况良好 经营 活动 现金流量 净额 资产负债 结构 稳健 探索 区块链 技术 产品 溯源 应用 流程 信息 获得 高新技术 企业资质 认定 享受 相应 税收 优惠政策 探索 区块链 技术 产品 溯源 应用 流程 信息 业务流程 上化 无纸化 办公 覆盖 全部 业务部门 拓展 海外 市场 出口 业务收入 国际化 布局 初见成效 产能 建设 建材 项目 一期 投产 预计 达产 新增 产能 万吨 上线 智能 排产 系统 智能算法 优化 生产 排程 高度重视 安全 生产 环境保护 发生 重大 安全事故 持续 优化 产品 结构 精细化工 产品 业务 毛利率 百分点 重大 诉讼 仲裁 事项 经营 活动 获得 高新技术 企业资质 认定 享受 相应 税收 优惠政策 利用 智能合约 技术 自动 供应商 结算 条款,173
DEMO052,演示DEMO052股份有限公司,制造业,2023,年度报告,面对市场竞争加剧，公司加大渠道建设力度，经销商数量增加45家，覆盖区域进一步扩大。本年度公司人力成本略有上升，管理费用率保持稳定，费用管控成效显现。公司建设工业互联网平台，实现设备联网与远程运维。公司建设大数据平台，整合生产、销售与供应链数据，支撑经营决策。原材料价格波动对成本端形成一定压力，公司通过集中采购和套期保值部分对冲了成本上行风险。报告期内公司客户结构进一步优化，前五大客户收入占比为32.5%，客户集中度处于合理区间。受行业周期影响，部分产品价格有所回落，公司及时调整销售策略，库存水平保持在合理范围。公司主要客户为行业龙头企业，合作关系稳定，应收账款回款情况良好。报告期内人民币汇率波动加大，公司通过远期结售汇业务降低了汇兑损失。公司构建智慧物流体系，仓储分拣自动化水平显著提高。公司基于云平台搭建协同办公体系，跨区域协作效率提升。公司深耕华南市场，区域市场份额稳中有升，品牌影响力持续增强。公司建设工业互联网平台，实现设备联网与远程运维。本年度公司人力成本略有上升，管理费用率保持稳定，费用管控成效显现。下半年公司将围绕年度经营计划，重点做好市场开拓、成本控制与人才梯队建设等工作。公司构建经营分析数据仓库，管理层可实时查看核心经营指标。报告期内，公司实现营业收入12.6亿元，同比增长-1.8%，主要得益于主营业务产销规模扩大。原材料价格波动对成本端形成一定压力，公司通过集中采购和套期保值部分对冲了成本上行风险。,脚本生成演示语料(step0_make_demo_corpus.py),面对市场竞争加剧，公司加大渠道建设力度，经销商数量增加45家，覆盖区域进一步扩大。本年度公司人力成本略有上升，管理费用率保持稳定，费用管控成效显现。公司建设工业互联网平台，实现设备联网与远程运维。公司建设大数据平台，整合生产、销售与供应链数据，支撑经营决策。原材料价格波动对成本端形成一定压力，公司通过集中采购和套期保值部分对冲了成本上行风险。报告期内公司客户结构进一步优化，前五大客户收入占比为32.5%，客户集中度处于合理区间。受行业周期影响，部分产品价格有所回落，公司及时调整销售策略，库存水平保持在合理范围。公司主要客户为行业龙头企业，合作关系稳定，应收账款回款情况良好。报告期内人民币汇率波动加大，公司通过远期结售汇业务降低了汇兑损失。公司构建智慧物流体系，仓储分拣自动化水平显著提高。公司基于云平台搭建协同办公体系，跨区域协作效率提升。公司深耕华南市场，区域市场份额稳中有升，品牌影响力持续增强。公司建设工业互联网平台，实现设备联网与远程运维。本年度公司人力成本略有上升，管理费用率保持稳定，费用管控成效显现。下半年公司将围绕年度经营计划，重点做好市场开拓、成本控制与人才梯队建设等工作。公司构建经营分析数据仓库，管理层可实时查看核心经营指标。报告期内，公司实现营业收入12.6亿元，同比增长-1.8%，主要得益于主营业务产销规模扩大。原材料价格波动对成本端形成一定压力，公司通过集中采购和套期保值部分对冲了成本上行风险。,面对 市场竞争 加剧 加大 渠道 建设 力度 经销商 数量 覆盖 区域 扩大 本年度 人力 成本 略有 管理 费用率 保持稳定 费用 管控 成效 显现 建设 工业互联网 平台 设备 联网 远程 运维 建设 大数据 平台 整合 生产 销售 供应链 数据 支撑 经营 决策 原材料 价格 波动 成本 形成 一定 压力 集中 采购 套期 保值 对冲 成本 上行 风险 客户 结构 优化 五大 客户 收入 客户 集中度 处于 合理 区间 行业 周期 影响 产品价格 有所 回落 及时 调整 销售策略 库存 水平 合理 范围 客户 行业龙头 企业 合作 关系 应收 账款 回款 人民币 汇率 波动 加大 远期 结售汇 业务 降低 汇兑 损失 构建 智慧物流 体系 仓储 分拣 自动化 水平 基于 平台 搭建 协同 办公 体系 区域 协作 效率 深耕 华南 市场 区域 市场份额 稳中有升 品牌 影响力 持续 增强 建设 工业互联网 平台 设备 联网 远程 运维 本年度 人力 成本 略有 管理 费用率 保持稳定 费用 管控 成效 显现 下半年 年度 经营 做好 市场 开拓 成本 控制 人才 梯队 建设 构建 经营 分析 数据仓库 管理层 实时 查看 核心 经营 指标 营业 收入 得益于 主营业务 产销 规模 扩大 原材料 价格 波动 成本 形成 一定 压力 集中 采购 套期 保值 对冲 成本 上行 风险,185
DEMO052,演示DEMO052股份有限公司,制造业,2024,年度报告,公司积极拓展海外市场，出口业务收入同比增长12.1%，国际化布局初见成效。报告期内，公司实现营业收入45.2亿元，同比增长8.5%，主要得益于主营业务产销规模扩大。公司深耕西南市场，区域市场份额稳中有升，品牌影响力持续增强。报告期内公司客户结构进一步优化，前五大客户收入占比为28.3%，客户集中度处于合理区间。公司采购云服务替代传统服务器部署，系统上线周期大幅缩短。公司深耕华北市场，区域市场份额稳中有升，品牌影响力持续增强。公司核心业务系统迁移上云，采用混合云架构降低IT运维成本。本年度公司人力成本略有上升，管理费用率保持稳定，费用管控成效显现。公司高度重视安全生产与环境保护，报告期内未发生重大安全事故。公司试点数字人民币结算场景，丰富收款渠道。公司数据中心一期建成投用，具备 PB 级数据存储与计算能力。公司积极拓展海外市场，出口业务收入同比增长18.9%，国际化布局初见成效。公司构建经营分析数据仓库，管理层可实时查看核心经营指标。公司研究基于分布式账本的对账机制，降低交易核对成本。,脚本生成演示语料(step0_make_demo_corpus.py),公司积极拓展海外市场，出口业务收入同比增长12.1%，国际化布局初见成效。报告期内，公司实现营业收入45.2亿元，同比增长8.5%，主要得益于主营业务产销规模扩大。公司深耕西南市场，区域市场份额稳中有升，品牌影响力持续增强。报告期内公司客户结构进一步优化，前五大客户收入占比为28.3%，客户集中度处于合理区间。公司采购云服务替代传统服务器部署，系统上线周期大幅缩短。公司深耕华北市场，区域市场份额稳中有升，品牌影响力持续增强。公司核心业务系统迁移上云，采用混合云架构降低IT运维成本。本年度公司人力成本略有上升，管理费用率保持稳定，费用管控成效显现。公司高度重视安全生产与环境保护，报告期内未发生重大安全事故。公司试点数字人民币结算场景，丰富收款渠道。公司数据中心一期建成投用，具备 PB 级数据存储与计算能力。公司积极拓展海外市场，出口业务收入同比增长18.9%，国际化布局初见成效。公司构建经营分析数据仓库，管理层可实时查看核心经营指标。公司研究基于分布式账本的对账机制，降低交易核对成本。,拓展 海外 市场 出口 业务收入 国际化 布局 初见成效 营业 收入 得益于 主营业务 产销 规模 扩大 深耕 西南 市场 区域 市场份额 稳中有升 品牌 影响力 持续 增强 客户 结构 优化 五大 客户 收入 客户 集中度 处于 合理 区间 采购 服务 替代 传统 服务器 部署 系统 上线 周期 大幅 缩短 深耕 华北 市场 区域 市场份额 稳中有升 品牌 影响力 持续 增强 核心 业务 系统 迁移 上云 采用 混合 架构 降低 IT 运维 成本 本年度 人力 成本 略有 管理 费用率 保持稳定 费用 管控 成效 显现 高度重视 安全 生产 环境保护 发生 重大 安全事故 试点 数字人民币 结算 场景 丰富 收款 渠道 数据中心 一期 建成 投用 具备 PB 数据 存储 计算能力 拓展 海外 市场 出口 业务收入 国际化 布局 初见成效 构建 经营 分析 数据仓库 管理层 实时 查看 核心 经营 指标 研究 基于 分布式账本 对账 机制 降低 交易 核对 成本,130
DEMO053,演示DEMO053股份有限公司,批发零售,2020,年度报告,公司积极拓展海外市场，出口业务收入同比增长12.1%，国际化布局初见成效。面对市场竞争加剧，公司加大渠道建设力度，经销商数量增加45家，覆盖区域进一步扩大。面对市场竞争加剧，公司加大渠道建设力度，经销商数量增加36家，覆盖区域进一步扩大。公司开展数据治理体系建设，统一主数据标准，提升数据资产质量。公司现金流状况良好，经营活动现金流量净额为12.4亿元，资产负债结构稳健。公司继续推进产能建设，精细化工产品项目一期已投产，预计达产后年新增产能12万吨。本年度公司人力成本略有上升，管理费用率保持稳定，费用管控成效显现。公司高度重视安全生产与环境保护，报告期内未发生重大安全事故。公司核心业务系统迁移上云，采用混合云架构降低IT运维成本。面对市场竞争加剧，公司加大渠道建设力度，经销商数量增加36家，覆盖区域进一步扩大。,脚本生成演示语料(step0_make_demo_corpus.py),公司积极拓展海外市场，出口业务收入同比增长12.1%，国际化布局初见成效。面对市场竞争加剧，公司加大渠道建设力度，经销商数量增加45家，覆盖区域进一步扩大。面对市场竞争加剧，公司加大渠道建设力度，经销商数量增加36家，覆盖区域进一步扩大。公司开展数据治理体系建设，统一主数据标准，提升数据资产质量。公司现金流状况良好，经营活动现金流量净额为12.4亿元，资产负债结构稳健。公司继续推进产能建设，精细化工产品项目一期已投产，预计达产后年新增产能12万吨。本年度公司人力成本略有上升，管理费用率保持稳定，费用管控成效显现。公司高度重视安全生产与环境保护，报告期内未发生重大安全事故。公司核心业务系统迁移上云，采用混合云架构降低IT运维成本。面对市场竞争加剧，公司加大渠道建设力度，经销商数量增加36家，覆盖区域进一步扩大。,拓展 海外 市场 出口 业务收入 国际化 布局 初见成效 面对 市场竞争 加剧 加大 渠道 建设 力度 经销商 数量 覆盖 区域 扩大 面对 市场竞争 加剧 加大 渠道 建设 力度 经销商 数量 覆盖 区域 扩大 数据 治理 体系 建设 统一 数据 标准 数据 资产 质量 现金流 状况良好 经营 活动 现金流量 净额 资产负债 结构 稳健 产能 建设 精细化工 产品 项目 一期 投产 预计 达产 新增 产能 万吨 本年度 人力 成本 略有 管理 费用率 保持稳定 费用 管控 成效 显现 高度重视 安全 生产 环境保护 发生 重大 安全事故 核心 业务 系统 迁移 上云 采用 混合 架构 降低 IT 运维 成本 面对 市场竞争 加剧 加大 渠道 建设 力度 经销商 数量 覆盖 区域 扩大,105
DEMO053,演示DEMO053股份有限公司,批发零售,2021,年度报告,公司持续优化产品结构，高端装备业务占比稳步提升，毛利率较上年下降0.8个百分点。报告期内人民币汇率波动加大，公司通过远期结售汇业务降低了汇兑损失。原材料价格波动对成本端形成一定压力，公司通过集中采购和套期保值部分对冲了成本上行风险。公司现金流状况良好，经营活动现金流量净额为1.5亿元，资产负债结构稳健。公司持续优化产品结构，电子元器件业务占比稳步提升，毛利率较上年下降0.8个百分点。公司现金流状况良好，经营活动现金流量净额为8.7亿元，资产负债结构稳健。公司现金流状况良好，经营活动现金流量净额为3.2亿元，资产负债结构稳健。公司建立健全内部控制系统，治理结构规范，三会运作正常。公司研究基于分布式账本的对账机制，降低交易核对成本。,脚本生成演示语料(step0_make_demo_corpus.py),公司持续优化产品结构，高端装备业务占比稳步提升，毛利率较上年下降0.8个百分点。报告期内人民币汇率波动加大，公司通过远期结售汇业务降低了汇兑损失。原材料价格波动对成本端形成一定压力，公司通过集中采购和套期保值部分对冲了成本上行风险。公司现金流状况良好，经营活动现金流量净额为1.5亿元，资产负债结构稳健。公司持续优化产品结构，电子元器件业务占比稳步提升，毛利率较上年下降0.8个百分点。公司现金流状况良好，经营活动现金流量净额为8.7亿元，资产负债结构稳健。公司现金流状况良好，经营活动现金流量净额为3.2亿元，资产负债结构稳健。公司建立健全内部控制系统，治理结构规范，三会运作正常。公司研究基于分布式账本的对账机制，降低交易核对成本。,持续 优化 产品 结构 高端 装备 业务 毛利率 百分点 人民币 汇率 波动 加大 远期 结售汇 业务 降低 汇兑 损失 原材料 价格 波动 成本 形成 一定 压力 集中 采购 套期 保值 对冲 成本 上行 风险 现金流 状况良好 经营 活动 现金流量 净额 资产负债 结构 稳健 持续 优化 产品 结构 电子 元器件 业务 毛利率 百分点 现金流 状况良好 经营 活动 现金流量 净额 资产负债 结构 稳健 现金流 状况良好 经营 活动 现金流量 净额 资产负债 结构 稳健 建立健全 内部 控制系统 治理 结构 规范 三会 运作 研究 基于 分布式账本 对账 机制 降低 交易 核对 成本,87
DEMO053,演示DEMO053股份有限公司,批发零售,2022,年度报告,公司持续加大研发投入，研发费用占营业收入比例为2.6%，围绕精细化工产品开展技术攻关。公司利用智能合约技术自动执行供应商结算条款。面对市场竞争加剧，公司加大渠道建设力度，经销商数量增加88家，覆盖区域进一步扩大。报告期内，公司实现营业收入63.7亿元，同比增长8.5%，主要得益于主营业务产销规模扩大。原材料价格波动对成本端形成一定压力，公司通过集中采购和套期保值部分对冲了成本上行风险。公司推进计算机视觉技术在生产线上的应用，实现关键工序自动检测。公司建立健全内部控制系统，治理结构规范，三会运作正常。公司核心业务系统迁移上云，采用混合云架构降低IT运维成本。面对市场竞争加剧，公司加大渠道建设力度，经销商数量增加88家，覆盖区域进一步扩大。报告期内，公司获得高新技术企业资质认定，享受相应税收优惠政策。公司高度重视安全生产与环境保护，报告期内未发生重大安全事故。,脚本生成演示语料(step0_make_demo_corpus.py),公司持续加大研发投入，研发费用占营业收入比例为2.6%，围绕精细化工产品开展技术攻关。公司利用智能合约技术自动执行供应商结算条款。面对市场竞争加剧，公司加大渠道建设力度，经销商数量增加88家，覆盖区域进一步扩大。报告期内，公司实现营业收入63.7亿元，同比增长8.5%，主要得益于主营业务产销规模扩大。原材料价格波动对成本端形成一定压力，公司通过集中采购和套期保值部分对冲了成本上行风险。公司推进计算机视觉技术在生产线上的应用，实现关键工序自动检测。公司建立健全内部控制系统，治理结构规范，三会运作正常。公司核心业务系统迁移上云，采用混合云架构降低IT运维成本。面对市场竞争加剧，公司加大渠道建设力度，经销商数量增加88家，覆盖区域进一步扩大。报告期内，公司获得高新技术企业资质认定，享受相应税收优惠政策。公司高度重视安全生产与环境保护，报告期内未发生重大安全事故。,持续 加大 研发 投入 研发 费用 营业 收入 比例 精细化工 产品 技术 攻关 利用 智能合约 技术 自动 供应商 结算 条款 面对 市场竞争 加剧 加大 渠道 建设 力度 经销商 数量 覆盖 区域 扩大 营业 收入 得益于 主营业务 产销 规模 扩大 原材料 价格 波动 成本 形成 一定 压力 集中 采购 套期 保值 对冲 成本 上行 风险 计算机视觉 技术 生产线 应用 关键 工序 自动检测 建立健全 内部 控制系统 治理 结构 规范 三会 运作 核心 业务 系统 迁移 上云 采用 混合 架构 降低 IT 运维 成本 面对 市场竞争 加剧 加大 渠道 建设 力度 经销商 数量 覆盖 区域 扩大 获得 高新技术 企业资质 认定 享受 相应 税收 优惠政策 高度重视 安全 生产 环境保护 发生 重大 安全事故,108
DEMO053,演示DEMO053股份有限公司,批发零售,2023,年度报告,本年度公司人力成本略有上升，管理费用率保持稳定，费用管控成效显现。公司本期新增专利授权15项，累计有效专利210项，技术储备进一步夯实。公司试点数字人民币结算场景，丰富收款渠道。公司主要客户为行业龙头企业，合作关系稳定，应收账款回款情况良好。公司研究基于分布式账本的对账机制，降低交易核对成本。原材料价格波动对成本端形成一定压力，公司通过集中采购和套期保值部分对冲了成本上行风险。公司现金流状况良好，经营活动现金流量净额为3.2亿元，资产负债结构稳健。公司部署机器学习算法对销售数据进行需求预测，库存周转效率明显改善。公司高度重视安全生产与环境保护，报告期内未发生重大安全事故。下半年公司将围绕年度经营计划，重点做好市场开拓、成本控制与人才梯队建设等工作。公司参与行业区块链联盟，推动供应链单证电子化与可信流转。公司采购云服务替代传统服务器部署，系统上线周期大幅缩短。公司上线智能排产系统，通过智能算法优化生产计划排程。公司构建经营分析数据仓库，管理层可实时查看核心经营指标。报告期内，公司获得高新技术企业资质认定，享受相应税收优惠政策。,脚本生成演示语料(step0_make_demo_corpus.py),本年度公司人力成本略有上升，管理费用率保持稳定，费用管控成效显现。公司本期新增专利授权15项，累计有效专利210项，技术储备进一步夯实。公司试点数字人民币结算场景，丰富收款渠道。公司主要客户为行业龙头企业，合作关系稳定，应收账款回款情况良好。公司研究基于分布式账本的对账机制，降低交易核对成本。原材料价格波动对成本端形成一定压力，公司通过集中采购和套期保值部分对冲了成本上行风险。公司现金流状况良好，经营活动现金流量净额为3.2亿元，资产负债结构稳健。公司部署机器学习算法对销售数据进行需求预测，库存周转效率明显改善。公司高度重视安全生产与环境保护，报告期内未发生重大安全事故。下半年公司将围绕年度经营计划，重点做好市场开拓、成本控制与人才梯队建设等工作。公司参与行业区块链联盟，推动供应链单证电子化与可信流转。公司采购云服务替代传统服务器部署，系统上线周期大幅缩短。公司上线智能排产系统，通过智能算法优化生产计划排程。公司构建经营分析数据仓库，管理层可实时查看核心经营指标。报告期内，公司获得高新技术企业资质认定，享受相应税收优惠政策。,本年度 人力 成本 略有 管理 费用率 保持稳定 费用 管控 成效 显现 本期 新增 专利 授权 专利 技术储备 夯实 试点 数字人民币 结算 场景 丰富 收款 渠道 客户 行业龙头 企业 合作 关系 应收 账款 回款 研究 基于 分布式账本 对账 机制 降低 交易 核对 成本 原材料 价格 波动 成本 形成 一定 压力 集中 采购 套期 保值 对冲 成本 上行 风险 现金流 状况良好 经营 活动 现金流量 净额 资产负债 结构 稳健 部署 机器学习 算法 销售 数据 需求预测 库存 周转 效率 明显改善 高度重视 安全 生产 环境保护 发生 重大 安全事故 下半年 年度 经营 做好 市场 开拓 成本 控制 人才 梯队 建设 参与 行业 区块链 联盟 供应链 单证 电子化 可信 流转 采购 服务 替代 传统 服务器 部署 系统 上线 周期 大幅 缩短 上线 智能 排产 系统 智能算法 优化 生产 排程 构建 经营 分析 数据仓库 管理层 实时 查看 核心 经营 指标 获得 高新技术 企业资质 认定 享受 相应 税收 优惠政策,140
DEMO053,演示DEMO053股份有限公司,批发零售,2024,年度报告,公司发展电子商务业务，线上渠道收入占比持续提升。公司本期新增专利授权22项，累计有效专利120项，技术储备进一步夯实。公司积极拓展海外市场，出口业务收入同比增长30.5%，国际化布局初见成效。报告期内人民币汇率波动加大，公司通过远期结售汇业务降低了汇兑损失。公司建设大数据平台，整合生产、销售与供应链数据，支撑经营决策。公司发展电子商务业务，线上渠道收入占比持续提升。报告期内公司客户结构进一步优化，前五大客户收入占比为28.3%，客户集中度处于合理区间。公司持续加大研发投入，研发费用占营业收入比例为1.8%，围绕纺织服装开展技术攻关。公司制定数字化转型规划，成立数字化管理委员会统筹推进。下半年公司将围绕年度经营计划，重点做好市场开拓、成本控制与人才梯队建设等工作。公司建立健全内部控制系统，治理结构规范，三会运作正常。公司建设大数据平台，整合生产、销售与供应链数据，支撑经营决策。报告期内，公司实现营业收入28.4亿元，同比增长15.2%，主要得益于主营业务产销规模扩大。受行业周期影响，部分产品价格有所回落，公司及时调整销售策略，库存水平保持在合理范围。公司参与行业区块链联盟，推动供应链单证电子化与可信流转。,脚本生成演示语料(step0_make_demo_corpus.py),公司发展电子商务业务，线上渠道收入占比持续提升。公司本期新增专利授权22项，累计有效专利120项，技术储备进一步夯实。公司积极拓展海外市场，出口业务收入同比增长30.5%，国际化布局初见成效。报告期内人民币汇率波动加大，公司通过远期结售汇业务降低了汇兑损失。公司建设大数据平台，整合生产、销售与供应链数据，支撑经营决策。公司发展电子商务业务，线上渠道收入占比持续提升。报告期内公司客户结构进一步优化，前五大客户收入占比为28.3%，客户集中度处于合理区间。公司持续加大研发投入，研发费用占营业收入比例为1.8%，围绕纺织服装开展技术攻关。公司制定数字化转型规划，成立数字化管理委员会统筹推进。下半年公司将围绕年度经营计划，重点做好市场开拓、成本控制与人才梯队建设等工作。公司建立健全内部控制系统，治理结构规范，三会运作正常。公司建设大数据平台，整合生产、销售与供应链数据，支撑经营决策。报告期内，公司实现营业收入28.4亿元，同比增长15.2%，主要得益于主营业务产销规模扩大。受行业周期影响，部分产品价格有所回落，公司及时调整销售策略，库存水平保持在合理范围。公司参与行业区块链联盟，推动供应链单证电子化与可信流转。,发展 电子商务 业务 线上 渠道 收入 持续 本期 新增 专利 授权 专利 技术储备 夯实 拓展 海外 市场 出口 业务收入 国际化 布局 初见成效 人民币 汇率 波动 加大 远期 结售汇 业务 降低 汇兑 损失 建设 大数据 平台 整合 生产 销售 供应链 数据 支撑 经营 决策 发展 电子商务 业务 线上 渠道 收入 持续 客户 结构 优化 五大 客户 收入 客户 集中度 处于 合理 区间 持续 加大 研发 投入 研发 费用 营业 收入 比例 纺织 服装 技术 攻关 制定 数字化转型 规划 成立 数字化 管理 委员会 统筹 下半年 年度 经营 做好 市场 开拓 成本 控制 人才 梯队 建设 建立健全 内部 控制系统 治理 结构 规范 三会 运作 建设 大数据 平台 整合 生产 销售 供应链 数据 支撑 经营 决策 营业 收入 得益于 主营业务 产销 规模 扩大 行业 周期 影响 产品价格 有所 回落 及时 调整 销售策略 库存 水平 合理 范围 参与 行业 区块链 联盟 供应链 单证 电子化 可信 流转,141
DEMO054,演示DEMO054股份有限公司,房地产,2020,年度报告,公司核心业务系统迁移上云，采用混合云架构降低IT运维成本。公司高度重视安全生产与环境保护，报告期内未发生重大安全事故。公司持续加大研发投入，研发费用占营业收入比例为3.2%，围绕纺织服装开展技术攻关。公司构建经营分析数据仓库，管理层可实时查看核心经营指标。公司评估公有云与私有云方案，逐步构建统一算力资源池。公司应用数字孪生技术对重点产线进行虚拟建模与仿真优化。公司持续优化产品结构，精细化工产品业务占比稳步提升，毛利率较上年上升2.5个百分点。报告期内公司客户结构进一步优化，前五大客户收入占比为36.9%，客户集中度处于合理区间。公司采购云服务替代传统服务器部署，系统上线周期大幅缩短。本年度公司人力成本略有上升，管理费用率保持稳定，费用管控成效显现。报告期内公司无重大诉讼仲裁事项，各项经营活动正常开展。报告期内公司客户结构进一步优化，前五大客户收入占比为28.3%，客户集中度处于合理区间。面对市场竞争加剧，公司加大渠道建设力度，经销商数量增加88家，覆盖区域进一步扩大。公司基于云平台搭建协同办公体系，跨区域协作效率提升。下半年公司将围绕年度经营计划，重点做好市场开拓、成本控制与人才梯队建设等工作。公司本期新增专利授权8项，累计有效专利210项，技术储备进一步夯实。,脚本生成演示语料(step0_make_demo_corpus.py),公司核心业务系统迁移上云，采用混合云架构降低IT运维成本。公司高度重视安全生产与环境保护，报告期内未发生重大安全事故。公司持续加大研发投入，研发费用占营业收入比例为3.2%，围绕纺织服装开展技术攻关。公司构建经营分析数据仓库，管理层可实时查看核心经营指标。公司评估公有云与私有云方案，逐步构建统一算力资源池。公司应用数字孪生技术对重点产线进行虚拟建模与仿真优化。公司持续优化产品结构，精细化工产品业务占比稳步提升，毛利率较上年上升2.5个百分点。报告期内公司客户结构进一步优化，前五大客户收入占比为36.9%，客户集中度处于合理区间。公司采购云服务替代传统服务器部署，系统上线周期大幅缩短。本年度公司人力成本略有上升，管理费用率保持稳定，费用管控成效显现。报告期内公司无重大诉讼仲裁事项，各项经营活动正常开展。报告期内公司客户结构进一步优化，前五大客户收入占比为28.3%，客户集中度处于合理区间。面对市场竞争加剧，公司加大渠道建设力度，经销商数量增加88家，覆盖区域进一步扩大。公司基于云平台搭建协同办公体系，跨区域协作效率提升。下半年公司将围绕年度经营计划，重点做好市场开拓、成本控制与人才梯队建设等工作。公司本期新增专利授权8项，累计有效专利210项，技术储备进一步夯实。,核心 业务 系统 迁移 上云 采用 混合 架构 降低 IT 运维 成本 高度重视 安全 生产 环境保护 发生 重大 安全事故 持续 加大 研发 投入 研发 费用 营业 收入 比例 纺织 服装 技术 攻关 构建 经营 分析 数据仓库 管理层 实时 查看 核心 经营 指标 评估 公有 私有 方案 逐步 构建 统一 算力 资源 应用 数字孪生 技术 产线 虚拟 建模 仿真 优化 持续 优化 产品 结构 精细化工 产品 业务 毛利率 百分点 客户 结构 优化 五大 客户 收入 客户 集中度 处于 合理 区间 采购 服务 替代 传统 服务器 部署 系统 上线 周期 大幅 缩短 本年度 人力 成本 略有 管理 费用率 保持稳定 费用 管控 成效 显现 重大 诉讼 仲裁 事项 经营 活动 客户 结构 优化 五大 客户 收入 客户 集中度 处于 合理 区间 面对 市场竞争 加剧 加大 渠道 建设 力度 经销商 数量 覆盖 区域 扩大 基于 平台 搭建 协同 办公 体系 区域 协作 效率 下半年 年度 经营 做好 市场 开拓 成本 控制 人才 梯队 建设 本期 新增 专利 授权 专利 技术储备 夯实,157
DEMO054,演示DEMO054股份有限公司,房地产,2021,年度报告,公司继续推进产能建设，食品饮料项目一期已投产，预计达产后年新增产能3万吨。公司建立健全内部控制系统，治理结构规范，三会运作正常。公司建设工业互联网平台，实现设备联网与远程运维。下半年公司将围绕年度经营计划，重点做好市场开拓、成本控制与人才梯队建设等工作。原材料价格波动对成本端形成一定压力，公司通过集中采购和套期保值部分对冲了成本上行风险。公司建立健全内部控制系统，治理结构规范，三会运作正常。本年度公司人力成本略有上升，管理费用率保持稳定，费用管控成效显现。公司推进计算机视觉技术在生产线上的应用，实现关键工序自动检测。公司持续优化产品结构，建材业务占比稳步提升，毛利率较上年下降0.8个百分点。报告期内，公司获得高新技术企业资质认定，享受相应税收优惠政策。公司深耕华北市场，区域市场份额稳中有升，品牌影响力持续增强。公司部署机器学习算法对销售数据进行需求预测，库存周转效率明显改善。下半年公司将围绕年度经营计划，重点做好市场开拓、成本控制与人才梯队建设等工作。公司开展数据治理体系建设，统一主数据标准，提升数据资产质量。,脚本生成演示语料(step0_make_demo_corpus.py),公司继续推进产能建设，食品饮料项目一期已投产，预计达产后年新增产能3万吨。公司建立健全内部控制系统，治理结构规范，三会运作正常。公司建设工业互联网平台，实现设备联网与远程运维。下半年公司将围绕年度经营计划，重点做好市场开拓、成本控制与人才梯队建设等工作。原材料价格波动对成本端形成一定压力，公司通过集中采购和套期保值部分对冲了成本上行风险。公司建立健全内部控制系统，治理结构规范，三会运作正常。本年度公司人力成本略有上升，管理费用率保持稳定，费用管控成效显现。公司推进计算机视觉技术在生产线上的应用，实现关键工序自动检测。公司持续优化产品结构，建材业务占比稳步提升，毛利率较上年下降0.8个百分点。报告期内，公司获得高新技术企业资质认定，享受相应税收优惠政策。公司深耕华北市场，区域市场份额稳中有升，品牌影响力持续增强。公司部署机器学习算法对销售数据进行需求预测，库存周转效率明显改善。下半年公司将围绕年度经营计划，重点做好市场开拓、成本控制与人才梯队建设等工作。公司开展数据治理体系建设，统一主数据标准，提升数据资产质量。,产能 建设 食品饮料 项目 一期 投产 预计 达产 新增 产能 万吨 建立健全 内部 控制系统 治理 结构 规范 三会 运作 建设 工业互联网 平台 设备 联网 远程 运维 下半年 年度 经营 做好 市场 开拓 成本 控制 人才 梯队 建设 原材料 价格 波动 成本 形成 一定 压力 集中 采购 套期 保值 对冲 成本 上行 风险 建立健全 内部 控制系统 治理 结构 规范 三会 运作 本年度 人力 成本 略有 管理 费用率 保持稳定 费用 管控 成效 显现 计算机视觉 技术 生产线 应用 关键 工序 自动检测 持续 优化 产品 结构 建材 业务 毛利率 百分点 获得 高新技术 企业资质 认定 享受 相应 税收 优惠政策 深耕 华北 市场 区域 市场份额 稳中有升 品牌 影响力 持续 增强 部署 机器学习 算法 销售 数据 需求预测 库存 周转 效率 明显改善 下半年 年度 经营 做好 市场 开拓 成本 控制 人才 梯队 建设 数据 治理 体系 建设 统一 数据 标准 数据 资产 质量,135
DEMO054,演示DEMO054股份有限公司,房地产,2022,年度报告,公司高度重视安全生产与环境保护，报告期内未发生重大安全事故。公司引入边缘计算设备，实现车间数据的就地处理与实时回传。公司主要客户为行业龙头企业，合作关系稳定，应收账款回款情况良好。原材料价格波动对成本端形成一定压力，公司通过集中采购和套期保值部分对冲了成本上行风险。公司积极拓展海外市场，出口业务收入同比增长12.1%，国际化布局初见成效。公司高度重视安全生产与环境保护，报告期内未发生重大安全事故。公司与高校联合开展深度学习算法研究，赋能产品智能设计。公司深耕华南市场，区域市场份额稳中有升，品牌影响力持续增强。报告期内，公司实现营业收入28.4亿元，同比增长5.6%，主要得益于主营业务产销规模扩大。报告期内公司客户结构进一步优化，前五大客户收入占比为32.5%，客户集中度处于合理区间。公司引入人工智能技术优化{prod}质检环节，缺陷识别准确率显著提升。公司上线智能排产系统，通过智能算法优化生产计划排程。,脚本生成演示语料(step0_make_demo_corpus.py),公司高度重视安全生产与环境保护，报告期内未发生重大安全事故。公司引入边缘计算设备，实现车间数据的就地处理与实时回传。公司主要客户为行业龙头企业，合作关系稳定，应收账款回款情况良好。原材料价格波动对成本端形成一定压力，公司通过集中采购和套期保值部分对冲了成本上行风险。公司积极拓展海外市场，出口业务收入同比增长12.1%，国际化布局初见成效。公司高度重视安全生产与环境保护，报告期内未发生重大安全事故。公司与高校联合开展深度学习算法研究，赋能产品智能设计。公司深耕华南市场，区域市场份额稳中有升，品牌影响力持续增强。报告期内，公司实现营业收入28.4亿元，同比增长5.6%，主要得益于主营业务产销规模扩大。报告期内公司客户结构进一步优化，前五大客户收入占比为32.5%，客户集中度处于合理区间。公司引入人工智能技术优化{prod}质检环节，缺陷识别准确率显著提升。公司上线智能排产系统，通过智能算法优化生产计划排程。,高度重视 安全 生产 环境保护 发生 重大 安全事故 引入 边缘计算 设备 车间 数据 处理 实时 回传 客户 行业龙头 企业 合作 关系 应收 账款 回款 原材料 价格 波动 成本 形成 一定 压力 集中 采购 套期 保值 对冲 成本 上行 风险 拓展 海外 市场 出口 业务收入 国际化 布局 初见成效 高度重视 安全 生产 环境保护 发生 重大 安全事故 高校 联合 深度学习 算法 研究 赋能 产品 智能 设计 深耕 华南 市场 区域 市场份额 稳中有升 品牌 影响力 持续 增强 营业 收入 得益于 主营业务 产销 规模 扩大 客户 结构 优化 五大 客户 收入 客户 集中度 处于 合理 区间 引入 人工智能 技术 优化 prod 质检 环节 缺陷 识别 准确率 上线 智能 排产 系统 智能算法 优化 生产 排程,108
DEMO054,演示DEMO054股份有限公司,房地产,2023,年度报告,原材料价格波动对成本端形成一定压力，公司通过集中采购和套期保值部分对冲了成本上行风险。公司部署机器学习算法对销售数据进行需求预测，库存周转效率明显改善。公司主要客户为行业龙头企业，合作关系稳定，应收账款回款情况良好。报告期内人民币汇率波动加大，公司通过远期结售汇业务降低了汇兑损失。公司持续加大研发投入，研发费用占营业收入比例为5.1%，围绕纺织服装开展技术攻关。公司试点数字人民币结算场景，丰富收款渠道。下半年公司将围绕年度经营计划，重点做好市场开拓、成本控制与人才梯队建设等工作。公司构建经营分析数据仓库，管理层可实时查看核心经营指标。公司应用数字孪生技术对重点产线进行虚拟建模与仿真优化。公司主要客户为行业龙头企业，合作关系稳定，应收账款回款情况良好。受行业周期影响，部分产品价格有所回落，公司及时调整销售策略，库存水平保持在合理范围。公司持续优化产品结构，高端装备业务占比稳步提升，毛利率较上年上升2.5个百分点。本年度公司人力成本略有上升，管理费用率保持稳定，费用管控成效显现。公司现金流状况良好，经营活动现金流量净额为3.2亿元，资产负债结构稳健。公司发展电子商务业务，线上渠道收入占比持续提升。面对市场竞争加剧，公司加大渠道建设力度，经销商数量增加120家，覆盖区域进一步扩大。公司成立数据中台团队，推动业务数据化、数据业务化。,脚本生成演示语料(step0_make_demo_corpus.py),原材料价格波动对成本端形成一定压力，公司通过集中采购和套期保值部分对冲了成本上行风险。公司部署机器学习算法对销售数据进行需求预测，库存周转效率明显改善。公司主要客户为行业龙头企业，合作关系稳定，应收账款回款情况良好。报告期内人民币汇率波动加大，公司通过远期结售汇业务降低了汇兑损失。公司持续加大研发投入，研发费用占营业收入比例为5.1%，围绕纺织服装开展技术攻关。公司试点数字人民币结算场景，丰富收款渠道。下半年公司将围绕年度经营计划，重点做好市场开拓、成本控制与人才梯队建设等工作。公司构建经营分析数据仓库，管理层可实时查看核心经营指标。公司应用数字孪生技术对重点产线进行虚拟建模与仿真优化。公司主要客户为行业龙头企业，合作关系稳定，应收账款回款情况良好。受行业周期影响，部分产品价格有所回落，公司及时调整销售策略，库存水平保持在合理范围。公司持续优化产品结构，高端装备业务占比稳步提升，毛利率较上年上升2.5个百分点。本年度公司人力成本略有上升，管理费用率保持稳定，费用管控成效显现。公司现金流状况良好，经营活动现金流量净额为3.2亿元，资产负债结构稳健。公司发展电子商务业务，线上渠道收入占比持续提升。面对市场竞争加剧，公司加大渠道建设力度，经销商数量增加120家，覆盖区域进一步扩大。公司成立数据中台团队，推动业务数据化、数据业务化。,原材料 价格 波动 成本 形成 一定 压力 集中 采购 套期 保值 对冲 成本 上行 风险 部署 机器学习 算法 销售 数据 需求预测 库存 周转 效率 明显改善 客户 行业龙头 企业 合作 关系 应收 账款 回款 人民币 汇率 波动 加大 远期 结售汇 业务 降低 汇兑 损失 持续 加大 研发 投入 研发 费用 营业 收入 比例 纺织 服装 技术 攻关 试点 数字人民币 结算 场景 丰富 收款 渠道 下半年 年度 经营 做好 市场 开拓 成本 控制 人才 梯队 建设 构建 经营 分析 数据仓库 管理层 实时 查看 核心 经营 指标 应用 数字孪生 技术 产线 虚拟 建模 仿真 优化 客户 行业龙头 企业 合作 关系 应收 账款 回款 行业 周期 影响 产品价格 有所 回落 及时 调整 销售策略 库存 水平 合理 范围 持续 优化 产品 结构 高端 装备 业务 毛利率 百分点 本年度 人力 成本 略有 管理 费用率 保持稳定 费用 管控 成效 显现 现金流 状况良好 经营 活动 现金流量 净额 资产负债 结构 稳健 发展 电子商务 业务 线上 渠道 收入 持续 面对 市场竞争 加剧 加大 渠道 建设 力度 经销商 数量 覆盖 区域 扩大 成立 数据中台 团队 业务 数据 数据业务,167
DEMO054,演示DEMO054股份有限公司,房地产,2024,年度报告,下半年公司将围绕年度经营计划，重点做好市场开拓、成本控制与人才梯队建设等工作。原材料价格波动对成本端形成一定压力，公司通过集中采购和套期保值部分对冲了成本上行风险。本年度公司人力成本略有上升，管理费用率保持稳定，费用管控成效显现。公司研究基于分布式账本的对账机制，降低交易核对成本。公司建设智能客服系统，应用自然语言处理技术实现工单自动分类。公司持续优化产品结构，纺织服装业务占比稳步提升，毛利率较上年上升1.2个百分点。公司推动业务流程线上化，无纸化办公覆盖全部业务部门。公司深耕华南市场，区域市场份额稳中有升，品牌影响力持续增强。报告期内公司客户结构进一步优化，前五大客户收入占比为36.9%，客户集中度处于合理区间。公司应用数字孪生技术对重点产线进行虚拟建模与仿真优化。公司建设工业互联网平台，实现设备联网与远程运维。下半年公司将围绕年度经营计划，重点做好市场开拓、成本控制与人才梯队建设等工作。公司制定数字化转型规划，成立数字化管理委员会统筹推进。公司持续加大研发投入，研发费用占营业收入比例为4.4%，围绕食品饮料开展技术攻关。公司现金流状况良好，经营活动现金流量净额为3.2亿元，资产负债结构稳健。公司推进计算机视觉技术在生产线上的应用，实现关键工序自动检测。公司深耕华南市场，区域市场份额稳中有升，品牌影响力持续增强。公司部署机器学习算法对销售数据进行需求预测，库存周转效率明显改善。,脚本生成演示语料(step0_make_demo_corpus.py),下半年公司将围绕年度经营计划，重点做好市场开拓、成本控制与人才梯队建设等工作。原材料价格波动对成本端形成一定压力，公司通过集中采购和套期保值部分对冲了成本上行风险。本年度公司人力成本略有上升，管理费用率保持稳定，费用管控成效显现。公司研究基于分布式账本的对账机制，降低交易核对成本。公司建设智能客服系统，应用自然语言处理技术实现工单自动分类。公司持续优化产品结构，纺织服装业务占比稳步提升，毛利率较上年上升1.2个百分点。公司推动业务流程线上化，无纸化办公覆盖全部业务部门。公司深耕华南市场，区域市场份额稳中有升，品牌影响力持续增强。报告期内公司客户结构进一步优化，前五大客户收入占比为36.9%，客户集中度处于合理区间。公司应用数字孪生技术对重点产线进行虚拟建模与仿真优化。公司建设工业互联网平台，实现设备联网与远程运维。下半年公司将围绕年度经营计划，重点做好市场开拓、成本控制与人才梯队建设等工作。公司制定数字化转型规划，成立数字化管理委员会统筹推进。公司持续加大研发投入，研发费用占营业收入比例为4.4%，围绕食品饮料开展技术攻关。公司现金流状况良好，经营活动现金流量净额为3.2亿元，资产负债结构稳健。公司推进计算机视觉技术在生产线上的应用，实现关键工序自动检测。公司深耕华南市场，区域市场份额稳中有升，品牌影响力持续增强。公司部署机器学习算法对销售数据进行需求预测，库存周转效率明显改善。,下半年 年度 经营 做好 市场 开拓 成本 控制 人才 梯队 建设 原材料 价格 波动 成本 形成 一定 压力 集中 采购 套期 保值 对冲 成本 上行 风险 本年度 人力 成本 略有 管理 费用率 保持稳定 费用 管控 成效 显现 研究 基于 分布式账本 对账 机制 降低 交易 核对 成本 建设 智能 客服 系统 应用 自然语言处理 技术 工单 自动 分类 持续 优化 产品 结构 纺织 服装 业务 毛利率 百分点 业务流程 上化 无纸化 办公 覆盖 全部 业务部门 深耕 华南 市场 区域 市场份额 稳中有升 品牌 影响力 持续 增强 客户 结构 优化 五大 客户 收入 客户 集中度 处于 合理 区间 应用 数字孪生 技术 产线 虚拟 建模 仿真 优化 建设 工业互联网 平台 设备 联网 远程 运维 下半年 年度 经营 做好 市场 开拓 成本 控制 人才 梯队 建设 制定 数字化转型 规划 成立 数字化 管理 委员会 统筹 持续 加大 研发 投入 研发 费用 营业 收入 比例 食品饮料 技术 攻关 现金流 状况良好 经营 活动 现金流量 净额 资产负债 结构 稳健 计算机视觉 技术 生产线 应用 关键 工序 自动检测 深耕 华南 市场 区域 市场份额 稳中有升 品牌 影响力 持续 增强 部署 机器学习 算法 销售 数据 需求预测 库存 周转 效率 明显改善,175
DEMO055,演示DEMO055股份有限公司,农林牧渔,2020,年度报告,下半年公司将围绕年度经营计划，重点做好市场开拓、成本控制与人才梯队建设等工作。公司推进计算机视觉技术在生产线上的应用，实现关键工序自动检测。报告期内公司无重大诉讼仲裁事项，各项经营活动正常开展。公司主要客户为行业龙头企业，合作关系稳定，应收账款回款情况良好。面对市场竞争加剧，公司加大渠道建设力度，经销商数量增加210家，覆盖区域进一步扩大。公司现金流状况良好，经营活动现金流量净额为5.8亿元，资产负债结构稳健。公司继续推进产能建设，食品饮料项目一期已投产，预计达产后年新增产能20万吨。公司现金流状况良好，经营活动现金流量净额为8.7亿元，资产负债结构稳健。报告期内，公司实现营业收入63.7亿元，同比增长8.5%，主要得益于主营业务产销规模扩大。公司继续推进产能建设，纺织服装项目一期已投产，预计达产后年新增产能8万吨。报告期内公司无重大诉讼仲裁事项，各项经营活动正常开展。,脚本生成演示语料(step0_make_demo_corpus.py),下半年公司将围绕年度经营计划，重点做好市场开拓、成本控制与人才梯队建设等工作。公司推进计算机视觉技术在生产线上的应用，实现关键工序自动检测。报告期内公司无重大诉讼仲裁事项，各项经营活动正常开展。公司主要客户为行业龙头企业，合作关系稳定，应收账款回款情况良好。面对市场竞争加剧，公司加大渠道建设力度，经销商数量增加210家，覆盖区域进一步扩大。公司现金流状况良好，经营活动现金流量净额为5.8亿元，资产负债结构稳健。公司继续推进产能建设，食品饮料项目一期已投产，预计达产后年新增产能20万吨。公司现金流状况良好，经营活动现金流量净额为8.7亿元，资产负债结构稳健。报告期内，公司实现营业收入63.7亿元，同比增长8.5%，主要得益于主营业务产销规模扩大。公司继续推进产能建设，纺织服装项目一期已投产，预计达产后年新增产能8万吨。报告期内公司无重大诉讼仲裁事项，各项经营活动正常开展。,下半年 年度 经营 做好 市场 开拓 成本 控制 人才 梯队 建设 计算机视觉 技术 生产线 应用 关键 工序 自动检测 重大 诉讼 仲裁 事项 经营 活动 客户 行业龙头 企业 合作 关系 应收 账款 回款 面对 市场竞争 加剧 加大 渠道 建设 力度 经销商 数量 覆盖 区域 扩大 现金流 状况良好 经营 活动 现金流量 净额 资产负债 结构 稳健 产能 建设 食品饮料 项目 一期 投产 预计 达产 新增 产能 万吨 现金流 状况良好 经营 活动 现金流量 净额 资产负债 结构 稳健 营业 收入 得益于 主营业务 产销 规模 扩大 产能 建设 纺织 服装 项目 一期 投产 预计 达产 新增 产能 万吨 重大 诉讼 仲裁 事项 经营 活动,98
DEMO055,演示DEMO055股份有限公司,农林牧渔,2021,年度报告,公司与高校联合开展深度学习算法研究，赋能产品智能设计。本年度公司人力成本略有上升，管理费用率保持稳定，费用管控成效显现。受行业周期影响，部分产品价格有所回落，公司及时调整销售策略，库存水平保持在合理范围。报告期内，公司实现营业收入12.6亿元，同比增长22.7%，主要得益于主营业务产销规模扩大。公司主要客户为行业龙头企业，合作关系稳定，应收账款回款情况良好。报告期内公司客户结构进一步优化，前五大客户收入占比为41.8%，客户集中度处于合理区间。公司建立健全内部控制系统，治理结构规范，三会运作正常。下半年公司将围绕年度经营计划，重点做好市场开拓、成本控制与人才梯队建设等工作。公司数据中心一期建成投用，具备 PB 级数据存储与计算能力。公司高度重视安全生产与环境保护，报告期内未发生重大安全事故。公司本期新增专利授权3项，累计有效专利56项，技术储备进一步夯实。下半年公司将围绕年度经营计划，重点做好市场开拓、成本控制与人才梯队建设等工作。公司继续推进产能建设，纺织服装项目一期已投产，预计达产后年新增产能12万吨。面对市场竞争加剧，公司加大渠道建设力度，经销商数量增加120家，覆盖区域进一步扩大。,脚本生成演示语料(step0_make_demo_corpus.py),公司与高校联合开展深度学习算法研究，赋能产品智能设计。本年度公司人力成本略有上升，管理费用率保持稳定，费用管控成效显现。受行业周期影响，部分产品价格有所回落，公司及时调整销售策略，库存水平保持在合理范围。报告期内，公司实现营业收入12.6亿元，同比增长22.7%，主要得益于主营业务产销规模扩大。公司主要客户为行业龙头企业，合作关系稳定，应收账款回款情况良好。报告期内公司客户结构进一步优化，前五大客户收入占比为41.8%，客户集中度处于合理区间。公司建立健全内部控制系统，治理结构规范，三会运作正常。下半年公司将围绕年度经营计划，重点做好市场开拓、成本控制与人才梯队建设等工作。公司数据中心一期建成投用，具备 PB 级数据存储与计算能力。公司高度重视安全生产与环境保护，报告期内未发生重大安全事故。公司本期新增专利授权3项，累计有效专利56项，技术储备进一步夯实。下半年公司将围绕年度经营计划，重点做好市场开拓、成本控制与人才梯队建设等工作。公司继续推进产能建设，纺织服装项目一期已投产，预计达产后年新增产能12万吨。面对市场竞争加剧，公司加大渠道建设力度，经销商数量增加120家，覆盖区域进一步扩大。,高校 联合 深度学习 算法 研究 赋能 产品 智能 设计 本年度 人力 成本 略有 管理 费用率 保持稳定 费用 管控 成效 显现 行业 周期 影响 产品价格 有所 回落 及时 调整 销售策略 库存 水平 合理 范围 营业 收入 得益于 主营业务 产销 规模 扩大 客户 行业龙头 企业 合作 关系 应收 账款 回款 客户 结构 优化 五大 客户 收入 客户 集中度 处于 合理 区间 建立健全 内部 控制系统 治理 结构 规范 三会 运作 下半年 年度 经营 做好 市场 开拓 成本 控制 人才 梯队 建设 数据中心 一期 建成 投用 具备 PB 数据 存储 计算能力 高度重视 安全 生产 环境保护 发生 重大 安全事故 本期 新增 专利 授权 专利 技术储备 夯实 下半年 年度 经营 做好 市场 开拓 成本 控制 人才 梯队 建设 产能 建设 纺织 服装 项目 一期 投产 预计 达产 新增 产能 万吨 面对 市场竞争 加剧 加大 渠道 建设 力度 经销商 数量 覆盖 区域 扩大,136
DEMO055,演示DEMO055股份有限公司,农林牧渔,2022,年度报告,公司试点数字人民币结算场景，丰富收款渠道。面对市场竞争加剧，公司加大渠道建设力度，经销商数量增加210家，覆盖区域进一步扩大。公司深耕华南市场，区域市场份额稳中有升，品牌影响力持续增强。报告期内公司客户结构进一步优化，前五大客户收入占比为41.8%，客户集中度处于合理区间。公司持续加大研发投入，研发费用占营业收入比例为4.4%，围绕纺织服装开展技术攻关。公司高度重视安全生产与环境保护，报告期内未发生重大安全事故。公司推进计算机视觉技术在生产线上的应用，实现关键工序自动检测。报告期内公司无重大诉讼仲裁事项，各项经营活动正常开展。公司推动业务流程线上化，无纸化办公覆盖全部业务部门。公司主要客户为行业龙头企业，合作关系稳定，应收账款回款情况良好。下半年公司将围绕年度经营计划，重点做好市场开拓、成本控制与人才梯队建设等工作。本年度公司人力成本略有上升，管理费用率保持稳定，费用管控成效显现。报告期内公司客户结构进一步优化，前五大客户收入占比为28.3%，客户集中度处于合理区间。公司持续优化产品结构，建材业务占比稳步提升，毛利率较上年上升1.2个百分点。报告期内，公司获得高新技术企业资质认定，享受相应税收优惠政策。公司研究基于分布式账本的对账机制，降低交易核对成本。,脚本生成演示语料(step0_make_demo_corpus.py),公司试点数字人民币结算场景，丰富收款渠道。面对市场竞争加剧，公司加大渠道建设力度，经销商数量增加210家，覆盖区域进一步扩大。公司深耕华南市场，区域市场份额稳中有升，品牌影响力持续增强。报告期内公司客户结构进一步优化，前五大客户收入占比为41.8%，客户集中度处于合理区间。公司持续加大研发投入，研发费用占营业收入比例为4.4%，围绕纺织服装开展技术攻关。公司高度重视安全生产与环境保护，报告期内未发生重大安全事故。公司推进计算机视觉技术在生产线上的应用，实现关键工序自动检测。报告期内公司无重大诉讼仲裁事项，各项经营活动正常开展。公司推动业务流程线上化，无纸化办公覆盖全部业务部门。公司主要客户为行业龙头企业，合作关系稳定，应收账款回款情况良好。下半年公司将围绕年度经营计划，重点做好市场开拓、成本控制与人才梯队建设等工作。本年度公司人力成本略有上升，管理费用率保持稳定，费用管控成效显现。报告期内公司客户结构进一步优化，前五大客户收入占比为28.3%，客户集中度处于合理区间。公司持续优化产品结构，建材业务占比稳步提升，毛利率较上年上升1.2个百分点。报告期内，公司获得高新技术企业资质认定，享受相应税收优惠政策。公司研究基于分布式账本的对账机制，降低交易核对成本。,试点 数字人民币 结算 场景 丰富 收款 渠道 面对 市场竞争 加剧 加大 渠道 建设 力度 经销商 数量 覆盖 区域 扩大 深耕 华南 市场 区域 市场份额 稳中有升 品牌 影响力 持续 增强 客户 结构 优化 五大 客户 收入 客户 集中度 处于 合理 区间 持续 加大 研发 投入 研发 费用 营业 收入 比例 纺织 服装 技术 攻关 高度重视 安全 生产 环境保护 发生 重大 安全事故 计算机视觉 技术 生产线 应用 关键 工序 自动检测 重大 诉讼 仲裁 事项 经营 活动 业务流程 上化 无纸化 办公 覆盖 全部 业务部门 客户 行业龙头 企业 合作 关系 应收 账款 回款 下半年 年度 经营 做好 市场 开拓 成本 控制 人才 梯队 建设 本年度 人力 成本 略有 管理 费用率 保持稳定 费用 管控 成效 显现 客户 结构 优化 五大 客户 收入 客户 集中度 处于 合理 区间 持续 优化 产品 结构 建材 业务 毛利率 百分点 获得 高新技术 企业资质 认定 享受 相应 税收 优惠政策 研究 基于 分布式账本 对账 机制 降低 交易 核对 成本,146
DEMO055,演示DEMO055股份有限公司,农林牧渔,2023,年度报告,公司现金流状况良好，经营活动现金流量净额为3.2亿元，资产负债结构稳健。报告期内公司客户结构进一步优化，前五大客户收入占比为28.3%，客户集中度处于合理区间。公司上线智能排产系统，通过智能算法优化生产计划排程。公司建立健全内部控制系统，治理结构规范，三会运作正常。公司核心业务系统迁移上云，采用混合云架构降低IT运维成本。公司建设智能客服系统，应用自然语言处理技术实现工单自动分类。报告期内，公司实现营业收入45.2亿元，同比增长-1.8%，主要得益于主营业务产销规模扩大。报告期内，公司实现营业收入8.9亿元，同比增长8.5%，主要得益于主营业务产销规模扩大。面对市场竞争加剧，公司加大渠道建设力度，经销商数量增加45家，覆盖区域进一步扩大。公司持续优化产品结构，精细化工产品业务占比稳步提升，毛利率较上年上升2.5个百分点。公司深耕华东市场，区域市场份额稳中有升，品牌影响力持续增强。公司建立健全内部控制系统，治理结构规范，三会运作正常。受行业周期影响，部分产品价格有所回落，公司及时调整销售策略，库存水平保持在合理范围。,脚本生成演示语料(step0_make_demo_corpus.py),公司现金流状况良好，经营活动现金流量净额为3.2亿元，资产负债结构稳健。报告期内公司客户结构进一步优化，前五大客户收入占比为28.3%，客户集中度处于合理区间。公司上线智能排产系统，通过智能算法优化生产计划排程。公司建立健全内部控制系统，治理结构规范，三会运作正常。公司核心业务系统迁移上云，采用混合云架构降低IT运维成本。公司建设智能客服系统，应用自然语言处理技术实现工单自动分类。报告期内，公司实现营业收入45.2亿元，同比增长-1.8%，主要得益于主营业务产销规模扩大。报告期内，公司实现营业收入8.9亿元，同比增长8.5%，主要得益于主营业务产销规模扩大。面对市场竞争加剧，公司加大渠道建设力度，经销商数量增加45家，覆盖区域进一步扩大。公司持续优化产品结构，精细化工产品业务占比稳步提升，毛利率较上年上升2.5个百分点。公司深耕华东市场，区域市场份额稳中有升，品牌影响力持续增强。公司建立健全内部控制系统，治理结构规范，三会运作正常。受行业周期影响，部分产品价格有所回落，公司及时调整销售策略，库存水平保持在合理范围。,现金流 状况良好 经营 活动 现金流量 净额 资产负债 结构 稳健 客户 结构 优化 五大 客户 收入 客户 集中度 处于 合理 区间 上线 智能 排产 系统 智能算法 优化 生产 排程 建立健全 内部 控制系统 治理 结构 规范 三会 运作 核心 业务 系统 迁移 上云 采用 混合 架构 降低 IT 运维 成本 建设 智能 客服 系统 应用 自然语言处理 技术 工单 自动 分类 营业 收入 得益于 主营业务 产销 规模 扩大 营业 收入 得益于 主营业务 产销 规模 扩大 面对 市场竞争 加剧 加大 渠道 建设 力度 经销商 数量 覆盖 区域 扩大 持续 优化 产品 结构 精细化工 产品 业务 毛利率 百分点 深耕 华东 市场 区域 市场份额 稳中有升 品牌 影响力 持续 增强 建立健全 内部 控制系统 治理 结构 规范 三会 运作 行业 周期 影响 产品价格 有所 回落 及时 调整 销售策略 库存 水平 合理 范围,124
DEMO055,演示DEMO055股份有限公司,农林牧渔,2024,年度报告,公司持续加大研发投入，研发费用占营业收入比例为3.2%，围绕建材开展技术攻关。公司继续推进产能建设，电子元器件项目一期已投产，预计达产后年新增产能20万吨。公司持续加大研发投入，研发费用占营业收入比例为2.6%，围绕建材开展技术攻关。公司建设智能客服系统，应用自然语言处理技术实现工单自动分类。公司基于云平台搭建协同办公体系，跨区域协作效率提升。公司与高校联合开展深度学习算法研究，赋能产品智能设计。本年度公司人力成本略有上升，管理费用率保持稳定，费用管控成效显现。报告期内公司客户结构进一步优化，前五大客户收入占比为28.3%，客户集中度处于合理区间。公司建立健全内部控制系统，治理结构规范，三会运作正常。公司利用智能合约技术自动执行供应商结算条款。本年度公司人力成本略有上升，管理费用率保持稳定，费用管控成效显现。公司现金流状况良好，经营活动现金流量净额为1.5亿元，资产负债结构稳健。公司本期新增专利授权15项，累计有效专利85项，技术储备进一步夯实。,脚本生成演示语料(step0_make_demo_corpus.py),公司持续加大研发投入，研发费用占营业收入比例为3.2%，围绕建材开展技术攻关。公司继续推进产能建设，电子元器件项目一期已投产，预计达产后年新增产能20万吨。公司持续加大研发投入，研发费用占营业收入比例为2.6%，围绕建材开展技术攻关。公司建设智能客服系统，应用自然语言处理技术实现工单自动分类。公司基于云平台搭建协同办公体系，跨区域协作效率提升。公司与高校联合开展深度学习算法研究，赋能产品智能设计。本年度公司人力成本略有上升，管理费用率保持稳定，费用管控成效显现。报告期内公司客户结构进一步优化，前五大客户收入占比为28.3%，客户集中度处于合理区间。公司建立健全内部控制系统，治理结构规范，三会运作正常。公司利用智能合约技术自动执行供应商结算条款。本年度公司人力成本略有上升，管理费用率保持稳定，费用管控成效显现。公司现金流状况良好，经营活动现金流量净额为1.5亿元，资产负债结构稳健。公司本期新增专利授权15项，累计有效专利85项，技术储备进一步夯实。,持续 加大 研发 投入 研发 费用 营业 收入 比例 建材 技术 攻关 产能 建设 电子 元器件 项目 一期 投产 预计 达产 新增 产能 万吨 持续 加大 研发 投入 研发 费用 营业 收入 比例 建材 技术 攻关 建设 智能 客服 系统 应用 自然语言处理 技术 工单 自动 分类 基于 平台 搭建 协同 办公 体系 区域 协作 效率 高校 联合 深度学习 算法 研究 赋能 产品 智能 设计 本年度 人力 成本 略有 管理 费用率 保持稳定 费用 管控 成效 显现 客户 结构 优化 五大 客户 收入 客户 集中度 处于 合理 区间 建立健全 内部 控制系统 治理 结构 规范 三会 运作 利用 智能合约 技术 自动 供应商 结算 条款 本年度 人力 成本 略有 管理 费用率 保持稳定 费用 管控 成效 显现 现金流 状况良好 经营 活动 现金流量 净额 资产负债 结构 稳健 本期 新增 专利 授权 专利 技术储备 夯实,128
DEMO056,演示DEMO056股份有限公司,信息技术,2020,年度报告,公司基于云平台搭建协同办公体系，跨区域协作效率提升。公司探索区块链技术在产品溯源中的应用，实现全流程信息上链。公司本期新增专利授权3项，累计有效专利38项，技术储备进一步夯实。公司引入边缘计算设备，实现车间数据的就地处理与实时回传。公司本期新增专利授权15项，累计有效专利38项，技术储备进一步夯实。公司深耕华北市场，区域市场份额稳中有升，品牌影响力持续增强。公司现金流状况良好，经营活动现金流量净额为5.8亿元，资产负债结构稳健。公司推进计算机视觉技术在生产线上的应用，实现关键工序自动检测。报告期内，公司实现营业收入12.6亿元，同比增长8.5%，主要得益于主营业务产销规模扩大。公司应用数字孪生技术对重点产线进行虚拟建模与仿真优化。公司基于云平台搭建协同办公体系，跨区域协作效率提升。公司持续优化产品结构，电子元器件业务占比稳步提升，毛利率较上年持平个百分点。公司试点数字人民币结算场景，丰富收款渠道。公司试点数字人民币结算场景，丰富收款渠道。报告期内公司无重大诉讼仲裁事项，各项经营活动正常开展。公司评估公有云与私有云方案，逐步构建统一算力资源池。公司推进智能制造升级，数字化车间已通过省级认定。面对市场竞争加剧，公司加大渠道建设力度，经销商数量增加36家，覆盖区域进一步扩大。公司引入人工智能技术优化{prod}质检环节，缺陷识别准确率显著提升。公司构建经营分析数据仓库，管理层可实时查看核心经营指标。公司成立数据中台团队，推动业务数据化、数据业务化。本年度公司人力成本略有上升，管理费用率保持稳定，费用管控成效显现。公司核心业务系统迁移上云，采用混合云架构降低IT运维成本。公司建立健全内部控制系统，治理结构规范，三会运作正常。公司推进智能制造升级，数字化车间已通过省级认定。公司数据中心一期建成投用，具备 PB 级数据存储与计算能力。,脚本生成演示语料(step0_make_demo_corpus.py),公司基于云平台搭建协同办公体系，跨区域协作效率提升。公司探索区块链技术在产品溯源中的应用，实现全流程信息上链。公司本期新增专利授权3项，累计有效专利38项，技术储备进一步夯实。公司引入边缘计算设备，实现车间数据的就地处理与实时回传。公司本期新增专利授权15项，累计有效专利38项，技术储备进一步夯实。公司深耕华北市场，区域市场份额稳中有升，品牌影响力持续增强。公司现金流状况良好，经营活动现金流量净额为5.8亿元，资产负债结构稳健。公司推进计算机视觉技术在生产线上的应用，实现关键工序自动检测。报告期内，公司实现营业收入12.6亿元，同比增长8.5%，主要得益于主营业务产销规模扩大。公司应用数字孪生技术对重点产线进行虚拟建模与仿真优化。公司基于云平台搭建协同办公体系，跨区域协作效率提升。公司持续优化产品结构，电子元器件业务占比稳步提升，毛利率较上年持平个百分点。公司试点数字人民币结算场景，丰富收款渠道。公司试点数字人民币结算场景，丰富收款渠道。报告期内公司无重大诉讼仲裁事项，各项经营活动正常开展。公司评估公有云与私有云方案，逐步构建统一算力资源池。公司推进智能制造升级，数字化车间已通过省级认定。面对市场竞争加剧，公司加大渠道建设力度，经销商数量增加36家，覆盖区域进一步扩大。公司引入人工智能技术优化{prod}质检环节，缺陷识别准确率显著提升。公司构建经营分析数据仓库，管理层可实时查看核心经营指标。公司成立数据中台团队，推动业务数据化、数据业务化。本年度公司人力成本略有上升，管理费用率保持稳定，费用管控成效显现。公司核心业务系统迁移上云，采用混合云架构降低IT运维成本。公司建立健全内部控制系统，治理结构规范，三会运作正常。公司推进智能制造升级，数字化车间已通过省级认定。公司数据中心一期建成投用，具备 PB 级数据存储与计算能力。,基于 平台 搭建 协同 办公 体系 区域 协作 效率 探索 区块链 技术 产品 溯源 应用 流程 信息 本期 新增 专利 授权 专利 技术储备 夯实 引入 边缘计算 设备 车间 数据 处理 实时 回传 本期 新增 专利 授权 专利 技术储备 夯实 深耕 华北 市场 区域 市场份额 稳中有升 品牌 影响力 持续 增强 现金流 状况良好 经营 活动 现金流量 净额 资产负债 结构 稳健 计算机视觉 技术 生产线 应用 关键 工序 自动检测 营业 收入 得益于 主营业务 产销 规模 扩大 应用 数字孪生 技术 产线 虚拟 建模 仿真 优化 基于 平台 搭建 协同 办公 体系 区域 协作 效率 持续 优化 产品 结构 电子 元器件 业务 毛利率 持平 百分点 试点 数字人民币 结算 场景 丰富 收款 渠道 试点 数字人民币 结算 场景 丰富 收款 渠道 重大 诉讼 仲裁 事项 经营 活动 评估 公有 私有 方案 逐步 构建 统一 算力 资源 智能制造 升级 数字化 车间 省级 认定 面对 市场竞争 加剧 加大 渠道 建设 力度 经销商 数量 覆盖 区域 扩大 引入 人工智能 技术 优化 prod 质检 环节 缺陷 识别 准确率 构建 经营 分析 数据仓库 管理层 实时 查看 核心 经营 指标 成立 数据中台 团队 业务 数据 数据业务 本年度 人力 成本 略有 管理 费用率 保持稳定 费用 管控 成效 显现 核心 业务 系统 迁移 上云 采用 混合 架构 降低 IT 运维 成本 建立健全 内部 控制系统 治理 结构 规范 三会 运作 智能制造 升级 数字化 车间 省级 认定 数据中心 一期 建成 投用 具备 PB 数据 存储 计算能力,218
DEMO056,演示DEMO056股份有限公司,信息技术,2021,年度报告,公司建立健全内部控制系统，治理结构规范，三会运作正常。报告期内公司无重大诉讼仲裁事项，各项经营活动正常开展。公司建设工业互联网平台，实现设备联网与远程运维。公司引入边缘计算设备，实现车间数据的就地处理与实时回传。公司建设大数据平台，整合生产、销售与供应链数据，支撑经营决策。公司成立数据中台团队，推动业务数据化、数据业务化。公司评估公有云与私有云方案，逐步构建统一算力资源池。公司评估公有云与私有云方案，逐步构建统一算力资源池。本年度公司人力成本略有上升，管理费用率保持稳定，费用管控成效显现。公司试点数字人民币结算场景，丰富收款渠道。公司利用智能合约技术自动执行供应商结算条款。公司建设工业互联网平台，实现设备联网与远程运维。公司上线智能排产系统，通过智能算法优化生产计划排程。公司建立健全内部控制系统，治理结构规范，三会运作正常。公司采购云服务替代传统服务器部署，系统上线周期大幅缩短。公司引入人工智能技术优化{prod}质检环节，缺陷识别准确率显著提升。公司核心业务系统迁移上云，采用混合云架构降低IT运维成本。受行业周期影响，部分产品价格有所回落，公司及时调整销售策略，库存水平保持在合理范围。公司核心业务系统迁移上云，采用混合云架构降低IT运维成本。公司数据中心一期建成投用，具备 PB 级数据存储与计算能力。公司建设智能客服系统，应用自然语言处理技术实现工单自动分类。公司继续推进产能建设，高端装备项目一期已投产，预计达产后年新增产能3万吨。公司持续加大研发投入，研发费用占营业收入比例为4.4%，围绕建材开展技术攻关。公司引入人工智能技术优化{prod}质检环节，缺陷识别准确率显著提升。本年度公司人力成本略有上升，管理费用率保持稳定，费用管控成效显现。公司构建智慧物流体系，仓储分拣自动化水平显著提高。公司继续推进产能建设，电子元器件项目一期已投产，预计达产后年新增产能12万吨。公司运用数据挖掘技术分析客户行为，实现精准营销。公司上线智能排产系统，通过智能算法优化生产计划排程。原材料价格波动对成本端形成一定压力，公司通过集中采购和套期保值部分对冲了成本上行风险。公司建设智能客服系统，应用自然语言处理技术实现工单自动分类。,脚本生成演示语料(step0_make_demo_corpus.py),公司建立健全内部控制系统，治理结构规范，三会运作正常。报告期内公司无重大诉讼仲裁事项，各项经营活动正常开展。公司建设工业互联网平台，实现设备联网与远程运维。公司引入边缘计算设备，实现车间数据的就地处理与实时回传。公司建设大数据平台，整合生产、销售与供应链数据，支撑经营决策。公司成立数据中台团队，推动业务数据化、数据业务化。公司评估公有云与私有云方案，逐步构建统一算力资源池。公司评估公有云与私有云方案，逐步构建统一算力资源池。本年度公司人力成本略有上升，管理费用率保持稳定，费用管控成效显现。公司试点数字人民币结算场景，丰富收款渠道。公司利用智能合约技术自动执行供应商结算条款。公司建设工业互联网平台，实现设备联网与远程运维。公司上线智能排产系统，通过智能算法优化生产计划排程。公司建立健全内部控制系统，治理结构规范，三会运作正常。公司采购云服务替代传统服务器部署，系统上线周期大幅缩短。公司引入人工智能技术优化{prod}质检环节，缺陷识别准确率显著提升。公司核心业务系统迁移上云，采用混合云架构降低IT运维成本。受行业周期影响，部分产品价格有所回落，公司及时调整销售策略，库存水平保持在合理范围。公司核心业务系统迁移上云，采用混合云架构降低IT运维成本。公司数据中心一期建成投用，具备 PB 级数据存储与计算能力。公司建设智能客服系统，应用自然语言处理技术实现工单自动分类。公司继续推进产能建设，高端装备项目一期已投产，预计达产后年新增产能3万吨。公司持续加大研发投入，研发费用占营业收入比例为4.4%，围绕建材开展技术攻关。公司引入人工智能技术优化{prod}质检环节，缺陷识别准确率显著提升。本年度公司人力成本略有上升，管理费用率保持稳定，费用管控成效显现。公司构建智慧物流体系，仓储分拣自动化水平显著提高。公司继续推进产能建设，电子元器件项目一期已投产，预计达产后年新增产能12万吨。公司运用数据挖掘技术分析客户行为，实现精准营销。公司上线智能排产系统，通过智能算法优化生产计划排程。原材料价格波动对成本端形成一定压力，公司通过集中采购和套期保值部分对冲了成本上行风险。公司建设智能客服系统，应用自然语言处理技术实现工单自动分类。,建立健全 内部 控制系统 治理 结构 规范 三会 运作 重大 诉讼 仲裁 事项 经营 活动 建设 工业互联网 平台 设备 联网 远程 运维 引入 边缘计算 设备 车间 数据 处理 实时 回传 建设 大数据 平台 整合 生产 销售 供应链 数据 支撑 经营 决策 成立 数据中台 团队 业务 数据 数据业务 评估 公有 私有 方案 逐步 构建 统一 算力 资源 评估 公有 私有 方案 逐步 构建 统一 算力 资源 本年度 人力 成本 略有 管理 费用率 保持稳定 费用 管控 成效 显现 试点 数字人民币 结算 场景 丰富 收款 渠道 利用 智能合约 技术 自动 供应商 结算 条款 建设 工业互联网 平台 设备 联网 远程 运维 上线 智能 排产 系统 智能算法 优化 生产 排程 建立健全 内部 控制系统 治理 结构 规范 三会 运作 采购 服务 替代 传统 服务器 部署 系统 上线 周期 大幅 缩短 引入 人工智能 技术 优化 prod 质检 环节 缺陷 识别 准确率 核心 业务 系统 迁移 上云 采用 混合 架构 降低 IT 运维 成本 行业 周期 影响 产品价格 有所 回落 及时 调整 销售策略 库存 水平 合理 范围 核心 业务 系统 迁移 上云 采用 混合 架构 降低 IT 运维 成本 数据中心 一期 建成 投用 具备 PB 数据 存储 计算能力 建设 智能 客服 系统 应用 自然语言处理 技术 工单 自动 分类 产能 建设 高端 装备 项目 一期 投产 预计 达产 新增 产能 万吨 持续 加大 研发 投入 研发 费用 营业 收入 比例 建材 技术 攻关 引入 人工智能 技术 优化 prod 质检 环节 缺陷 识别 准确率 本年度 人力 成本 略有 管理 费用率 保持稳定 费用 管控 成效 显现 构建 智慧物流 体系 仓储 分拣 自动化 水平 产能 建设 电子 元器件 项目 一期 投产 预计 达产 新增 产能 万吨 运用 数据挖掘 技术 分析 客户 行为 精准 营销 上线 智能 排产 系统 智能算法 优化 生产 排程 原材料 价格 波动 成本 形成 一定 压力 集中 采购 套期 保值 对冲 成本 上行 风险 建设 智能 客服 系统 应用 自然语言处理 技术 工单 自动 分类,294
DEMO056,演示DEMO056股份有限公司,信息技术,2022,年度报告,公司利用智能合约技术自动执行供应商结算条款。公司部署机器学习算法对销售数据进行需求预测，库存周转效率明显改善。公司构建经营分析数据仓库，管理层可实时查看核心经营指标。公司推动业务流程线上化，无纸化办公覆盖全部业务部门。公司核心业务系统迁移上云，采用混合云架构降低IT运维成本。公司积极拓展海外市场，出口业务收入同比增长9.4%，国际化布局初见成效。公司基于云平台搭建协同办公体系，跨区域协作效率提升。公司构建经营分析数据仓库，管理层可实时查看核心经营指标。公司基于云平台搭建协同办公体系，跨区域协作效率提升。公司核心业务系统迁移上云，采用混合云架构降低IT运维成本。公司评估公有云与私有云方案，逐步构建统一算力资源池。公司引入人工智能技术优化{prod}质检环节，缺陷识别准确率显著提升。公司部署机器学习算法对销售数据进行需求预测，库存周转效率明显改善。公司参与行业区块链联盟，推动供应链单证电子化与可信流转。下半年公司将围绕年度经营计划，重点做好市场开拓、成本控制与人才梯队建设等工作。公司引入人工智能技术优化{prod}质检环节，缺陷识别准确率显著提升。公司研究基于分布式账本的对账机制，降低交易核对成本。公司建立健全内部控制系统，治理结构规范，三会运作正常。公司评估公有云与私有云方案，逐步构建统一算力资源池。公司参与行业区块链联盟，推动供应链单证电子化与可信流转。公司成立数据中台团队，推动业务数据化、数据业务化。公司现金流状况良好，经营活动现金流量净额为1.5亿元，资产负债结构稳健。公司建设智能客服系统，应用自然语言处理技术实现工单自动分类。公司建设工业互联网平台，实现设备联网与远程运维。公司试点数字人民币结算场景，丰富收款渠道。公司应用数字孪生技术对重点产线进行虚拟建模与仿真优化。公司主要客户为行业龙头企业，合作关系稳定，应收账款回款情况良好。公司建设智能客服系统，应用自然语言处理技术实现工单自动分类。原材料价格波动对成本端形成一定压力，公司通过集中采购和套期保值部分对冲了成本上行风险。下半年公司将围绕年度经营计划，重点做好市场开拓、成本控制与人才梯队建设等工作。公司成立数据中台团队，推动业务数据化、数据业务化。面对市场竞争加剧，公司加大渠道建设力度，经销商数量增加36家，覆盖区域进一步扩大。,脚本生成演示语料(step0_make_demo_corpus.py),公司利用智能合约技术自动执行供应商结算条款。公司部署机器学习算法对销售数据进行需求预测，库存周转效率明显改善。公司构建经营分析数据仓库，管理层可实时查看核心经营指标。公司推动业务流程线上化，无纸化办公覆盖全部业务部门。公司核心业务系统迁移上云，采用混合云架构降低IT运维成本。公司积极拓展海外市场，出口业务收入同比增长9.4%，国际化布局初见成效。公司基于云平台搭建协同办公体系，跨区域协作效率提升。公司构建经营分析数据仓库，管理层可实时查看核心经营指标。公司基于云平台搭建协同办公体系，跨区域协作效率提升。公司核心业务系统迁移上云，采用混合云架构降低IT运维成本。公司评估公有云与私有云方案，逐步构建统一算力资源池。公司引入人工智能技术优化{prod}质检环节，缺陷识别准确率显著提升。公司部署机器学习算法对销售数据进行需求预测，库存周转效率明显改善。公司参与行业区块链联盟，推动供应链单证电子化与可信流转。下半年公司将围绕年度经营计划，重点做好市场开拓、成本控制与人才梯队建设等工作。公司引入人工智能技术优化{prod}质检环节，缺陷识别准确率显著提升。公司研究基于分布式账本的对账机制，降低交易核对成本。公司建立健全内部控制系统，治理结构规范，三会运作正常。公司评估公有云与私有云方案，逐步构建统一算力资源池。公司参与行业区块链联盟，推动供应链单证电子化与可信流转。公司成立数据中台团队，推动业务数据化、数据业务化。公司现金流状况良好，经营活动现金流量净额为1.5亿元，资产负债结构稳健。公司建设智能客服系统，应用自然语言处理技术实现工单自动分类。公司建设工业互联网平台，实现设备联网与远程运维。公司试点数字人民币结算场景，丰富收款渠道。公司应用数字孪生技术对重点产线进行虚拟建模与仿真优化。公司主要客户为行业龙头企业，合作关系稳定，应收账款回款情况良好。公司建设智能客服系统，应用自然语言处理技术实现工单自动分类。原材料价格波动对成本端形成一定压力，公司通过集中采购和套期保值部分对冲了成本上行风险。下半年公司将围绕年度经营计划，重点做好市场开拓、成本控制与人才梯队建设等工作。公司成立数据中台团队，推动业务数据化、数据业务化。面对市场竞争加剧，公司加大渠道建设力度，经销商数量增加36家，覆盖区域进一步扩大。,利用 智能合约 技术 自动 供应商 结算 条款 部署 机器学习 算法 销售 数据 需求预测 库存 周转 效率 明显改善 构建 经营 分析 数据仓库 管理层 实时 查看 核心 经营 指标 业务流程 上化 无纸化 办公 覆盖 全部 业务部门 核心 业务 系统 迁移 上云 采用 混合 架构 降低 IT 运维 成本 拓展 海外 市场 出口 业务收入 国际化 布局 初见成效 基于 平台 搭建 协同 办公 体系 区域 协作 效率 构建 经营 分析 数据仓库 管理层 实时 查看 核心 经营 指标 基于 平台 搭建 协同 办公 体系 区域 协作 效率 核心 业务 系统 迁移 上云 采用 混合 架构 降低 IT 运维 成本 评估 公有 私有 方案 逐步 构建 统一 算力 资源 引入 人工智能 技术 优化 prod 质检 环节 缺陷 识别 准确率 部署 机器学习 算法 销售 数据 需求预测 库存 周转 效率 明显改善 参与 行业 区块链 联盟 供应链 单证 电子化 可信 流转 下半年 年度 经营 做好 市场 开拓 成本 控制 人才 梯队 建设 引入 人工智能 技术 优化 prod 质检 环节 缺陷 识别 准确率 研究 基于 分布式账本 对账 机制 降低 交易 核对 成本 建立健全 内部 控制系统 治理 结构 规范 三会 运作 评估 公有 私有 方案 逐步 构建 统一 算力 资源 参与 行业 区块链 联盟 供应链 单证 电子化 可信 流转 成立 数据中台 团队 业务 数据 数据业务 现金流 状况良好 经营 活动 现金流量 净额 资产负债 结构 稳健 建设 智能 客服 系统 应用 自然语言处理 技术 工单 自动 分类 建设 工业互联网 平台 设备 联网 远程 运维 试点 数字人民币 结算 场景 丰富 收款 渠道 应用 数字孪生 技术 产线 虚拟 建模 仿真 优化 客户 行业龙头 企业 合作 关系 应收 账款 回款 建设 智能 客服 系统 应用 自然语言处理 技术 工单 自动 分类 原材料 价格 波动 成本 形成 一定 压力 集中 采购 套期 保值 对冲 成本 上行 风险 下半年 年度 经营 做好 市场 开拓 成本 控制 人才 梯队 建设 成立 数据中台 团队 业务 数据 数据业务 面对 市场竞争 加剧 加大 渠道 建设 力度 经销商 数量 覆盖 区域 扩大,297
DEMO056,演示DEMO056股份有限公司,信息技术,2023,年度报告,公司研究基于分布式账本的对账机制，降低交易核对成本。公司利用智能合约技术自动执行供应商结算条款。公司部署机器学习算法对销售数据进行需求预测，库存周转效率明显改善。公司建设大数据平台，整合生产、销售与供应链数据，支撑经营决策。公司引入边缘计算设备，实现车间数据的就地处理与实时回传。公司制定数字化转型规划，成立数字化管理委员会统筹推进。公司数据中心一期建成投用，具备 PB 级数据存储与计算能力。公司引入边缘计算设备，实现车间数据的就地处理与实时回传。公司推进计算机视觉技术在生产线上的应用，实现关键工序自动检测。受行业周期影响，部分产品价格有所回落，公司及时调整销售策略，库存水平保持在合理范围。报告期内，公司获得高新技术企业资质认定，享受相应税收优惠政策。公司引入边缘计算设备，实现车间数据的就地处理与实时回传。原材料价格波动对成本端形成一定压力，公司通过集中采购和套期保值部分对冲了成本上行风险。公司评估公有云与私有云方案，逐步构建统一算力资源池。公司制定数字化转型规划，成立数字化管理委员会统筹推进。公司开展数据治理体系建设，统一主数据标准，提升数据资产质量。公司应用数字孪生技术对重点产线进行虚拟建模与仿真优化。公司利用智能合约技术自动执行供应商结算条款。公司建设智能客服系统，应用自然语言处理技术实现工单自动分类。公司继续推进产能建设，建材项目一期已投产，预计达产后年新增产能3万吨。报告期内，公司获得高新技术企业资质认定，享受相应税收优惠政策。公司主要客户为行业龙头企业，合作关系稳定，应收账款回款情况良好。公司建设大数据平台，整合生产、销售与供应链数据，支撑经营决策。报告期内，公司获得高新技术企业资质认定，享受相应税收优惠政策。公司运用数据挖掘技术分析客户行为，实现精准营销。公司试点数字人民币结算场景，丰富收款渠道。公司推进计算机视觉技术在生产线上的应用，实现关键工序自动检测。公司参与行业区块链联盟，推动供应链单证电子化与可信流转。报告期内，公司获得高新技术企业资质认定，享受相应税收优惠政策。公司推动业务流程线上化，无纸化办公覆盖全部业务部门。公司评估公有云与私有云方案，逐步构建统一算力资源池。公司开展数据治理体系建设，统一主数据标准，提升数据资产质量。公司研究基于分布式账本的对账机制，降低交易核对成本。公司建立健全内部控制系统，治理结构规范，三会运作正常。,脚本生成演示语料(step0_make_demo_corpus.py),公司研究基于分布式账本的对账机制，降低交易核对成本。公司利用智能合约技术自动执行供应商结算条款。公司部署机器学习算法对销售数据进行需求预测，库存周转效率明显改善。公司建设大数据平台，整合生产、销售与供应链数据，支撑经营决策。公司引入边缘计算设备，实现车间数据的就地处理与实时回传。公司制定数字化转型规划，成立数字化管理委员会统筹推进。公司数据中心一期建成投用，具备 PB 级数据存储与计算能力。公司引入边缘计算设备，实现车间数据的就地处理与实时回传。公司推进计算机视觉技术在生产线上的应用，实现关键工序自动检测。受行业周期影响，部分产品价格有所回落，公司及时调整销售策略，库存水平保持在合理范围。报告期内，公司获得高新技术企业资质认定，享受相应税收优惠政策。公司引入边缘计算设备，实现车间数据的就地处理与实时回传。原材料价格波动对成本端形成一定压力，公司通过集中采购和套期保值部分对冲了成本上行风险。公司评估公有云与私有云方案，逐步构建统一算力资源池。公司制定数字化转型规划，成立数字化管理委员会统筹推进。公司开展数据治理体系建设，统一主数据标准，提升数据资产质量。公司应用数字孪生技术对重点产线进行虚拟建模与仿真优化。公司利用智能合约技术自动执行供应商结算条款。公司建设智能客服系统，应用自然语言处理技术实现工单自动分类。公司继续推进产能建设，建材项目一期已投产，预计达产后年新增产能3万吨。报告期内，公司获得高新技术企业资质认定，享受相应税收优惠政策。公司主要客户为行业龙头企业，合作关系稳定，应收账款回款情况良好。公司建设大数据平台，整合生产、销售与供应链数据，支撑经营决策。报告期内，公司获得高新技术企业资质认定，享受相应税收优惠政策。公司运用数据挖掘技术分析客户行为，实现精准营销。公司试点数字人民币结算场景，丰富收款渠道。公司推进计算机视觉技术在生产线上的应用，实现关键工序自动检测。公司参与行业区块链联盟，推动供应链单证电子化与可信流转。报告期内，公司获得高新技术企业资质认定，享受相应税收优惠政策。公司推动业务流程线上化，无纸化办公覆盖全部业务部门。公司评估公有云与私有云方案，逐步构建统一算力资源池。公司开展数据治理体系建设，统一主数据标准，提升数据资产质量。公司研究基于分布式账本的对账机制，降低交易核对成本。公司建立健全内部控制系统，治理结构规范，三会运作正常。,研究 基于 分布式账本 对账 机制 降低 交易 核对 成本 利用 智能合约 技术 自动 供应商 结算 条款 部署 机器学习 算法 销售 数据 需求预测 库存 周转 效率 明显改善 建设 大数据 平台 整合 生产 销售 供应链 数据 支撑 经营 决策 引入 边缘计算 设备 车间 数据 处理 实时 回传 制定 数字化转型 规划 成立 数字化 管理 委员会 统筹 数据中心 一期 建成 投用 具备 PB 数据 存储 计算能力 引入 边缘计算 设备 车间 数据 处理 实时 回传 计算机视觉 技术 生产线 应用 关键 工序 自动检测 行业 周期 影响 产品价格 有所 回落 及时 调整 销售策略 库存 水平 合理 范围 获得 高新技术 企业资质 认定 享受 相应 税收 优惠政策 引入 边缘计算 设备 车间 数据 处理 实时 回传 原材料 价格 波动 成本 形成 一定 压力 集中 采购 套期 保值 对冲 成本 上行 风险 评估 公有 私有 方案 逐步 构建 统一 算力 资源 制定 数字化转型 规划 成立 数字化 管理 委员会 统筹 数据 治理 体系 建设 统一 数据 标准 数据 资产 质量 应用 数字孪生 技术 产线 虚拟 建模 仿真 优化 利用 智能合约 技术 自动 供应商 结算 条款 建设 智能 客服 系统 应用 自然语言处理 技术 工单 自动 分类 产能 建设 建材 项目 一期 投产 预计 达产 新增 产能 万吨 获得 高新技术 企业资质 认定 享受 相应 税收 优惠政策 客户 行业龙头 企业 合作 关系 应收 账款 回款 建设 大数据 平台 整合 生产 销售 供应链 数据 支撑 经营 决策 获得 高新技术 企业资质 认定 享受 相应 税收 优惠政策 运用 数据挖掘 技术 分析 客户 行为 精准 营销 试点 数字人民币 结算 场景 丰富 收款 渠道 计算机视觉 技术 生产线 应用 关键 工序 自动检测 参与 行业 区块链 联盟 供应链 单证 电子化 可信 流转 获得 高新技术 企业资质 认定 享受 相应 税收 优惠政策 业务流程 上化 无纸化 办公 覆盖 全部 业务部门 评估 公有 私有 方案 逐步 构建 统一 算力 资源 数据 治理 体系 建设 统一 数据 标准 数据 资产 质量 研究 基于 分布式账本 对账 机制 降低 交易 核对 成本 建立健全 内部 控制系统 治理 结构 规范 三会 运作,301
DEMO056,演示DEMO056股份有限公司,信息技术,2024,年度报告,公司参与行业区块链联盟，推动供应链单证电子化与可信流转。公司数据中心一期建成投用，具备 PB 级数据存储与计算能力。公司基于云平台搭建协同办公体系，跨区域协作效率提升。公司成立数据中台团队，推动业务数据化、数据业务化。公司制定数字化转型规划，成立数字化管理委员会统筹推进。公司推进计算机视觉技术在生产线上的应用，实现关键工序自动检测。公司本期新增专利授权11项，累计有效专利120项，技术储备进一步夯实。公司深耕华东市场，区域市场份额稳中有升，品牌影响力持续增强。报告期内人民币汇率波动加大，公司通过远期结售汇业务降低了汇兑损失。公司推进智能制造升级，数字化车间已通过省级认定。公司继续推进产能建设，电子元器件项目一期已投产，预计达产后年新增产能3万吨。公司持续加大研发投入，研发费用占营业收入比例为1.8%，围绕精细化工产品开展技术攻关。公司研究基于分布式账本的对账机制，降低交易核对成本。公司数据中心一期建成投用，具备 PB 级数据存储与计算能力。面对市场竞争加剧，公司加大渠道建设力度，经销商数量增加210家，覆盖区域进一步扩大。公司评估公有云与私有云方案，逐步构建统一算力资源池。公司建设工业互联网平台，实现设备联网与远程运维。公司构建智慧物流体系，仓储分拣自动化水平显著提高。公司推进经营管理信息化，上线新一代ERP系统实现业财一体。公司探索区块链技术在产品溯源中的应用，实现全流程信息上链。公司构建智慧物流体系，仓储分拣自动化水平显著提高。公司持续加大研发投入，研发费用占营业收入比例为1.8%，围绕食品饮料开展技术攻关。下半年公司将围绕年度经营计划，重点做好市场开拓、成本控制与人才梯队建设等工作。报告期内公司无重大诉讼仲裁事项，各项经营活动正常开展。公司采购云服务替代传统服务器部署，系统上线周期大幅缩短。公司基于云平台搭建协同办公体系，跨区域协作效率提升。公司采购云服务替代传统服务器部署，系统上线周期大幅缩短。公司核心业务系统迁移上云，采用混合云架构降低IT运维成本。公司参与行业区块链联盟，推动供应链单证电子化与可信流转。公司探索区块链技术在产品溯源中的应用，实现全流程信息上链。公司建设大数据平台，整合生产、销售与供应链数据，支撑经营决策。公司成立数据中台团队，推动业务数据化、数据业务化。公司积极拓展海外市场，出口业务收入同比增长12.1%，国际化布局初见成效。公司继续推进产能建设，电子元器件项目一期已投产，预计达产后年新增产能20万吨。公司建立健全内部控制系统，治理结构规范，三会运作正常。公司参与行业区块链联盟，推动供应链单证电子化与可信流转。公司开展数据治理体系建设，统一主数据标准，提升数据资产质量。,脚本生成演示语料(step0_make_demo_corpus.py),公司参与行业区块链联盟，推动供应链单证电子化与可信流转。公司数据中心一期建成投用，具备 PB 级数据存储与计算能力。公司基于云平台搭建协同办公体系，跨区域协作效率提升。公司成立数据中台团队，推动业务数据化、数据业务化。公司制定数字化转型规划，成立数字化管理委员会统筹推进。公司推进计算机视觉技术在生产线上的应用，实现关键工序自动检测。公司本期新增专利授权11项，累计有效专利120项，技术储备进一步夯实。公司深耕华东市场，区域市场份额稳中有升，品牌影响力持续增强。报告期内人民币汇率波动加大，公司通过远期结售汇业务降低了汇兑损失。公司推进智能制造升级，数字化车间已通过省级认定。公司继续推进产能建设，电子元器件项目一期已投产，预计达产后年新增产能3万吨。公司持续加大研发投入，研发费用占营业收入比例为1.8%，围绕精细化工产品开展技术攻关。公司研究基于分布式账本的对账机制，降低交易核对成本。公司数据中心一期建成投用，具备 PB 级数据存储与计算能力。面对市场竞争加剧，公司加大渠道建设力度，经销商数量增加210家，覆盖区域进一步扩大。公司评估公有云与私有云方案，逐步构建统一算力资源池。公司建设工业互联网平台，实现设备联网与远程运维。公司构建智慧物流体系，仓储分拣自动化水平显著提高。公司推进经营管理信息化，上线新一代ERP系统实现业财一体。公司探索区块链技术在产品溯源中的应用，实现全流程信息上链。公司构建智慧物流体系，仓储分拣自动化水平显著提高。公司持续加大研发投入，研发费用占营业收入比例为1.8%，围绕食品饮料开展技术攻关。下半年公司将围绕年度经营计划，重点做好市场开拓、成本控制与人才梯队建设等工作。报告期内公司无重大诉讼仲裁事项，各项经营活动正常开展。公司采购云服务替代传统服务器部署，系统上线周期大幅缩短。公司基于云平台搭建协同办公体系，跨区域协作效率提升。公司采购云服务替代传统服务器部署，系统上线周期大幅缩短。公司核心业务系统迁移上云，采用混合云架构降低IT运维成本。公司参与行业区块链联盟，推动供应链单证电子化与可信流转。公司探索区块链技术在产品溯源中的应用，实现全流程信息上链。公司建设大数据平台，整合生产、销售与供应链数据，支撑经营决策。公司成立数据中台团队，推动业务数据化、数据业务化。公司积极拓展海外市场，出口业务收入同比增长12.1%，国际化布局初见成效。公司继续推进产能建设，电子元器件项目一期已投产，预计达产后年新增产能20万吨。公司建立健全内部控制系统，治理结构规范，三会运作正常。公司参与行业区块链联盟，推动供应链单证电子化与可信流转。公司开展数据治理体系建设，统一主数据标准，提升数据资产质量。,参与 行业 区块链 联盟 供应链 单证 电子化 可信 流转 数据中心 一期 建成 投用 具备 PB 数据 存储 计算能力 基于 平台 搭建 协同 办公 体系 区域 协作 效率 成立 数据中台 团队 业务 数据 数据业务 制定 数字化转型 规划 成立 数字化 管理 委员会 统筹 计算机视觉 技术 生产线 应用 关键 工序 自动检测 本期 新增 专利 授权 专利 技术储备 夯实 深耕 华东 市场 区域 市场份额 稳中有升 品牌 影响力 持续 增强 人民币 汇率 波动 加大 远期 结售汇 业务 降低 汇兑 损失 智能制造 升级 数字化 车间 省级 认定 产能 建设 电子 元器件 项目 一期 投产 预计 达产 新增 产能 万吨 持续 加大 研发 投入 研发 费用 营业 收入 比例 精细化工 产品 技术 攻关 研究 基于 分布式账本 对账 机制 降低 交易 核对 成本 数据中心 一期 建成 投用 具备 PB 数据 存储 计算能力 面对 市场竞争 加剧 加大 渠道 建设 力度 经销商 数量 覆盖 区域 扩大 评估 公有 私有 方案 逐步 构建 统一 算力 资源 建设 工业互联网 平台 设备 联网 远程 运维 构建 智慧物流 体系 仓储 分拣 自动化 水平 经营 管理 信息化 上线 新一代 ERP 系统 业财一体 探索 区块链 技术 产品 溯源 应用 流程 信息 构建 智慧物流 体系 仓储 分拣 自动化 水平 持续 加大 研发 投入 研发 费用 营业 收入 比例 食品饮料 技术 攻关 下半年 年度 经营 做好 市场 开拓 成本 控制 人才 梯队 建设 重大 诉讼 仲裁 事项 经营 活动 采购 服务 替代 传统 服务器 部署 系统 上线 周期 大幅 缩短 基于 平台 搭建 协同 办公 体系 区域 协作 效率 采购 服务 替代 传统 服务器 部署 系统 上线 周期 大幅 缩短 核心 业务 系统 迁移 上云 采用 混合 架构 降低 IT 运维 成本 参与 行业 区块链 联盟 供应链 单证 电子化 可信 流转 探索 区块链 技术 产品 溯源 应用 流程 信息 建设 大数据 平台 整合 生产 销售 供应链 数据 支撑 经营 决策 成立 数据中台 团队 业务 数据 数据业务 拓展 海外 市场 出口 业务收入 国际化 布局 初见成效 产能 建设 电子 元器件 项目 一期 投产 预计 达产 新增 产能 万吨 建立健全 内部 控制系统 治理 结构 规范 三会 运作 参与 行业 区块链 联盟 供应链 单证 电子化 可信 流转 数据 治理 体系 建设 统一 数据 标准 数据 资产 质量,335
DEMO057,演示DEMO057股份有限公司,制造业,2020,年度报告,本年度公司人力成本略有上升，管理费用率保持稳定，费用管控成效显现。公司建设智能客服系统，应用自然语言处理技术实现工单自动分类。公司参与行业区块链联盟，推动供应链单证电子化与可信流转。报告期内公司无重大诉讼仲裁事项，各项经营活动正常开展。报告期内公司客户结构进一步优化，前五大客户收入占比为36.9%，客户集中度处于合理区间。公司本期新增专利授权8项，累计有效专利120项，技术储备进一步夯实。公司部署机器学习算法对销售数据进行需求预测，库存周转效率明显改善。公司主要客户为行业龙头企业，合作关系稳定，应收账款回款情况良好。公司持续加大研发投入，研发费用占营业收入比例为1.8%，围绕纺织服装开展技术攻关。公司利用智能合约技术自动执行供应商结算条款。公司持续优化产品结构，精细化工产品业务占比稳步提升，毛利率较上年上升1.2个百分点。报告期内，公司获得高新技术企业资质认定，享受相应税收优惠政策。公司持续加大研发投入，研发费用占营业收入比例为2.6%，围绕纺织服装开展技术攻关。,脚本生成演示语料(step0_make_demo_corpus.py),本年度公司人力成本略有上升，管理费用率保持稳定，费用管控成效显现。公司建设智能客服系统，应用自然语言处理技术实现工单自动分类。公司参与行业区块链联盟，推动供应链单证电子化与可信流转。报告期内公司无重大诉讼仲裁事项，各项经营活动正常开展。报告期内公司客户结构进一步优化，前五大客户收入占比为36.9%，客户集中度处于合理区间。公司本期新增专利授权8项，累计有效专利120项，技术储备进一步夯实。公司部署机器学习算法对销售数据进行需求预测，库存周转效率明显改善。公司主要客户为行业龙头企业，合作关系稳定，应收账款回款情况良好。公司持续加大研发投入，研发费用占营业收入比例为1.8%，围绕纺织服装开展技术攻关。公司利用智能合约技术自动执行供应商结算条款。公司持续优化产品结构，精细化工产品业务占比稳步提升，毛利率较上年上升1.2个百分点。报告期内，公司获得高新技术企业资质认定，享受相应税收优惠政策。公司持续加大研发投入，研发费用占营业收入比例为2.6%，围绕纺织服装开展技术攻关。,本年度 人力 成本 略有 管理 费用率 保持稳定 费用 管控 成效 显现 建设 智能 客服 系统 应用 自然语言处理 技术 工单 自动 分类 参与 行业 区块链 联盟 供应链 单证 电子化 可信 流转 重大 诉讼 仲裁 事项 经营 活动 客户 结构 优化 五大 客户 收入 客户 集中度 处于 合理 区间 本期 新增 专利 授权 专利 技术储备 夯实 部署 机器学习 算法 销售 数据 需求预测 库存 周转 效率 明显改善 客户 行业龙头 企业 合作 关系 应收 账款 回款 持续 加大 研发 投入 研发 费用 营业 收入 比例 纺织 服装 技术 攻关 利用 智能合约 技术 自动 供应商 结算 条款 持续 优化 产品 结构 精细化工 产品 业务 毛利率 百分点 获得 高新技术 企业资质 认定 享受 相应 税收 优惠政策 持续 加大 研发 投入 研发 费用 营业 收入 比例 纺织 服装 技术 攻关,122
DEMO057,演示DEMO057股份有限公司,制造业,2021,年度报告,公司上线智能排产系统，通过智能算法优化生产计划排程。公司深耕华东市场，区域市场份额稳中有升，品牌影响力持续增强。公司引入人工智能技术优化{prod}质检环节，缺陷识别准确率显著提升。公司推进计算机视觉技术在生产线上的应用，实现关键工序自动检测。公司现金流状况良好，经营活动现金流量净额为3.2亿元，资产负债结构稳健。公司持续优化产品结构，建材业务占比稳步提升，毛利率较上年上升2.5个百分点。原材料价格波动对成本端形成一定压力，公司通过集中采购和套期保值部分对冲了成本上行风险。公司采购云服务替代传统服务器部署，系统上线周期大幅缩短。报告期内，公司实现营业收入12.6亿元，同比增长22.7%，主要得益于主营业务产销规模扩大。公司积极拓展海外市场，出口业务收入同比增长12.1%，国际化布局初见成效。公司主要客户为行业龙头企业，合作关系稳定，应收账款回款情况良好。公司推动业务流程线上化，无纸化办公覆盖全部业务部门。报告期内公司无重大诉讼仲裁事项，各项经营活动正常开展。报告期内公司客户结构进一步优化，前五大客户收入占比为36.9%，客户集中度处于合理区间。本年度公司人力成本略有上升，管理费用率保持稳定，费用管控成效显现。本年度公司人力成本略有上升，管理费用率保持稳定，费用管控成效显现。,脚本生成演示语料(step0_make_demo_corpus.py),公司上线智能排产系统，通过智能算法优化生产计划排程。公司深耕华东市场，区域市场份额稳中有升，品牌影响力持续增强。公司引入人工智能技术优化{prod}质检环节，缺陷识别准确率显著提升。公司推进计算机视觉技术在生产线上的应用，实现关键工序自动检测。公司现金流状况良好，经营活动现金流量净额为3.2亿元，资产负债结构稳健。公司持续优化产品结构，建材业务占比稳步提升，毛利率较上年上升2.5个百分点。原材料价格波动对成本端形成一定压力，公司通过集中采购和套期保值部分对冲了成本上行风险。公司采购云服务替代传统服务器部署，系统上线周期大幅缩短。报告期内，公司实现营业收入12.6亿元，同比增长22.7%，主要得益于主营业务产销规模扩大。公司积极拓展海外市场，出口业务收入同比增长12.1%，国际化布局初见成效。公司主要客户为行业龙头企业，合作关系稳定，应收账款回款情况良好。公司推动业务流程线上化，无纸化办公覆盖全部业务部门。报告期内公司无重大诉讼仲裁事项，各项经营活动正常开展。报告期内公司客户结构进一步优化，前五大客户收入占比为36.9%，客户集中度处于合理区间。本年度公司人力成本略有上升，管理费用率保持稳定，费用管控成效显现。本年度公司人力成本略有上升，管理费用率保持稳定，费用管控成效显现。,上线 智能 排产 系统 智能算法 优化 生产 排程 深耕 华东 市场 区域 市场份额 稳中有升 品牌 影响力 持续 增强 引入 人工智能 技术 优化 prod 质检 环节 缺陷 识别 准确率 计算机视觉 技术 生产线 应用 关键 工序 自动检测 现金流 状况良好 经营 活动 现金流量 净额 资产负债 结构 稳健 持续 优化 产品 结构 建材 业务 毛利率 百分点 原材料 价格 波动 成本 形成 一定 压力 集中 采购 套期 保值 对冲 成本 上行 风险 采购 服务 替代 传统 服务器 部署 系统 上线 周期 大幅 缩短 营业 收入 得益于 主营业务 产销 规模 扩大 拓展 海外 市场 出口 业务收入 国际化 布局 初见成效 客户 行业龙头 企业 合作 关系 应收 账款 回款 业务流程 上化 无纸化 办公 覆盖 全部 业务部门 重大 诉讼 仲裁 事项 经营 活动 客户 结构 优化 五大 客户 收入 客户 集中度 处于 合理 区间 本年度 人力 成本 略有 管理 费用率 保持稳定 费用 管控 成效 显现 本年度 人力 成本 略有 管理 费用率 保持稳定 费用 管控 成效 显现,147
DEMO057,演示DEMO057股份有限公司,制造业,2022,年度报告,公司深耕华东市场，区域市场份额稳中有升，品牌影响力持续增强。报告期内，公司获得高新技术企业资质认定，享受相应税收优惠政策。公司继续推进产能建设，建材项目一期已投产，预计达产后年新增产能12万吨。公司研究基于分布式账本的对账机制，降低交易核对成本。面对市场竞争加剧，公司加大渠道建设力度，经销商数量增加120家，覆盖区域进一步扩大。公司部署机器学习算法对销售数据进行需求预测，库存周转效率明显改善。报告期内，公司获得高新技术企业资质认定，享受相应税收优惠政策。公司本期新增专利授权11项，累计有效专利85项，技术储备进一步夯实。原材料价格波动对成本端形成一定压力，公司通过集中采购和套期保值部分对冲了成本上行风险。公司运用数据挖掘技术分析客户行为，实现精准营销。公司推进经营管理信息化，上线新一代ERP系统实现业财一体。公司引入人工智能技术优化{prod}质检环节，缺陷识别准确率显著提升。公司现金流状况良好，经营活动现金流量净额为3.2亿元，资产负债结构稳健。公司运用数据挖掘技术分析客户行为，实现精准营销。面对市场竞争加剧，公司加大渠道建设力度，经销商数量增加120家，覆盖区域进一步扩大。公司继续推进产能建设，纺织服装项目一期已投产，预计达产后年新增产能3万吨。公司推进智能制造升级，数字化车间已通过省级认定。公司构建经营分析数据仓库，管理层可实时查看核心经营指标。面对市场竞争加剧，公司加大渠道建设力度，经销商数量增加120家，覆盖区域进一步扩大。公司高度重视安全生产与环境保护，报告期内未发生重大安全事故。,脚本生成演示语料(step0_make_demo_corpus.py),公司深耕华东市场，区域市场份额稳中有升，品牌影响力持续增强。报告期内，公司获得高新技术企业资质认定，享受相应税收优惠政策。公司继续推进产能建设，建材项目一期已投产，预计达产后年新增产能12万吨。公司研究基于分布式账本的对账机制，降低交易核对成本。面对市场竞争加剧，公司加大渠道建设力度，经销商数量增加120家，覆盖区域进一步扩大。公司部署机器学习算法对销售数据进行需求预测，库存周转效率明显改善。报告期内，公司获得高新技术企业资质认定，享受相应税收优惠政策。公司本期新增专利授权11项，累计有效专利85项，技术储备进一步夯实。原材料价格波动对成本端形成一定压力，公司通过集中采购和套期保值部分对冲了成本上行风险。公司运用数据挖掘技术分析客户行为，实现精准营销。公司推进经营管理信息化，上线新一代ERP系统实现业财一体。公司引入人工智能技术优化{prod}质检环节，缺陷识别准确率显著提升。公司现金流状况良好，经营活动现金流量净额为3.2亿元，资产负债结构稳健。公司运用数据挖掘技术分析客户行为，实现精准营销。面对市场竞争加剧，公司加大渠道建设力度，经销商数量增加120家，覆盖区域进一步扩大。公司继续推进产能建设，纺织服装项目一期已投产，预计达产后年新增产能3万吨。公司推进智能制造升级，数字化车间已通过省级认定。公司构建经营分析数据仓库，管理层可实时查看核心经营指标。面对市场竞争加剧，公司加大渠道建设力度，经销商数量增加120家，覆盖区域进一步扩大。公司高度重视安全生产与环境保护，报告期内未发生重大安全事故。,深耕 华东 市场 区域 市场份额 稳中有升 品牌 影响力 持续 增强 获得 高新技术 企业资质 认定 享受 相应 税收 优惠政策 产能 建设 建材 项目 一期 投产 预计 达产 新增 产能 万吨 研究 基于 分布式账本 对账 机制 降低 交易 核对 成本 面对 市场竞争 加剧 加大 渠道 建设 力度 经销商 数量 覆盖 区域 扩大 部署 机器学习 算法 销售 数据 需求预测 库存 周转 效率 明显改善 获得 高新技术 企业资质 认定 享受 相应 税收 优惠政策 本期 新增 专利 授权 专利 技术储备 夯实 原材料 价格 波动 成本 形成 一定 压力 集中 采购 套期 保值 对冲 成本 上行 风险 运用 数据挖掘 技术 分析 客户 行为 精准 营销 经营 管理 信息化 上线 新一代 ERP 系统 业财一体 引入 人工智能 技术 优化 prod 质检 环节 缺陷 识别 准确率 现金流 状况良好 经营 活动 现金流量 净额 资产负债 结构 稳健 运用 数据挖掘 技术 分析 客户 行为 精准 营销 面对 市场竞争 加剧 加大 渠道 建设 力度 经销商 数量 覆盖 区域 扩大 产能 建设 纺织 服装 项目 一期 投产 预计 达产 新增 产能 万吨 智能制造 升级 数字化 车间 省级 认定 构建 经营 分析 数据仓库 管理层 实时 查看 核心 经营 指标 面对 市场竞争 加剧 加大 渠道 建设 力度 经销商 数量 覆盖 区域 扩大 高度重视 安全 生产 环境保护 发生 重大 安全事故,192
DEMO057,演示DEMO057股份有限公司,制造业,2023,年度报告,公司现金流状况良好，经营活动现金流量净额为3.2亿元，资产负债结构稳健。公司积极拓展海外市场，出口业务收入同比增长30.5%，国际化布局初见成效。公司持续优化产品结构，纺织服装业务占比稳步提升，毛利率较上年下降0.8个百分点。公司持续优化产品结构，精细化工产品业务占比稳步提升，毛利率较上年上升2.5个百分点。报告期内公司无重大诉讼仲裁事项，各项经营活动正常开展。公司现金流状况良好，经营活动现金流量净额为1.5亿元，资产负债结构稳健。公司构建经营分析数据仓库，管理层可实时查看核心经营指标。公司数据中心一期建成投用，具备 PB 级数据存储与计算能力。报告期内公司无重大诉讼仲裁事项，各项经营活动正常开展。公司本期新增专利授权22项，累计有效专利85项，技术储备进一步夯实。公司推动业务流程线上化，无纸化办公覆盖全部业务部门。公司主要客户为行业龙头企业，合作关系稳定，应收账款回款情况良好。公司探索区块链技术在产品溯源中的应用，实现全流程信息上链。公司积极拓展海外市场，出口业务收入同比增长-6.3%，国际化布局初见成效。公司积极拓展海外市场，出口业务收入同比增长30.5%，国际化布局初见成效。本年度公司人力成本略有上升，管理费用率保持稳定，费用管控成效显现。,脚本生成演示语料(step0_make_demo_corpus.py),公司现金流状况良好，经营活动现金流量净额为3.2亿元，资产负债结构稳健。公司积极拓展海外市场，出口业务收入同比增长30.5%，国际化布局初见成效。公司持续优化产品结构，纺织服装业务占比稳步提升，毛利率较上年下降0.8个百分点。公司持续优化产品结构，精细化工产品业务占比稳步提升，毛利率较上年上升2.5个百分点。报告期内公司无重大诉讼仲裁事项，各项经营活动正常开展。公司现金流状况良好，经营活动现金流量净额为1.5亿元，资产负债结构稳健。公司构建经营分析数据仓库，管理层可实时查看核心经营指标。公司数据中心一期建成投用，具备 PB 级数据存储与计算能力。报告期内公司无重大诉讼仲裁事项，各项经营活动正常开展。公司本期新增专利授权22项，累计有效专利85项，技术储备进一步夯实。公司推动业务流程线上化，无纸化办公覆盖全部业务部门。公司主要客户为行业龙头企业，合作关系稳定，应收账款回款情况良好。公司探索区块链技术在产品溯源中的应用，实现全流程信息上链。公司积极拓展海外市场，出口业务收入同比增长-6.3%，国际化布局初见成效。公司积极拓展海外市场，出口业务收入同比增长30.5%，国际化布局初见成效。本年度公司人力成本略有上升，管理费用率保持稳定，费用管控成效显现。,现金流 状况良好 经营 活动 现金流量 净额 资产负债 结构 稳健 拓展 海外 市场 出口 业务收入 国际化 布局 初见成效 持续 优化 产品 结构 纺织 服装 业务 毛利率 百分点 持续 优化 产品 结构 精细化工 产品 业务 毛利率 百分点 重大 诉讼 仲裁 事项 经营 活动 现金流 状况良好 经营 活动 现金流量 净额 资产负债 结构 稳健 构建 经营 分析 数据仓库 管理层 实时 查看 核心 经营 指标 数据中心 一期 建成 投用 具备 PB 数据 存储 计算能力 重大 诉讼 仲裁 事项 经营 活动 本期 新增 专利 授权 专利 技术储备 夯实 业务流程 上化 无纸化 办公 覆盖 全部 业务部门 客户 行业龙头 企业 合作 关系 应收 账款 回款 探索 区块链 技术 产品 溯源 应用 流程 信息 拓展 海外 市场 出口 业务收入 国际化 布局 初见成效 拓展 海外 市场 出口 业务收入 国际化 布局 初见成效 本年度 人力 成本 略有 管理 费用率 保持稳定 费用 管控 成效 显现,132
DEMO057,演示DEMO057股份有限公司,制造业,2024,年度报告,原材料价格波动对成本端形成一定压力，公司通过集中采购和套期保值部分对冲了成本上行风险。本年度公司人力成本略有上升，管理费用率保持稳定，费用管控成效显现。公司基于云平台搭建协同办公体系，跨区域协作效率提升。公司应用数字孪生技术对重点产线进行虚拟建模与仿真优化。公司高度重视安全生产与环境保护，报告期内未发生重大安全事故。公司主要客户为行业龙头企业，合作关系稳定，应收账款回款情况良好。报告期内公司客户结构进一步优化，前五大客户收入占比为55.1%，客户集中度处于合理区间。公司积极拓展海外市场，出口业务收入同比增长-6.3%，国际化布局初见成效。受行业周期影响，部分产品价格有所回落，公司及时调整销售策略，库存水平保持在合理范围。公司建立健全内部控制系统，治理结构规范，三会运作正常。受行业周期影响，部分产品价格有所回落，公司及时调整销售策略，库存水平保持在合理范围。公司积极拓展海外市场，出口业务收入同比增长30.5%，国际化布局初见成效。公司高度重视安全生产与环境保护，报告期内未发生重大安全事故。公司深耕华南市场，区域市场份额稳中有升，品牌影响力持续增强。公司与高校联合开展深度学习算法研究，赋能产品智能设计。公司运用数据挖掘技术分析客户行为，实现精准营销。,脚本生成演示语料(step0_make_demo_corpus.py),原材料价格波动对成本端形成一定压力，公司通过集中采购和套期保值部分对冲了成本上行风险。本年度公司人力成本略有上升，管理费用率保持稳定，费用管控成效显现。公司基于云平台搭建协同办公体系，跨区域协作效率提升。公司应用数字孪生技术对重点产线进行虚拟建模与仿真优化。公司高度重视安全生产与环境保护，报告期内未发生重大安全事故。公司主要客户为行业龙头企业，合作关系稳定，应收账款回款情况良好。报告期内公司客户结构进一步优化，前五大客户收入占比为55.1%，客户集中度处于合理区间。公司积极拓展海外市场，出口业务收入同比增长-6.3%，国际化布局初见成效。受行业周期影响，部分产品价格有所回落，公司及时调整销售策略，库存水平保持在合理范围。公司建立健全内部控制系统，治理结构规范，三会运作正常。受行业周期影响，部分产品价格有所回落，公司及时调整销售策略，库存水平保持在合理范围。公司积极拓展海外市场，出口业务收入同比增长30.5%，国际化布局初见成效。公司高度重视安全生产与环境保护，报告期内未发生重大安全事故。公司深耕华南市场，区域市场份额稳中有升，品牌影响力持续增强。公司与高校联合开展深度学习算法研究，赋能产品智能设计。公司运用数据挖掘技术分析客户行为，实现精准营销。,原材料 价格 波动 成本 形成 一定 压力 集中 采购 套期 保值 对冲 成本 上行 风险 本年度 人力 成本 略有 管理 费用率 保持稳定 费用 管控 成效 显现 基于 平台 搭建 协同 办公 体系 区域 协作 效率 应用 数字孪生 技术 产线 虚拟 建模 仿真 优化 高度重视 安全 生产 环境保护 发生 重大 安全事故 客户 行业龙头 企业 合作 关系 应收 账款 回款 客户 结构 优化 五大 客户 收入 客户 集中度 处于 合理 区间 拓展 海外 市场 出口 业务收入 国际化 布局 初见成效 行业 周期 影响 产品价格 有所 回落 及时 调整 销售策略 库存 水平 合理 范围 建立健全 内部 控制系统 治理 结构 规范 三会 运作 行业 周期 影响 产品价格 有所 回落 及时 调整 销售策略 库存 水平 合理 范围 拓展 海外 市场 出口 业务收入 国际化 布局 初见成效 高度重视 安全 生产 环境保护 发生 重大 安全事故 深耕 华南 市场 区域 市场份额 稳中有升 品牌 影响力 持续 增强 高校 联合 深度学习 算法 研究 赋能 产品 智能 设计 运用 数据挖掘 技术 分析 客户 行为 精准 营销,153
DEMO058,演示DEMO058股份有限公司,批发零售,2020,年度报告,报告期内，公司实现营业收入63.7亿元，同比增长15.2%，主要得益于主营业务产销规模扩大。公司主要客户为行业龙头企业，合作关系稳定，应收账款回款情况良好。报告期内，公司获得高新技术企业资质认定，享受相应税收优惠政策。公司持续加大研发投入，研发费用占营业收入比例为2.6%，围绕高端装备开展技术攻关。公司高度重视安全生产与环境保护，报告期内未发生重大安全事故。受行业周期影响，部分产品价格有所回落，公司及时调整销售策略，库存水平保持在合理范围。报告期内，公司获得高新技术企业资质认定，享受相应税收优惠政策。公司推进智能制造升级，数字化车间已通过省级认定。公司本期新增专利授权8项，累计有效专利85项，技术储备进一步夯实。,脚本生成演示语料(step0_make_demo_corpus.py),报告期内，公司实现营业收入63.7亿元，同比增长15.2%，主要得益于主营业务产销规模扩大。公司主要客户为行业龙头企业，合作关系稳定，应收账款回款情况良好。报告期内，公司获得高新技术企业资质认定，享受相应税收优惠政策。公司持续加大研发投入，研发费用占营业收入比例为2.6%，围绕高端装备开展技术攻关。公司高度重视安全生产与环境保护，报告期内未发生重大安全事故。受行业周期影响，部分产品价格有所回落，公司及时调整销售策略，库存水平保持在合理范围。报告期内，公司获得高新技术企业资质认定，享受相应税收优惠政策。公司推进智能制造升级，数字化车间已通过省级认定。公司本期新增专利授权8项，累计有效专利85项，技术储备进一步夯实。,营业 收入 得益于 主营业务 产销 规模 扩大 客户 行业龙头 企业 合作 关系 应收 账款 回款 获得 高新技术 企业资质 认定 享受 相应 税收 优惠政策 持续 加大 研发 投入 研发 费用 营业 收入 比例 高端 装备 技术 攻关 高度重视 安全 生产 环境保护 发生 重大 安全事故 行业 周期 影响 产品价格 有所 回落 及时 调整 销售策略 库存 水平 合理 范围 获得 高新技术 企业资质 认定 享受 相应 税收 优惠政策 智能制造 升级 数字化 车间 省级 认定 本期 新增 专利 授权 专利 技术储备 夯实,77
DEMO058,演示DEMO058股份有限公司,批发零售,2021,年度报告,公司继续推进产能建设，纺织服装项目一期已投产，预计达产后年新增产能20万吨。公司引入人工智能技术优化{prod}质检环节，缺陷识别准确率显著提升。公司积极拓展海外市场，出口业务收入同比增长18.9%，国际化布局初见成效。报告期内，公司获得高新技术企业资质认定，享受相应税收优惠政策。报告期内，公司获得高新技术企业资质认定，享受相应税收优惠政策。报告期内，公司获得高新技术企业资质认定，享受相应税收优惠政策。原材料价格波动对成本端形成一定压力，公司通过集中采购和套期保值部分对冲了成本上行风险。公司推进智能制造升级，数字化车间已通过省级认定。报告期内公司客户结构进一步优化，前五大客户收入占比为36.9%，客户集中度处于合理区间。原材料价格波动对成本端形成一定压力，公司通过集中采购和套期保值部分对冲了成本上行风险。公司参与行业区块链联盟，推动供应链单证电子化与可信流转。,脚本生成演示语料(step0_make_demo_corpus.py),公司继续推进产能建设，纺织服装项目一期已投产，预计达产后年新增产能20万吨。公司引入人工智能技术优化{prod}质检环节，缺陷识别准确率显著提升。公司积极拓展海外市场，出口业务收入同比增长18.9%，国际化布局初见成效。报告期内，公司获得高新技术企业资质认定，享受相应税收优惠政策。报告期内，公司获得高新技术企业资质认定，享受相应税收优惠政策。报告期内，公司获得高新技术企业资质认定，享受相应税收优惠政策。原材料价格波动对成本端形成一定压力，公司通过集中采购和套期保值部分对冲了成本上行风险。公司推进智能制造升级，数字化车间已通过省级认定。报告期内公司客户结构进一步优化，前五大客户收入占比为36.9%，客户集中度处于合理区间。原材料价格波动对成本端形成一定压力，公司通过集中采购和套期保值部分对冲了成本上行风险。公司参与行业区块链联盟，推动供应链单证电子化与可信流转。,产能 建设 纺织 服装 项目 一期 投产 预计 达产 新增 产能 万吨 引入 人工智能 技术 优化 prod 质检 环节 缺陷 识别 准确率 拓展 海外 市场 出口 业务收入 国际化 布局 初见成效 获得 高新技术 企业资质 认定 享受 相应 税收 优惠政策 获得 高新技术 企业资质 认定 享受 相应 税收 优惠政策 获得 高新技术 企业资质 认定 享受 相应 税收 优惠政策 原材料 价格 波动 成本 形成 一定 压力 集中 采购 套期 保值 对冲 成本 上行 风险 智能制造 升级 数字化 车间 省级 认定 客户 结构 优化 五大 客户 收入 客户 集中度 处于 合理 区间 原材料 价格 波动 成本 形成 一定 压力 集中 采购 套期 保值 对冲 成本 上行 风险 参与 行业 区块链 联盟 供应链 单证 电子化 可信 流转,110
DEMO058,演示DEMO058股份有限公司,批发零售,2022,年度报告,下半年公司将围绕年度经营计划，重点做好市场开拓、成本控制与人才梯队建设等工作。公司利用智能合约技术自动执行供应商结算条款。面对市场竞争加剧，公司加大渠道建设力度，经销商数量增加120家，覆盖区域进一步扩大。公司评估公有云与私有云方案，逐步构建统一算力资源池。公司建设工业互联网平台，实现设备联网与远程运维。公司应用数字孪生技术对重点产线进行虚拟建模与仿真优化。公司本期新增专利授权3项，累计有效专利56项，技术储备进一步夯实。公司积极拓展海外市场，出口业务收入同比增长18.9%，国际化布局初见成效。报告期内，公司实现营业收入19.3亿元，同比增长-3.1%，主要得益于主营业务产销规模扩大。下半年公司将围绕年度经营计划，重点做好市场开拓、成本控制与人才梯队建设等工作。公司本期新增专利授权11项，累计有效专利85项，技术储备进一步夯实。报告期内，公司实现营业收入63.7亿元，同比增长-1.8%，主要得益于主营业务产销规模扩大。公司建立健全内部控制系统，治理结构规范，三会运作正常。原材料价格波动对成本端形成一定压力，公司通过集中采购和套期保值部分对冲了成本上行风险。公司积极拓展海外市场，出口业务收入同比增长12.1%，国际化布局初见成效。,脚本生成演示语料(step0_make_demo_corpus.py),下半年公司将围绕年度经营计划，重点做好市场开拓、成本控制与人才梯队建设等工作。公司利用智能合约技术自动执行供应商结算条款。面对市场竞争加剧，公司加大渠道建设力度，经销商数量增加120家，覆盖区域进一步扩大。公司评估公有云与私有云方案，逐步构建统一算力资源池。公司建设工业互联网平台，实现设备联网与远程运维。公司应用数字孪生技术对重点产线进行虚拟建模与仿真优化。公司本期新增专利授权3项，累计有效专利56项，技术储备进一步夯实。公司积极拓展海外市场，出口业务收入同比增长18.9%，国际化布局初见成效。报告期内，公司实现营业收入19.3亿元，同比增长-3.1%，主要得益于主营业务产销规模扩大。下半年公司将围绕年度经营计划，重点做好市场开拓、成本控制与人才梯队建设等工作。公司本期新增专利授权11项，累计有效专利85项，技术储备进一步夯实。报告期内，公司实现营业收入63.7亿元，同比增长-1.8%，主要得益于主营业务产销规模扩大。公司建立健全内部控制系统，治理结构规范，三会运作正常。原材料价格波动对成本端形成一定压力，公司通过集中采购和套期保值部分对冲了成本上行风险。公司积极拓展海外市场，出口业务收入同比增长12.1%，国际化布局初见成效。,下半年 年度 经营 做好 市场 开拓 成本 控制 人才 梯队 建设 利用 智能合约 技术 自动 供应商 结算 条款 面对 市场竞争 加剧 加大 渠道 建设 力度 经销商 数量 覆盖 区域 扩大 评估 公有 私有 方案 逐步 构建 统一 算力 资源 建设 工业互联网 平台 设备 联网 远程 运维 应用 数字孪生 技术 产线 虚拟 建模 仿真 优化 本期 新增 专利 授权 专利 技术储备 夯实 拓展 海外 市场 出口 业务收入 国际化 布局 初见成效 营业 收入 得益于 主营业务 产销 规模 扩大 下半年 年度 经营 做好 市场 开拓 成本 控制 人才 梯队 建设 本期 新增 专利 授权 专利 技术储备 夯实 营业 收入 得益于 主营业务 产销 规模 扩大 建立健全 内部 控制系统 治理 结构 规范 三会 运作 原材料 价格 波动 成本 形成 一定 压力 集中 采购 套期 保值 对冲 成本 上行 风险 拓展 海外 市场 出口 业务收入 国际化 布局 初见成效,132
DEMO058,演示DEMO058股份有限公司,批发零售,2023,年度报告,原材料价格波动对成本端形成一定压力，公司通过集中采购和套期保值部分对冲了成本上行风险。下半年公司将围绕年度经营计划，重点做好市场开拓、成本控制与人才梯队建设等工作。公司建设工业互联网平台，实现设备联网与远程运维。公司引入边缘计算设备，实现车间数据的就地处理与实时回传。报告期内公司客户结构进一步优化，前五大客户收入占比为36.9%，客户集中度处于合理区间。公司核心业务系统迁移上云，采用混合云架构降低IT运维成本。公司推进智能制造升级，数字化车间已通过省级认定。公司主要客户为行业龙头企业，合作关系稳定，应收账款回款情况良好。公司积极拓展海外市场，出口业务收入同比增长9.4%，国际化布局初见成效。公司建设大数据平台，整合生产、销售与供应链数据，支撑经营决策。公司建立健全内部控制系统，治理结构规范，三会运作正常。报告期内公司客户结构进一步优化，前五大客户收入占比为28.3%，客户集中度处于合理区间。本年度公司人力成本略有上升，管理费用率保持稳定，费用管控成效显现。公司本期新增专利授权3项，累计有效专利210项，技术储备进一步夯实。公司推进智能制造升级，数字化车间已通过省级认定。公司评估公有云与私有云方案，逐步构建统一算力资源池。公司建设智能客服系统，应用自然语言处理技术实现工单自动分类。,脚本生成演示语料(step0_make_demo_corpus.py),原材料价格波动对成本端形成一定压力，公司通过集中采购和套期保值部分对冲了成本上行风险。下半年公司将围绕年度经营计划，重点做好市场开拓、成本控制与人才梯队建设等工作。公司建设工业互联网平台，实现设备联网与远程运维。公司引入边缘计算设备，实现车间数据的就地处理与实时回传。报告期内公司客户结构进一步优化，前五大客户收入占比为36.9%，客户集中度处于合理区间。公司核心业务系统迁移上云，采用混合云架构降低IT运维成本。公司推进智能制造升级，数字化车间已通过省级认定。公司主要客户为行业龙头企业，合作关系稳定，应收账款回款情况良好。公司积极拓展海外市场，出口业务收入同比增长9.4%，国际化布局初见成效。公司建设大数据平台，整合生产、销售与供应链数据，支撑经营决策。公司建立健全内部控制系统，治理结构规范，三会运作正常。报告期内公司客户结构进一步优化，前五大客户收入占比为28.3%，客户集中度处于合理区间。本年度公司人力成本略有上升，管理费用率保持稳定，费用管控成效显现。公司本期新增专利授权3项，累计有效专利210项，技术储备进一步夯实。公司推进智能制造升级，数字化车间已通过省级认定。公司评估公有云与私有云方案，逐步构建统一算力资源池。公司建设智能客服系统，应用自然语言处理技术实现工单自动分类。,原材料 价格 波动 成本 形成 一定 压力 集中 采购 套期 保值 对冲 成本 上行 风险 下半年 年度 经营 做好 市场 开拓 成本 控制 人才 梯队 建设 建设 工业互联网 平台 设备 联网 远程 运维 引入 边缘计算 设备 车间 数据 处理 实时 回传 客户 结构 优化 五大 客户 收入 客户 集中度 处于 合理 区间 核心 业务 系统 迁移 上云 采用 混合 架构 降低 IT 运维 成本 智能制造 升级 数字化 车间 省级 认定 客户 行业龙头 企业 合作 关系 应收 账款 回款 拓展 海外 市场 出口 业务收入 国际化 布局 初见成效 建设 大数据 平台 整合 生产 销售 供应链 数据 支撑 经营 决策 建立健全 内部 控制系统 治理 结构 规范 三会 运作 客户 结构 优化 五大 客户 收入 客户 集中度 处于 合理 区间 本年度 人力 成本 略有 管理 费用率 保持稳定 费用 管控 成效 显现 本期 新增 专利 授权 专利 技术储备 夯实 智能制造 升级 数字化 车间 省级 认定 评估 公有 私有 方案 逐步 构建 统一 算力 资源 建设 智能 客服 系统 应用 自然语言处理 技术 工单 自动 分类,159
DEMO058,演示DEMO058股份有限公司,批发零售,2024,年度报告,公司采购云服务替代传统服务器部署，系统上线周期大幅缩短。面对市场竞争加剧，公司加大渠道建设力度，经销商数量增加120家，覆盖区域进一步扩大。公司本期新增专利授权3项，累计有效专利120项，技术储备进一步夯实。公司基于云平台搭建协同办公体系，跨区域协作效率提升。公司发展电子商务业务，线上渠道收入占比持续提升。公司研究基于分布式账本的对账机制，降低交易核对成本。本年度公司人力成本略有上升，管理费用率保持稳定，费用管控成效显现。公司引入边缘计算设备，实现车间数据的就地处理与实时回传。受行业周期影响，部分产品价格有所回落，公司及时调整销售策略，库存水平保持在合理范围。报告期内，公司获得高新技术企业资质认定，享受相应税收优惠政策。本年度公司人力成本略有上升，管理费用率保持稳定，费用管控成效显现。公司评估公有云与私有云方案，逐步构建统一算力资源池。报告期内人民币汇率波动加大，公司通过远期结售汇业务降低了汇兑损失。报告期内公司无重大诉讼仲裁事项，各项经营活动正常开展。公司运用数据挖掘技术分析客户行为，实现精准营销。报告期内，公司获得高新技术企业资质认定，享受相应税收优惠政策。公司本期新增专利授权11项，累计有效专利210项，技术储备进一步夯实。公司核心业务系统迁移上云，采用混合云架构降低IT运维成本。,脚本生成演示语料(step0_make_demo_corpus.py),公司采购云服务替代传统服务器部署，系统上线周期大幅缩短。面对市场竞争加剧，公司加大渠道建设力度，经销商数量增加120家，覆盖区域进一步扩大。公司本期新增专利授权3项，累计有效专利120项，技术储备进一步夯实。公司基于云平台搭建协同办公体系，跨区域协作效率提升。公司发展电子商务业务，线上渠道收入占比持续提升。公司研究基于分布式账本的对账机制，降低交易核对成本。本年度公司人力成本略有上升，管理费用率保持稳定，费用管控成效显现。公司引入边缘计算设备，实现车间数据的就地处理与实时回传。受行业周期影响，部分产品价格有所回落，公司及时调整销售策略，库存水平保持在合理范围。报告期内，公司获得高新技术企业资质认定，享受相应税收优惠政策。本年度公司人力成本略有上升，管理费用率保持稳定，费用管控成效显现。公司评估公有云与私有云方案，逐步构建统一算力资源池。报告期内人民币汇率波动加大，公司通过远期结售汇业务降低了汇兑损失。报告期内公司无重大诉讼仲裁事项，各项经营活动正常开展。公司运用数据挖掘技术分析客户行为，实现精准营销。报告期内，公司获得高新技术企业资质认定，享受相应税收优惠政策。公司本期新增专利授权11项，累计有效专利210项，技术储备进一步夯实。公司核心业务系统迁移上云，采用混合云架构降低IT运维成本。,采购 服务 替代 传统 服务器 部署 系统 上线 周期 大幅 缩短 面对 市场竞争 加剧 加大 渠道 建设 力度 经销商 数量 覆盖 区域 扩大 本期 新增 专利 授权 专利 技术储备 夯实 基于 平台 搭建 协同 办公 体系 区域 协作 效率 发展 电子商务 业务 线上 渠道 收入 持续 研究 基于 分布式账本 对账 机制 降低 交易 核对 成本 本年度 人力 成本 略有 管理 费用率 保持稳定 费用 管控 成效 显现 引入 边缘计算 设备 车间 数据 处理 实时 回传 行业 周期 影响 产品价格 有所 回落 及时 调整 销售策略 库存 水平 合理 范围 获得 高新技术 企业资质 认定 享受 相应 税收 优惠政策 本年度 人力 成本 略有 管理 费用率 保持稳定 费用 管控 成效 显现 评估 公有 私有 方案 逐步 构建 统一 算力 资源 人民币 汇率 波动 加大 远期 结售汇 业务 降低 汇兑 损失 重大 诉讼 仲裁 事项 经营 活动 运用 数据挖掘 技术 分析 客户 行为 精准 营销 获得 高新技术 企业资质 认定 享受 相应 税收 优惠政策 本期 新增 专利 授权 专利 技术储备 夯实 核心 业务 系统 迁移 上云 采用 混合 架构 降低 IT 运维 成本,166
DEMO059,演示DEMO059股份有限公司,房地产,2020,年度报告,公司引入边缘计算设备，实现车间数据的就地处理与实时回传。公司核心业务系统迁移上云，采用混合云架构降低IT运维成本。报告期内，公司获得高新技术企业资质认定，享受相应税收优惠政策。公司推进经营管理信息化，上线新一代ERP系统实现业财一体。公司持续优化产品结构，建材业务占比稳步提升，毛利率较上年上升2.5个百分点。公司建立健全内部控制系统，治理结构规范，三会运作正常。公司成立数据中台团队，推动业务数据化、数据业务化。公司现金流状况良好，经营活动现金流量净额为3.2亿元，资产负债结构稳健。公司运用数据挖掘技术分析客户行为，实现精准营销。公司建立健全内部控制系统，治理结构规范，三会运作正常。公司试点数字人民币结算场景，丰富收款渠道。下半年公司将围绕年度经营计划，重点做好市场开拓、成本控制与人才梯队建设等工作。报告期内，公司实现营业收入12.6亿元，同比增长-1.8%，主要得益于主营业务产销规模扩大。公司推进计算机视觉技术在生产线上的应用，实现关键工序自动检测。公司评估公有云与私有云方案，逐步构建统一算力资源池。报告期内，公司实现营业收入12.6亿元，同比增长22.7%，主要得益于主营业务产销规模扩大。,脚本生成演示语料(step0_make_demo_corpus.py),公司引入边缘计算设备，实现车间数据的就地处理与实时回传。公司核心业务系统迁移上云，采用混合云架构降低IT运维成本。报告期内，公司获得高新技术企业资质认定，享受相应税收优惠政策。公司推进经营管理信息化，上线新一代ERP系统实现业财一体。公司持续优化产品结构，建材业务占比稳步提升，毛利率较上年上升2.5个百分点。公司建立健全内部控制系统，治理结构规范，三会运作正常。公司成立数据中台团队，推动业务数据化、数据业务化。公司现金流状况良好，经营活动现金流量净额为3.2亿元，资产负债结构稳健。公司运用数据挖掘技术分析客户行为，实现精准营销。公司建立健全内部控制系统，治理结构规范，三会运作正常。公司试点数字人民币结算场景，丰富收款渠道。下半年公司将围绕年度经营计划，重点做好市场开拓、成本控制与人才梯队建设等工作。报告期内，公司实现营业收入12.6亿元，同比增长-1.8%，主要得益于主营业务产销规模扩大。公司推进计算机视觉技术在生产线上的应用，实现关键工序自动检测。公司评估公有云与私有云方案，逐步构建统一算力资源池。报告期内，公司实现营业收入12.6亿元，同比增长22.7%，主要得益于主营业务产销规模扩大。,引入 边缘计算 设备 车间 数据 处理 实时 回传 核心 业务 系统 迁移 上云 采用 混合 架构 降低 IT 运维 成本 获得 高新技术 企业资质 认定 享受 相应 税收 优惠政策 经营 管理 信息化 上线 新一代 ERP 系统 业财一体 持续 优化 产品 结构 建材 业务 毛利率 百分点 建立健全 内部 控制系统 治理 结构 规范 三会 运作 成立 数据中台 团队 业务 数据 数据业务 现金流 状况良好 经营 活动 现金流量 净额 资产负债 结构 稳健 运用 数据挖掘 技术 分析 客户 行为 精准 营销 建立健全 内部 控制系统 治理 结构 规范 三会 运作 试点 数字人民币 结算 场景 丰富 收款 渠道 下半年 年度 经营 做好 市场 开拓 成本 控制 人才 梯队 建设 营业 收入 得益于 主营业务 产销 规模 扩大 计算机视觉 技术 生产线 应用 关键 工序 自动检测 评估 公有 私有 方案 逐步 构建 统一 算力 资源 营业 收入 得益于 主营业务 产销 规模 扩大,131
DEMO059,演示DEMO059股份有限公司,房地产,2021,年度报告,面对市场竞争加剧，公司加大渠道建设力度，经销商数量增加36家，覆盖区域进一步扩大。公司与高校联合开展深度学习算法研究，赋能产品智能设计。下半年公司将围绕年度经营计划，重点做好市场开拓、成本控制与人才梯队建设等工作。受行业周期影响，部分产品价格有所回落，公司及时调整销售策略，库存水平保持在合理范围。公司与高校联合开展深度学习算法研究，赋能产品智能设计。公司建立健全内部控制系统，治理结构规范，三会运作正常。公司持续优化产品结构，高端装备业务占比稳步提升，毛利率较上年下降0.8个百分点。原材料价格波动对成本端形成一定压力，公司通过集中采购和套期保值部分对冲了成本上行风险。公司本期新增专利授权11项，累计有效专利120项，技术储备进一步夯实。公司采购云服务替代传统服务器部署，系统上线周期大幅缩短。报告期内，公司实现营业收入12.6亿元，同比增长5.6%，主要得益于主营业务产销规模扩大。公司试点数字人民币结算场景，丰富收款渠道。公司持续优化产品结构，电子元器件业务占比稳步提升，毛利率较上年上升1.2个百分点。报告期内公司无重大诉讼仲裁事项，各项经营活动正常开展。受行业周期影响，部分产品价格有所回落，公司及时调整销售策略，库存水平保持在合理范围。公司持续加大研发投入，研发费用占营业收入比例为2.6%，围绕食品饮料开展技术攻关。,脚本生成演示语料(step0_make_demo_corpus.py),面对市场竞争加剧，公司加大渠道建设力度，经销商数量增加36家，覆盖区域进一步扩大。公司与高校联合开展深度学习算法研究，赋能产品智能设计。下半年公司将围绕年度经营计划，重点做好市场开拓、成本控制与人才梯队建设等工作。受行业周期影响，部分产品价格有所回落，公司及时调整销售策略，库存水平保持在合理范围。公司与高校联合开展深度学习算法研究，赋能产品智能设计。公司建立健全内部控制系统，治理结构规范，三会运作正常。公司持续优化产品结构，高端装备业务占比稳步提升，毛利率较上年下降0.8个百分点。原材料价格波动对成本端形成一定压力，公司通过集中采购和套期保值部分对冲了成本上行风险。公司本期新增专利授权11项，累计有效专利120项，技术储备进一步夯实。公司采购云服务替代传统服务器部署，系统上线周期大幅缩短。报告期内，公司实现营业收入12.6亿元，同比增长5.6%，主要得益于主营业务产销规模扩大。公司试点数字人民币结算场景，丰富收款渠道。公司持续优化产品结构，电子元器件业务占比稳步提升，毛利率较上年上升1.2个百分点。报告期内公司无重大诉讼仲裁事项，各项经营活动正常开展。受行业周期影响，部分产品价格有所回落，公司及时调整销售策略，库存水平保持在合理范围。公司持续加大研发投入，研发费用占营业收入比例为2.6%，围绕食品饮料开展技术攻关。,面对 市场竞争 加剧 加大 渠道 建设 力度 经销商 数量 覆盖 区域 扩大 高校 联合 深度学习 算法 研究 赋能 产品 智能 设计 下半年 年度 经营 做好 市场 开拓 成本 控制 人才 梯队 建设 行业 周期 影响 产品价格 有所 回落 及时 调整 销售策略 库存 水平 合理 范围 高校 联合 深度学习 算法 研究 赋能 产品 智能 设计 建立健全 内部 控制系统 治理 结构 规范 三会 运作 持续 优化 产品 结构 高端 装备 业务 毛利率 百分点 原材料 价格 波动 成本 形成 一定 压力 集中 采购 套期 保值 对冲 成本 上行 风险 本期 新增 专利 授权 专利 技术储备 夯实 采购 服务 替代 传统 服务器 部署 系统 上线 周期 大幅 缩短 营业 收入 得益于 主营业务 产销 规模 扩大 试点 数字人民币 结算 场景 丰富 收款 渠道 持续 优化 产品 结构 电子 元器件 业务 毛利率 百分点 重大 诉讼 仲裁 事项 经营 活动 行业 周期 影响 产品价格 有所 回落 及时 调整 销售策略 库存 水平 合理 范围 持续 加大 研发 投入 研发 费用 营业 收入 比例 食品饮料 技术 攻关,158
DEMO059,演示DEMO059股份有限公司,房地产,2022,年度报告,公司应用数字孪生技术对重点产线进行虚拟建模与仿真优化。报告期内，公司实现营业收入8.9亿元，同比增长22.7%，主要得益于主营业务产销规模扩大。报告期内公司无重大诉讼仲裁事项，各项经营活动正常开展。原材料价格波动对成本端形成一定压力，公司通过集中采购和套期保值部分对冲了成本上行风险。公司评估公有云与私有云方案，逐步构建统一算力资源池。公司引入人工智能技术优化{prod}质检环节，缺陷识别准确率显著提升。公司上线智能排产系统，通过智能算法优化生产计划排程。本年度公司人力成本略有上升，管理费用率保持稳定，费用管控成效显现。公司持续加大研发投入，研发费用占营业收入比例为4.4%，围绕高端装备开展技术攻关。公司高度重视安全生产与环境保护，报告期内未发生重大安全事故。公司成立数据中台团队，推动业务数据化、数据业务化。公司持续优化产品结构，建材业务占比稳步提升，毛利率较上年下降0.8个百分点。公司核心业务系统迁移上云，采用混合云架构降低IT运维成本。公司继续推进产能建设，电子元器件项目一期已投产，预计达产后年新增产能20万吨。公司本期新增专利授权8项，累计有效专利85项，技术储备进一步夯实。公司研究基于分布式账本的对账机制，降低交易核对成本。公司引入人工智能技术优化{prod}质检环节，缺陷识别准确率显著提升。,脚本生成演示语料(step0_make_demo_corpus.py),公司应用数字孪生技术对重点产线进行虚拟建模与仿真优化。报告期内，公司实现营业收入8.9亿元，同比增长22.7%，主要得益于主营业务产销规模扩大。报告期内公司无重大诉讼仲裁事项，各项经营活动正常开展。原材料价格波动对成本端形成一定压力，公司通过集中采购和套期保值部分对冲了成本上行风险。公司评估公有云与私有云方案，逐步构建统一算力资源池。公司引入人工智能技术优化{prod}质检环节，缺陷识别准确率显著提升。公司上线智能排产系统，通过智能算法优化生产计划排程。本年度公司人力成本略有上升，管理费用率保持稳定，费用管控成效显现。公司持续加大研发投入，研发费用占营业收入比例为4.4%，围绕高端装备开展技术攻关。公司高度重视安全生产与环境保护，报告期内未发生重大安全事故。公司成立数据中台团队，推动业务数据化、数据业务化。公司持续优化产品结构，建材业务占比稳步提升，毛利率较上年下降0.8个百分点。公司核心业务系统迁移上云，采用混合云架构降低IT运维成本。公司继续推进产能建设，电子元器件项目一期已投产，预计达产后年新增产能20万吨。公司本期新增专利授权8项，累计有效专利85项，技术储备进一步夯实。公司研究基于分布式账本的对账机制，降低交易核对成本。公司引入人工智能技术优化{prod}质检环节，缺陷识别准确率显著提升。,应用 数字孪生 技术 产线 虚拟 建模 仿真 优化 营业 收入 得益于 主营业务 产销 规模 扩大 重大 诉讼 仲裁 事项 经营 活动 原材料 价格 波动 成本 形成 一定 压力 集中 采购 套期 保值 对冲 成本 上行 风险 评估 公有 私有 方案 逐步 构建 统一 算力 资源 引入 人工智能 技术 优化 prod 质检 环节 缺陷 识别 准确率 上线 智能 排产 系统 智能算法 优化 生产 排程 本年度 人力 成本 略有 管理 费用率 保持稳定 费用 管控 成效 显现 持续 加大 研发 投入 研发 费用 营业 收入 比例 高端 装备 技术 攻关 高度重视 安全 生产 环境保护 发生 重大 安全事故 成立 数据中台 团队 业务 数据 数据业务 持续 优化 产品 结构 建材 业务 毛利率 百分点 核心 业务 系统 迁移 上云 采用 混合 架构 降低 IT 运维 成本 产能 建设 电子 元器件 项目 一期 投产 预计 达产 新增 产能 万吨 本期 新增 专利 授权 专利 技术储备 夯实 研究 基于 分布式账本 对账 机制 降低 交易 核对 成本 引入 人工智能 技术 优化 prod 质检 环节 缺陷 识别 准确率,158
DEMO059,演示DEMO059股份有限公司,房地产,2023,年度报告,报告期内人民币汇率波动加大，公司通过远期结售汇业务降低了汇兑损失。公司现金流状况良好，经营活动现金流量净额为3.2亿元，资产负债结构稳健。公司建设智能客服系统，应用自然语言处理技术实现工单自动分类。原材料价格波动对成本端形成一定压力，公司通过集中采购和套期保值部分对冲了成本上行风险。公司建立健全内部控制系统，治理结构规范，三会运作正常。公司积极拓展海外市场，出口业务收入同比增长30.5%，国际化布局初见成效。本年度公司人力成本略有上升，管理费用率保持稳定，费用管控成效显现。公司本期新增专利授权3项，累计有效专利210项，技术储备进一步夯实。公司积极拓展海外市场，出口业务收入同比增长18.9%，国际化布局初见成效。报告期内公司无重大诉讼仲裁事项，各项经营活动正常开展。报告期内，公司实现营业收入45.2亿元，同比增长-1.8%，主要得益于主营业务产销规模扩大。面对市场竞争加剧，公司加大渠道建设力度，经销商数量增加45家，覆盖区域进一步扩大。公司成立数据中台团队，推动业务数据化、数据业务化。公司现金流状况良好，经营活动现金流量净额为1.5亿元，资产负债结构稳健。,脚本生成演示语料(step0_make_demo_corpus.py),报告期内人民币汇率波动加大，公司通过远期结售汇业务降低了汇兑损失。公司现金流状况良好，经营活动现金流量净额为3.2亿元，资产负债结构稳健。公司建设智能客服系统，应用自然语言处理技术实现工单自动分类。原材料价格波动对成本端形成一定压力，公司通过集中采购和套期保值部分对冲了成本上行风险。公司建立健全内部控制系统，治理结构规范，三会运作正常。公司积极拓展海外市场，出口业务收入同比增长30.5%，国际化布局初见成效。本年度公司人力成本略有上升，管理费用率保持稳定，费用管控成效显现。公司本期新增专利授权3项，累计有效专利210项，技术储备进一步夯实。公司积极拓展海外市场，出口业务收入同比增长18.9%，国际化布局初见成效。报告期内公司无重大诉讼仲裁事项，各项经营活动正常开展。报告期内，公司实现营业收入45.2亿元，同比增长-1.8%，主要得益于主营业务产销规模扩大。面对市场竞争加剧，公司加大渠道建设力度，经销商数量增加45家，覆盖区域进一步扩大。公司成立数据中台团队，推动业务数据化、数据业务化。公司现金流状况良好，经营活动现金流量净额为1.5亿元，资产负债结构稳健。,人民币 汇率 波动 加大 远期 结售汇 业务 降低 汇兑 损失 现金流 状况良好 经营 活动 现金流量 净额 资产负债 结构 稳健 建设 智能 客服 系统 应用 自然语言处理 技术 工单 自动 分类 原材料 价格 波动 成本 形成 一定 压力 集中 采购 套期 保值 对冲 成本 上行 风险 建立健全 内部 控制系统 治理 结构 规范 三会 运作 拓展 海外 市场 出口 业务收入 国际化 布局 初见成效 本年度 人力 成本 略有 管理 费用率 保持稳定 费用 管控 成效 显现 本期 新增 专利 授权 专利 技术储备 夯实 拓展 海外 市场 出口 业务收入 国际化 布局 初见成效 重大 诉讼 仲裁 事项 经营 活动 营业 收入 得益于 主营业务 产销 规模 扩大 面对 市场竞争 加剧 加大 渠道 建设 力度 经销商 数量 覆盖 区域 扩大 成立 数据中台 团队 业务 数据 数据业务 现金流 状况良好 经营 活动 现金流量 净额 资产负债 结构 稳健,126
DEMO059,演示DEMO059股份有限公司,房地产,2024,年度报告,面对市场竞争加剧，公司加大渠道建设力度，经销商数量增加45家，覆盖区域进一步扩大。公司引入边缘计算设备，实现车间数据的就地处理与实时回传。下半年公司将围绕年度经营计划，重点做好市场开拓、成本控制与人才梯队建设等工作。下半年公司将围绕年度经营计划，重点做好市场开拓、成本控制与人才梯队建设等工作。公司本期新增专利授权8项，累计有效专利85项，技术储备进一步夯实。公司采购云服务替代传统服务器部署，系统上线周期大幅缩短。公司高度重视安全生产与环境保护，报告期内未发生重大安全事故。公司成立数据中台团队，推动业务数据化、数据业务化。公司建设智能客服系统，应用自然语言处理技术实现工单自动分类。报告期内，公司实现营业收入8.9亿元，同比增长5.6%，主要得益于主营业务产销规模扩大。公司持续加大研发投入，研发费用占营业收入比例为4.4%，围绕电子元器件开展技术攻关。公司主要客户为行业龙头企业，合作关系稳定，应收账款回款情况良好。公司与高校联合开展深度学习算法研究，赋能产品智能设计。报告期内，公司实现营业收入45.2亿元，同比增长15.2%，主要得益于主营业务产销规模扩大。,脚本生成演示语料(step0_make_demo_corpus.py),面对市场竞争加剧，公司加大渠道建设力度，经销商数量增加45家，覆盖区域进一步扩大。公司引入边缘计算设备，实现车间数据的就地处理与实时回传。下半年公司将围绕年度经营计划，重点做好市场开拓、成本控制与人才梯队建设等工作。下半年公司将围绕年度经营计划，重点做好市场开拓、成本控制与人才梯队建设等工作。公司本期新增专利授权8项，累计有效专利85项，技术储备进一步夯实。公司采购云服务替代传统服务器部署，系统上线周期大幅缩短。公司高度重视安全生产与环境保护，报告期内未发生重大安全事故。公司成立数据中台团队，推动业务数据化、数据业务化。公司建设智能客服系统，应用自然语言处理技术实现工单自动分类。报告期内，公司实现营业收入8.9亿元，同比增长5.6%，主要得益于主营业务产销规模扩大。公司持续加大研发投入，研发费用占营业收入比例为4.4%，围绕电子元器件开展技术攻关。公司主要客户为行业龙头企业，合作关系稳定，应收账款回款情况良好。公司与高校联合开展深度学习算法研究，赋能产品智能设计。报告期内，公司实现营业收入45.2亿元，同比增长15.2%，主要得益于主营业务产销规模扩大。,面对 市场竞争 加剧 加大 渠道 建设 力度 经销商 数量 覆盖 区域 扩大 引入 边缘计算 设备 车间 数据 处理 实时 回传 下半年 年度 经营 做好 市场 开拓 成本 控制 人才 梯队 建设 下半年 年度 经营 做好 市场 开拓 成本 控制 人才 梯队 建设 本期 新增 专利 授权 专利 技术储备 夯实 采购 服务 替代 传统 服务器 部署 系统 上线 周期 大幅 缩短 高度重视 安全 生产 环境保护 发生 重大 安全事故 成立 数据中台 团队 业务 数据 数据业务 建设 智能 客服 系统 应用 自然语言处理 技术 工单 自动 分类 营业 收入 得益于 主营业务 产销 规模 扩大 持续 加大 研发 投入 研发 费用 营业 收入 比例 电子 元器件 技术 攻关 客户 行业龙头 企业 合作 关系 应收 账款 回款 高校 联合 深度学习 算法 研究 赋能 产品 智能 设计 营业 收入 得益于 主营业务 产销 规模 扩大,127
DEMO060,演示DEMO060股份有限公司,农林牧渔,2020,年度报告,报告期内，公司实现营业收入63.7亿元，同比增长22.7%，主要得益于主营业务产销规模扩大。公司本期新增专利授权8项，累计有效专利38项，技术储备进一步夯实。报告期内，公司实现营业收入12.6亿元，同比增长-3.1%，主要得益于主营业务产销规模扩大。公司本期新增专利授权22项，累计有效专利38项，技术储备进一步夯实。公司高度重视安全生产与环境保护，报告期内未发生重大安全事故。报告期内公司客户结构进一步优化，前五大客户收入占比为41.8%，客户集中度处于合理区间。报告期内公司无重大诉讼仲裁事项，各项经营活动正常开展。公司现金流状况良好，经营活动现金流量净额为1.5亿元，资产负债结构稳健。报告期内公司无重大诉讼仲裁事项，各项经营活动正常开展。公司参与行业区块链联盟，推动供应链单证电子化与可信流转。,脚本生成演示语料(step0_make_demo_corpus.py),报告期内，公司实现营业收入63.7亿元，同比增长22.7%，主要得益于主营业务产销规模扩大。公司本期新增专利授权8项，累计有效专利38项，技术储备进一步夯实。报告期内，公司实现营业收入12.6亿元，同比增长-3.1%，主要得益于主营业务产销规模扩大。公司本期新增专利授权22项，累计有效专利38项，技术储备进一步夯实。公司高度重视安全生产与环境保护，报告期内未发生重大安全事故。报告期内公司客户结构进一步优化，前五大客户收入占比为41.8%，客户集中度处于合理区间。报告期内公司无重大诉讼仲裁事项，各项经营活动正常开展。公司现金流状况良好，经营活动现金流量净额为1.5亿元，资产负债结构稳健。报告期内公司无重大诉讼仲裁事项，各项经营活动正常开展。公司参与行业区块链联盟，推动供应链单证电子化与可信流转。,营业 收入 得益于 主营业务 产销 规模 扩大 本期 新增 专利 授权 专利 技术储备 夯实 营业 收入 得益于 主营业务 产销 规模 扩大 本期 新增 专利 授权 专利 技术储备 夯实 高度重视 安全 生产 环境保护 发生 重大 安全事故 客户 结构 优化 五大 客户 收入 客户 集中度 处于 合理 区间 重大 诉讼 仲裁 事项 经营 活动 现金流 状况良好 经营 活动 现金流量 净额 资产负债 结构 稳健 重大 诉讼 仲裁 事项 经营 活动 参与 行业 区块链 联盟 供应链 单证 电子化 可信 流转,76
DEMO060,演示DEMO060股份有限公司,农林牧渔,2021,年度报告,公司构建智慧物流体系，仓储分拣自动化水平显著提高。公司本期新增专利授权3项，累计有效专利38项，技术储备进一步夯实。公司积极拓展海外市场，出口业务收入同比增长18.9%，国际化布局初见成效。报告期内，公司获得高新技术企业资质认定，享受相应税收优惠政策。公司研究基于分布式账本的对账机制，降低交易核对成本。公司现金流状况良好，经营活动现金流量净额为1.5亿元，资产负债结构稳健。面对市场竞争加剧，公司加大渠道建设力度，经销商数量增加120家，覆盖区域进一步扩大。报告期内公司客户结构进一步优化，前五大客户收入占比为36.9%，客户集中度处于合理区间。公司深耕西南市场，区域市场份额稳中有升，品牌影响力持续增强。公司持续加大研发投入，研发费用占营业收入比例为2.6%，围绕精细化工产品开展技术攻关。报告期内人民币汇率波动加大，公司通过远期结售汇业务降低了汇兑损失。,脚本生成演示语料(step0_make_demo_corpus.py),公司构建智慧物流体系，仓储分拣自动化水平显著提高。公司本期新增专利授权3项，累计有效专利38项，技术储备进一步夯实。公司积极拓展海外市场，出口业务收入同比增长18.9%，国际化布局初见成效。报告期内，公司获得高新技术企业资质认定，享受相应税收优惠政策。公司研究基于分布式账本的对账机制，降低交易核对成本。公司现金流状况良好，经营活动现金流量净额为1.5亿元，资产负债结构稳健。面对市场竞争加剧，公司加大渠道建设力度，经销商数量增加120家，覆盖区域进一步扩大。报告期内公司客户结构进一步优化，前五大客户收入占比为36.9%，客户集中度处于合理区间。公司深耕西南市场，区域市场份额稳中有升，品牌影响力持续增强。公司持续加大研发投入，研发费用占营业收入比例为2.6%，围绕精细化工产品开展技术攻关。报告期内人民币汇率波动加大，公司通过远期结售汇业务降低了汇兑损失。,构建 智慧物流 体系 仓储 分拣 自动化 水平 本期 新增 专利 授权 专利 技术储备 夯实 拓展 海外 市场 出口 业务收入 国际化 布局 初见成效 获得 高新技术 企业资质 认定 享受 相应 税收 优惠政策 研究 基于 分布式账本 对账 机制 降低 交易 核对 成本 现金流 状况良好 经营 活动 现金流量 净额 资产负债 结构 稳健 面对 市场竞争 加剧 加大 渠道 建设 力度 经销商 数量 覆盖 区域 扩大 客户 结构 优化 五大 客户 收入 客户 集中度 处于 合理 区间 深耕 西南 市场 区域 市场份额 稳中有升 品牌 影响力 持续 增强 持续 加大 研发 投入 研发 费用 营业 收入 比例 精细化工 产品 技术 攻关 人民币 汇率 波动 加大 远期 结售汇 业务 降低 汇兑 损失,104
DEMO060,演示DEMO060股份有限公司,农林牧渔,2022,年度报告,公司制定数字化转型规划，成立数字化管理委员会统筹推进。公司继续推进产能建设，建材项目一期已投产，预计达产后年新增产能12万吨。公司建设智能客服系统，应用自然语言处理技术实现工单自动分类。公司建立健全内部控制系统，治理结构规范，三会运作正常。公司持续加大研发投入，研发费用占营业收入比例为2.6%，围绕高端装备开展技术攻关。公司本期新增专利授权15项，累计有效专利56项，技术储备进一步夯实。受行业周期影响，部分产品价格有所回落，公司及时调整销售策略，库存水平保持在合理范围。受行业周期影响，部分产品价格有所回落，公司及时调整销售策略，库存水平保持在合理范围。公司高度重视安全生产与环境保护，报告期内未发生重大安全事故。下半年公司将围绕年度经营计划，重点做好市场开拓、成本控制与人才梯队建设等工作。报告期内公司无重大诉讼仲裁事项，各项经营活动正常开展。公司持续优化产品结构，纺织服装业务占比稳步提升，毛利率较上年上升1.2个百分点。公司研究基于分布式账本的对账机制，降低交易核对成本。,脚本生成演示语料(step0_make_demo_corpus.py),公司制定数字化转型规划，成立数字化管理委员会统筹推进。公司继续推进产能建设，建材项目一期已投产，预计达产后年新增产能12万吨。公司建设智能客服系统，应用自然语言处理技术实现工单自动分类。公司建立健全内部控制系统，治理结构规范，三会运作正常。公司持续加大研发投入，研发费用占营业收入比例为2.6%，围绕高端装备开展技术攻关。公司本期新增专利授权15项，累计有效专利56项，技术储备进一步夯实。受行业周期影响，部分产品价格有所回落，公司及时调整销售策略，库存水平保持在合理范围。受行业周期影响，部分产品价格有所回落，公司及时调整销售策略，库存水平保持在合理范围。公司高度重视安全生产与环境保护，报告期内未发生重大安全事故。下半年公司将围绕年度经营计划，重点做好市场开拓、成本控制与人才梯队建设等工作。报告期内公司无重大诉讼仲裁事项，各项经营活动正常开展。公司持续优化产品结构，纺织服装业务占比稳步提升，毛利率较上年上升1.2个百分点。公司研究基于分布式账本的对账机制，降低交易核对成本。,制定 数字化转型 规划 成立 数字化 管理 委员会 统筹 产能 建设 建材 项目 一期 投产 预计 达产 新增 产能 万吨 建设 智能 客服 系统 应用 自然语言处理 技术 工单 自动 分类 建立健全 内部 控制系统 治理 结构 规范 三会 运作 持续 加大 研发 投入 研发 费用 营业 收入 比例 高端 装备 技术 攻关 本期 新增 专利 授权 专利 技术储备 夯实 行业 周期 影响 产品价格 有所 回落 及时 调整 销售策略 库存 水平 合理 范围 行业 周期 影响 产品价格 有所 回落 及时 调整 销售策略 库存 水平 合理 范围 高度重视 安全 生产 环境保护 发生 重大 安全事故 下半年 年度 经营 做好 市场 开拓 成本 控制 人才 梯队 建设 重大 诉讼 仲裁 事项 经营 活动 持续 优化 产品 结构 纺织 服装 业务 毛利率 百分点 研究 基于 分布式账本 对账 机制 降低 交易 核对 成本,125
DEMO060,演示DEMO060股份有限公司,农林牧渔,2023,年度报告,公司探索区块链技术在产品溯源中的应用，实现全流程信息上链。公司现金流状况良好，经营活动现金流量净额为1.5亿元，资产负债结构稳健。公司高度重视安全生产与环境保护，报告期内未发生重大安全事故。公司积极拓展海外市场，出口业务收入同比增长18.9%，国际化布局初见成效。公司评估公有云与私有云方案，逐步构建统一算力资源池。下半年公司将围绕年度经营计划，重点做好市场开拓、成本控制与人才梯队建设等工作。公司建立健全内部控制系统，治理结构规范，三会运作正常。公司高度重视安全生产与环境保护，报告期内未发生重大安全事故。公司探索区块链技术在产品溯源中的应用，实现全流程信息上链。下半年公司将围绕年度经营计划，重点做好市场开拓、成本控制与人才梯队建设等工作。公司试点数字人民币结算场景，丰富收款渠道。公司深耕西南市场，区域市场份额稳中有升，品牌影响力持续增强。公司建设工业互联网平台，实现设备联网与远程运维。公司高度重视安全生产与环境保护，报告期内未发生重大安全事故。公司本期新增专利授权11项，累计有效专利85项，技术储备进一步夯实。公司运用数据挖掘技术分析客户行为，实现精准营销。,脚本生成演示语料(step0_make_demo_corpus.py),公司探索区块链技术在产品溯源中的应用，实现全流程信息上链。公司现金流状况良好，经营活动现金流量净额为1.5亿元，资产负债结构稳健。公司高度重视安全生产与环境保护，报告期内未发生重大安全事故。公司积极拓展海外市场，出口业务收入同比增长18.9%，国际化布局初见成效。公司评估公有云与私有云方案，逐步构建统一算力资源池。下半年公司将围绕年度经营计划，重点做好市场开拓、成本控制与人才梯队建设等工作。公司建立健全内部控制系统，治理结构规范，三会运作正常。公司高度重视安全生产与环境保护，报告期内未发生重大安全事故。公司探索区块链技术在产品溯源中的应用，实现全流程信息上链。下半年公司将围绕年度经营计划，重点做好市场开拓、成本控制与人才梯队建设等工作。公司试点数字人民币结算场景，丰富收款渠道。公司深耕西南市场，区域市场份额稳中有升，品牌影响力持续增强。公司建设工业互联网平台，实现设备联网与远程运维。公司高度重视安全生产与环境保护，报告期内未发生重大安全事故。公司本期新增专利授权11项，累计有效专利85项，技术储备进一步夯实。公司运用数据挖掘技术分析客户行为，实现精准营销。,探索 区块链 技术 产品 溯源 应用 流程 信息 现金流 状况良好 经营 活动 现金流量 净额 资产负债 结构 稳健 高度重视 安全 生产 环境保护 发生 重大 安全事故 拓展 海外 市场 出口 业务收入 国际化 布局 初见成效 评估 公有 私有 方案 逐步 构建 统一 算力 资源 下半年 年度 经营 做好 市场 开拓 成本 控制 人才 梯队 建设 建立健全 内部 控制系统 治理 结构 规范 三会 运作 高度重视 安全 生产 环境保护 发生 重大 安全事故 探索 区块链 技术 产品 溯源 应用 流程 信息 下半年 年度 经营 做好 市场 开拓 成本 控制 人才 梯队 建设 试点 数字人民币 结算 场景 丰富 收款 渠道 深耕 西南 市场 区域 市场份额 稳中有升 品牌 影响力 持续 增强 建设 工业互联网 平台 设备 联网 远程 运维 高度重视 安全 生产 环境保护 发生 重大 安全事故 本期 新增 专利 授权 专利 技术储备 夯实 运用 数据挖掘 技术 分析 客户 行为 精准 营销,132
DEMO060,演示DEMO060股份有限公司,农林牧渔,2024,年度报告,公司本期新增专利授权15项，累计有效专利56项，技术储备进一步夯实。公司探索区块链技术在产品溯源中的应用，实现全流程信息上链。公司建立健全内部控制系统，治理结构规范，三会运作正常。公司持续加大研发投入，研发费用占营业收入比例为2.6%，围绕建材开展技术攻关。公司持续优化产品结构，建材业务占比稳步提升，毛利率较上年下降0.8个百分点。公司研究基于分布式账本的对账机制，降低交易核对成本。原材料价格波动对成本端形成一定压力，公司通过集中采购和套期保值部分对冲了成本上行风险。公司持续加大研发投入，研发费用占营业收入比例为3.2%，围绕高端装备开展技术攻关。公司本期新增专利授权22项，累计有效专利85项，技术储备进一步夯实。公司建立健全内部控制系统，治理结构规范，三会运作正常。公司现金流状况良好，经营活动现金流量净额为12.4亿元，资产负债结构稳健。公司高度重视安全生产与环境保护，报告期内未发生重大安全事故。公司深耕华北市场，区域市场份额稳中有升，品牌影响力持续增强。,脚本生成演示语料(step0_make_demo_corpus.py),公司本期新增专利授权15项，累计有效专利56项，技术储备进一步夯实。公司探索区块链技术在产品溯源中的应用，实现全流程信息上链。公司建立健全内部控制系统，治理结构规范，三会运作正常。公司持续加大研发投入，研发费用占营业收入比例为2.6%，围绕建材开展技术攻关。公司持续优化产品结构，建材业务占比稳步提升，毛利率较上年下降0.8个百分点。公司研究基于分布式账本的对账机制，降低交易核对成本。原材料价格波动对成本端形成一定压力，公司通过集中采购和套期保值部分对冲了成本上行风险。公司持续加大研发投入，研发费用占营业收入比例为3.2%，围绕高端装备开展技术攻关。公司本期新增专利授权22项，累计有效专利85项，技术储备进一步夯实。公司建立健全内部控制系统，治理结构规范，三会运作正常。公司现金流状况良好，经营活动现金流量净额为12.4亿元，资产负债结构稳健。公司高度重视安全生产与环境保护，报告期内未发生重大安全事故。公司深耕华北市场，区域市场份额稳中有升，品牌影响力持续增强。,本期 新增 专利 授权 专利 技术储备 夯实 探索 区块链 技术 产品 溯源 应用 流程 信息 建立健全 内部 控制系统 治理 结构 规范 三会 运作 持续 加大 研发 投入 研发 费用 营业 收入 比例 建材 技术 攻关 持续 优化 产品 结构 建材 业务 毛利率 百分点 研究 基于 分布式账本 对账 机制 降低 交易 核对 成本 原材料 价格 波动 成本 形成 一定 压力 集中 采购 套期 保值 对冲 成本 上行 风险 持续 加大 研发 投入 研发 费用 营业 收入 比例 高端 装备 技术 攻关 本期 新增 专利 授权 专利 技术储备 夯实 建立健全 内部 控制系统 治理 结构 规范 三会 运作 现金流 状况良好 经营 活动 现金流量 净额 资产负债 结构 稳健 高度重视 安全 生产 环境保护 发生 重大 安全事故 深耕 华北 市场 区域 市场份额 稳中有升 品牌 影响力 持续 增强,121
